constructorId,points,position
1,14.0,1
2,8.0,3
3,9.0,2
4,5.0,4
5,2.0,5
6,1.0,6
1,24.0,1
2,19.0,2
3,9.0,4
4,6.0,5
5,2.0,8
6,11.0,3
7,5.0,6
9,2.0,7
11,0.0,9
10,0.0,10
8,0.0,11
1,28.0,3
2,30.0,1
3,10.0,4
4,6.0,6
5,2.0,8
6,29.0,2
7,8.0,5
9,4.0,7
11,0.0,9
10,0.0,10
8,0.0,11
1,34.0,3
2,35.0,2
3,12.0,4
4,6.0,7
5,2.0,9
6,47.0,1
7,9.0,5
9,8.0,6
11,3.0,8
10,0.0,10
8,0.0,11
1,42.0,3
2,44.0,2
3,13.0,4
4,9.0,7
5,2.0,9
6,63.0,1
7,9.0,6
9,10.0,5
11,3.0,8
10,0.0,10
8,0.0,11
1,53.0,2
2,52.0,3
3,15.0,4
4,9.0,7
5,6.0,8
6,69.0,1
7,9.0,6
9,15.0,5
11,6.0,9
10,0.0,10
8,0.0,11
1,53.0,3
2,70.0,2
3,15.0,6
4,9.0,7
5,7.0,9
6,73.0,1
7,17.0,5
9,21.0,4
11,8.0,8
10,0.0,10
8,0.0,11
1,58.0,3
2,74.0,2
3,15.0,6
4,12.0,7
5,7.0,9
6,91.0,1
7,23.0,5
9,24.0,4
11,8.0,8
10,0.0,10
8,0.0,11
1,72.0,3
2,82.0,2
3,16.0,6
4,15.0,7
5,7.0,9
6,96.0,1
7,25.0,4
9,24.0,5
11,14.0,8
10,0.0,10
8,0.0,11
1,86.0,3
2,89.0,2
3,16.0,7
4,23.0,6
5,8.0,9
6,105.0,1
7,25.0,4
9,24.0,5
11,14.0,8
10,0.0,10
8,0.0,11
1,100.0,2
2,90.0,3
3,16.0,7
4,31.0,5
5,8.0,9
6,111.0,1
7,35.0,4
9,24.0,6
11,14.0,8
10,0.0,10
8,0.0,11
1,113.0,2
2,96.0,3
3,17.0,7
4,31.0,5
5,11.0,9
6,121.0,1
7,41.0,4
9,24.0,6
11,14.0,8
10,0.0,10
8,0.0,11
1,119.0,2
2,107.0,3
3,17.0,7
4,36.0,5
5,17.0,8
6,131.0,1
7,41.0,4
9,25.0,6
11,14.0,9
10,0.0,10
8,0.0,11
1,129.0,2
2,117.0,3
3,17.0,8
4,41.0,5
5,27.0,6
6,134.0,1
7,41.0,4
9,26.0,7
11,14.0,9
10,0.0,10
8,0.0,11
1,135.0,1
2,120.0,3
3,26.0,8
4,51.0,4
5,31.0,6
6,134.0,2
7,46.0,5
9,28.0,7
11,14.0,9
10,0.0,10
8,0.0,11
1,135.0,2
2,128.0,3
3,26.0,8
4,66.0,4
5,34.0,6
6,142.0,1
7,50.0,5
9,29.0,7
11,14.0,9
10,0.0,10
8,0.0,11
8,0.0,11
10,0.0,10
11,14.0,9
9,29.0,7
7,52.0,5
6,156.0,1
5,34.0,6
4,72.0,4
3,26.0,8
2,135.0,3
1,145.0,2
1,151.0,2
2,135.0,3
3,26.0,8
4,80.0,4
5,39.0,6
6,172.0,1
7,56.0,5
9,29.0,7
11,14.0,9
10,0.0,10
8,0.0,11
5,0.0,9
9,0.0,8
8,0.0,7
11,0.0,6
7,1.0,5
3,2.0,4
4,4.0,3
2,5.0,2
5,0.0,9
9,0.0,6
8,0.0,8
11,0.0,7
7,3.0,4
3,2.0,5
4,8.0,3
2,10.0,2
5,0.0,9
9,0.0,6
8,0.0,8
11,0.0,7
7,5.0,4
3,2.0,5
4,9.0,3
2,18.0,2
1,44.0,11
6,39.0,1
5,0.0,10
9,4.0,6
8,1.0,7
11,0.0,8
7,5.0,5
3,5.0,4
4,11.0,3
2,23.0,2
1,58.0,11
5,0.0,8
9,4.0,6
8,1.0,7
11,0.0,9
7,5.0,5
3,7.0,4
4,16.0,3
2,30.0,2
1,76.0,11
5,0.0,8
9,4.0,6
8,4.0,7
11,0.0,9
7,6.0,5
3,13.0,4
4,21.0,3
2,38.0,2
1,88.0,11
5,0.0,8
9,6.0,6
8,4.0,7
11,0.0,9
7,9.0,5
3,13.0,4
4,25.0,3
2,39.0,2
1,106.0,11
5,0.0,9
9,6.0,6
8,4.0,7
11,1.0,8
7,9.0,5
3,13.0,4
4,28.0,3
2,48.0,2
1,114.0,11
5,0.0,9
9,6.0,6
8,4.0,7
11,1.0,8
7,9.0,5
3,13.0,4
4,31.0,3
2,56.0,2
1,128.0,11
5,0.0,9
9,16.0,5
8,4.0,7
11,1.0,8
7,9.0,6
3,18.0,4
4,32.0,3
2,61.0,2
1,138.0,11
5,0.0,9
9,16.0,5
8,4.0,7
11,1.0,8
7,12.0,6
3,20.0,4
4,33.0,3
2,71.0,2
1,138.0,11
5,0.0,9
9,16.0,5
8,4.0,7
11,1.0,8
7,12.0,6
3,22.0,4
4,36.0,3
2,77.0,2
1,148.0,11
5,0.0,9
9,16.0,5
8,4.0,7
11,2.0,8
7,12.0,6
3,25.0,4
4,38.0,3
2,86.0,2
1,166.0,11
5,0.0,9
9,18.0,5
8,4.0,7
11,2.0,8
7,12.0,6
3,28.0,4
4,39.0,3
2,90.0,2
1,192.0,11
5,0.0,10
9,23.0,5
8,4.0,7
11,2.0,8
7,12.0,6
3,28.0,4
4,51.0,3
2,92.0,2
1,202.0,11
5,8.0,7
9,24.0,5
8,4.0,9
11,6.0,8
7,12.0,6
3,28.0,4
4,51.0,3
2,94.0,2
1,210.0,11
5,8.0,7
9,24.0,5
8,4.0,9
11,6.0,8
7,13.0,6
3,33.0,4
4,51.0,3
2,101.0,2
1,218.0,11
8,0.0,11
13,0.0,10
7,0.0,9
2,0.0,8
5,0.0,7
9,1.0,6
3,5.0,5
11,5.0,4
1,10.0,2
6,8.0,3
4,10.0,1
8,0.0,11
13,0.0,10
7,1.0,7
2,2.0,6
5,0.0,9
9,1.0,8
3,5.0,5
11,11.0,4
1,15.0,3
6,15.0,2
4,28.0,1
8,0.0,11
13,0.0,10
7,7.0,6
2,10.0,5
5,0.0,9
9,2.0,8
3,5.0,7
11,13.0,4
1,23.0,2
6,15.0,3
4,42.0,1
8,0.0,11
13,0.0,10
7,7.0,7
2,10.0,5
5,0.0,9
9,2.0,8
3,8.0,6
11,15.0,4
1,33.0,2
6,30.0,3
4,51.0,1
8,0.0,11
13,0.0,10
7,7.0,7
2,11.0,5
5,0.0,9
9,2.0,8
3,10.0,6
11,19.0,4
1,38.0,3
6,46.0,2
4,62.0,1
8,0.0,11
13,0.0,10
7,7.0,7
2,12.0,5
5,0.0,9
9,2.0,8
3,10.0,6
11,24.0,4
1,42.0,3
6,59.0,2
4,78.0,1
8,0.0,11
13,0.0,10
7,8.0,7
2,14.0,5
5,0.0,9
9,8.0,8
3,10.0,6
11,29.0,4
1,50.0,3
6,63.0,2
4,91.0,1
8,0.0,11
13,0.0,10
7,8.0,7
2,17.0,5
5,0.0,9
9,8.0,8
3,10.0,6
11,29.0,4
1,59.0,3
6,75.0,2
4,106.0,1
8,0.0,11
13,0.0,10
7,11.0,6
2,19.0,5
5,0.0,9
9,9.0,8
3,10.0,7
11,29.0,4
1,65.0,3
6,87.0,2
4,121.0,1
8,0.0,11
13,0.0,10
7,16.0,6
2,19.0,5
5,1.0,9
9,11.0,7
3,10.0,8
11,32.0,4
1,65.0,3
6,105.0,2
4,131.0,1
8,0.0,11
13,0.0,10
7,21.0,5
2,20.0,6
5,1.0,9
9,11.0,7
3,10.0,8
11,32.0,4
1,71.0,3
6,121.0,2
4,142.0,1
8,0.0,11
13,0.0,10
7,23.0,5
2,20.0,6
5,1.0,9
9,12.0,7
3,10.0,8
11,37.0,4
1,77.0,3
6,139.0,2
4,149.0,1
8,0.0,11
13,0.0,10
7,26.0,5
2,26.0,6
5,1.0,9
9,16.0,7
3,10.0,8
11,52.0,4
1,85.0,3
6,142.0,2
4,149.0,1
8,0.0,11
13,0.0,10
7,28.0,5
2,26.0,6
5,1.0,9
9,16.0,7
3,10.0,8
11,58.0,4
1,89.0,3
6,158.0,2
4,160.0,1
14,0.0,12
8,0.0,11
13,0.0,10
7,30.0,6
2,33.0,5
5,1.0,9
9,16.0,7
3,10.0,8
11,65.0,4
1,97.0,3
6,168.0,1
4,165.0,2
14,0.0,12
8,0.0,11
13,0.0,10
7,30.0,6
2,35.0,5
5,1.0,9
9,16.0,7
3,11.0,8
11,73.0,4
1,101.0,3
6,178.0,2
4,179.0,1
14,0.0,12
8,0.0,11
13,0.0,10
7,35.0,6
2,36.0,5
5,1.0,9
9,16.0,7
3,11.0,8
11,78.0,4
1,105.0,3
6,186.0,2
4,195.0,1
14,0.0,12
8,0.0,11
13,0.0,10
7,35.0,6
2,36.0,5
5,1.0,9
9,16.0,7
3,11.0,8
11,86.0,4
1,110.0,3
6,201.0,2
4,206.0,1
17,0.0,8
16,0.0,10
15,0.0,7
7,0.0,6
1,4.0,5
3,4.0,4
9,7.0,3
6,8.0,2
4,16.0,1
17,0.0,8
16,0.0,10
15,0.0,7
7,12.0,2
1,9.0,6
3,10.0,5
9,11.0,3
6,10.0,4
4,26.0,1
17,0.0,8
16,0.0,10
15,2.0,7
7,25.0,2
1,19.0,3
3,13.0,4
9,12.0,5
6,10.0,6
4,36.0,1
17,0.0,8
16,0.0,10
15,7.0,7
7,29.0,2
1,25.0,3
3,18.0,5
9,13.0,6
6,18.0,4
18,0.0,9
17,0.0,8
16,0.0,10
15,7.0,7
7,40.0,2
1,37.0,3
3,21.0,4
9,14.0,6
6,18.0,5
17,0.0,8
16,0.0,10
15,7.0,7
7,43.0,3
1,51.0,2
3,35.0,4
9,14.0,6
6,21.0,5
4,63.0,1
18,0.0,10
17,0.0,8
16,0.0,9
15,7.0,7
7,44.0,3
1,53.0,2
3,43.0,4
9,19.0,6
6,31.0,5
4,76.0,1
18,0.0,10
17,0.0,8
16,0.0,9
15,12.0,7
7,47.0,4
1,63.0,2
3,47.0,3
9,22.0,6
6,45.0,5
4,76.0,1
18,7.0,9
17,11.0,8
16,0.0,10
15,12.0,7
7,47.0,5
1,63.0,2
3,47.0,4
9,22.0,6
6,63.0,3
4,76.0,1
18,7.0,9
17,11.0,8
16,5.0,10
15,13.0,7
7,53.0,4
1,71.0,2
3,47.0,5
9,22.0,6
6,69.0,3
4,89.0,1
18,7.0,10
17,11.0,8
16,9.0,9
15,13.0,7
7,54.0,4
1,87.0,2
3,47.0,5
9,22.0,6
6,74.0,3
4,102.0,1
18,7.0,10
17,11.0,9
16,15.0,7
15,14.0,8
7,57.0,4
1,95.0,2
3,47.0,5
9,24.0,6
6,78.0,3
4,117.0,1
18,7.0,10
17,11.0,9
16,20.0,7
15,14.0,8
7,68.0,4
1,105.0,2
3,52.0,5
9,24.0,6
6,86.0,3
4,117.0,1
18,7.0,10
17,11.0,9
16,24.0,7
15,14.0,8
7,71.0,4
1,121.0,2
3,52.0,5
9,27.0,6
6,86.0,3
4,130.0,1
18,7.0,10
17,11.0,9
16,25.0,7
15,14.0,8
7,78.0,4
1,136.0,2
3,54.0,5
9,27.0,6
6,86.0,3
4,144.0,1
18,7.0,10
17,12.0,9
16,31.0,6
15,17.0,8
7,80.0,4
1,146.0,2
3,59.0,5
9,27.0,7
6,90.0,3
4,152.0,1
18,7.0,10
17,12.0,9
16,33.0,6
15,17.0,8
7,81.0,4
1,164.0,1
3,59.0,5
9,27.0,7
6,98.0,3
4,162.0,2
18,7.0,10
17,12.0,9
16,37.0,6
15,17.0,8
7,82.0,4
1,174.0,2
3,64.0,5
9,30.0,7
6,100.0,3
4,176.0,1
18,7.0,10
17,12.0,9
16,38.0,6
15,20.0,8
7,88.0,4
1,182.0,2
3,66.0,5
9,34.0,7
6,100.0,3
4,191.0,1
17,0.0,9
7,0.0,8
19,0.0,7
15,0.0,6
1,1.0,5
16,3.0,4
3,9.0,2
4,8.0,3
6,18.0,1
18,0.0,10
17,0.0,9
7,0.0,7
19,0.0,8
15,1.0,6
1,4.0,5
16,9.0,4
3,17.0,2
4,14.0,3
6,33.0,1
18,0.0,10
17,0.0,9
7,0.0,8
19,1.0,7
15,1.0,6
1,4.0,5
16,19.0,4
3,19.0,3
4,22.0,2
6,51.0,1
18,0.0,10
17,0.0,9
7,0.0,8
19,1.0,7
15,1.0,6
1,5.0,5
16,27.0,3
3,27.0,4
4,31.0,2
6,64.0,1
18,0.0,10
17,0.0,9
7,0.0,8
19,1.0,7
15,3.0,6
1,5.0,5
16,32.0,3
3,30.0,4
4,42.0,2
6,82.0,1
18,0.0,10
17,2.0,8
7,4.0,7
19,1.0,9
15,7.0,5
1,5.0,6
16,40.0,3
3,35.0,4
4,52.0,2
6,88.0,1
18,0.0,10
17,2.0,9
7,4.0,7
19,3.0,8
15,10.0,5
1,5.0,6
16,46.0,3
3,36.0,4
4,61.0,2
6,106.0,1
18,0.0,10
17,5.0,7
7,4.0,8
19,3.0,9
15,15.0,5
1,12.0,6
16,52.0,3
3,36.0,4
4,61.0,2
6,124.0,1
18,1.0,10
17,5.0,8
7,8.0,7
19,3.0,9
15,15.0,6
1,17.0,5
16,58.0,3
3,36.0,4
4,66.0,2
6,142.0,1
18,1.0,10
17,5.0,8
7,8.0,7
19,3.0,9
15,15.0,6
1,22.0,5
16,62.0,3
3,37.0,4
4,79.0,2
6,158.0,1
18,1.0,10
17,5.0,8
7,8.0,7
19,4.0,9
15,18.0,6
1,32.0,5
16,67.0,3
3,41.0,4
4,79.0,2
6,174.0,1
18,1.0,10
17,5.0,9
7,8.0,7
19,7.0,8
15,18.0,6
1,37.0,5
16,76.0,3
3,47.0,4
4,85.0,2
6,184.0,1
18,1.0,10
17,5.0,9
7,8.0,7
19,7.0,8
15,19.0,6
1,37.0,5
16,83.0,3
3,54.0,4
4,91.0,2
6,202.0,1
18,1.0,10
17,5.0,9
7,9.0,8
19,10.0,7
15,28.0,6
1,49.0,5
16,83.0,3
3,54.0,4
4,91.0,2
6,216.0,1
18,1.0,10
17,5.0,9
7,9.0,8
19,10.0,7
15,29.0,6
1,52.0,5
16,94.0,2
3,60.0,4
4,91.0,3
6,234.0,1
18,1.0,10
17,5.0,9
7,9.0,8
19,10.0,7
15,32.0,6
1,58.0,5
16,105.0,2
3,64.0,4
4,96.0,3
6,244.0,1
18,1.0,10
17,5.0,9
7,9.0,8
19,10.0,7
15,33.0,6
1,61.0,5
16,116.0,2
3,74.0,4
4,100.0,3
6,254.0,1
18,1.0,10
17,5.0,9
7,9.0,8
19,10.0,7
15,34.0,6
1,69.0,5
16,119.0,2
3,88.0,4
4,105.0,3
6,262.0,1
18,0.0,7
16,0.0,6
15,3.0,5
4,6.0,3
6,5.0,4
3,9.0,2
1,16.0,1
7,0.0,9
17,0.0,7
18,0.0,8
16,2.0,6
15,4.0,5
4,16.0,3
6,16.0,2
3,14.0,4
1,26.0,1
19,0.0,8
7,0.0,9
17,10.0,5
18,0.0,10
16,5.0,7
15,8.0,6
4,23.0,2
6,16.0,3
3,16.0,4
1,39.0,1
19,0.0,9
7,0.0,8
17,10.0,5
18,0.0,10
16,6.0,7
15,8.0,6
4,26.0,3
6,32.0,2
3,23.0,4
1,51.0,1
19,2.0,9
7,3.0,8
17,11.0,5
18,0.0,10
16,6.0,7
15,8.0,6
4,34.0,3
6,48.0,2
3,32.0,4
1,51.0,1
19,4.0,8
7,3.0,9
17,11.0,5
18,0.0,10
16,11.0,6
15,8.0,7
4,35.0,3
6,64.0,1
3,35.0,4
1,63.0,2
19,4.0,8
7,3.0,9
17,11.0,5
18,0.0,10
16,11.0,6
15,8.0,7
4,42.0,4
6,71.0,2
3,50.0,3
1,73.0,1
19,6.0,8
7,4.0,9
17,11.0,5
18,0.0,10
16,11.0,6
15,8.0,7
4,47.0,4
6,85.0,1
3,64.0,3
1,76.0,2
19,9.0,8
7,4.0,9
17,11.0,6
18,0.0,10
16,13.0,5
15,9.0,7
4,52.0,4
6,95.0,1
3,82.0,2
1,76.0,3
19,12.0,6
7,5.0,9
17,11.0,7
18,0.0,10
16,13.0,5
15,9.0,8
4,52.0,4
6,103.0,1
3,100.0,2
1,85.0,3
19,12.0,6
7,7.0,9
17,11.0,7
18,0.0,10
16,14.0,5
15,9.0,8
4,55.0,4
6,118.0,1
3,108.0,2
1,95.0,3
19,12.0,7
7,14.0,6
17,11.0,8
18,0.0,10
16,15.0,5
15,9.0,9
4,66.0,4
6,120.0,1
3,118.0,2
1,103.0,3
19,15.0,6
7,14.0,7
17,11.0,8
18,0.0,10
16,15.0,5
15,9.0,9
4,78.0,4
6,121.0,2
3,129.0,1
1,115.0,3
19,17.0,6
7,14.0,7
17,11.0,8
18,0.0,10
16,18.0,5
15,9.0,9
4,79.0,4
6,137.0,2
3,141.0,1
1,120.0,3
19,18.0,7
7,14.0,8
17,13.0,9
18,0.0,10
16,18.0,6
15,19.0,5
4,84.0,4
6,147.0,1
3,144.0,2
1,128.0,3
19,18.0,7
7,16.0,8
17,13.0,9
18,0.0,10
16,26.0,5
15,19.0,6
4,88.0,4
6,158.0,1
3,144.0,2
1,142.0,3
7,1.0,6
18,2.0,5
19,3.0,4
1,4.0,3
3,6.0,2
6,10.0,1
21,0.0,11
17,0.0,10
16,0.0,9
15,3.0,6
4,3.0,5
7,1.0,8
18,2.0,7
19,3.0,4
1,4.0,3
3,22.0,1
6,14.0,2
21,0.0,11
17,0.0,10
16,0.0,9
15,3.0,6
4,6.0,4
7,2.0,8
18,2.0,7
19,3.0,5
1,8.0,3
3,30.0,1
6,24.0,2
21,0.0,11
17,0.0,10
16,0.0,9
15,3.0,6
4,8.0,4
7,2.0,8
18,2.0,7
19,3.0,5
1,9.0,3
3,37.0,2
6,40.0,1
21,1.0,9
17,0.0,11
16,0.0,10
15,8.0,5
4,8.0,4
7,2.0,8
18,2.0,7
19,3.0,6
1,13.0,3
3,43.0,2
6,50.0,1
21,1.0,10
17,2.0,8
16,0.0,11
15,8.0,5
4,8.0,4
7,2.0,9
18,2.0,7
19,3.0,6
1,14.0,3
3,50.0,2
6,66.0,1
21,2.0,10
17,4.0,6
16,0.0,11
15,8.0,5
4,11.0,4
7,2.0,9
18,2.0,8
19,3.0,7
1,24.0,3
3,54.0,2
6,72.0,1
21,2.0,10
17,6.0,6
16,0.0,11
15,8.0,5
4,12.0,4
7,2.0,9
18,2.0,8
19,3.0,7
1,33.0,3
3,54.0,2
6,86.0,1
21,2.0,10
17,6.0,6
16,0.0,11
15,9.0,5
4,14.0,4
7,2.0,9
18,2.0,8
19,3.0,7
1,37.0,3
3,57.0,2
6,102.0,1
21,2.0,11
17,6.0,6
16,5.0,7
15,10.0,5
4,14.0,4
7,2.0,10
18,2.0,9
19,3.0,8
1,37.0,3
3,61.0,2
6,118.0,1
21,2.0,11
17,6.0,6
16,5.0,7
15,10.0,5
4,15.0,4
7,2.0,10
18,2.0,9
19,3.0,8
1,47.0,3
3,66.0,2
6,128.0,1
21,2.0,11
17,6.0,6
16,5.0,7
15,11.0,5
4,15.0,4
7,2.0,10
18,2.0,9
19,3.0,8
1,49.0,3
3,76.0,2
6,141.0,1
21,2.0,11
17,7.0,6
16,5.0,7
15,11.0,5
4,15.0,4
7,2.0,10
18,2.0,9
19,3.0,8
1,54.0,3
3,80.0,2
6,157.0,1
21,2.0,11
17,7.0,6
16,5.0,7
15,11.0,5
4,15.0,4
7,2.0,10
18,2.0,9
19,4.0,8
1,57.0,3
3,86.0,2
6,173.0,1
21,2.0,11
17,7.0,7
16,6.0,8
15,11.0,5
4,20.0,4
7,2.0,10
18,2.0,9
19,8.0,6
1,57.0,3
3,86.0,2
6,189.0,1
21,2.0,11
17,7.0,8
16,7.0,7
15,11.0,5
4,22.0,4
7,2.0,10
18,2.0,9
19,8.0,6
1,61.0,3
3,89.0,2
6,205.0,1
21,2.0,11
17,9.0,6
16,7.0,8
15,11.0,5
4,23.0,4
7,2.0,10
18,2.0,9
19,8.0,7
1,65.0,3
3,92.0,2
6,221.0,1
22,0.0,10
18,0.0,9
21,0.0,8
20,0.0,7
19,0.0,6
16,0.0,5
17,2.0,4
15,4.0,3
1,6.0,2
6,14.0,1
3,2.0,5
22,0.0,10
18,0.0,11
21,0.0,6
20,0.0,9
19,0.0,8
16,0.0,7
17,5.0,3
15,4.0,4
1,11.0,2
6,30.0,1
3,2.0,6
22,1.0,7
18,0.0,11
21,0.0,8
20,0.0,9
19,0.0,10
16,3.0,5
17,7.0,4
15,8.0,3
1,21.0,2
6,36.0,1
3,12.0,3
22,1.0,7
18,0.0,11
21,0.0,8
20,0.0,9
19,0.0,10
16,3.0,6
17,10.0,4
15,8.0,5
1,30.0,2
6,40.0,1
3,18.0,3
22,1.0,7
18,0.0,11
21,0.0,8
20,0.0,9
19,0.0,10
16,7.0,6
17,13.0,4
15,9.0,5
1,32.0,2
6,50.0,1
3,18.0,3
22,1.0,8
18,0.0,11
21,1.0,7
20,0.0,10
19,0.0,9
16,9.0,6
17,13.0,4
15,12.0,5
1,42.0,2
6,60.0,1
3,18.0,3
22,1.0,9
18,0.0,11
21,1.0,8
20,1.0,10
19,4.0,7
16,12.0,5
17,13.0,4
15,12.0,6
1,44.0,2
6,76.0,1
3,28.0,3
22,1.0,10
18,0.0,11
21,1.0,9
20,3.0,8
19,5.0,7
16,12.0,6
17,13.0,5
15,15.0,4
1,48.0,2
6,82.0,1
3,37.0,3
22,1.0,10
18,0.0,11
21,1.0,9
20,3.0,8
19,5.0,7
16,12.0,6
17,13.0,5
15,15.0,4
1,53.0,2
6,94.0,1
3,43.0,3
22,1.0,10
18,0.0,11
21,1.0,9
20,3.0,8
19,5.0,7
16,12.0,6
17,15.0,5
15,16.0,4
1,56.0,2
6,108.0,1
3,46.0,3
22,1.0,10
18,0.0,11
21,1.0,9
20,3.0,8
19,5.0,7
16,12.0,6
17,15.0,5
15,19.0,4
1,66.0,2
6,118.0,1
3,56.0,3
22,6.0,7
18,0.0,11
21,1.0,10
20,4.0,9
19,5.0,8
16,16.0,5
17,15.0,6
15,19.0,4
1,66.0,2
6,124.0,1
3,59.0,3
22,6.0,7
18,0.0,11
21,1.0,10
20,4.0,9
19,5.0,8
16,16.0,5
17,15.0,6
15,20.0,4
1,72.0,2
6,140.0,1
3,59.0,3
22,10.0,7
18,0.0,11
21,1.0,10
20,4.0,9
19,5.0,8
16,16.0,5
17,16.0,6
15,20.0,4
1,81.0,2
6,152.0,1
3,73.0,3
22,10.0,7
18,0.0,11
21,1.0,10
20,4.0,9
19,7.0,8
16,17.0,5
17,16.0,6
15,20.0,4
1,81.0,2
6,161.0,1
3,73.0,3
22,10.0,7
18,0.0,11
21,1.0,10
20,4.0,9
19,9.0,8
16,17.0,6
17,19.0,5
15,21.0,4
1,95.0,2
6,167.0,1
3,80.0,3
22,10.0,7
18,0.0,11
21,1.0,10
20,4.0,9
19,9.0,8
16,17.0,6
17,19.0,5
15,21.0,4
1,102.0,2
6,179.0,1
6,16.0,1
3,4.0,2
16,4.0,3
22,2.0,4
18,0.0,5
20,0.0,6
6,26.0,1
3,7.0,4
16,4.0,5
22,8.0,2
18,0.0,7
20,0.0,8
17,7.0,3
21,0.0,6
6,39.0,1
3,7.0,5
16,6.0,6
22,8.0,3
18,0.0,10
20,0.0,11
17,7.0,4
21,0.0,8
1,10.0,2
15,1.0,7
19,0.0,9
6,43.0,1
3,12.0,3
16,6.0,6
22,8.0,4
18,0.0,10
20,0.0,11
17,8.0,5
21,0.0,8
1,26.0,2
15,1.0,7
19,0.0,9
6,49.0,1
3,15.0,3
16,6.0,6
22,8.0,5
18,0.0,10
20,0.0,11
17,9.0,4
21,0.0,8
1,42.0,2
15,1.0,7
19,0.0,9
6,62.0,1
3,15.0,3
16,6.0,6
22,10.0,4
18,0.0,10
20,0.0,11
17,9.0,5
21,1.0,8
1,52.0,2
15,1.0,7
19,0.0,9
6,68.0,1
3,15.0,3
16,6.0,6
22,14.0,4
18,0.0,10
20,0.0,11
17,9.0,5
21,1.0,9
1,63.0,2
15,3.0,8
19,3.0,7
6,84.0,1
3,15.0,4
16,6.0,6
22,18.0,3
18,0.0,10
20,0.0,11
17,10.0,5
21,3.0,9
1,66.0,2
15,3.0,8
19,3.0,7
6,88.0,1
3,17.0,4
16,9.0,6
22,18.0,3
18,0.0,10
20,0.0,11
17,11.0,5
21,3.0,9
1,82.0,2
15,3.0,8
19,3.0,7
6,92.0,2
3,19.0,3
16,12.0,5
22,18.0,4
18,0.0,10
20,0.0,11
17,11.0,6
21,3.0,9
1,98.0,1
15,4.0,7
19,3.0,8
6,102.0,2
3,22.0,3
16,12.0,5
22,18.0,4
18,0.0,10
20,0.0,11
17,11.0,6
21,4.0,8
1,108.0,1
15,6.0,7
19,3.0,9
6,111.0,2
3,24.0,3
16,12.0,6
22,18.0,4
18,0.0,10
20,0.0,11
17,12.0,5
21,4.0,8
1,122.0,1
15,6.0,7
19,3.0,9
6,117.0,2
3,30.0,3
16,12.0,6
22,18.0,4
18,0.0,10
20,0.0,11
17,13.0,5
21,4.0,8
1,135.0,1
15,6.0,7
19,3.0,9
6,127.0,2
3,34.0,3
16,13.0,6
22,20.0,4
18,0.0,10
20,0.0,11
17,13.0,5
21,7.0,7
1,141.0,1
15,6.0,8
19,3.0,9
6,143.0,1
3,34.0,3
16,17.0,6
22,20.0,4
18,0.0,10
20,0.0,11
17,17.0,5
21,7.0,7
1,143.0,2
15,6.0,8
19,3.0,9
6,156.0,1
3,36.0,3
16,18.0,5
22,20.0,4
18,0.0,10
20,0.0,11
17,17.0,6
21,7.0,7
1,153.0,2
15,6.0,8
19,3.0,9
6,170.0,1
3,36.0,3
16,20.0,5
22,20.0,4
18,0.0,10
20,0.0,11
17,17.0,6
21,7.0,7
1,162.0,2
15,6.0,8
19,4.0,9
4,46.0,1
21,1.0,6
24,2.0,5
22,3.0,4
3,4.0,3
17,6.0,2
6,10.0,1
16,0.0,10
18,0.0,9
20,1.0,8
1,10.0,2
21,1.0,7
24,2.0,6
22,3.0,5
3,7.0,4
17,10.0,3
15,1.0,9
18,0.0,11
20,1.0,8
1,16.0,2
21,1.0,7
24,6.0,5
22,5.0,6
3,7.0,4
17,13.0,3
6,28.0,1
6,18.0,1
16,0.0,10
15,1.0,9
18,0.0,11
20,1.0,8
1,20.0,2
21,1.0,7
24,6.0,6
22,8.0,4
3,7.0,5
17,16.0,3
6,44.0,1
16,0.0,10
15,1.0,9
18,0.0,11
20,2.0,7
1,36.0,2
21,1.0,8
24,6.0,6
22,8.0,5
3,9.0,4
17,16.0,3
6,51.0,1
16,0.0,10
15,2.0,8
18,0.0,11
20,2.0,7
1,46.0,2
21,1.0,9
24,8.0,6
22,14.0,4
3,12.0,5
17,16.0,3
6,55.0,1
16,0.0,10
15,2.0,8
18,0.0,11
20,2.0,7
1,52.0,2
21,1.0,9
24,12.0,6
22,14.0,5
3,15.0,4
17,26.0,3
6,58.0,1
16,0.0,10
15,3.0,7
18,0.0,11
20,2.0,8
1,62.0,2
21,1.0,9
24,12.0,6
22,14.0,5
3,19.0,4
17,31.0,3
6,64.0,1
16,0.0,10
15,4.0,7
18,0.0,11
20,2.0,8
1,72.0,2
21,1.0,9
24,12.0,6
22,16.0,5
3,19.0,4
17,34.0,3
6,74.0,1
16,0.0,10
15,4.0,7
18,0.0,11
20,3.0,8
1,74.0,2
21,1.0,9
24,12.0,6
22,16.0,5
3,22.0,4
17,38.0,3
6,90.0,1
16,0.0,10
15,4.0,7
18,0.0,11
20,3.0,8
1,90.0,2
21,1.0,9
24,14.0,6
22,16.0,5
3,22.0,4
17,42.0,3
6,94.0,1
16,0.0,10
15,4.0,7
18,0.0,11
20,3.0,8
1,106.0,1
21,1.0,9
24,14.0,6
22,16.0,5
3,24.0,4
17,47.0,3
6,97.0,2
16,0.0,10
15,4.0,7
18,0.0,11
20,3.0,8
1,108.0,1
21,1.0,9
24,17.0,5
22,16.0,6
3,30.0,4
17,57.0,3
6,102.0,2
16,0.0,11
15,4.0,8
18,1.0,10
20,9.0,7
1,110.0,1
21,1.0,9
24,31.0,5
22,16.0,6
3,33.0,4
17,57.0,3
6,102.0,2
16,0.0,11
15,4.0,8
18,1.0,10
20,9.0,7
1,114.0,2
21,1.0,9
24,36.0,4
22,16.0,6
3,33.0,5
17,58.0,3
6,118.0,1
16,0.0,11
15,5.0,8
18,1.0,10
20,9.0,7
1,124.0,2
21,1.0,9
24,36.0,4
22,16.0,6
3,35.0,5
17,61.0,3
6,128.0,1
1,16.0,1
3,6.0,2
6,3.0,3
15,1.0,4
22,0.0,5
17,0.0,6
20,0.0,7
1,32.0,1
3,8.0,2
6,7.0,3
15,1.0,5
22,4.0,4
17,0.0,6
20,0.0,7
24,0.0,8
1,39.0,1
3,8.0,3
6,21.0,2
15,3.0,5
22,7.0,4
17,0.0,6
20,0.0,7
24,0.0,8
25,0.0,9
18,0.0,10
1,49.0,1
3,13.0,3
6,31.0,2
15,4.0,5
22,7.0,4
17,0.0,6
20,0.0,8
24,0.0,10
25,0.0,11
18,0.0,7
21,0.0,9
1,65.0,1
3,14.0,3
6,35.0,2
15,4.0,5
22,10.0,4
17,0.0,7
20,0.0,9
24,2.0,6
25,0.0,11
18,0.0,8
21,0.0,10
1,75.0,1
3,16.0,4
6,39.0,2
15,4.0,6
22,16.0,3
17,0.0,8
20,0.0,10
24,2.0,7
25,0.0,11
18,0.0,9
21,4.0,5
1,75.0,1
3,16.0,4
6,53.0,2
15,4.0,7
22,25.0,3
17,0.0,8
20,0.0,11
24,5.0,5
25,0.0,10
18,0.0,9
21,4.0,6
1,80.0,1
3,19.0,4
6,69.0,2
15,4.0,7
22,27.0,3
17,0.0,8
20,0.0,11
24,5.0,5
25,0.0,10
18,0.0,9
21,4.0,6
1,86.0,1
3,19.0,4
6,83.0,2
15,4.0,7
22,32.0,3
17,1.0,8
20,0.0,11
24,5.0,5
25,0.0,10
18,0.0,9
21,4.0,6
1,102.0,1
3,20.0,4
6,90.0,2
15,4.0,7
22,32.0,3
17,3.0,8
20,0.0,11
24,5.0,5
25,0.0,10
18,0.0,9
21,4.0,6
1,118.0,1
3,24.0,4
6,92.0,2
15,4.0,8
22,32.0,3
17,7.0,5
20,0.0,11
24,5.0,6
25,0.0,10
18,0.0,9
21,4.0,7
1,125.0,1
3,30.0,4
6,102.0,2
15,4.0,8
22,32.0,3
17,10.0,5
20,0.0,11
24,5.0,6
25,0.0,10
18,0.0,9
21,4.0,7
1,125.0,1
3,33.0,3
6,102.0,2
15,8.0,6
22,32.0,4
17,26.0,5
20,1.0,9
24,5.0,8
25,0.0,11
18,0.0,10
21,6.0,7
1,128.0,1
3,33.0,3
6,118.0,2
15,10.0,6
22,32.0,4
17,31.0,5
20,1.0,9
24,5.0,8
25,0.0,11
18,0.0,10
21,6.0,7
1,142.0,1
3,35.0,3
6,127.0,2
15,10.0,6
22,33.0,4
17,31.0,5
20,1.0,9
24,5.0,8
25,0.0,11
18,0.0,10
21,6.0,7
1,156.0,1
3,38.0,3
6,133.0,2
15,10.0,6
22,33.0,5
17,34.0,4
20,1.0,9
24,5.0,8
25,0.0,11
18,0.0,10
21,6.0,7
21,0.0,8
18,0.0,7
3,0.0,6
15,1.0,5
20,2.0,4
22,3.0,3
6,6.0,2
1,14.0,1
25,0.0,10
17,0.0,7
21,0.0,9
18,0.0,8
3,10.0,2
15,1.0,6
20,6.0,5
22,10.0,3
6,8.0,4
1,17.0,1
24,0.0,11
25,0.0,8
17,4.0,6
21,0.0,10
18,0.0,9
3,20.0,1
15,4.0,7
20,6.0,5
22,11.0,4
6,14.0,3
1,19.0,2
24,0.0,11
25,0.0,8
17,7.0,5
21,0.0,10
18,0.0,9
3,30.0,1
15,4.0,7
20,6.0,6
22,13.0,4
6,24.0,2
1,20.0,3
24,6.0,7
25,2.0,9
17,8.0,6
21,0.0,11
18,0.0,10
3,30.0,2
15,4.0,8
20,9.0,5
22,13.0,4
6,38.0,1
1,20.0,3
26,0.0,12
17,8.0,6
25,2.0,9
24,6.0,7
21,0.0,11
18,0.0,10
3,40.0,2
15,6.0,8
20,15.0,5
22,17.0,4
6,41.0,1
1,21.0,3
26,0.0,12
17,12.0,6
25,2.0,9
24,6.0,8
21,0.0,10
18,0.0,11
3,43.0,2
15,8.0,7
20,16.0,5
22,23.0,3
6,51.0,1
1,21.0,4
26,0.0,12
17,13.0,6
25,2.0,9
24,6.0,8
21,0.0,10
18,0.0,11
3,52.0,2
15,8.0,7
20,16.0,5
22,25.0,3
6,65.0,1
1,21.0,4
26,0.0,12
17,15.0,6
25,2.0,9
24,6.0,8
21,1.0,10
18,0.0,11
3,62.0,2
15,8.0,7
20,16.0,5
22,35.0,3
6,65.0,1
1,24.0,4
26,0.0,12
17,17.0,6
25,2.0,9
24,6.0,8
21,1.0,10
18,0.0,11
3,62.0,2
15,8.0,7
20,19.0,5
22,46.0,3
6,71.0,1
1,28.0,4
26,0.0,12
17,19.0,6
25,2.0,10
24,6.0,9
21,7.0,8
18,0.0,11
3,72.0,2
15,12.0,7
20,20.0,5
22,46.0,3
6,74.0,1
1,28.0,4
26,0.0,12
17,25.0,5
25,2.0,10
24,6.0,9
21,7.0,8
18,0.0,11
3,78.0,2
15,15.0,7
20,20.0,6
22,47.0,3
6,84.0,1
1,28.0,4
26,0.0,12
17,28.0,5
25,2.0,10
24,6.0,9
21,7.0,8
18,0.0,11
3,84.0,2
15,15.0,7
20,20.0,6
22,53.0,3
6,85.0,1
1,38.0,4
26,0.0,12
17,33.0,5
25,2.0,10
24,6.0,9
21,7.0,8
18,0.0,11
3,98.0,1
15,15.0,7
20,20.0,6
22,53.0,3
6,86.0,2
1,44.0,4
26,0.0,12
17,33.0,5
25,2.0,10
24,6.0,9
21,9.0,8
18,0.0,11
3,112.0,1
15,15.0,7
20,21.0,6
22,62.0,3
6,86.0,2
1,44.0,4
26,0.0,12
17,33.0,5
25,2.0,10
24,6.0,9
21,9.0,8
18,0.0,11
3,118.0,1
15,16.0,7
20,21.0,6
22,64.0,3
6,100.0,2
1,47.0,4
26,0.0,12
17,33.0,5
25,2.0,10
24,6.0,9
21,9.0,8
18,0.0,11
3,123.0,1
15,16.0,7
20,21.0,6
22,67.0,3
6,102.0,2
1,63.0,4
3,16.0,1
6,4.0,2
22,3.0,3
1,2.0,4
25,1.0,5
27,0.0,6
15,0.0,7
29,0.0,8
3,26.0,1
6,8.0,3
22,9.0,2
1,5.0,4
25,3.0,5
27,1.0,6
15,0.0,7
29,0.0,8
18,0.0,9
28,0.0,10
17,0.0,11
3,42.0,1
6,10.0,3
22,13.0,2
1,5.0,4
25,3.0,6
27,1.0,7
15,0.0,9
29,1.0,8
18,0.0,11
28,0.0,10
17,3.0,5
3,55.0,1
6,16.0,2
22,13.0,3
1,9.0,4
25,3.0,6
27,1.0,7
15,0.0,9
29,1.0,8
18,0.0,11
28,0.0,10
17,6.0,5
3,65.0,1
6,25.0,2
22,18.0,3
1,9.0,4
25,3.0,6
27,1.0,7
15,0.0,9
29,1.0,8
18,0.0,10
28,0.0,11
17,8.0,5
3,65.0,1
6,25.0,2
22,18.0,3
1,16.0,4
25,5.0,8
27,11.0,5
15,7.0,7
29,1.0,9
18,0.0,10
28,0.0,11
17,8.0,6
3,69.0,1
6,35.0,2
22,24.0,3
1,18.0,4
25,5.0,8
27,12.0,5
15,10.0,6
29,1.0,9
18,0.0,10
28,0.0,11
17,8.0,7
3,85.0,1
6,35.0,2
22,28.0,3
1,23.0,4
25,5.0,8
27,12.0,5
15,10.0,6
29,1.0,9
18,0.0,10
28,0.0,11
17,9.0,7
3,101.0,1
6,35.0,2
22,35.0,3
1,26.0,4
25,5.0,8
27,12.0,5
15,10.0,6
29,1.0,9
18,0.0,10
28,0.0,11
17,9.0,7
3,111.0,1
6,35.0,3
22,41.0,2
1,32.0,4
25,5.0,8
27,12.0,6
15,10.0,7
29,1.0,9
18,0.0,10
28,0.0,11
17,13.0,5
3,125.0,1
6,38.0,3
22,47.0,2
1,34.0,4
25,5.0,8
27,12.0,6
15,10.0,7
29,1.0,9
18,0.0,10
28,0.0,11
17,14.0,5
3,141.0,1
6,38.0,3
22,51.0,2
1,37.0,4
25,5.0,8
27,14.0,6
15,10.0,7
29,1.0,9
18,0.0,10
28,0.0,11
17,15.0,5
3,149.0,1
6,48.0,3
22,55.0,2
1,41.0,4
25,5.0,8
27,14.0,6
15,10.0,7
29,1.0,9
18,0.0,10
28,0.0,11
17,15.0,5
3,149.0,1
6,58.0,3
22,61.0,2
1,45.0,4
25,5.0,8
27,15.0,6
15,10.0,7
29,1.0,9
18,0.0,10
28,0.0,11
17,20.0,5
3,165.0,1
6,64.0,3
22,65.0,2
1,45.0,4
25,5.0,8
27,15.0,6
15,10.0,7
29,1.0,9
18,0.0,10
28,0.0,11
17,20.0,5
3,175.0,1
6,70.0,2
22,68.0,3
1,49.0,4
25,5.0,8
27,15.0,6
15,11.0,7
29,1.0,9
18,0.0,10
28,0.0,11
17,22.0,5
28,0.0,8
30,0.0,7
27,0.0,6
25,0.0,5
1,4.0,4
6,6.0,3
3,6.0,2
22,10.0,1
31,0.0,9
15,2.0,5
28,0.0,10
30,0.0,8
27,0.0,6
25,0.0,7
1,4.0,4
6,13.0,3
3,16.0,2
22,17.0,1
29,0.0,13
18,0.0,12
17,0.0,8
31,0.0,10
15,3.0,5
28,0.0,11
30,0.0,9
27,0.0,6
25,0.0,7
1,6.0,4
6,23.0,2
3,29.0,1
22,17.0,3
29,0.0,12
18,0.0,13
17,2.0,6
31,0.0,9
15,3.0,5
28,0.0,11
30,0.0,10
27,1.0,7
25,0.0,8
1,6.0,4
6,27.0,3
3,32.0,2
22,33.0,1
29,1.0,8
29,0.0,10
18,0.0,9
17,2.0,6
31,0.0,11
15,4.0,5
28,0.0,13
30,0.0,12
27,1.0,7
18,0.0,10
25,0.0,8
1,8.0,4
6,31.0,3
3,38.0,2
22,46.0,1
17,12.0,4
31,0.0,11
15,4.0,7
28,0.0,13
30,0.0,12
27,4.0,6
25,0.0,9
1,8.0,5
6,41.0,2
3,38.0,3
22,48.0,1
29,1.0,8
18,0.0,10
17,13.0,4
31,0.0,11
15,4.0,7
28,0.0,13
30,0.0,12
27,7.0,6
25,0.0,9
1,8.0,5
6,43.0,3
3,48.0,2
22,58.0,1
29,1.0,8
18,0.0,10
17,13.0,4
31,0.0,11
15,5.0,7
28,0.0,13
30,0.0,12
27,10.0,5
25,0.0,9
1,10.0,6
6,49.0,3
3,52.0,2
22,68.0,1
29,1.0,8
18,0.0,10
17,13.0,4
31,0.0,12
15,7.0,7
28,0.0,13
30,0.0,11
27,11.0,5
25,0.0,9
1,10.0,6
6,53.0,3
3,58.0,2
22,81.0,1
29,1.0,8
18,0.0,10
17,13.0,4
31,0.0,12
15,9.0,7
28,0.0,13
30,0.0,11
27,12.0,5
25,0.0,9
1,10.0,6
6,57.0,3
3,74.0,2
22,84.0,1
29,1.0,8
18,0.0,10
17,14.0,5
31,0.0,12
15,12.0,7
28,0.0,13
30,0.0,11
27,16.0,4
25,0.0,9
1,12.0,6
6,57.0,3
3,80.0,2
22,94.0,1
29,1.0,9
18,0.0,10
17,14.0,7
31,0.0,13
15,17.0,5
28,0.0,12
30,0.0,11
27,16.0,6
25,2.0,8
1,21.0,4
6,57.0,3
3,80.0,2
22,104.0,1
29,1.0,9
18,0.0,10
17,14.0,7
31,0.0,13
15,18.0,5
28,0.0,12
30,0.0,11
27,16.0,6
25,2.0,8
1,21.0,4
6,62.0,3
3,94.0,2
22,110.0,1
29,1.0,9
18,0.0,10
17,18.0,5
31,0.0,13
15,18.0,6
28,0.0,12
30,0.0,11
27,16.0,7
25,2.0,8
1,21.0,4
6,68.0,3
3,98.0,2
22,122.0,1
29,1.0,9
18,0.0,10
17,18.0,5
31,0.0,13
15,18.0,6
28,0.0,12
30,0.0,11
27,16.0,7
25,2.0,8
1,21.0,4
6,73.0,3
3,108.0,2
22,133.0,1
29,1.0,9
18,0.0,10
17,21.0,5
31,0.0,13
15,18.0,7
28,0.0,12
30,0.0,11
27,18.0,6
25,3.0,8
1,27.0,4
6,73.0,3
3,108.0,2
22,147.0,1
29,5.0,8
18,1.0,10
17,21.0,6
31,0.0,13
15,18.0,7
28,0.0,11
30,0.0,12
27,24.0,5
25,5.0,9
1,30.0,4
6,73.0,3
3,118.0,2
22,147.0,1
31,0.0,11
27,0.0,10
33,0.0,9
18,0.0,8
32,0.0,7
15,1.0,6
25,2.0,5
17,3.0,4
6,4.0,3
3,6.0,2
22,10.0,1
1,0.0,13
31,0.0,12
27,0.0,11
33,1.0,8
18,0.0,10
32,0.0,9
15,3.0,6
25,2.0,7
17,7.0,3
6,10.0,2
3,6.0,4
22,20.0,1
29,3.0,8
1,4.0,6
31,0.0,13
27,0.0,12
33,1.0,9
18,0.0,11
32,0.0,10
15,6.0,5
25,4.0,7
17,7.0,4
6,16.0,2
3,7.0,3
22,30.0,1
29,3.0,8
1,10.0,3
31,0.0,13
27,0.0,12
33,1.0,9
18,1.0,10
32,0.0,11
15,6.0,6
25,4.0,7
17,10.0,4
6,22.0,2
3,7.0,5
22,40.0,1
29,3.0,8
1,10.0,5
31,0.0,13
27,0.0,12
33,1.0,10
18,3.0,9
32,0.0,11
15,6.0,7
25,8.0,6
17,11.0,4
6,25.0,2
3,17.0,3
22,46.0,1
29,3.0,8
1,10.0,5
31,0.0,13
27,0.0,12
33,1.0,10
18,3.0,9
32,0.0,11
15,6.0,7
25,8.0,6
17,11.0,4
6,32.0,2
3,25.0,3
22,57.0,1
29,3.0,9
1,10.0,5
31,0.0,13
27,0.0,12
33,1.0,10
18,5.0,8
32,0.0,11
15,10.0,6
25,8.0,7
17,11.0,4
6,36.0,2
3,31.0,3
22,67.0,1
29,3.0,9
1,14.0,4
31,0.0,13
27,0.0,12
33,1.0,10
18,5.0,8
32,0.0,11
15,10.0,6
25,9.0,7
17,14.0,5
6,42.0,3
3,43.0,2
22,67.0,1
29,8.0,9
1,14.0,4
31,0.0,13
27,10.0,6
33,2.0,11
18,5.0,10
32,0.0,12
15,10.0,7
25,9.0,8
17,14.0,5
6,52.0,2
3,43.0,3
22,67.0,1
29,8.0,9
1,17.0,4
31,0.0,13
27,11.0,6
33,2.0,11
18,5.0,10
32,0.0,12
15,10.0,8
25,11.0,7
17,14.0,5
6,52.0,2
3,49.0,3
22,81.0,1
29,9.0,9
1,23.0,4
31,0.0,13
27,11.0,7
33,2.0,11
18,5.0,10
32,0.0,12
15,10.0,8
25,13.0,6
17,14.0,5
6,52.0,3
3,62.0,2
22,85.0,1
29,9.0,9
1,29.0,4
31,0.0,13
27,11.0,7
33,2.0,11
18,5.0,10
32,0.0,12
15,10.0,8
25,13.0,6
17,17.0,5
6,58.0,3
3,73.0,2
22,85.0,1
29,9.0,9
1,34.0,4
31,0.0,13
27,11.0,7
33,2.0,11
18,5.0,10
32,0.0,12
15,10.0,8
25,13.0,6
17,20.0,5
6,58.0,3
3,89.0,1
22,87.0,2
29,9.0,9
1,38.0,4
31,0.0,13
27,11.0,7
33,2.0,11
18,5.0,10
32,0.0,12
15,11.0,8
25,13.0,6
17,23.0,5
6,60.0,3
3,95.0,2
22,97.0,1
29,9.0,9
1,38.0,4
31,0.0,13
27,11.0,8
33,2.0,11
18,5.0,10
32,0.0,12
15,12.0,7
25,13.0,6
17,25.0,5
6,64.0,3
3,108.0,1
22,103.0,2
29,9.0,9
1,42.0,4
31,0.0,13
27,13.0,6
33,2.0,11
18,5.0,10
32,0.0,12
15,12.0,8
25,13.0,7
17,28.0,5
6,71.0,3
3,118.0,1
22,103.0,2
29,0.0,7
6,1.0,6
15,2.0,5
18,3.0,4
27,4.0,3
1,6.0,2
3,10.0,1
26,0.0,11
33,0.0,10
32,4.0,5
22,4.0,4
29,0.0,9
6,1.0,8
15,2.0,7
18,3.0,6
27,6.0,3
1,16.0,1
3,16.0,2
17,0.0,11
26,0.0,12
33,0.0,9
32,7.0,3
22,6.0,4
29,0.0,10
6,1.0,8
15,2.0,7
18,4.0,6
27,6.0,5
1,26.0,1
3,26.0,2
17,0.0,12
26,0.0,11
33,2.0,8
32,7.0,5
22,12.0,3
29,0.0,10
6,1.0,9
15,5.0,6
18,5.0,7
27,10.0,4
1,26.0,2
3,36.0,1
17,0.0,12
26,0.0,11
33,2.0,8
32,7.0,5
22,19.0,3
29,0.0,10
6,2.0,9
15,5.0,6
18,5.0,7
27,10.0,4
1,34.0,2
3,46.0,1
25,0.0,13
17,0.0,12
26,0.0,11
33,2.0,9
32,7.0,5
22,19.0,3
29,0.0,10
6,6.0,7
15,5.0,8
18,7.0,6
27,11.0,4
1,44.0,2
3,55.0,1
25,0.0,13
17,0.0,11
25,0.0,13
17,0.0,12
26,0.0,11
33,2.0,9
32,7.0,6
22,25.0,3
29,0.0,10
6,9.0,5
15,6.0,8
18,7.0,7
27,13.0,4
1,44.0,2
3,69.0,1
26,0.0,12
33,2.0,9
32,7.0,6
22,29.0,3
29,0.0,10
6,9.0,5
15,6.0,8
18,7.0,7
27,15.0,4
1,48.0,2
3,85.0,1
25,0.0,13
17,0.0,11
26,0.0,12
33,2.0,9
32,10.0,5
22,39.0,3
29,1.0,10
6,9.0,6
15,6.0,8
18,7.0,7
27,15.0,4
1,50.0,2
3,95.0,1
25,0.0,13
17,0.0,11
26,0.0,12
33,2.0,9
32,10.0,6
22,47.0,3
29,1.0,10
6,10.0,5
15,6.0,8
18,7.0,7
27,19.0,4
1,53.0,2
3,105.0,1
25,0.0,13
17,0.0,11
26,0.0,12
33,2.0,10
32,10.0,6
22,53.0,3
29,4.0,9
6,14.0,5
15,7.0,8
18,7.0,7
27,21.0,4
1,53.0,2
3,115.0,1
25,0.0,13
17,0.0,11
26,0.0,12
33,2.0,10
32,12.0,6
22,60.0,2
29,4.0,9
6,14.0,5
15,7.0,8
18,7.0,7
27,21.0,4
1,56.0,3
3,129.0,1
25,0.0,13
17,0.0,11
26,0.0,12
33,3.0,10
32,12.0,6
22,62.0,2
29,4.0,9
6,20.0,5
15,10.0,7
18,7.0,8
27,21.0,4
1,60.0,3
3,139.0,1
25,0.0,13
17,0.0,11
26,0.0,12
33,3.0,10
32,12.0,6
22,72.0,2
29,4.0,9
6,23.0,4
15,12.0,7
18,7.0,8
27,22.0,5
1,60.0,3
3,149.0,1
25,0.0,13
17,3.0,11
26,0.0,12
33,3.0,10
32,12.0,6
22,72.0,3
29,4.0,9
6,23.0,4
15,12.0,7
18,7.0,8
27,22.0,5
1,74.0,2
3,158.0,1
25,0.0,13
17,3.0,11
26,0.0,12
33,3.0,10
32,12.0,6
22,72.0,3
29,4.0,9
6,28.0,4
15,12.0,7
18,7.0,8
27,23.0,5
1,84.0,2
3,168.0,1
33,0.0,8
29,0.0,6
34,0.0,9
17,0.0,7
27,0.0,5
32,1.0,4
22,3.0,3
1,6.0,2
3,16.0,1
3,32.0,1
1,9.0,2
22,7.0,3
32,2.0,5
27,0.0,6
29,0.0,7
17,0.0,10
33,0.0,9
34,0.0,11
25,2.0,4
35,0.0,8
3,48.0,1
1,9.0,3
22,11.0,2
32,2.0,6
27,0.0,8
29,1.0,7
17,0.0,12
33,0.0,11
34,0.0,13
25,2.0,5
35,0.0,10
6,5.0,4
18,0.0,9
3,74.0,1
37,0.0,11
18,0.0,10
6,9.0,4
35,1.0,8
25,2.0,6
22,17.0,2
32,2.0,7
27,0.0,9
29,3.0,5
17,0.0,13
33,0.0,12
34,0.0,14
1,12.0,3
3,58.0,1
1,16.0,3
22,20.0,2
32,2.0,7
27,0.0,9
29,5.0,5
17,0.0,10
33,0.0,13
34,0.0,14
25,2.0,6
35,2.0,8
6,9.0,4
18,0.0,11
37,0.0,12
3,84.0,1
1,26.0,2
22,25.0,3
32,2.0,7
27,0.0,11
29,5.0,5
17,0.0,12
33,1.0,9
34,0.0,14
25,2.0,6
35,2.0,8
6,9.0,4
18,0.0,10
37,0.0,13
3,84.0,1
1,36.0,2
22,31.0,3
32,2.0,8
27,1.0,10
29,5.0,5
17,0.0,13
33,1.0,11
34,0.0,14
25,4.0,6
35,2.0,9
6,13.0,4
18,0.0,12
37,3.0,7
3,100.0,1
1,36.0,2
22,35.0,3
32,6.0,5
27,3.0,9
29,5.0,6
17,0.0,13
33,1.0,11
34,0.0,14
25,4.0,7
35,2.0,10
6,13.0,4
18,0.0,12
37,3.0,8
3,116.0,1
1,38.0,3
22,42.0,2
32,7.0,5
27,3.0,9
29,5.0,6
17,0.0,13
33,1.0,11
34,0.0,14
25,4.0,7
35,2.0,10
6,13.0,4
18,0.0,12
37,3.0,8
36,0.0,15
3,126.0,1
1,44.0,3
22,49.0,2
32,7.0,5
27,4.0,8
29,5.0,6
17,0.0,13
33,1.0,11
34,0.0,14
25,4.0,7
35,2.0,10
6,15.0,4
18,0.0,12
37,3.0,9
36,0.0,15
3,132.0,1
1,58.0,2
22,51.0,3
32,10.0,5
27,4.0,8
29,5.0,6
17,0.0,13
33,1.0,11
34,0.0,14
25,4.0,7
35,2.0,10
6,16.0,4
18,0.0,12
37,3.0,9
36,0.0,15
3,142.0,1
1,60.0,3
22,64.0,2
32,11.0,5
27,4.0,8
29,5.0,6
17,0.0,13
33,1.0,11
34,0.0,15
25,4.0,7
35,2.0,10
6,16.0,4
18,0.0,12
37,3.0,9
36,0.0,14
3,144.0,1
1,73.0,3
22,74.0,2
32,11.0,5
27,4.0,8
29,5.0,6
17,0.0,13
33,1.0,11
34,0.0,15
25,5.0,7
35,2.0,10
6,16.0,4
18,0.0,12
37,3.0,9
36,0.0,14
3,154.0,1
1,83.0,2
22,77.0,3
32,13.0,5
27,4.0,8
29,6.0,6
17,0.0,13
33,1.0,11
34,0.0,15
25,5.0,7
35,2.0,10
6,16.0,4
18,0.0,12
37,3.0,9
36,0.0,14
3,164.0,1
1,89.0,2
22,81.0,3
32,13.0,5
27,4.0,8
29,6.0,7
17,0.0,13
33,1.0,12
34,0.0,15
25,8.0,6
35,2.0,10
6,18.0,4
18,1.0,11
37,3.0,9
36,0.0,14
3,164.0,1
1,99.0,2
22,91.0,3
32,13.0,5
27,6.0,8
29,6.0,7
17,1.0,11
33,1.0,13
34,0.0,15
25,8.0,6
35,2.0,10
6,21.0,4
18,1.0,12
37,3.0,9
36,0.0,14
36,0.0,18
42,0.0,17
35,0.0,16
27,0.0,15
41,0.0,14
29,0.0,13
3,0.0,12
32,0.0,11
34,0.0,10
17,0.0,9
36,0.0,17
42,0.0,18
35,0.0,14
27,0.0,12
41,0.0,16
29,0.0,15
3,6.0,3
32,0.0,10
34,0.0,13
17,0.0,11
18,0.0,8
39,0.0,9
40,0.0,7
33,1.0,6
26,0.0,17
36,0.0,18
42,0.0,19
35,4.0,6
27,0.0,11
41,0.0,15
29,0.0,16
3,6.0,3
32,3.0,8
34,0.0,12
17,0.0,14
18,3.0,7
39,0.0,13
40,0.0,10
33,1.0,9
26,0.0,15
36,0.0,18
42,0.0,19
35,5.0,5
27,0.0,10
41,0.0,16
29,0.0,17
3,12.0,3
32,3.0,8
34,0.0,13
17,0.0,12
18,3.0,7
39,0.0,14
40,0.0,11
33,1.0,9
25,5.0,6
26,0.0,15
36,0.0,18
42,0.0,19
35,5.0,6
27,0.0,11
41,0.0,16
29,0.0,17
3,17.0,3
32,3.0,9
34,0.0,13
17,5.0,7
18,3.0,8
39,0.0,14
40,0.0,12
33,1.0,10
25,11.0,5
26,1.0,10
36,0.0,18
42,0.0,19
35,5.0,7
27,0.0,12
41,0.0,16
29,0.0,17
3,33.0,2
32,3.0,9
34,0.0,14
17,8.0,6
18,3.0,8
39,0.0,15
40,0.0,13
33,1.0,11
25,11.0,5
26,1.0,10
36,0.0,18
42,0.0,19
35,5.0,7
27,0.0,12
41,0.0,14
29,0.0,17
3,45.0,2
32,3.0,9
34,0.0,15
17,9.0,6
18,3.0,8
39,0.0,16
40,0.0,13
33,1.0,11
25,11.0,5
26,1.0,10
36,0.0,18
42,0.0,19
35,5.0,7
27,0.0,12
41,0.0,14
29,0.0,17
3,55.0,2
32,3.0,9
34,0.0,15
17,10.0,6
18,3.0,8
39,0.0,16
40,0.0,13
33,1.0,11
25,11.0,5
26,1.0,10
36,0.0,18
42,0.0,19
35,5.0,7
27,0.0,12
41,0.0,14
29,0.0,17
3,71.0,1
32,3.0,9
34,0.0,15
17,13.0,5
18,3.0,8
39,0.0,16
40,0.0,13
33,1.0,11
25,11.0,6
26,1.0,11
36,0.0,18
42,0.0,19
35,5.0,7
27,0.0,13
41,1.0,10
29,0.0,17
3,81.0,2
32,3.0,9
34,0.0,15
17,13.0,5
18,3.0,8
39,0.0,16
40,0.0,14
33,1.0,12
25,11.0,6
36,0.0,17
42,0.0,19
35,5.0,7
27,0.0,14
41,1.0,10
29,0.0,18
3,83.0,2
32,3.0,9
34,1.0,11
17,13.0,5
18,3.0,8
39,0.0,16
40,0.0,15
33,1.0,13
25,11.0,6
22,30.0,4
36,0.0,17
42,0.0,19
35,5.0,7
27,0.0,14
41,1.0,10
29,0.0,18
3,93.0,2
32,3.0,9
34,1.0,11
17,13.0,5
18,3.0,8
39,0.0,16
40,0.0,15
33,1.0,13
25,11.0,6
22,33.0,4
26,1.0,12
36,0.0,17
42,0.0,19
35,5.0,8
27,0.0,14
41,1.0,10
29,0.0,18
3,103.0,2
32,3.0,9
34,1.0,11
17,13.0,5
18,6.0,7
39,0.0,16
40,0.0,15
33,1.0,13
25,11.0,6
22,36.0,4
6,43.0,3
26,1.0,12
36,0.0,17
42,0.0,19
35,5.0,8
27,0.0,14
41,1.0,10
29,0.0,18
3,117.0,1
32,3.0,9
34,1.0,11
17,13.0,5
18,6.0,7
39,0.0,16
40,0.0,15
33,1.0,13
25,11.0,6
22,37.0,4
6,52.0,3
26,1.0,12
36,0.0,17
42,0.0,19
35,5.0,8
27,0.0,14
41,1.0,11
29,0.0,18
3,121.0,2
32,3.0,9
34,3.0,10
17,13.0,5
18,6.0,7
39,0.0,16
40,0.0,15
33,1.0,13
25,12.0,6
22,37.0,4
6,55.0,3
26,1.0,12
36,0.0,17
42,0.0,19
35,5.0,8
27,0.0,14
41,1.0,11
29,0.0,18
3,125.0,2
32,3.0,9
34,3.0,10
17,13.0,5
18,6.0,7
39,0.0,16
40,0.0,15
33,1.0,13
25,12.0,6
22,38.5,4
6,55.5,3
41,0.0,10
44,0.0,9
21,0.0,8
33,0.0,7
18,0.0,6
34,2.0,5
22,3.0,4
3,4.0,3
25,7.0,2
1,9.0,1
35,0.0,12
45,0.0,16
6,12.0,2
41,0.0,13
44,0.0,11
21,0.0,9
33,0.0,8
18,0.0,7
34,2.0,6
22,4.0,5
3,6.0,4
25,7.0,3
1,19.0,1
27,0.0,10
32,0.0,7
35,0.0,14
45,0.0,16
6,15.0,3
41,0.0,15
44,0.0,13
21,0.0,11
33,0.0,9
18,0.0,8
34,2.0,6
22,10.0,4
3,15.0,2
25,8.0,5
1,25.0,1
27,0.0,12
32,0.0,9
35,0.0,14
45,0.0,16
6,15.0,3
41,0.0,15
44,0.0,13
21,2.0,6
33,1.0,8
18,0.0,10
34,2.0,7
22,10.0,5
3,18.0,2
25,14.0,4
1,38.0,1
46,0.0,11
27,0.0,12
32,1.0,8
35,0.0,16
45,0.0,14
6,21.0,2
41,0.0,13
44,0.0,15
21,2.0,7
33,1.0,9
18,0.0,10
34,2.0,6
22,16.0,4
3,18.0,3
25,14.0,5
1,50.0,1
46,0.0,11
27,0.0,12
32,1.0,8
35,0.0,14
45,0.0,15
6,36.0,2
41,0.0,13
44,0.0,16
21,2.0,7
33,1.0,9
18,0.0,10
34,2.0,6
22,20.0,4
3,20.0,3
25,14.0,5
1,54.0,1
39,0.0,17
46,0.0,12
27,0.0,13
32,1.0,10
35,0.0,14
45,0.0,15
6,45.0,2
41,6.0,6
44,0.0,16
21,2.0,8
33,1.0,9
18,0.0,11
34,2.0,7
22,23.0,3
3,21.0,4
25,14.0,5
1,60.0,1
39,0.0,17
46,0.0,12
27,0.0,13
32,1.0,10
35,0.0,14
45,0.0,15
6,54.0,2
41,6.0,6
44,0.0,16
21,2.0,8
33,5.0,7
18,0.0,11
34,2.0,9
22,25.0,4
3,27.0,3
25,14.0,5
1,64.0,1
39,0.0,17
46,0.0,12
27,0.0,13
32,1.0,10
35,0.0,14
45,0.0,15
6,57.0,2
41,6.0,6
44,0.0,16
21,2.0,8
33,5.0,7
18,0.0,11
34,2.0,9
22,31.0,3
3,30.0,4
25,14.0,5
1,77.0,1
39,0.0,15
46,0.0,12
27,0.0,13
32,3.0,8
35,0.0,14
45,0.0,16
6,57.0,2
41,6.0,6
44,0.0,17
21,2.0,9
33,6.0,7
18,0.0,11
34,2.0,10
22,35.0,4
3,42.0,3
25,14.0,5
1,83.0,1
39,0.0,16
46,0.0,12
27,0.0,13
32,3.0,8
35,0.0,14
45,0.0,15
6,63.0,2
41,7.0,6
44,0.0,17
21,2.0,9
33,6.0,7
18,0.0,11
34,2.0,10
22,40.0,4
3,42.0,3
25,14.0,5
1,96.0,1
39,0.0,16
46,0.0,12
27,0.0,13
32,3.0,8
35,0.0,14
45,0.0,15
6,72.0,2
41,7.0,6
44,0.0,17
21,2.0,9
33,6.0,7
18,0.0,11
34,2.0,10
22,40.0,4
3,44.0,3
25,15.0,5
1,109.0,1
39,0.0,16
46,0.0,12
27,0.0,13
32,3.0,8
35,0.0,14
45,0.0,15
6,85.0,2
41,7.0,6
44,0.0,17
21,2.0,9
33,6.0,7
18,0.0,11
34,2.0,10
22,43.0,4
3,44.0,3
25,15.0,5
1,118.0,1
39,0.0,14
46,0.0,13
27,0.0,11
32,3.0,8
35,0.0,15
45,0.0,16
6,100.0,2
41,7.0,6
44,0.0,17
21,2.0,9
33,7.0,7
18,0.0,12
34,2.0,10
22,47.0,4
3,49.0,3
25,15.0,5
1,118.0,1
39,0.0,14
46,0.0,13
27,0.0,11
32,3.0,8
35,0.0,15
45,0.0,16
6,100.0,2
41,7.0,7
44,0.0,17
21,2.0,9
33,11.0,6
18,0.0,12
34,2.0,10
22,62.0,3
3,54.0,4
25,16.0,5
1,118.0,1
39,0.0,14
46,0.0,13
27,0.0,11
32,3.0,8
35,0.0,15
45,0.0,16
6,110.0,2
41,7.0,7
44,0.0,17
21,2.0,9
33,11.0,6
18,0.0,12
34,2.0,10
22,71.0,3
3,57.0,4
25,16.0,5
1,121.0,1
6,0.0,9
2,0.0,7
9,0.0,8
10,0.0,6
5,3.0,5
3,3.0,4
4,4.0,3
7,11.0,2
23,18.0,1
6,0.0,10
9,1.5,7
2,4.0,3
10,0.0,9
5,3.0,6
3,3.5,5
4,4.0,4
7,16.5,2
1,1.0,8
23,25.0,1
1,14.0,11
1,32.0,11
6,23.0,1
6,49.0,1
6,56.0,1
6,60.0,1
6,71.0,1
6,89.0,1
6,103.0,1
6,111.0,1
6,119.0,1
6,137.0,1
6,143.0,1
6,161.0,1
6,170.0,1
6,186.0,1
6,204.0,1
6,0.0,11
45,0.0,12
35,0.0,13
32,0.0,14
27,0.0,15
46,0.0,16
39,0.0,17
47,0.0,18
42,0.0,19
32,0.0,14
27,0.0,10
46,0.0,17
39,0.0,15
47,0.0,19
42,0.0,18
46,0.0,12
39,0.0,17
47,0.0,19
42,0.0,18
46,0.0,11
39,0.0,17
47,0.0,19
42,0.0,18
39,0.0,17
47,0.0,19
42,0.0,18
39,0.0,17
47,0.0,19
42,0.0,18
47,0.0,19
42,0.0,18
47,0.0,19
42,0.0,18
47,0.0,19
42,0.0,18
47,0.0,19
42,0.0,18
47,0.0,19
42,0.0,18
47,0.0,19
42,0.0,18
47,0.0,19
42,0.0,18
47,0.0,19
42,0.0,18
47,0.0,19
42,0.0,18
47,0.0,19
42,0.0,18
18,0.0,8
39,0.0,7
40,0.0,6
33,1.0,5
25,5.0,3
22,4.0,4
6,6.0,2
1,10.0,1
25,5.0,5
22,6.0,4
6,10.0,2
1,24.0,1
25,5.0,5
22,6.0,4
6,10.0,2
1,40.0,1
22,9.0,4
6,16.0,2
1,50.0,1
22,19.0,2
6,16.0,4
1,50.0,1
22,21.0,3
1,54.0,1
6,16.0,4
22,21.0,4
1,58.0,1
6,25.0,3
22,23.0,4
1,67.0,1
6,29.0,3
22,23.0,4
1,70.0,2
6,33.0,3
22,23.0,4
1,83.0,1
6,35.0,3
6,35.0,3
1,99.0,1
6,39.0,3
1,108.0,1
1,114.0,1
1,116.0,2
1,132.0,1
1,139.0,1
26,1.0,12
26,1.0,12
9,19.5,2
5,4.0,7
10,0.0,10
6,0.0,9
2,4.0,5
3,3.5,8
4,4.0,6
7,18.5,3
1,8.0,4
23,36.0,1
9,27.5,2
2,4.0,6
10,0.0,10
5,4.0,7
4,5.0,5
1,13.0,4
7,26.5,3
6,3.0,9
3,3.5,8
23,50.0,1
23,68.0,1
1,13.0,4
7,26.5,3
4,9.0,5
3,4.5,8
5,4.0,9
10,0.0,10
2,6.0,6
9,38.5,2
6,6.0,7
10,0.0,10
2,6.0,8
7,26.5,3
6,17.0,4
9,42.5,2
5,5.0,9
3,7.5,7
4,11.0,6
1,13.0,5
23,86.0,1
6,20.0,4
2,8.0,8
5,5.0,9
4,11.0,7
1,13.0,5
7,32.5,3
23,96.0,1
9,56.5,2
3,11.5,6
10,0.0,10
6,26.0,4
2,8.0,8
5,5.0,9
4,11.0,7
1,13.0,6
7,34.5,3
23,105.0,1
9,74.5,2
3,15.5,5
10,0.0,10
23,112.0,1
1,14.0,6
7,34.5,3
4,13.0,7
3,20.5,5
5,5.0,9
10,0.0,10
2,8.0,8
9,92.5,2
6,32.0,4
23,114.0,1
1,28.0,5
7,38.5,4
4,13.0,7
3,25.5,6
5,5.0,9
10,0.0,10
2,8.0,8
9,98.5,2
6,40.0,3
23,126.0,1
1,41.0,4
7,38.5,5
4,16.0,7
3,29.5,6
5,5.0,9
10,0.0,10
2,9.0,8
9,98.5,2
6,46.0,3
23,128.0,1
1,44.0,4
7,38.5,5
4,16.0,8
3,30.5,6
5,5.0,10
10,8.0,9
2,18.0,7
9,104.5,2
6,56.0,3
23,146.0,1
1,47.0,4
7,38.5,5
4,20.0,8
3,30.5,6
5,5.0,10
10,13.0,9
2,20.0,7
9,105.5,2
6,62.0,3
23,153.0,1
1,59.0,4
7,46.5,5
4,26.0,7
3,30.5,6
5,5.0,10
10,13.0,9
2,21.0,8
9,110.5,2
6,62.0,3
6,67.0,3
9,120.5,2
10,13.0,9
5,5.0,10
3,34.5,6
1,65.0,4
7,54.5,5
23,156.0,1
2,24.0,8
4,26.0,7
23,161.0,1
1,71.0,3
7,54.5,5
4,26.0,8
3,34.5,6
5,7.0,10
10,13.0,9
2,32.0,7
9,135.5,2
6,70.0,4
6,9.0,1
1,6.0,2
37,4.0,3
22,4.0,4
21,2.0,5
25,0.0,6
32,0.0,7
27,0.0,8
33,0.0,9
35,0.0,10
48,0.0,11
3,0.0,12
49,0.0,13
34,0.0,14
45,0.0,18
18,0.0,15
44,0.0,16
42,0.0,17
39,0.0,19
46,0.0,20
6,9.0,2
1,21.0,1
37,4.0,4
22,8.0,3
21,4.0,5
25,1.0,7
32,0.0,9
27,0.0,11
33,0.0,12
35,0.0,8
48,0.0,14
3,3.0,6
49,0.0,17
34,0.0,15
45,0.0,13
18,0.0,16
44,0.0,18
42,0.0,19
39,0.0,10
46,0.0,20
6,9.0,2
1,36.0,1
37,4.0,5
22,8.0,3
21,4.0,6
25,3.0,9
32,0.0,10
27,0.0,12
33,0.0,13
35,3.0,7
48,0.0,15
3,3.0,8
49,0.0,17
34,5.0,4
45,0.0,14
18,0.0,16
44,0.0,19
42,0.0,18
39,0.0,11
46,0.0,20
6,9.0,3
1,47.0,1
37,4.0,7
22,11.0,2
21,4.0,8
25,7.0,5
32,0.0,12
27,0.0,11
33,0.0,14
35,3.0,9
48,0.0,13
3,9.0,4
49,0.0,17
34,5.0,6
45,0.0,15
18,0.0,16
44,0.0,20
42,0.0,18
39,1.0,10
46,0.0,19
6,9.0,4
1,56.0,1
37,4.0,8
22,13.0,3
21,8.0,5
25,7.0,6
32,0.0,13
27,0.0,12
33,0.0,14
35,3.0,9
48,3.0,10
3,16.0,2
49,0.0,18
34,5.0,7
45,0.0,15
18,0.0,17
44,0.0,20
42,0.0,19
39,1.0,11
46,0.0,16
6,9.0,4
1,56.0,1
37,4.0,9
22,13.0,3
21,8.0,6
25,7.0,7
32,3.0,10
27,2.0,12
33,0.0,15
35,8.0,5
48,3.0,11
3,31.0,2
49,0.0,19
34,5.0,8
45,0.0,14
18,0.0,18
44,0.0,20
42,0.0,16
39,1.0,13
46,0.0,17
6,15.0,3
1,65.0,1
37,4.0,9
22,13.0,4
21,8.0,7
25,10.0,5
32,3.0,10
27,3.0,12
33,0.0,15
35,8.0,6
48,3.0,11
3,35.0,2
49,0.0,19
34,5.0,8
45,0.0,16
18,0.0,18
44,0.0,20
42,0.0,17
39,1.0,14
46,2.0,13
6,21.0,3
1,74.0,1
37,4.0,10
22,17.0,4
21,8.0,7
25,10.0,5
32,6.0,8
27,3.0,12
33,0.0,16
35,8.0,6
48,3.0,11
3,35.0,2
49,0.0,19
34,5.0,9
45,0.0,17
18,3.0,13
44,0.0,20
42,0.0,18
39,1.0,15
46,2.0,14
6,25.0,3
1,89.0,1
37,4.0,10
22,17.0,4
21,9.0,6
25,10.0,5
32,8.0,8
27,3.0,12
33,0.0,16
35,8.0,7
48,3.0,11
3,38.0,2
49,0.0,19
34,5.0,9
45,0.0,17
18,3.0,13
44,0.0,20
42,0.0,18
39,1.0,15
46,2.0,14
6,34.0,3
1,98.0,1
37,4.0,10
22,17.0,4
21,11.0,5
25,10.0,6
32,9.0,7
27,3.0,12
33,0.0,16
35,8.0,8
48,3.0,11
3,42.0,2
49,0.0,19
34,5.0,9
45,0.0,17
18,3.0,13
44,0.0,20
42,0.0,18
39,1.0,15
46,2.0,14
6,38.0,3
1,113.0,1
37,4.0,10
22,19.0,4
21,12.0,5
25,10.0,6
32,9.0,7
27,3.0,12
33,0.0,16
35,8.0,8
48,3.0,11
3,45.0,2
49,0.0,19
34,5.0,9
45,0.0,17
18,3.0,13
44,0.0,20
42,0.0,18
39,1.0,15
46,2.0,14
6,44.0,3
1,122.0,1
37,4.0,10
22,19.0,4
21,12.0,6
25,12.0,5
32,9.0,7
27,3.0,12
33,0.0,16
35,8.0,8
48,3.0,11
3,52.0,2
49,0.0,19
34,6.0,9
45,0.0,17
18,3.0,13
44,0.0,20
42,0.0,18
39,1.0,15
46,2.0,14
6,53.0,2
1,128.0,1
37,4.0,12
22,22.0,4
21,12.0,6
25,13.0,5
32,9.0,7
27,3.0,14
33,0.0,16
35,8.0,8
48,3.0,13
3,52.0,3
49,0.0,19
34,6.0,10
45,0.0,17
18,5.0,11
44,0.0,20
42,0.0,18
39,1.0,15
46,6.0,9
6,59.0,2
1,141.0,1
37,4.0,12
22,22.0,4
21,12.0,6
25,16.0,5
32,9.0,7
27,3.0,14
33,1.0,16
35,8.0,8
48,3.0,13
3,54.0,3
49,0.0,19
34,6.0,10
45,0.0,17
18,5.0,11
44,0.0,20
42,0.0,18
39,1.0,15
46,6.0,9
42,0.0,18
1,141.0,1
6,59.0,3
46,6.0,10
25,16.0,5
32,12.0,7
27,3.0,14
33,1.0,16
35,8.0,8
48,3.0,13
3,64.0,2
49,0.0,19
34,8.0,9
45,0.0,17
18,5.0,11
44,0.0,20
21,13.0,6
22,31.0,4
37,4.0,12
6,59.0,3
1,141.0,1
39,1.0,15
37,4.0,12
22,39.0,4
21,13.0,7
25,16.0,5
32,15.0,6
27,3.0,14
33,1.0,16
35,8.0,8
48,3.0,13
3,77.0,2
49,0.0,19
34,8.0,9
45,0.0,17
18,6.0,11
44,0.0,20
42,0.0,18
39,1.0,15
46,6.0,10
1,9.0,1
6,8.0,2
32,5.0,3
21,3.0,4
22,0.0,5
27,0.0,6
48,0.0,7
25,0.0,8
18,0.0,9
33,0.0,10
42,0.0,11
39,0.0,12
44,0.0,13
3,0.0,14
37,0.0,15
49,0.0,16
45,0.0,17
35,0.0,18
1,24.0,1
6,10.0,2
32,9.0,3
21,3.0,5
22,4.0,4
27,0.0,6
48,0.0,13
25,0.0,11
18,0.0,8
33,0.0,9
42,0.0,14
39,0.0,7
44,0.0,15
3,0.0,10
37,0.0,12
49,0.0,17
45,0.0,18
35,0.0,16
1,33.0,1
6,20.0,2
32,9.0,3
21,6.0,4
22,4.0,5
27,0.0,9
48,0.0,14
25,2.0,6
18,0.0,13
33,0.0,8
42,0.0,15
39,0.0,12
44,0.0,17
3,1.0,7
37,0.0,11
49,0.0,16
45,0.0,10
35,0.0,18
1,48.0,1
6,27.0,2
32,9.0,3
21,9.0,4
22,4.0,5
27,0.0,9
48,0.0,17
25,2.0,6
18,0.0,13
33,0.0,8
42,0.0,15
39,0.0,11
44,0.0,14
3,1.0,7
37,0.0,12
49,0.0,16
45,0.0,10
35,0.0,18
1,63.0,1
6,27.0,2
32,12.0,3
21,9.0,4
22,8.0,5
27,0.0,11
48,0.0,12
25,3.0,6
18,0.0,15
33,0.0,9
42,0.0,10
39,0.0,14
44,0.0,16
3,1.0,8
37,2.0,7
49,0.0,17
45,0.0,13
35,0.0,18
1,78.0,1
6,27.0,2
32,12.0,4
21,9.0,5
22,12.0,3
27,0.0,14
48,3.0,7
25,5.0,6
18,1.0,9
33,0.0,11
42,0.0,12
39,0.0,16
44,0.0,17
3,1.0,10
37,2.0,8
49,0.0,18
45,0.0,15
35,0.0,13
1,93.0,1
6,34.0,2
32,14.0,3
21,9.0,5
22,13.0,4
27,0.0,14
48,3.0,7
25,5.0,6
18,1.0,9
33,0.0,11
42,0.0,13
39,0.0,16
44,0.0,17
3,1.0,10
37,2.0,8
49,0.0,18
45,0.0,15
35,0.0,12
1,102.0,1
6,34.0,2
32,16.0,4
21,10.0,5
22,17.0,3
27,0.0,14
48,3.0,9
25,5.0,8
18,1.0,10
33,0.0,11
42,0.0,13
39,0.0,16
44,0.0,17
3,7.0,6
37,5.0,7
49,0.0,18
45,0.0,15
35,0.0,12
1,117.0,1
6,41.0,2
32,16.0,4
21,10.0,5
22,18.0,3
27,0.0,14
48,3.0,9
25,5.0,8
18,1.0,10
33,0.0,11
42,0.0,13
39,0.0,16
44,0.0,17
3,7.0,6
37,7.0,7
49,0.0,18
45,0.0,15
35,0.0,12
1,132.0,1
6,44.0,2
32,16.0,4
21,10.0,5
22,22.0,3
27,0.0,14
48,3.0,9
25,5.0,8
18,1.0,10
33,0.0,11
42,0.0,13
39,0.0,16
44,0.0,17
3,8.0,7
37,9.0,6
49,0.0,18
45,0.0,15
35,0.0,12
1,147.0,1
6,44.0,2
32,19.0,4
21,13.0,6
22,22.0,3
27,0.0,14
48,3.0,9
25,5.0,8
18,1.0,10
33,0.0,11
42,0.0,13
39,0.0,16
44,0.0,17
3,8.0,7
37,13.0,5
49,0.0,18
45,0.0,15
35,0.0,12
1,147.0,1
6,59.0,2
32,19.0,5
21,20.0,4
22,23.0,3
27,0.0,14
48,3.0,9
25,5.0,8
18,1.0,10
33,0.0,11
42,0.0,13
39,0.0,16
44,0.0,17
3,8.0,7
37,15.0,6
49,0.0,18
45,0.0,15
35,0.0,12
1,157.0,1
6,61.0,2
32,19.0,6
21,23.0,4
22,27.0,3
27,0.0,14
48,3.0,9
25,5.0,8
18,1.0,10
33,0.0,11
42,0.0,13
39,0.0,15
44,0.0,17
3,8.0,7
37,21.0,5
49,0.0,18
45,0.0,16
35,0.0,12
1,169.0,1
6,62.0,2
32,19.0,6
21,23.0,4
22,31.0,3
27,0.0,14
48,3.0,9
25,5.0,8
18,1.0,10
33,0.0,11
42,0.0,13
39,0.0,15
44,0.0,17
3,16.0,7
37,21.0,5
49,0.0,18
45,0.0,16
35,0.0,12
1,184.0,1
6,65.0,2
32,19.0,6
21,23.0,4
22,37.0,3
27,0.0,15
48,3.0,9
25,5.0,8
18,1.0,10
33,0.0,11
42,0.0,14
39,0.0,13
44,0.0,17
3,17.0,7
37,21.0,5
49,0.0,18
45,0.0,16
35,0.0,12
1,199.0,1
6,65.0,2
32,23.0,4
21,23.0,5
22,39.0,3
27,0.0,15
48,3.0,9
25,5.0,8
18,1.0,10
33,0.0,11
42,0.0,14
39,0.0,13
44,0.0,17
3,20.0,7
37,22.0,6
49,0.0,18
45,0.0,16
35,0.0,12
1,13.0,1
3,7.0,2
6,3.0,3
22,2.0,4
32,0.0,5
49,0.0,6
25,0.0,7
39,0.0,8
21,0.0,9
34,0.0,10
45,0.0,11
18,0.0,12
37,0.0,13
1,16.0,2
3,16.0,1
6,7.0,4
22,2.0,6
32,7.0,3
49,2.0,5
25,0.0,7
39,0.0,11
21,0.0,10
34,0.0,8
45,0.0,12
18,0.0,13
37,0.0,14
33,0.0,9
27,0.0,15
1,31.0,1
3,16.0,2
6,7.0,4
22,2.0,8
32,9.0,3
49,2.0,7
25,0.0,10
39,0.0,12
21,3.0,6
34,4.0,5
45,0.0,13
18,0.0,15
37,0.0,14
33,0.0,11
27,1.0,9
1,31.0,1
3,22.0,2
6,14.0,4
22,2.0,9
32,18.0,3
49,2.0,7
25,2.0,8
39,0.0,13
21,3.0,6
34,4.0,5
45,0.0,14
18,0.0,15
37,1.0,11
33,0.0,12
27,1.0,10
1,35.0,1
3,30.0,2
6,17.0,4
22,2.0,9
32,27.0,3
49,2.0,7
25,2.0,8
39,0.0,13
21,4.0,6
34,4.0,5
45,0.0,14
18,0.0,15
37,1.0,11
33,0.0,12
27,1.0,10
1,39.0,2
3,45.0,1
6,17.0,4
22,4.0,7
32,30.0,3
49,2.0,9
25,3.0,8
39,0.0,13
21,4.0,6
34,4.0,5
45,0.0,14
18,0.0,15
37,1.0,11
33,0.0,12
27,1.0,10
1,39.0,2
3,60.0,1
6,17.0,4
22,5.0,6
32,37.0,3
49,2.0,9
25,3.0,8
39,0.0,13
21,6.0,5
34,4.0,7
45,0.0,14
18,0.0,15
37,1.0,11
33,0.0,12
27,1.0,10
1,45.0,2
3,69.0,1
6,17.0,4
22,5.0,7
32,41.0,3
49,2.0,9
25,8.0,5
39,0.0,13
21,6.0,6
34,4.0,8
45,0.0,14
18,0.0,15
37,1.0,12
33,1.0,11
27,1.0,10
1,49.0,2
3,78.0,1
6,17.0,4
22,8.0,6
32,47.0,3
49,2.0,9
25,8.0,5
39,0.0,13
21,7.0,7
34,6.0,8
45,0.0,15
18,0.0,14
37,1.0,12
33,1.0,11
27,1.0,10
1,50.0,2
3,93.0,1
6,17.0,4
22,15.0,5
32,49.0,3
49,2.0,9
25,8.0,6
39,0.0,13
21,7.0,7
34,6.0,8
45,0.0,15
18,0.0,14
37,1.0,12
33,1.0,11
27,1.0,10
1,51.0,3
3,106.0,1
6,20.0,4
22,17.0,5
32,55.0,2
49,2.0,9
25,8.0,6
39,0.0,13
21,7.0,7
34,6.0,8
45,0.0,15
18,0.0,14
37,1.0,12
33,1.0,11
27,1.0,10
42,0.0,16
1,62.0,2
3,110.0,1
6,26.0,4
22,20.0,5
32,55.0,3
49,2.0,9
25,8.0,6
39,0.0,13
21,8.0,7
34,6.0,8
45,0.0,15
18,0.0,14
37,1.0,12
33,1.0,11
27,1.0,10
42,0.0,16
1,72.0,2
3,122.0,1
6,26.0,4
22,20.0,5
32,57.0,3
49,2.0,9
25,8.0,6
39,0.0,13
21,8.0,7
34,6.0,8
45,0.0,15
18,0.0,14
37,1.0,12
33,2.0,10
27,1.0,11
42,0.0,16
1,72.0,2
3,137.0,1
6,26.0,4
22,22.0,5
32,57.0,3
49,2.0,10
25,8.0,8
39,0.0,13
21,11.0,6
34,10.0,7
45,0.0,15
18,0.0,14
37,1.0,12
33,3.0,9
27,1.0,11
42,0.0,16
1,76.0,2
3,137.0,1
6,38.0,4
22,24.0,5
32,64.0,3
49,2.0,10
25,8.0,8
39,0.0,13
21,11.0,6
34,10.0,7
45,0.0,15
18,0.0,14
37,1.0,12
33,3.0,9
27,1.0,11
42,0.0,16
1,76.0,2
3,137.0,1
6,53.0,4
22,28.0,5
32,64.0,3
49,2.0,10
25,11.0,6
39,1.0,12
21,11.0,7
34,10.0,8
45,0.0,15
18,0.0,14
37,1.0,13
33,3.0,9
27,1.0,11
42,0.0,16
3,9.0,1
32,6.0,3
27,7.0,2
25,2.0,4
22,1.0,5
34,0.0,6
21,0.0,7
6,0.0,8
1,0.0,9
45,0.0,10
26,0.0,11
49,0.0,12
18,0.0,13
3,15.0,2
32,15.0,1
27,7.0,3
25,2.0,6
22,4.0,5
34,0.0,8
21,0.0,7
6,0.0,10
1,7.0,4
45,0.0,11
26,0.0,9
49,0.0,12
18,0.0,13
3,21.0,1
32,15.0,3
27,7.0,5
25,2.0,7
22,8.0,4
34,1.0,8
21,0.0,9
6,3.0,6
1,18.0,2
45,0.0,11
26,0.0,10
49,0.0,12
18,0.0,13
3,24.0,2
32,19.0,3
27,10.0,4
25,2.0,7
22,8.0,5
34,1.0,8
21,0.0,9
6,3.0,6
1,33.0,1
45,0.0,12
26,0.0,10
49,0.0,11
18,0.0,13
3,33.0,2
32,25.0,3
27,12.0,4
25,2.0,7
22,8.0,6
34,1.0,8
21,0.0,9
6,10.0,5
1,34.0,1
45,0.0,12
26,0.0,10
49,0.0,11
18,0.0,13
3,46.0,1
32,27.0,3
27,13.0,4
25,2.0,7
22,8.0,6
34,1.0,8
21,0.0,9
6,10.0,5
1,43.0,2
45,0.0,12
26,0.0,10
49,0.0,11
18,0.0,13
3,61.0,1
18,0.0,13
49,0.0,11
26,0.0,10
6,13.0,5
34,2.0,8
25,2.0,7
27,19.0,4
22,8.0,6
21,0.0,9
45,0.0,12
1,47.0,2
32,36.0,3
3,48.0,1
32,36.0,3
27,22.0,4
25,2.0,7
22,8.0,6
34,2.0,8
21,0.0,9
6,13.0,5
1,56.0,2
45,0.0,12
26,0.0,10
49,0.0,11
18,0.0,13
3,76.0,1
32,36.0,3
27,25.0,4
25,5.0,7
22,8.0,6
34,2.0,8
21,0.0,9
6,13.0,5
1,60.0,2
45,0.0,12
26,0.0,11
49,0.0,10
18,0.0,13
3,89.0,1
32,42.0,3
27,28.0,4
25,5.0,7
22,8.0,6
34,2.0,8
21,0.0,9
6,13.0,5
1,63.0,2
45,0.0,12
26,0.0,10
49,0.0,11
18,0.0,13
3,102.0,1
32,50.0,3
27,28.0,4
25,6.0,7
22,8.0,6
34,2.0,8
21,0.0,9
6,16.0,5
1,63.0,2
45,0.0,12
26,0.0,10
49,0.0,11
18,0.0,13
3,102.0,1
32,50.0,3
27,28.0,4
25,6.0,7
22,8.0,6
34,2.0,9
21,1.0,10
6,26.0,5
1,72.0,2
45,0.0,12
26,5.0,8
49,0.0,11
18,0.0,13
3,117.0,1
32,50.0,3
27,28.0,5
25,6.0,8
22,10.0,6
34,2.0,9
21,1.0,10
6,30.0,4
1,75.0,2
45,0.0,12
26,6.0,7
49,0.0,11
18,0.0,13
39,0.0,14
3,130.0,1
32,53.0,3
27,28.0,5
25,6.0,8
22,10.0,6
34,2.0,9
21,1.0,10
6,33.0,4
1,81.0,2
45,0.0,12
26,6.0,7
49,0.0,11
18,0.0,13
39,0.0,14
3,135.0,1
32,57.0,3
27,29.0,5
25,6.0,8
22,19.0,6
34,2.0,9
21,1.0,10
6,33.0,4
1,87.0,2
45,0.0,13
26,6.0,7
49,0.0,11
18,0.0,12
39,0.0,14
3,141.0,1
32,58.0,3
27,29.0,5
25,11.0,7
22,19.0,6
34,2.0,9
21,1.0,10
6,37.0,4
1,96.0,2
45,0.0,13
26,6.0,8
49,0.0,11
18,0.0,12
39,0.0,14
1,9.0,1
6,9.0,2
32,4.0,3
4,2.0,4
27,1.0,5
25,0.0,6
50,0.0,7
21,0.0,8
45,0.0,9
51,0.0,10
18,0.0,11
3,0.0,12
34,0.0,13
52,0.0,14
1,9.0,3
6,15.0,2
32,16.0,1
4,6.0,4
27,1.0,7
25,1.0,6
50,0.0,9
21,0.0,10
45,0.0,8
51,0.0,11
18,0.0,13
3,2.0,5
34,0.0,12
52,0.0,14
49,0.0,15
1,12.0,3
6,16.0,2
32,25.0,1
4,10.0,4
27,1.0,8
25,1.0,7
50,0.0,11
21,6.0,5
45,0.0,10
51,0.0,12
18,0.0,13
3,4.0,6
34,0.0,9
52,0.0,14
49,0.0,15
1,21.0,3
6,22.0,2
32,29.0,1
4,12.0,4
27,5.0,6
25,1.0,8
50,0.0,11
21,6.0,5
45,0.0,10
51,0.0,13
18,0.0,15
3,4.0,7
34,0.0,9
52,0.0,16
49,0.0,12
53,0.0,14
1,25.0,3
6,37.0,1
32,31.0,2
4,12.0,4
27,5.0,7
25,1.0,8
50,0.0,11
21,6.0,6
45,0.0,10
51,0.0,12
18,0.0,15
3,8.0,5
34,0.0,9
52,0.0,16
49,0.0,13
53,0.0,14
49,0.0,13
34,1.0,9
32,33.0,2
53,0.0,14
52,0.0,16
3,17.0,4
18,0.0,15
4,12.0,5
50,0.0,12
21,6.0,6
45,0.0,11
51,0.0,10
25,4.0,8
27,5.0,7
6,47.0,1
1,25.0,3
53,0.0,14
52,0.0,16
34,10.0,6
18,0.0,15
45,0.0,12
21,6.0,7
25,4.0,9
6,50.0,1
50,0.0,11
27,5.0,8
49,0.0,13
51,0.0,10
3,23.0,4
32,35.0,2
1,29.0,3
4,13.0,5
1,38.0,2
6,56.0,1
32,35.0,3
4,15.0,5
27,9.0,7
25,4.0,9
50,0.0,11
21,6.0,8
45,0.0,12
51,0.0,10
18,0.0,15
3,23.0,4
34,14.0,6
52,0.0,16
49,0.0,13
53,0.0,14
1,46.0,2
6,65.0,1
32,35.0,3
4,15.0,5
27,13.0,7
25,4.0,9
50,0.0,11
21,9.0,8
45,0.0,12
51,0.0,10
18,0.0,13
3,24.0,4
34,14.0,6
52,0.0,16
49,0.0,14
53,0.0,15
1,55.0,2
6,72.0,1
32,43.0,3
4,15.0,6
27,13.0,7
25,4.0,9
50,0.0,12
21,9.0,8
45,0.0,11
51,0.0,10
18,0.0,13
3,24.0,4
34,15.0,5
52,0.0,16
49,0.0,14
53,0.0,15
1,70.0,2
6,75.0,1
32,49.0,3
4,15.0,6
27,13.0,7
25,4.0,9
50,0.0,12
21,9.0,8
45,0.0,11
51,0.0,10
18,0.0,13
3,25.0,4
34,15.0,5
52,0.0,16
49,0.0,14
53,0.0,15
1,79.0,1
6,77.0,2
32,54.0,3
4,15.0,6
27,13.0,7
25,4.0,9
50,0.0,12
21,9.0,8
45,0.0,11
51,0.0,10
18,0.0,13
3,25.0,4
34,24.0,5
52,0.0,16
49,0.0,14
53,0.0,15
26,0.0,17
1,83.0,1
6,77.0,2
32,63.0,3
4,16.0,6
27,13.0,7
25,4.0,9
50,0.0,12
21,9.0,8
45,0.0,11
51,0.0,10
18,0.0,13
3,34.0,4
34,26.0,5
52,0.0,16
49,0.0,14
53,0.0,15
26,0.0,17
1,86.0,1
6,77.0,2
32,71.0,3
4,16.0,6
27,13.0,7
25,4.0,9
50,0.0,12
21,10.0,8
45,0.0,11
51,0.0,10
18,0.0,13
3,47.0,4
34,26.0,5
52,0.0,16
49,0.0,14
53,0.0,15
26,0.0,17
1,90.0,1
6,80.0,2
32,71.0,3
4,16.0,6
27,13.0,8
25,4.0,9
50,0.0,12
21,13.0,7
45,0.0,11
51,0.0,10
18,0.0,13
3,62.0,4
34,26.0,5
52,0.0,16
49,0.0,14
53,0.0,15
26,0.0,17
1,90.0,1
6,82.0,2
32,71.0,4
4,16.0,7
27,23.0,6
25,7.0,9
50,0.0,13
21,14.0,8
45,0.0,10
51,0.0,12
18,0.0,11
3,71.0,3
34,26.0,5
52,0.0,16
49,0.0,14
53,0.0,15
26,0.0,17
1,9.0,1
3,6.0,2
32,4.0,3
51,3.0,4
4,2.0,5
21,1.0,6
50,0.0,7
27,0.0,8
34,0.0,9
6,0.0,10
45,0.0,11
53,0.0,12
52,0.0,13
1,24.0,1
3,6.0,2
32,4.0,5
51,6.0,4
4,6.0,3
21,1.0,7
50,0.0,9
27,2.0,6
34,0.0,13
6,0.0,11
45,0.0,15
53,1.0,8
52,0.0,10
25,0.0,12
54,0.0,14
1,24.0,1
3,9.0,4
32,6.0,5
51,6.0,6
4,12.0,3
21,1.0,9
50,0.0,10
27,2.0,7
34,0.0,12
6,13.0,2
45,0.0,15
53,2.0,8
52,0.0,11
25,0.0,13
54,0.0,14
3,10.0,5
1,42.0,1
54,0.0,14
25,0.0,13
45,0.0,15
50,0.0,11
21,3.0,7
4,15.0,3
3,9.0,5
27,3.0,8
34,0.0,12
6,19.0,2
52,0.0,10
51,6.0,6
53,2.0,9
32,10.0,4
1,33.0,1
32,16.0,4
51,6.0,6
4,21.0,3
21,3.0,7
50,0.0,11
27,3.0,8
34,0.0,12
6,22.0,2
45,0.0,13
53,2.0,9
52,0.0,10
25,0.0,14
54,0.0,15
1,46.5,1
3,11.5,5
32,17.0,4
51,6.0,6
4,21.0,3
21,3.0,8
50,0.0,12
27,3.0,9
34,0.0,13
6,24.5,2
45,0.0,10
53,5.0,7
52,0.0,11
25,0.0,15
54,0.0,14
1,56.5,1
3,11.5,5
32,21.0,4
51,6.0,7
4,21.0,3
21,3.0,9
50,0.0,13
27,3.0,10
34,9.0,6
6,26.5,2
45,0.0,11
53,5.0,8
52,0.0,12
25,0.0,15
54,0.0,14
1,59.5,1
3,13.5,6
32,27.0,2
51,6.0,7
4,21.0,5
21,3.0,9
50,0.0,13
27,3.0,10
34,22.0,4
6,26.5,3
45,0.0,11
53,5.0,8
52,0.0,12
25,0.0,15
54,0.0,14
1,59.5,1
3,25.5,4
32,32.0,3
51,6.0,7
4,21.0,6
21,3.0,9
50,0.0,14
27,3.0,10
34,22.0,5
6,32.5,2
45,2.0,11
53,5.0,8
52,0.0,12
25,0.0,15
54,0.0,13
1,68.5,1
3,25.5,5
32,35.0,3
51,6.0,8
4,27.0,4
21,3.0,9
50,0.0,14
27,3.0,10
34,22.0,6
6,35.5,2
45,2.0,11
53,9.0,7
52,0.0,12
25,0.0,15
54,0.0,13
1,83.5,1
3,25.5,5
32,38.0,2
51,6.0,8
4,33.0,4
21,3.0,9
50,0.0,14
27,3.0,10
34,22.0,6
6,36.5,3
45,2.0,11
53,9.0,7
52,0.0,12
25,0.0,15
54,0.0,13
1,92.5,1
3,25.5,6
32,38.0,3
51,6.0,8
4,33.0,4
21,6.0,9
50,0.0,14
27,3.0,10
34,31.0,5
6,40.5,2
45,2.0,11
53,9.0,7
52,0.0,12
25,0.0,15
54,0.0,13
1,107.5,1
3,25.5,6
32,45.0,2
51,6.0,8
4,34.0,4
21,6.0,9
50,0.0,14
27,3.0,10
34,33.0,5
6,40.5,3
45,2.0,11
53,9.0,7
52,0.0,12
25,0.0,15
54,0.0,13
1,128.5,1
54,0.0,12
52,0.0,13
53,12.0,7
6,46.5,2
27,3.0,10
4,34.0,4
51,10.0,8
3,25.5,6
50,0.0,14
25,0.0,15
34,33.0,5
45,2.0,11
21,6.0,9
1,116.5,1
32,45.0,3
3,25.5,6
32,45.0,3
51,11.0,8
4,34.0,5
21,6.0,9
50,0.0,14
27,3.0,10
34,37.0,4
6,54.5,2
45,2.0,11
53,12.0,7
52,0.0,13
25,0.0,15
54,0.0,12
1,143.5,1
3,25.5,6
32,47.0,3
51,11.0,8
4,34.0,5
21,6.0,9
50,0.0,14
27,3.0,10
34,38.0,4
6,57.5,2
45,2.0,11
53,16.0,7
52,0.0,13
25,0.0,15
54,0.0,12
34,9.0,1
1,4.0,2
3,3.0,3
6,2.0,4
21,1.0,5
4,0.0,6
53,0.0,7
25,0.0,8
32,0.0,9
55,0.0,10
50,0.0,11
54,0.0,12
27,0.0,13
51,0.0,14
45,0.0,15
34,9.0,2
1,19.0,1
3,6.0,4
6,6.0,3
21,3.0,5
4,0.0,7
53,0.0,10
25,0.0,9
32,0.0,11
55,1.0,6
50,0.0,12
54,0.0,13
27,0.0,8
51,0.0,14
45,0.0,15
34,15.0,2
1,19.0,1
3,9.0,5
6,9.0,4
21,3.0,6
4,13.0,3
53,0.0,10
25,0.0,9
32,0.0,11
55,1.0,7
50,0.0,13
54,0.0,14
27,0.0,8
51,0.0,12
45,0.0,15
34,15.0,4
1,21.0,2
3,12.0,5
6,22.0,1
21,4.0,6
4,19.0,3
53,0.0,10
25,0.0,9
32,0.0,13
55,1.0,7
50,0.0,14
54,0.0,12
27,0.0,8
51,0.0,11
45,0.0,15
34,21.0,3
1,21.0,4
3,21.0,5
6,25.0,1
21,4.0,6
4,23.0,2
53,0.0,11
25,2.0,7
32,0.0,13
55,1.0,9
50,0.0,14
54,0.0,12
27,0.0,10
51,1.0,8
45,0.0,15
34,24.0,3
1,21.0,5
3,24.0,4
6,31.0,2
21,4.0,6
4,36.0,1
53,0.0,10
25,2.0,7
32,0.0,12
55,1.0,8
50,0.0,14
54,0.0,13
27,0.0,11
51,1.0,9
45,0.0,15
34,27.0,4
1,25.0,5
3,32.0,2
6,31.0,3
21,4.0,7
4,36.0,1
53,0.0,11
25,11.0,6
32,1.0,8
55,1.0,9
50,0.0,14
54,0.0,13
27,0.0,12
51,1.0,10
45,0.0,15
34,27.0,4
1,26.0,5
3,35.0,3
6,44.0,2
21,4.0,7
4,44.0,1
53,0.0,11
25,11.0,6
32,1.0,8
55,1.0,10
50,0.0,14
54,0.0,13
27,0.0,12
51,1.0,9
45,0.0,15
34,33.0,4
1,27.0,5
3,35.0,3
6,50.0,2
21,4.0,8
4,53.0,1
53,0.0,11
25,11.0,6
32,4.0,7
55,1.0,10
50,0.0,14
54,0.0,13
27,0.0,12
51,1.0,9
45,0.0,15
52,0.0,16
34,37.0,3
1,29.0,5
3,36.0,4
6,59.0,1
21,4.0,9
4,56.0,2
53,0.0,11
25,11.0,6
32,4.0,8
55,1.0,10
50,0.0,14
54,0.0,13
27,0.0,12
51,7.0,7
45,0.0,15
52,0.0,16
34,41.0,3
1,30.0,5
3,36.0,4
6,65.0,2
21,4.0,9
4,68.0,1
53,0.0,12
25,11.0,6
32,6.0,8
55,1.0,10
50,0.0,16
54,0.0,13
27,0.0,11
51,7.0,7
45,0.0,14
52,0.0,15
34,41.0,3
1,34.0,5
3,36.0,4
6,80.0,1
21,4.0,9
4,68.0,2
53,3.0,10
25,12.0,6
32,6.0,8
55,1.0,11
50,0.0,16
54,0.0,14
27,0.0,12
51,9.0,7
45,0.0,15
52,0.0,13
34,50.0,3
1,34.0,5
3,36.0,4
6,89.0,1
21,4.0,10
4,72.0,2
53,4.0,9
25,12.0,6
32,8.0,8
55,1.0,11
50,0.0,16
54,0.0,14
27,0.0,12
51,9.0,7
45,0.0,15
52,0.0,13
34,72.0,3
52,0.0,13
45,0.0,15
27,0.0,12
54,0.0,14
55,1.0,11
32,12.0,8
25,12.0,6
53,7.0,9
6,89.0,1
1,34.0,5
51,12.0,7
50,0.0,16
21,4.0,10
4,78.0,2
34,59.0,3
3,36.0,4
1,34.0,5
3,38.0,4
6,89.0,1
21,4.0,10
4,79.0,2
53,10.0,9
25,12.0,7
32,12.0,8
55,1.0,11
50,0.0,16
54,0.0,14
27,0.0,12
51,18.0,6
45,0.0,15
52,0.0,13
4,13.0,1
3,8.0,2
1,4.0,3
25,0.0,4
32,0.0,5
54,0.0,6
51,0.0,7
37,0.0,8
55,0.0,9
56,0.0,10
6,0.0,11
27,0.0,12
53,0.0,13
34,0.0,14
45,0.0,15
21,0.0,16
57,0.0,17
4,22.0,1
3,8.0,3
1,10.0,2
25,3.0,5
32,4.0,4
54,2.0,6
51,0.0,11
37,0.0,8
55,0.0,12
56,0.0,13
6,1.0,7
27,0.0,15
53,0.0,16
34,0.0,14
45,0.0,9
21,0.0,10
57,0.0,17
4,22.0,1
3,14.0,3
1,20.0,2
25,6.0,5
32,6.0,4
54,2.0,7
51,0.0,12
37,0.0,9
55,0.0,13
56,0.0,14
6,1.0,8
27,0.0,15
53,0.0,17
34,4.0,6
45,0.0,10
21,0.0,11
57,0.0,16
4,22.0,1
3,14.0,4
1,20.0,2
25,10.0,5
32,6.0,6
54,4.0,8
51,0.0,12
37,0.0,10
55,0.0,13
56,0.0,14
6,16.0,3
27,0.0,16
53,0.0,15
34,4.0,7
45,3.0,9
21,0.0,11
57,0.0,17
4,22.0,2
3,20.0,3
1,29.0,1
25,10.0,5
32,9.0,6
54,4.0,9
51,0.0,14
37,0.0,13
55,0.0,15
56,1.0,11
6,16.0,4
27,4.0,8
53,0.0,16
34,6.0,7
45,3.0,10
21,0.0,12
57,0.0,17
4,22.0,2
3,21.0,4
1,29.0,1
25,10.0,7
32,14.0,6
54,4.0,10
51,4.0,9
37,0.0,14
55,0.0,15
56,1.0,12
6,22.0,3
27,4.0,8
53,0.0,16
34,15.0,5
45,3.0,11
21,0.0,13
57,0.0,17
4,22.0,4
3,26.0,3
1,38.0,1
25,10.0,8
32,14.0,6
54,4.0,10
51,4.0,9
37,0.0,13
55,0.0,15
56,1.0,12
6,26.0,2
27,11.0,7
53,0.0,16
34,15.0,5
45,3.0,11
21,0.0,14
57,0.0,17
4,22.0,5
3,26.0,4
1,42.0,1
25,10.0,8
32,17.0,6
54,4.0,10
51,5.0,9
37,0.0,14
55,0.0,15
56,1.0,13
6,26.0,3
27,11.0,7
53,0.0,16
34,30.0,2
45,3.0,11
21,2.0,12
57,0.0,17
4,22.0,5
3,32.0,4
1,45.0,1
25,10.0,8
32,17.0,6
54,4.0,10
51,5.0,9
37,0.0,14
55,0.0,15
56,1.0,13
6,35.0,3
27,11.0,7
53,0.0,16
34,36.0,2
45,3.0,11
21,3.0,12
57,0.0,17
4,23.0,5
3,34.0,4
1,54.0,1
25,10.0,8
32,20.0,6
54,4.0,10
51,5.0,9
37,0.0,14
55,0.0,15
56,1.0,13
6,45.0,2
27,11.0,7
53,0.0,16
34,36.0,3
45,3.0,11
21,3.0,12
57,0.0,17
4,38.0,3
3,36.0,5
1,54.0,1
25,11.0,8
32,20.0,6
54,4.0,10
51,5.0,9
37,0.0,14
55,0.0,15
56,1.0,13
6,52.0,2
27,11.0,7
53,0.0,16
34,36.0,4
45,3.0,11
21,3.0,12
57,0.0,17
4,44.0,3
3,40.0,4
1,54.0,2
25,14.0,7
32,20.0,6
54,4.0,10
51,7.0,9
37,0.0,14
55,0.0,17
56,1.0,13
6,61.0,1
27,11.0,8
53,0.0,16
34,36.0,5
45,3.0,12
21,4.0,11
57,0.0,15
4,44.0,4
3,46.0,3
1,56.0,2
25,14.0,8
32,29.0,6
54,4.0,11
51,7.0,9
37,0.0,14
55,0.0,17
56,1.0,13
6,64.0,1
27,15.0,7
53,0.0,16
34,36.0,5
45,3.0,12
21,5.0,10
57,0.0,15
4,50.0,4
3,55.0,3
1,60.0,2
25,14.0,8
32,30.0,6
54,4.0,11
51,7.0,9
37,0.0,14
55,0.0,17
56,1.0,13
6,64.0,1
27,15.0,7
53,0.0,16
34,41.0,5
45,3.0,12
21,5.0,10
57,0.0,15
4,59.0,3
3,55.0,4
1,63.0,2
25,16.0,8
32,30.0,6
54,4.0,11
51,7.0,9
37,0.0,14
55,0.0,17
56,1.0,13
6,74.0,1
27,16.0,7
53,0.0,16
34,41.0,5
45,3.0,12
21,5.0,10
57,0.0,15
57,0.0,15
6,74.0,1
34,4.0,2
3,15.0,1
21,5.0,10
45,3.0,12
34,41.0,5
53,0.0,16
27,20.0,8
56,1.0,13
37,0.0,14
55,0.0,17
54,4.0,11
51,7.0,9
32,30.0,6
25,25.0,7
4,62.0,3
3,58.0,4
1,69.0,2
51,3.0,3
25,2.0,4
55,1.0,5
56,0.0,6
4,0.0,7
57,0.0,8
6,0.0,9
27,0.0,10
54,0.0,11
21,0.0,12
45,0.0,13
32,0.0,14
1,0.0,15
37,0.0,16
3,30.0,1
34,4.0,2
51,3.0,5
25,2.0,7
55,1.0,9
56,0.0,10
4,0.0,11
57,3.0,4
6,0.0,13
27,1.0,8
54,0.0,14
21,4.0,3
45,0.0,15
32,2.0,6
1,0.0,12
37,0.0,16
3,39.0,1
34,13.0,2
51,3.0,5
25,2.0,8
55,1.0,10
56,0.0,11
4,6.0,3
57,3.0,6
6,0.0,14
27,1.0,9
54,0.0,13
21,4.0,4
45,0.0,15
32,3.0,7
1,0.0,12
37,0.0,16
3,43.0,1
34,25.0,2
51,3.0,5
25,2.0,9
55,1.0,12
56,0.0,13
4,6.0,4
57,3.0,6
6,2.0,8
27,1.0,10
54,0.0,14
21,10.0,3
45,0.0,16
32,3.0,7
1,1.0,11
37,0.0,15
53,0.0,17
3,52.0,1
34,25.0,2
51,3.0,8
25,3.0,10
55,1.0,12
56,0.0,13
4,6.0,6
57,3.0,9
6,5.0,7
27,7.0,5
54,0.0,14
21,10.0,3
45,0.0,15
32,9.0,4
1,1.0,11
37,0.0,16
53,0.0,17
3,58.0,1
34,25.0,2
51,3.0,10
25,5.0,8
55,1.0,12
56,0.0,13
4,6.0,7
57,4.0,9
6,17.0,3
27,11.0,4
54,0.0,14
21,10.0,5
45,0.0,15
32,9.0,6
1,1.0,11
37,0.0,16
53,0.0,17
3,61.0,1
34,25.0,3
51,3.0,11
25,5.0,9
55,1.0,12
56,0.0,13
4,6.0,7
57,4.0,10
6,26.0,2
27,17.0,4
54,0.0,14
21,10.0,6
45,0.0,15
32,12.0,5
1,5.0,8
37,0.0,16
53,0.0,17
3,61.0,1
34,29.0,2
51,3.0,11
25,5.0,9
55,1.0,12
56,0.0,13
4,18.0,4
57,4.0,10
6,28.0,3
27,17.0,5
54,0.0,14
21,10.0,8
45,0.0,15
32,13.0,6
1,11.0,7
37,0.0,16
53,0.0,17
3,67.0,1
34,31.0,2
51,3.0,11
25,8.0,9
55,1.0,12
56,0.0,14
4,18.0,6
57,4.0,10
6,28.0,3
27,21.0,4
54,1.0,13
21,10.0,8
45,0.0,16
32,13.0,7
1,20.0,5
37,0.0,15
53,0.0,17
3,72.0,1
53,0.0,17
37,0.0,15
1,21.0,6
45,0.0,16
54,1.0,13
27,25.0,4
6,28.0,3
57,4.0,10
51,3.0,11
32,13.0,7
21,10.0,8
25,10.0,9
55,1.0,12
56,0.0,14
4,24.0,5
34,43.0,2
3,67.0,1
34,47.0,2
51,3.0,11
25,10.0,9
55,1.0,12
56,0.0,14
4,30.0,4
57,4.0,10
6,28.0,5
27,34.0,3
54,1.0,13
21,10.0,8
45,0.0,16
32,13.0,7
1,22.0,6
37,0.0,15
53,0.0,17
3,76.0,1
34,56.0,2
51,3.0,11
25,10.0,9
55,1.0,12
56,0.0,14
4,39.0,3
57,5.0,10
6,28.0,5
27,34.0,4
54,1.0,13
21,10.0,8
45,0.0,16
32,15.0,7
1,22.0,6
37,0.0,15
53,0.0,17
3,86.0,1
34,57.0,2
51,3.0,11
25,10.0,9
55,1.0,12
56,0.0,14
4,48.0,3
57,5.0,10
6,30.0,5
27,34.0,4
54,1.0,13
21,10.0,8
45,0.0,16
32,18.0,7
1,22.0,6
37,0.0,15
53,0.0,17
3,86.0,1
34,59.0,2
51,6.0,10
25,10.0,9
55,1.0,12
56,0.0,15
4,48.0,3
57,5.0,11
6,34.0,5
27,43.0,4
54,1.0,13
21,10.0,8
45,0.0,16
32,19.0,7
1,28.0,6
37,0.0,14
53,0.0,17
3,95.0,1
34,61.0,2
51,10.0,9
25,10.0,10
55,1.0,12
56,0.0,15
4,54.0,3
57,5.0,11
6,34.0,5
27,44.0,4
54,1.0,13
21,10.0,8
45,0.0,16
32,22.0,7
1,28.0,6
37,0.0,14
53,0.0,17
3,9.0,1
34,6.0,2
56,4.0,3
25,3.0,4
51,2.0,5
1,1.0,6
6,0.0,7
57,0.0,8
27,0.0,9
21,0.0,10
54,0.0,11
32,0.0,12
4,0.0,13
58,0.0,14
45,0.0,15
3,13.0,1
34,6.0,3
56,4.0,5
25,3.0,6
51,2.0,9
1,3.0,8
6,0.0,12
57,0.0,13
27,3.0,7
21,1.0,10
54,0.0,11
32,6.0,4
4,9.0,2
58,0.0,14
45,0.0,15
3,15.0,2
34,9.0,4
56,4.0,6
25,3.0,7
51,2.0,9
1,3.0,8
6,0.0,14
57,0.0,12
27,13.0,3
21,2.0,10
54,0.0,11
32,6.0,5
4,18.0,1
58,0.0,13
45,0.0,15
3,15.0,3
34,18.0,2
56,8.0,6
25,3.0,9
51,2.0,10
1,6.0,8
6,2.0,11
57,0.0,13
27,14.0,4
21,8.0,5
54,0.0,12
32,6.0,7
4,18.0,1
58,0.0,14
45,0.0,15
3,25.0,1
34,18.0,4
56,8.0,6
25,5.0,9
51,2.0,11
1,6.0,8
6,3.0,10
57,0.0,13
27,23.0,2
21,8.0,5
54,0.0,12
32,6.0,7
4,21.0,3
58,0.0,14
45,0.0,15
3,34.0,1
34,22.0,3
56,9.0,6
25,5.0,9
51,2.0,11
1,6.0,8
6,5.0,10
57,0.0,13
27,29.0,2
21,11.0,5
54,0.0,12
32,6.0,7
4,21.0,4
58,0.0,14
45,0.0,15
3,44.0,1
34,25.0,3
56,9.0,6
25,5.0,9
51,2.0,11
1,6.0,8
6,5.0,10
57,0.0,13
27,39.0,2
21,11.0,5
54,0.0,12
32,6.0,7
4,23.0,4
58,0.0,14
45,0.0,15
3,57.0,1
34,31.0,3
56,9.0,7
25,10.0,6
51,2.0,11
1,7.0,8
6,5.0,10
57,0.0,13
27,39.0,2
21,11.0,5
54,0.0,12
32,6.0,9
4,23.0,4
58,0.0,14
45,0.0,15
3,67.0,1
34,34.0,3
56,9.0,7
25,10.0,6
51,4.0,11
1,7.0,8
6,6.0,10
57,0.0,13
27,48.0,2
21,11.0,5
54,0.0,12
32,6.0,9
4,23.0,4
58,0.0,14
45,0.0,15
3,77.0,1
34,36.0,3
56,9.0,7
25,10.0,6
51,4.0,11
1,7.0,9
6,6.0,10
57,0.0,13
27,51.0,2
21,11.0,5
54,0.0,12
32,7.0,8
4,32.0,4
58,0.0,14
45,0.0,15
3,80.0,1
34,45.0,3
56,9.0,7
25,12.0,5
51,4.0,11
1,8.0,8
6,6.0,10
57,0.0,13
27,55.0,2
21,11.0,6
54,0.0,12
32,7.0,9
4,38.0,4
58,0.0,14
45,0.0,15
3,90.0,1
34,54.0,3
56,11.0,7
25,12.0,5
51,4.0,11
1,8.0,9
6,6.0,10
57,0.0,13
27,56.0,2
21,11.0,6
54,0.0,12
32,10.0,8
4,38.0,4
58,0.0,15
45,0.0,14
3,105.0,1
34,55.0,3
56,11.0,7
25,12.0,5
51,4.0,11
1,11.0,8
6,8.0,10
57,0.0,13
27,60.0,2
21,11.0,6
54,0.0,12
32,10.0,9
4,38.0,4
58,0.0,15
45,0.0,14
3,120.0,1
34,55.0,3
56,11.0,8
25,12.0,6
51,4.0,11
1,11.0,9
6,8.0,10
57,0.0,13
27,66.0,2
21,11.0,7
54,0.0,12
32,14.0,5
4,38.0,4
58,0.0,15
45,0.0,14
3,0.0,7
6,0.0,9
25,0.0,11
54,0.0,15
60,0.0,14
27,12.0,1
32,8.0,2
1,4.0,3
56,1.0,4
58,0.0,5
60,0.0,15
54,0.0,13
27,27.0,1
58,0.0,8
21,0.0,7
3,0.0,9
57,0.0,11
6,3.0,5
59,0.0,12
25,3.0,4
4,0.0,10
60,0.0,15
54,0.0,14
27,27.0,1
32,17.0,3
1,4.0,5
56,1.0,7
58,0.0,9
21,0.0,8
3,0.0,11
57,0.0,13
6,18.0,2
59,0.0,10
25,7.0,4
4,0.0,12
204,1.0,6
60,0.0,15
54,0.0,14
27,29.0,2
56,1.0,8
58,0.0,9
21,0.0,10
3,4.0,6
57,0.0,13
59,0.0,11
25,8.0,4
4,0.0,12
204,1.0,7
60,0.0,15
54,0.0,14
27,38.0,1
32,30.0,3
1,4.0,5
56,1.0,8
21,0.0,10
3,4.0,6
6,36.0,2
59,0.0,11
4,0.0,12
204,1.0,7
51,0.0,15
61,0.0,17
60,0.0,16
54,0.0,11
27,44.0,2
32,33.0,3
1,5.0,5
56,1.0,9
58,0.0,10
21,2.0,7
3,4.0,6
6,45.0,1
59,0.0,12
4,0.0,13
204,1.0,8
51,0.0,15
61,0.0,17
60,0.0,16
54,0.0,11
27,46.0,2
32,37.0,3
1,8.0,6
56,1.0,9
58,0.0,10
21,3.0,7
3,10.0,5
6,54.0,1
59,0.0,12
4,0.0,13
204,1.0,8
61,0.0,17
51,0.0,15
60,0.0,16
54,0.0,13
27,46.0,2
32,37.0,3
1,8.0,7
56,1.0,10
58,0.0,11
21,3.0,8
57,0.0,14
6,60.0,1
25,17.0,4
204,1.0,9
61,0.0,17
51,0.0,15
60,0.0,16
54,0.0,13
27,47.0,2
32,37.0,3
1,11.0,7
58,0.0,11
21,3.0,8
57,0.0,14
6,62.0,1
25,21.0,5
204,1.0,9
3,38.0,3
58,0.0,11
61,0.0,17
51,0.0,15
60,0.0,16
54,0.0,13
27,51.0,2
32,37.0,4
1,13.0,7
56,1.0,10
21,4.0,8
57,0.0,14
51,0.0,15
61,0.0,17
54,0.0,13
60,0.0,16
204,1.0,9
4,20.0,6
25,21.0,5
59,0.0,12
6,74.0,1
57,0.0,14
3,49.0,3
21,4.0,8
58,0.0,11
56,1.0,10
1,13.0,7
32,37.0,4
27,55.0,2
51,0.0,15
61,0.0,17
54,0.0,13
60,0.0,16
204,4.0,9
4,20.0,6
25,21.0,5
59,0.0,12
6,80.0,1
3,58.0,3
21,5.0,8
56,1.0,10
32,37.0,4
62,0.0,18
51,0.0,15
61,0.0,17
54,0.0,13
60,0.0,16
204,7.0,8
4,20.0,6
25,22.0,5
59,0.0,12
6,95.0,1
57,0.0,14
3,62.0,2
58,0.0,11
1,13.0,7
182,0.0,12
62,0.0,17
51,0.0,16
61,0.0,19
54,0.0,14
60,0.0,18
204,7.0,8
4,20.0,6
25,24.0,5
59,0.0,13
6,104.0,1
57,0.0,15
3,75.0,2
21,5.0,9
56,1.0,10
182,0.0,13
62,0.0,17
51,0.0,16
61,0.0,19
54,2.0,11
60,0.0,18
204,7.0,8
4,26.0,6
25,28.0,5
59,0.0,14
6,113.0,1
57,0.0,15
3,75.0,2
58,3.0,10
1,15.0,7
64,0.0,16
55,0.0,15
60,0.0,14
57,0.0,13
32,9.0,1
34,6.0,2
25,4.0,3
1,3.0,4
6,0.0,5
56,0.0,6
59,0.0,7
54,0.0,8
58,0.0,9
27,0.0,10
63,0.0,11
3,0.0,12
64,0.0,17
55,0.0,16
60,0.0,15
57,0.0,14
21,0.0,11
32,12.0,1
34,10.0,2
25,5.0,5
1,3.0,6
6,9.0,3
56,6.0,4
59,0.0,10
54,0.0,8
58,2.0,7
27,0.0,9
63,0.0,13
3,0.0,12
65,0.0,19
65,0.0,19
64,0.0,18
57,0.0,14
60,0.0,15
4,0.0,16
55,0.0,17
21,0.0,11
32,21.0,1
34,14.0,2
25,11.0,3
1,3.0,6
6,9.0,4
56,6.0,5
59,0.0,12
54,0.0,10
58,2.0,9
27,2.0,8
63,0.0,13
3,3.0,7
64,0.0,18
57,0.0,15
60,0.0,16
4,0.0,14
55,0.0,17
21,1.0,10
32,27.0,1
34,14.0,4
25,15.0,3
1,3.0,7
6,18.0,2
56,6.0,5
59,0.0,12
54,0.0,11
58,2.0,9
27,4.0,6
63,0.0,13
3,3.0,8
65,0.0,19
64,0.0,18
57,0.0,15
60,0.0,16
4,0.0,13
55,0.0,17
21,2.0,11
32,27.0,1
34,20.0,3
25,24.0,2
1,3.0,8
6,18.0,4
56,6.0,5
59,4.0,6
54,0.0,12
58,2.0,10
27,4.0,7
63,0.0,14
3,3.0,9
64,0.0,19
65,0.0,13
57,0.0,16
60,0.0,17
4,0.0,14
55,0.0,18
21,2.0,11
32,36.0,1
34,20.0,4
25,25.0,2
1,3.0,8
6,22.0,3
56,6.0,5
59,4.0,7
54,0.0,12
58,2.0,10
27,6.0,6
63,0.0,15
3,3.0,9
64,0.0,19
65,0.0,14
57,0.0,16
60,0.0,17
4,0.0,15
55,0.0,18
21,2.0,11
32,45.0,1
34,22.0,4
25,25.0,2
1,4.0,8
6,22.0,3
56,6.0,7
59,7.0,6
54,0.0,12
58,2.0,10
27,10.0,5
63,0.0,13
3,3.0,9
64,0.0,19
65,0.0,14
57,0.0,16
60,0.0,17
4,0.0,15
55,0.0,18
21,8.0,6
32,49.0,1
34,31.0,2
25,25.0,3
1,7.0,9
6,22.0,4
56,7.0,7
59,7.0,8
54,0.0,12
58,4.0,10
27,10.0,5
63,0.0,13
3,3.0,11
64,0.0,19
65,0.0,14
57,0.0,16
60,0.0,17
4,0.0,15
55,0.0,18
21,8.0,7
32,58.0,1
34,34.0,2
25,25.0,3
1,11.0,5
6,22.0,4
56,7.0,9
59,8.0,8
54,0.0,12
58,4.0,11
27,10.0,6
63,0.0,13
3,5.0,10
64,0.0,19
65,0.0,14
57,0.0,16
60,0.0,17
4,0.0,15
55,0.0,18
21,8.0,7
32,58.0,1
34,40.0,2
25,28.0,4
1,12.0,5
6,31.0,3
56,7.0,9
59,8.0,8
54,0.0,12
58,6.0,10
27,10.0,6
63,0.0,13
3,5.0,11
64,0.0,19
65,0.0,14
57,0.0,16
60,0.0,17
4,0.0,15
55,0.0,18
21,8.0,9
32,67.0,1
34,40.0,2
25,30.0,4
1,12.0,7
6,31.0,3
56,10.0,8
59,14.0,5
54,0.0,12
58,6.0,10
27,14.0,6
63,0.0,13
3,5.0,11
64,0.0,19
64,0.0,19
65,0.0,14
57,0.0,16
60,0.0,17
4,0.0,15
55,0.0,18
21,8.0,9
32,76.0,1
34,40.0,2
25,36.0,3
1,12.0,8
6,35.0,4
56,13.0,7
59,14.0,6
54,0.0,13
58,6.0,10
27,16.0,5
63,1.0,12
3,5.0,11
65,0.0,14
57,0.0,16
60,0.0,17
4,0.0,15
55,0.0,18
21,8.0,9
32,85.0,1
34,44.0,2
25,36.0,4
1,12.0,8
6,36.0,3
56,15.0,6
59,14.0,7
54,0.0,13
58,6.0,10
27,16.0,5
63,1.0,12
3,5.0,11
64,0.0,19
65,0.0,14
57,0.0,15
60,0.0,17
4,0.0,16
55,0.0,18
21,8.0,9
32,86.0,1
34,53.0,2
25,36.0,4
1,14.0,8
6,40.0,3
56,15.0,6
59,14.0,7
54,0.0,13
58,6.0,10
27,19.0,5
63,1.0,12
3,5.0,11
64,0.0,19
65,0.0,16
57,0.0,15
60,0.0,17
4,3.0,12
55,0.0,18
21,8.0,10
32,86.0,1
34,53.0,2
25,36.0,4
1,15.0,8
6,49.0,3
56,17.0,7
59,18.0,6
54,0.0,14
58,6.0,11
27,19.0,5
63,1.0,13
3,11.0,9
64,0.0,19
65,0.0,16
57,1.0,14
60,0.0,17
4,3.0,12
55,0.0,18
21,11.0,10
32,86.0,1
34,53.0,3
25,38.0,4
1,15.0,8
6,58.0,2
56,17.0,7
59,24.0,5
54,0.0,15
58,6.0,11
27,19.0,6
63,1.0,13
3,11.0,9
1,0.0,12
25,0.0,11
27,0.0,10
59,9.0,1
34,6.0,2
6,4.0,3
56,3.0,4
32,2.0,5
57,1.0,6
63,0.0,7
37,0.0,8
58,0.0,9
66,0.0,13
1,6.0,4
27,0.0,11
25,0.0,12
59,9.0,2
34,6.0,3
6,13.0,1
56,6.0,5
32,4.0,6
57,1.0,8
63,0.0,9
37,0.0,10
58,1.0,7
66,0.0,12
1,9.0,3
27,0.0,13
25,4.0,6
59,15.0,2
34,7.0,4
6,22.0,1
56,6.0,5
32,4.0,7
57,1.0,8
63,0.0,10
37,0.0,11
58,1.0,9
66,0.0,14
67,1.0,10
1,9.0,4
27,0.0,12
25,7.0,7
59,19.0,2
34,7.0,6
6,28.0,1
56,8.0,5
32,13.0,3
57,1.0,8
63,0.0,11
37,0.0,13
58,1.0,9
68,0.0,16
64,0.0,15
66,0.0,14
67,1.0,10
1,12.0,4
27,0.0,12
25,7.0,7
59,23.0,2
34,8.0,5
6,34.0,1
56,8.0,6
32,22.0,3
57,1.0,8
63,0.0,11
37,0.0,13
58,1.0,9
68,0.0,16
64,0.0,14
66,0.0,15
67,1.0,10
1,15.0,4
27,0.0,12
25,7.0,7
59,32.0,2
34,8.0,5
6,40.0,1
56,8.0,6
32,24.0,3
57,1.0,9
63,0.0,11
37,0.0,13
58,2.0,8
66,0.0,16
64,0.0,13
68,0.0,15
67,1.0,11
1,15.0,4
27,0.0,12
25,11.0,5
59,32.0,3
34,9.0,6
6,46.0,1
56,8.0,7
32,33.0,2
57,1.0,10
63,3.0,9
37,0.0,14
58,4.0,8
66,0.0,16
64,0.0,13
68,0.0,15
67,1.0,12
1,21.0,4
27,9.0,7
25,14.0,5
59,32.0,3
34,11.0,6
6,50.0,1
56,8.0,8
32,34.0,2
57,1.0,11
63,3.0,10
37,0.0,14
58,4.0,9
66,0.0,16
64,0.0,13
68,0.0,15
67,1.0,12
1,25.0,4
27,9.0,7
25,14.0,6
59,32.0,3
34,17.0,5
6,50.0,1
56,8.0,8
32,43.0,2
57,1.0,11
63,3.0,10
37,0.0,14
58,4.0,9
69,0.0,18
66,0.0,16
4,0.0,17
64,0.0,13
68,0.0,15
67,1.0,12
1,34.0,3
27,10.0,7
25,14.0,6
59,32.0,4
34,19.0,5
6,56.0,1
56,8.0,8
32,47.0,2
57,1.0,11
63,3.0,10
37,0.0,14
58,4.0,9
69,0.0,18
66,0.0,16
4,0.0,17
64,0.0,14
68,0.0,15
67,1.0,12
1,34.0,4
27,10.0,7
25,14.0,6
59,38.0,3
34,23.0,5
6,65.0,1
56,8.0,8
32,47.0,2
57,2.0,11
63,5.0,9
37,0.0,13
58,4.0,10
69,0.0,18
66,0.0,16
4,0.0,17
64,0.0,13
68,0.0,15
67,1.0,12
1,35.0,4
27,10.0,8
25,16.0,6
59,38.0,3
34,27.0,5
6,71.0,1
56,8.0,9
32,47.0,2
57,2.0,11
63,5.0,10
37,0.0,14
58,13.0,7
69,0.0,18
66,0.0,16
4,0.0,17
64,0.0,13
68,0.0,15
67,1.0,12
1,35.0,4
27,16.0,6
25,16.0,7
59,42.0,3
34,27.0,5
6,80.0,1
56,11.0,9
32,47.0,2
57,4.0,11
63,5.0,10
37,0.0,14
58,13.0,8
71,0.0,19
70,0.0,18
69,0.0,20
66,0.0,16
4,0.0,17
64,0.0,14
68,0.0,15
67,1.0,12
1,38.0,4
27,16.0,8
25,17.0,7
59,42.0,3
34,27.0,5
6,86.0,1
56,11.0,9
32,56.0,2
57,6.0,10
63,5.0,11
37,0.0,13
71,0.0,19
70,0.0,18
69,0.0,20
66,0.0,16
4,0.0,17
64,0.0,13
68,0.0,15
67,1.0,12
1,47.0,3
27,16.0,8
25,17.0,7
59,46.0,4
34,27.0,5
6,89.0,1
56,11.0,9
32,62.0,2
57,8.0,10
63,5.0,11
37,0.0,14
58,17.0,6
71,0.0,19
70,0.0,18
69,0.0,20
66,0.0,16
4,0.0,17
64,0.0,14
68,0.0,15
67,1.0,12
1,51.0,4
27,16.0,8
25,23.0,6
59,55.0,3
34,27.0,5
6,89.0,1
56,11.0,9
32,62.0,2
57,10.0,10
63,6.0,11
37,0.0,13
58,20.0,7
72,0.0,15
71,0.0,20
70,0.0,19
69,0.0,21
66,0.0,17
4,0.0,18
64,0.0,14
68,0.0,16
67,1.0,12
1,60.0,3
27,18.0,8
25,27.0,6
59,55.0,4
34,27.0,5
6,95.0,1
56,11.0,9
32,62.0,2
57,10.0,10
63,6.0,11
37,0.0,13
58,23.0,7
58,17.0,6
67,0.0,12
32,0.0,11
27,0.0,10
56,0.0,9
204,0.0,8
3,0.0,7
59,0.0,6
1,1.0,5
37,3.0,4
58,4.0,3
25,6.0,2
6,9.0,1
57,0.0,14
63,0.0,13
73,1.0,7
66,0.0,17
67,2.0,6
32,0.0,11
27,0.0,16
56,0.0,12
204,0.0,10
3,0.0,9
59,0.0,8
1,7.0,3
37,3.0,5
58,4.0,4
25,9.0,2
6,18.0,1
57,0.0,11
63,0.0,15
73,1.0,9
66,0.0,17
67,2.0,7
32,0.0,14
27,3.0,6
56,1.0,8
204,0.0,12
3,0.0,13
59,0.0,10
1,9.0,3
37,3.0,5
58,4.0,4
25,13.0,2
6,27.0,1
66,0.0,18
70,0.0,16
27,3.0,8
56,1.0,11
57,2.0,9
67,2.0,10
73,1.0,12
32,4.0,5
63,0.0,14
6,33.0,1
25,13.0,3
58,4.0,4
37,3.0,7
1,18.0,2
59,0.0,13
3,0.0,15
204,3.0,6
182,0.0,17
70,0.0,15
27,7.0,4
56,1.0,12
57,2.0,10
67,2.0,9
73,1.0,13
32,4.0,6
63,2.0,11
6,42.0,1
25,16.0,3
58,4.0,5
37,3.0,8
1,19.0,2
59,0.0,14
3,0.0,16
204,3.0,7
182,0.0,17
70,0.0,15
27,7.0,4
56,2.0,12
57,2.0,10
67,2.0,9
73,1.0,13
32,4.0,7
63,2.0,11
6,51.0,1
25,22.0,2
58,4.0,6
37,6.0,5
1,21.0,3
59,0.0,14
3,0.0,16
204,3.0,8
182,0.0,17
70,0.0,15
27,10.0,4
56,2.0,12
57,2.0,10
67,2.0,9
73,1.0,13
32,4.0,7
63,2.0,11
6,55.0,1
25,31.0,2
58,4.0,6
37,6.0,5
1,23.0,3
59,0.0,14
3,0.0,16
204,3.0,8
64,0.0,18
57,2.0,10
63,2.0,11
73,1.0,13
66,0.0,19
67,6.0,5
32,6.0,6
27,10.0,4
56,2.0,12
204,6.0,7
3,0.0,16
59,0.0,14
1,31.0,3
37,6.0,8
58,4.0,9
25,37.0,2
6,55.0,1
64,0.0,15
57,2.0,12
63,4.0,10
73,1.0,13
66,0.0,19
67,10.0,4
32,6.0,7
27,10.0,5
56,3.0,11
204,6.0,8
3,0.0,17
59,0.0,14
1,31.0,3
37,6.0,9
58,7.0,6
25,43.0,2
6,64.0,1
182,0.0,18
70,0.0,16
27,10.0,5
56,3.0,11
57,2.0,12
67,10.0,4
73,1.0,13
32,8.0,7
63,4.0,10
6,64.0,1
25,49.0,2
58,7.0,8
37,6.0,9
1,40.0,3
59,0.0,14
3,0.0,17
204,9.0,6
182,0.0,18
70,0.0,16
27,16.0,5
56,3.0,11
57,2.0,12
67,19.0,4
73,1.0,13
32,12.0,6
63,4.0,10
6,64.0,1
25,49.0,2
58,7.0,8
37,7.0,9
1,43.0,3
59,0.0,14
3,0.0,17
204,9.0,7
182,0.0,18
70,0.0,16
27,16.0,5
56,3.0,11
57,2.0,12
67,19.0,4
73,1.0,13
32,16.0,6
63,4.0,10
6,70.0,1
25,51.0,3
58,10.0,7
37,8.0,9
1,52.0,2
59,0.0,14
3,0.0,17
204,9.0,8
182,0.0,18
70,0.0,16
27,20.0,4
56,3.0,11
57,2.0,12
67,19.0,5
73,1.0,13
32,16.0,7
63,4.0,10
6,76.0,1
25,53.0,2
58,10.0,8
37,17.0,6
1,52.0,3
59,0.0,14
3,0.0,17
204,9.0,9
182,0.0,18
70,0.0,16
27,20.0,4
56,3.0,11
57,2.0,12
67,19.0,6
73,1.0,13
32,20.0,5
63,4.0,10
6,77.0,1
25,59.0,3
58,10.0,8
37,17.0,7
1,61.0,2
59,0.0,14
3,0.0,17
204,9.0,9
182,0.0,18
70,0.0,16
27,20.0,5
56,3.0,11
57,2.0,12
67,20.0,4
73,1.0,13
32,20.0,6
63,4.0,10
6,81.0,1
25,65.0,3
58,10.0,8
37,19.0,7
1,70.0,2
59,0.0,14
3,0.0,17
204,9.0,9
72,0.0,18
64,0.0,14
182,0.0,19
70,0.0,16
27,20.0,6
56,3.0,11
57,2.0,12
67,20.0,5
73,1.0,13
32,29.0,4
63,7.0,10
6,83.0,1
25,71.0,3
58,10.0,8
37,19.0,7
1,74.0,2
59,0.0,15
3,0.0,17
204,9.0,9
56,0.0,14
66,0.0,13
73,0.0,12
3,0.0,11
1,9.0,1
64,6.0,2
34,4.0,3
6,3.0,4
25,2.0,5
67,0.0,6
32,0.0,7
37,0.0,8
26,0.0,9
202,0.0,10
66,0.0,15
73,0.0,6
63,0.0,11
3,0.0,12
56,0.0,14
1,15.0,1
64,7.0,3
34,13.0,2
6,6.0,4
25,2.0,5
67,0.0,7
32,0.0,8
37,0.0,9
26,0.0,10
202,0.0,13
75,0.0,8
66,0.0,16
73,0.0,7
63,0.0,13
3,0.0,14
56,0.0,15
1,16.0,2
64,7.0,5
34,19.0,1
6,8.0,4
25,11.0,3
67,0.0,6
32,0.0,9
37,0.0,11
26,0.0,12
202,0.0,10
57,0.0,17
75,0.0,12
66,0.0,16
73,0.0,11
63,0.0,13
3,0.0,10
56,0.0,15
1,20.5,2
64,7.0,5
34,21.0,1
6,8.0,4
25,11.0,3
67,0.0,9
32,3.0,6
37,1.0,8
26,0.0,14
202,1.5,7
57,0.0,17
75,0.0,12
66,0.0,16
73,0.0,11
63,0.0,13
3,0.0,10
56,0.0,15
1,26.5,1
64,7.0,5
34,25.0,2
6,17.0,3
25,13.0,4
67,0.0,9
32,6.0,6
37,1.0,8
26,0.0,14
202,1.5,7
57,0.0,17
75,0.0,12
66,0.0,14
73,0.0,11
63,0.0,13
3,0.0,10
56,0.0,16
1,26.5,2
64,7.0,5
34,29.0,1
6,26.0,3
25,19.0,4
67,0.0,9
32,6.0,6
37,1.0,8
26,0.0,15
202,2.5,7
57,0.0,17
75,1.0,11
66,0.0,14
73,3.0,7
63,0.0,13
3,0.0,12
56,0.0,16
1,26.5,3
34,33.0,2
25,19.0,4
37,1.0,10
26,0.0,15
74,0.0,18
57,0.0,16
75,1.0,11
66,0.0,14
73,3.0,8
63,0.0,13
3,0.0,12
56,0.0,17
1,26.5,3
34,36.0,2
25,19.0,4
32,6.0,6
37,1.0,10
26,0.0,15
74,0.0,18
57,0.0,16
75,1.0,11
66,0.0,14
73,5.0,7
63,0.0,13
3,0.0,12
1,30.5,3
64,22.0,4
25,20.0,5
32,6.0,6
37,1.0,10
26,0.0,15
74,0.0,19
76,0.0,18
57,0.0,16
75,1.0,11
66,0.0,14
73,5.0,7
63,0.0,13
3,0.0,12
1,39.5,3
64,25.0,4
25,24.0,5
67,2.0,10
32,6.0,6
37,3.0,9
26,0.0,15
74,0.0,19
76,0.0,18
57,1.0,13
75,3.0,11
66,0.0,15
73,5.0,9
63,0.0,14
3,6.0,8
1,39.5,3
64,25.0,4
25,24.0,5
67,2.0,12
32,6.0,7
37,3.0,10
26,0.0,16
74,0.0,20
203,0.0,19
76,0.0,18
57,1.0,13
75,3.0,11
66,0.0,15
73,5.0,10
63,0.0,14
3,6.0,9
56,0.0,17
1,41.0,3
64,28.0,4
34,51.0,2
6,54.5,1
25,24.0,5
67,2.0,12
74,0.0,20
203,0.0,19
76,0.0,18
57,1.0,13
75,3.0,11
66,0.0,15
73,5.0,10
63,0.0,14
3,6.0,9
56,0.0,17
1,47.0,3
64,30.0,4
34,54.0,2
6,63.5,1
25,24.0,5
67,2.0,12
74,0.0,20
203,0.0,19
76,0.0,18
57,1.0,13
75,3.0,11
66,0.0,15
73,5.0,10
63,0.0,14
3,6.0,9
56,0.0,16
1,53.0,3
64,33.0,4
34,54.0,2
6,72.5,1
25,25.0,5
67,2.0,12
58,0.0,11
80,0.0,10
63,0.0,9
32,0.0,8
1,9.0,1
6,6.0,2
66,2.0,3
25,1.0,4
34,0.0,5
37,0.0,6
26,0.0,7
58,0.0,10
80,0.0,11
32,4.0,3
63,3.0,4
1,18.0,1
6,12.0,2
66,2.0,5
25,1.0,6
34,0.0,7
37,0.0,8
26,0.0,9
64,0.0,12
58,0.0,11
80,1.0,9
32,4.0,5
63,3.0,7
1,22.0,1
6,12.0,2
66,8.0,4
25,4.0,6
34,9.0,3
37,2.0,8
26,0.0,10
78,0.0,14
58,0.0,10
64,0.0,11
77,0.0,13
80,1.0,9
32,4.0,7
63,3.0,8
1,26.0,1
6,21.0,2
66,8.0,4
25,6.0,5
34,9.0,3
37,5.0,6
26,0.0,12
79,0.0,15
78,0.0,16
57,0.0,14
58,0.0,10
64,0.0,13
77,0.0,12
80,1.0,9
32,4.0,7
63,3.0,8
1,35.0,1
6,27.0,2
66,10.0,3
25,10.0,4
34,9.0,5
37,5.0,6
26,0.0,11
79,0.0,15
78,0.0,16
57,0.0,14
58,4.0,8
64,0.0,13
77,0.0,12
80,1.0,10
32,13.0,4
63,3.0,9
1,37.0,1
6,30.0,2
66,10.0,6
25,16.0,3
34,10.0,5
37,5.0,7
26,0.0,11
79,0.0,15
78,0.0,16
57,0.0,14
58,6.0,7
64,4.0,9
77,0.0,13
80,1.0,12
32,13.0,4
63,3.0,10
1,40.0,1
6,30.0,2
66,10.0,6
25,25.0,3
34,10.0,5
37,5.0,8
26,1.0,11
79,0.0,15
78,0.0,16
57,0.0,14
58,6.0,7
64,4.0,9
77,0.0,13
80,1.0,12
32,13.0,4
63,3.0,10
1,42.0,1
6,39.0,2
66,10.0,6
25,27.0,3
34,10.0,5
37,5.0,8
26,1.0,11
79,0.0,15
78,0.0,16
57,0.0,14
58,6.0,7
64,4.0,9
77,0.0,13
80,1.0,12
32,22.0,4
63,3.0,10
1,43.0,2
6,45.0,1
66,10.0,6
25,30.0,3
34,10.0,5
37,5.0,8
26,1.0,11
74,0.0,18
76,0.0,17
79,0.0,15
78,0.0,16
57,0.0,14
58,6.0,7
64,4.0,9
77,0.0,13
80,1.0,12
32,26.0,4
63,3.0,10
1,49.0,1
6,48.0,2
66,10.0,6
25,39.0,3
34,11.0,5
37,5.0,8
26,1.0,11
74,0.0,18
76,0.0,17
78,0.0,16
79,0.0,14
57,0.0,15
58,7.0,7
64,4.0,9
77,0.0,13
80,1.0,12
32,29.0,4
63,3.0,10
1,49.0,2
6,57.0,1
66,10.0,6
25,45.0,3
34,15.0,5
37,5.0,8
26,1.0,11
74,0.0,18
76,0.0,17
78,0.0,16
79,0.0,14
57,0.0,15
58,7.0,8
64,8.0,7
77,0.0,13
80,1.0,12
32,29.0,4
63,3.0,10
1,55.0,2
6,59.0,1
66,10.0,6
25,45.0,3
34,24.0,5
37,6.0,9
26,1.0,11
74,0.0,18
76,0.0,17
78,0.0,16
79,0.0,14
57,0.0,15
58,7.0,8
64,8.0,7
77,0.0,13
80,4.0,10
32,38.0,4
63,3.0,11
1,61.0,1
6,59.0,2
66,10.0,6
25,49.0,3
34,26.0,5
37,6.0,9
26,1.0,12
74,0.0,20
76,0.0,19
78,0.0,18
73,0.0,13
67,0.0,15
79,0.0,16
57,0.0,17
58,7.0,8
64,11.0,6
77,0.0,14
80,4.0,10
32,42.0,4
63,3.0,11
1,70.0,1
6,65.0,2
66,10.0,7
25,51.0,3
34,26.0,5
37,6.0,9
26,1.0,12
74,0.0,20
76,0.0,19
78,0.0,18
73,0.0,13
67,0.0,15
79,0.0,16
57,0.0,17
58,7.0,8
64,15.0,6
77,0.0,14
80,4.0,10
32,42.0,4
63,3.0,11
1,73.0,1
6,65.0,2
66,10.0,7
25,52.0,3
34,35.0,5
37,6.0,9
26,1.0,12
63,0.0,9
32,9.0,1
25,6.0,2
6,3.0,3
1,2.0,4
37,0.0,7
80,0.0,8
63,0.0,9
80,0.0,7
32,18.0,1
25,12.0,2
6,6.0,4
1,6.0,3
34,1.0,6
66,1.0,5
37,0.0,8
58,1.0,7
63,0.0,9
32,22.0,1
25,21.0,2
1,12.0,3
80,0.0,8
58,5.0,5
63,0.0,10
32,31.0,1
25,27.0,2
6,9.0,4
1,15.0,3
34,1.0,7
66,3.0,6
37,0.0,8
80,0.0,9
81,1.0,8
58,5.0,5
63,0.0,11
32,35.0,2
25,36.0,1
6,9.0,4
1,15.0,3
34,4.0,7
66,5.0,6
37,0.0,9
80,0.0,10
81,1.0,8
58,5.0,5
63,0.0,11
32,37.0,2
25,39.0,1
6,9.0,4
1,17.0,3
34,4.0,7
66,5.0,6
37,0.0,9
80,0.0,10
81,1.0,8
58,5.0,6
63,0.0,11
32,43.0,2
25,43.0,1
6,10.0,4
1,26.0,3
34,7.0,5
66,5.0,7
37,0.0,9
80,0.0,10
57,0.0,12
81,1.0,9
58,5.0,6
63,0.0,11
32,52.0,1
25,51.0,2
6,12.0,4
66,5.0,7
37,1.0,8
80,0.0,10
57,0.0,12
81,1.0,9
58,5.0,6
63,0.0,11
32,58.0,1
25,53.0,2
66,5.0,7
37,4.0,8
80,0.0,10
57,0.0,12
81,1.0,10
58,5.0,8
63,0.0,11
32,58.0,2
25,62.0,1
6,12.0,5
1,38.0,3
34,12.0,4
66,7.0,7
37,8.0,6
80,1.0,9
57,0.0,12
81,1.0,11
58,5.0,8
63,3.0,9
32,59.0,2
25,71.0,1
6,12.0,5
1,42.0,3
34,14.0,4
66,7.0,7
37,8.0,6
80,1.0,10
57,0.0,12
81,1.0,11
58,5.0,9
63,7.0,8
32,68.0,2
25,77.0,1
6,12.0,5
1,42.0,3
34,17.0,4
66,9.0,6
37,8.0,7
80,1.0,10
57,0.0,12
81,1.0,11
58,5.0,9
63,7.0,8
32,77.0,2
25,80.0,1
6,12.0,5
1,46.0,3
34,18.0,4
66,9.0,6
37,8.0,7
80,1.0,10
57,0.0,12
81,1.0,11
58,9.0,7
63,7.0,9
32,83.0,1
25,82.0,2
6,12.0,5
1,55.0,3
34,18.0,4
66,12.0,6
37,8.0,8
80,2.0,10
57,0.0,12
81,1.0,11
58,9.0,8
63,7.0,9
32,92.0,1
25,82.0,2
6,12.0,6
1,58.0,3
34,22.0,4
66,12.0,7
37,14.0,5
80,2.0,10
1,6.0,2
25,9.0,1
82,0.0,9
6,4.0,3
37,1.0,5
34,0.0,6
32,6.0,4
25,9.0,2
82,0.0,9
6,7.0,3
63,2.0,6
37,4.0,6
25,9.0,4
82,0.0,9
6,13.0,3
63,5.0,5
25,12.0,4
82,1.0,9
6,19.0,3
63,5.0,6
37,4.0,7
34,1.0,8
66,9.0,5
34,1.0,9
37,6.0,7
63,8.0,6
6,19.0,3
81,0.0,10
25,18.0,4
82,2.0,8
81,0.0,10
25,27.0,2
82,6.0,8
1,23.0,3
6,19.0,4
63,9.0,6
37,8.0,7
34,1.0,9
66,9.0,5
32,34.0,1
83,0.0,11
81,0.0,10
25,33.0,2
82,9.0,6
1,27.0,3
6,20.0,4
63,9.0,7
37,8.0,8
34,1.0,9
66,9.0,5
32,43.0,1
83,0.0,11
81,0.0,10
25,33.0,2
82,9.0,7
1,29.0,4
6,29.0,3
63,9.0,8
37,12.0,6
34,2.0,9
66,12.0,5
32,43.0,1
84,0.0,11
83,0.0,12
81,0.0,10
25,33.0,3
82,11.0,8
1,35.0,2
6,29.0,4
63,12.0,7
37,12.0,6
34,2.0,9
66,13.0,5
32,52.0,1
84,0.0,11
83,0.0,12
81,0.0,10
25,33.0,3
82,11.0,8
1,39.0,2
6,29.0,4
63,18.0,5
37,12.0,7
34,4.0,9
66,14.0,6
32,61.0,1
84,0.0,11
83,0.0,12
81,0.0,10
25,42.0,3
82,12.0,7
1,45.0,2
6,31.0,4
63,18.0,5
37,12.0,8
34,7.0,9
66,14.0,6
32,61.0,1
84,0.0,11
83,0.0,12
81,0.0,10
25,51.0,2
82,12.0,8
1,47.0,3
6,33.0,4
63,18.0,5
37,15.0,6
34,7.0,9
66,14.0,7
32,61.0,1
199,0.0,9
200,0.0,8
6,9.0,1
25,6.0,2
180,3.0,3
82,2.0,4
1,1.0,5
63,0.0,6
34,0.0,7
200,0.0,9
66,3.0,4
6,15.0,1
25,15.0,2
180,3.0,5
82,6.0,3
1,3.0,6
63,0.0,7
34,0.0,8
200,6.0,3
66,3.0,7
6,19.0,2
25,24.0,1
180,5.0,6
82,6.0,4
1,6.0,5
63,1.0,8
34,0.0,9
199,0.0,10
200,9.0,4
34,0.0,9
63,3.0,8
1,6.0,6
82,6.0,5
180,5.0,7
25,24.0,2
6,28.0,1
199,0.0,10
200,9.0,4
34,0.0,9
63,3.0,8
1,6.0,7
82,8.0,6
180,9.0,5
25,33.0,1
6,28.0,2
200,15.0,3
66,12.0,5
6,28.0,2
25,42.0,1
180,13.0,4
82,8.0,6
1,6.0,7
63,5.0,8
34,0.0,9
200,17.0,3
66,12.0,5
6,32.0,2
25,51.0,1
180,13.0,4
82,8.0,6
1,6.0,7
63,5.0,8
34,1.0,9
199,0.0,10
200,18.0,5
34,5.0,8
63,5.0,9
1,6.0,7
82,8.0,6
180,19.0,4
25,51.0,1
6,32.0,2
66,30.0,3
199,0.0,11
200,24.0,4
34,5.0,9
63,8.0,7
1,6.0,8
82,9.0,6
180,19.0,5
25,55.0,1
6,32.0,2
66,30.0,3
199,0.0,11
200,30.0,4
34,5.0,9
63,8.0,8
1,10.0,6
82,9.0,7
180,21.0,5
25,64.0,1
6,32.0,2
201,0.0,10
200,33.0,4
66,36.0,2
6,33.0,3
25,73.0,1
180,21.0,5
82,9.0,7
1,10.0,6
63,8.0,8
34,5.0,9
86,0.0,8
34,9.0,1
187,6.0,2
37,4.0,3
66,0.0,6
198,0.0,9
86,0.0,8
187,12.0,2
34,9.0,3
37,13.0,1
198,0.0,9
187,15.0,2
34,15.0,1
82,7.0,5
198,0.0,9
86,0.0,8
34,17.0,2
37,19.0,1
82,11.0,5
85,0.0,10
198,0.0,9
187,16.0,4
86,0.0,8
34,17.0,3
82,13.0,5
85,0.0,10
198,0.0,9
187,19.0,4
86,0.0,8
34,21.0,3
82,15.0,5
85,0.0,11
198,0.0,9
63,0.0,10
187,23.0,4
86,0.0,8
34,27.0,3
37,33.0,2
85,0.0,11
198,0.0,10
63,0.0,8
187,27.0,4
86,0.0,9
34,29.0,3
82,16.0,6
23,172.0,1
1,71.0,3
7,59.5,5
4,26.0,8
3,34.5,7
5,8.0,10
10,13.0,9
2,36.0,6
9,153.5,2
6,70.0,4
198,0.0,9
63,0.0,8
187,27.0,4
86,0.0,10
34,33.0,3
82,17.0,6
85,0.0,11
198,0.0,8
63,0.0,9
187,30.0,5
86,0.0,10
34,35.0,3
37,39.0,2
25,0.0,11
85,0.0,12
198,0.0,9
63,2.0,8
187,31.0,5
86,0.0,10
34,35.0,4
85,0.0,12
25,0.0,11
198,0.0,9
63,3.0,8
187,31.0,5
34,35.0,4
82,21.0,7
85,0.0,12
25,0.0,11
198,0.0,9
63,3.0,8
187,35.0,5
34,35.0,4
82,23.0,7
191,0.0,6
66,0.0,4
196,9.0,1
180,6.0,2
187,4.0,3
196,18.0,1
180,6.0,3
66,2.0,4
187,10.0,2
187,12.0,3
66,2.0,5
196,18.0,1
180,15.0,2
167,0.0,6
180,21.0,2
167,0.0,7
196,27.0,1
66,2.0,6
180,22.0,2
167,0.0,7
196,36.0,1
66,2.0,6
180,25.0,2
167,0.0,7
196,45.0,1
66,2.0,6
187,24.0,4
66,2.0,6
196,51.0,1
167,0.0,7
180,28.0,2
196,60.0,1
167,0.0,7
180,34.0,2
197,0.0,9
187,29.0,4
196,63.0,1
183,0.0,10
180,47.0,2
197,0.0,9
183,0.0,10
167,0.0,7
197,0.0,9
191,0.0,8
187,38.0,4
66,7.0,5
196,66.0,1
167,0.0,7
89,0.0,10
190,0.0,9
183,0.0,8
180,9.0,1
191,4.0,2
6,3.0,3
194,2.0,4
196,1.0,5
167,0.0,6
11,0.0,7
89,0.0,14
190,0.0,13
183,0.0,11
187,6.0,2
195,4.0,3
180,18.0,1
191,4.0,4
6,3.0,5
194,2.0,7
196,3.0,6
167,0.0,8
11,0.0,9
183,0.0,12
82,0.0,11
187,8.0,2
195,8.0,3
180,27.0,1
191,4.0,5
6,3.0,6
194,2.0,8
196,3.0,7
167,0.0,9
11,0.0,10
11,0.0,10
167,0.0,9
196,6.0,6
194,2.0,8
6,7.0,5
191,4.0,7
180,29.0,1
82,6.0,7
187,17.0,2
195,9.0,6
180,29.0,1
191,6.0,8
6,10.0,5
194,2.0,9
196,15.0,4
167,0.0,10
11,0.0,11
82,6.0,7
187,19.0,2
195,12.0,6
180,29.0,1
191,6.0,9
6,19.0,3
194,2.0,10
196,19.0,4
167,0.0,11
11,6.0,8
89,0.0,14
190,0.0,13
183,0.0,12
11,8.0,7
167,0.0,11
196,20.0,4
194,2.0,10
6,25.0,2
191,6.0,9
180,38.0,1
66,18.0,5
82,6.0,9
187,22.0,4
195,12.0,6
180,44.0,1
191,10.0,7
6,28.0,3
194,2.0,10
196,29.0,2
167,0.0,11
11,8.0,8
170,0.0,17
89,0.0,16
190,0.0,12
183,0.0,15
11,8.0,9
167,0.0,11
196,35.0,2
194,3.0,10
6,32.0,3
191,10.0,7
180,44.0,1
66,25.0,5
82,8.0,8
187,40.0,2
195,14.0,6
180,47.0,1
191,10.0,7
6,32.0,4
194,3.0,10
196,36.0,3
167,0.0,11
11,8.0,9
170,0.0,17
89,0.0,16
190,0.0,12
183,0.0,15
11,12.0,7
167,0.0,11
196,45.0,2
194,3.0,10
6,32.0,4
191,10.0,8
180,53.0,1
170,0.0,17
89,0.0,16
190,0.0,12
183,0.0,15
11,14.0,6
167,0.0,11
196,45.0,3
194,3.0,10
6,32.0,4
191,10.0,8
180,62.0,1
176,0.0,7
184,0.0,6
183,2.0,5
191,3.0,4
11,4.0,3
170,6.0,2
167,9.0,1
176,6.0,3
6,4.0,5
194,3.0,7
66,1.0,9
172,0.0,11
167,11.0,2
170,6.0,4
11,4.0,6
191,12.0,1
183,2.0,8
6,7.0,4
66,1.0,10
189,0.0,13
176,6.0,5
184,0.0,11
183,2.0,9
191,18.0,1
11,4.0,7
170,6.0,6
167,11.0,2
6,11.0,3
66,7.0,6
189,0.0,14
176,6.0,7
184,0.0,12
183,2.0,11
191,18.0,1
11,4.0,9
170,6.0,8
167,14.0,2
176,6.0,7
6,11.0,4
194,3.0,10
66,11.0,3
172,0.0,13
167,17.0,2
170,6.0,8
11,4.0,9
191,27.0,1
183,2.0,11
176,6.0,7
6,15.0,4
194,3.0,10
66,11.0,5
172,0.0,13
167,19.0,3
170,6.0,8
11,5.0,9
191,33.0,1
183,2.0,11
172,0.0,15
194,3.0,10
6,19.0,4
66,11.0,5
189,0.0,16
176,6.0,8
184,0.0,14
183,2.0,11
191,42.0,1
11,8.0,7
170,6.0,9
167,21.0,2
190,13.0,5
180,22.0,2
176,6.0,8
6,20.0,4
194,3.0,10
66,13.0,6
172,0.0,15
167,21.0,3
170,6.0,9
11,8.0,7
191,51.0,1
183,2.0,11
190,13.0,7
180,26.0,2
176,6.0,8
6,20.0,4
194,3.0,10
66,15.0,6
172,0.0,15
167,24.0,3
170,6.0,9
11,17.0,5
191,57.0,1
183,2.0,11
190,13.0,7
180,35.0,2
176,6.0,8
6,20.0,4
194,3.0,10
66,15.0,6
172,0.0,16
167,27.0,3
170,6.0,9
11,17.0,5
191,61.0,1
183,2.0,11
190,13.0,7
180,44.0,2
176,6.0,8
6,20.0,5
194,3.0,10
66,17.0,6
172,0.0,16
167,28.0,3
170,6.0,9
11,20.0,4
191,63.0,1
183,2.0,11
66,9.0,1
6,6.0,2
167,0.0,3
187,0.0,9
6,15.0,1
167,6.0,3
187,0.0,10
189,0.0,5
183,0.0,9
6,21.0,1
167,9.0,4
187,0.0,10
188,0.0,11
189,2.0,5
66,9.0,3
6,21.0,2
167,11.0,4
187,0.0,12
91,0.0,13
188,1.0,8
192,0.0,10
187,0.0,12
91,0.0,13
6,22.0,2
167,11.0,4
188,1.0,9
192,0.0,11
187,0.0,12
91,0.0,13
6,23.0,2
167,17.0,4
188,1.0,9
192,0.0,11
187,0.0,13
91,0.0,15
190,0.0,14
11,0.0,12
6,31.0,2
167,20.0,4
188,1.0,10
187,2.0,8
91,0.0,15
190,0.0,14
11,0.0,13
6,31.0,2
188,1.0,11
91,0.0,15
187,2.0,9
190,0.0,14
11,3.0,8
167,30.0,3
172,9.0,1
6,6.0,2
170,2.0,4
181,0.0,5
183,0.0,6
182,0.0,7
182,0.0,7
51,0.0,8
66,13.0,1
6,12.0,2
170,4.0,4
182,0.0,8
51,0.0,9
185,0.0,11
66,19.0,1
183,3.0,5
182,0.0,8
51,0.0,9
185,0.0,11
66,25.0,2
170,8.0,4
182,0.0,8
51,0.0,9
185,0.0,11
66,31.0,2
6,20.0,3
183,7.0,5
182,0.0,8
51,0.0,10
185,0.0,11
66,37.0,2
170,8.0,5
182,0.0,8
51,0.0,10
185,0.0,11
66,39.0,2
183,15.0,4
182,0.0,9
51,0.0,10
185,0.0,11
66,42.0,2
6,24.0,3
183,19.0,4
182,0.0,9
51,0.0,10
185,0.0,11
66,45.0,2
170,14.0,5
181,0.0,5
182,0.0,9
51,0.0,10
185,0.0,11
66,45.0,2
183,27.0,3
66,9.0,1
94,0.0,7
170,2.0,3
183,0.0,5
172,13.0,1
66,12.0,2
94,0.0,8
95,0.0,9
181,0.0,7
172,22.0,1
95,0.0,10
66,15.0,2
92,0.0,9
66,21.0,2
94,0.0,7
181,0.0,8
170,9.0,4
95,0.0,10
92,0.0,9
172,34.0,1
66,27.0,2
94,0.0,7
181,0.0,8
95,0.0,11
182,0.0,12
11,0.0,9
66,33.0,2
94,0.0,8
95,0.0,11
182,0.0,12
92,0.0,10
11,0.0,9
172,34.0,2
94,2.0,8
95,0.0,12
182,0.0,13
92,0.0,10
96,0.0,11
11,0.0,9
66,36.0,2
51,0.0,8
176,0.0,9
96,0.0,11
11,0.0,9
182,0.0,13
95,0.0,12
92,0.0,10
96,0.0,11
11,0.0,9
182,0.0,13
95,0.0,12
92,0.0,10
170,2.0,5
176,3.0,4
95,0.0,11
92,0.0,9
54,0.0,8
176,0.0,5
172,1.0,4
6,3.0,3
170,4.0,2
183,1.0,6
6,6.0,3
176,1.0,4
86,0.0,12
94,0.0,11
95,1.0,6
6,3.0,5
176,0.0,8
26,0.0,9
172,4.0,2
86,0.0,12
94,3.0,6
170,10.0,3
95,1.0,7
172,19.0,1
176,0.0,8
86,0.0,12
170,16.0,2
66,14.0,3
6,7.0,5
172,28.0,1
86,0.0,13
97,0.0,12
94,3.0,6
170,16.0,3
95,1.0,8
6,13.0,5
172,37.0,1
86,0.0,13
97,0.0,12
94,3.0,8
66,22.0,2
6,22.0,3
172,43.0,1
86,0.0,13
177,0.0,15
179,0.0,16
173,0.0,17
167,0.0,14
94,6.0,6
66,28.0,2
95,4.0,7
6,0.0,6
86,0.0,14
179,0.0,17
98,0.0,10
167,0.0,15
97,0.0,13
170,21.0,4
95,5.0,7
86,0.0,14
177,0.0,17
173,0.0,19
98,0.0,10
167,0.0,16
97,0.0,13
94,6.0,6
66,36.0,2
26,0.0,7
99,0.0,6
95,1.0,5
170,2.0,4
6,4.0,3
175,0.0,9
176,0.0,8
26,3.0,5
99,0.0,7
170,11.0,1
6,10.0,3
175,0.0,9
176,0.0,8
26,5.0,5
99,0.0,7
95,3.0,6
6,14.0,3
172,15.0,2
92,0.0,8
66,12.0,1
32,0.0,10
87,0.0,7
175,0.0,11
176,0.0,8
26,7.0,6
99,0.0,9
34,4.0,4
97,0.0,12
32,0.0,10
87,0.0,8
175,0.0,11
26,13.0,5
99,0.0,7
95,12.0,6
34,0.0,12
100,0.0,8
97,0.0,13
32,0.0,11
26,19.0,4
170,23.0,3
26,0.0,6
34,0.0,7
32,0.0,11
174,0.0,15
86,0.0,16
34,0.0,12
97,0.0,13
87,0.0,10
172,27.0,2
32,0.0,12
174,0.0,15
86,0.0,16
177,0.0,17
100,0.0,10
34,3.0,7
87,0.0,11
86,0.0,10
66,9.0,1
32,0.0,14
174,0.0,17
86,0.0,18
177,0.0,19
178,0.0,13
89,0.0,12
87,0.0,11
176,1.0,8
66,0.0,6
66,0.0,6
172,9.0,1
6,14.0,4
172,24.0,1
99,0.0,7
170,17.0,2
95,12.0,5
66,23.0,2
99,0.0,7
99,0.0,7
174,0.0,8
101,0.0,9
6,14.0,4
172,15.0,3
66,20.0,1
170,11.0,4
97,0.0,7
101,0.0,10
174,0.0,9
99,0.0,8
66,1.0,5
66,16.0,1
99,0.0,8
174,0.0,9
101,0.0,11
97,0.0,7
103,0.0,10
176,0.0,9
174,0.0,11
101,0.0,12
97,0.0,7
103,0.0,13
95,3.0,6
66,9.0,1
172,6.0,2
66,10.0,2
172,6.0,4
6,15.0,6
170,21.0,3
175,0.0,9
173,0.0,8
103,0.0,13
97,0.0,7
101,0.0,12
174,0.0,11
99,0.0,10
66,7.0,5
167,0.0,6
170,14.0,4
95,22.0,3
123,0.0,12
118,0.0,11
106,0.0,9
123,0.0,12
123,0.0,12
118,0.0,11
101,0.0,10
169,0.0,8
117,0.0,5
105,0.0,7
95,0.0,9
123,0.0,12
118,0.0,11
118,0.0,11
101,0.0,10
117,0.0,5
169,0.0,8
117,0.0,8
105,0.0,6
95,0.0,7
32,3.0,4
66,8.0,3
167,0.0,5
117,0.0,7
105,0.0,7
95,1.0,7
105,0.0,7
105,0.0,7
89,0.0,13
180,0.0,15
51,0.0,16
86,0.0,18
179,0.0,21
32,0.0,19
98,0.0,10
167,0.0,14
97,0.0,17
170,25.0,5
95,5.0,7
6,24.0,3
176,4.0,8
6,24.0,3
172,51.0,1
176,4.0,8
6,22.0,3
172,51.0,1
176,4.0,7
26,0.0,9
54,0.0,11
26,0.0,9
54,0.0,11
176,1.0,7
34,13.0,4
26,0.0,10
54,0.0,11
54,0.0,10
92,0.0,7
172,27.0,2
66,31.0,1
6,45.0,1
172,35.0,2
175,0.0,9
173,0.0,8
99,0.0,10
66,3.0,5
66,1.0,5
167,0.0,6
170,10.0,4
95,11.0,3
167,0.0,6
170,9.0,4
95,11.0,3
66,1.0,5
167,0.0,6
167,0.0,5
167,0.0,5
6,6.0,2
95,2.0,3
95,1.0,7
118,0.0,13
171,3.0,6
6,26.0,3
105,0.0,11
104,0.0,8
101,0.0,12
170,48.0,1
32,34.0,2
66,8.0,4
167,3.0,5
117,0.0,10
118,0.0,13
117,0.0,9
32,28.0,2
171,3.0,6
101,0.0,11
105,0.0,10
104,0.0,8
66,6.0,4
167,3.0,5
6,26.0,3
170,48.0,1
118,0.0,12
171,0.0,10
66,6.0,4
104,0.0,7
101,0.0,9
170,48.0,1
32,28.0,2
6,19.0,3
167,3.0,5
117,0.0,6
118,0.0,12
171,0.0,10
6,16.0,3
104,0.0,7
101,0.0,9
170,46.0,1
32,25.0,2
66,6.0,4
167,3.0,5
117,0.0,6
105,0.0,8
105,0.0,7
118,0.0,11
117,0.0,10
171,0.0,9
106,0.0,8
101,0.0,12
104,0.0,6
170,38.0,1
6,15.0,3
167,3.0,5
32,19.0,2
171,0.0,11
105,0.0,8
105,0.0,7
106,0.0,8
6,15.0,3
117,0.0,9
171,0.0,11
106,0.0,10
66,6.0,4
104,0.0,6
101,0.0,9
170,22.0,1
32,15.0,2
6,12.0,3
117,0.0,8
105,0.0,7
106,0.0,9
171,0.0,10
104,0.0,6
6,10.0,2
167,3.0,4
32,9.0,3
170,14.0,1
66,2.0,5
101,0.0,8
106,0.0,9
6,10.0,2
171,0.0,10
104,0.0,6
170,14.0,1
66,2.0,5
101,0.0,8
105,0.0,7
104,0.0,6
66,0.0,5
167,3.0,3
32,1.0,4
170,8.0,1
6,6.0,2
176,1.0,8
170,27.0,3
175,0.0,14
176,0.0,8
66,37.0,1
105,0.0,8
95,0.0,6
32,0.0,5
66,0.0,4
167,0.0,3
95,0.0,6
32,3.0,4
66,8.0,2
167,0.0,5
6,8.0,3
170,14.0,1
32,3.0,6
118,48.0,1
125,0.0,8
127,0.0,9
95,0.0,7
95,0.0,6
32,0.0,5
66,0.0,4
167,0.0,3
6,6.0,2
170,8.0,1
6,6.0,2
170,8.0,1
66,18.0,4
105,6.0,5
87,31.0,3
6,40.0,2
105,6.0,5
66,15.0,4
32,3.0,6
118,46.0,1
125,0.0,8
127,0.0,9
95,0.0,7
87,29.0,3
172,36.0,2
6,18.0,6
100,0.0,9
177,0.0,17
6,18.0,5
6,16.0,2
170,18.0,1
66,15.0,4
32,3.0,6
118,41.0,1
125,0.0,8
127,0.0,9
95,0.0,7
101,0.0,10
169,0.0,8
117,0.0,5
105,0.0,7
95,0.0,9
105,6.0,5
6,40.0,2
32,3.0,4
66,14.0,3
167,0.0,6
6,16.0,2
170,26.0,1
95,0.0,7
127,0.0,9
125,0.0,8
118,33.0,2
66,12.0,4
32,3.0,6
105,6.0,5
6,37.0,1
87,29.0,3
101,0.0,10
169,0.0,8
117,0.0,6
105,0.0,7
95,0.0,9
32,3.0,4
66,16.0,3
167,0.0,5
32,3.0,6
118,25.0,2
125,0.0,8
127,0.0,9
95,0.0,7
66,12.0,4
87,23.0,3
6,36.0,1
170,29.0,3
95,18.0,5
99,0.0,9
26,19.0,4
6,18.0,6
172,36.0,2
175,0.0,14
6,24.0,2
105,6.0,5
66,10.0,4
32,3.0,6
118,22.0,2
125,0.0,8
127,0.0,9
95,0.0,7
170,29.0,1
118,16.0,3
125,0.0,8
127,0.0,9
95,0.0,7
97,0.0,13
167,0.0,6
170,13.0,4
95,17.0,3
6,42.0,1
172,26.0,2
6,42.0,1
172,17.0,2
32,3.0,6
6,20.0,1
105,3.0,5
125,0.0,8
127,0.0,9
95,0.0,7
66,39.0,1
95,18.0,5
170,6.0,4
95,9.0,3
6,33.0,1
172,17.0,2
170,4.0,3
95,3.0,4
118,8.0,3
32,0.0,6
66,8.0,4
105,3.0,5
6,14.0,2
87,19.0,1
95,0.0,7
127,0.0,9
125,0.0,8
118,8.0,3
66,10.0,4
32,0.0,6
127,0.0,8
125,0.0,7
118,0.0,6
32,0.0,5
66,2.0,4
105,3.0,3
6,12.0,2
87,16.0,1
66,8.0,4
105,3.0,5
6,14.0,2
87,19.0,1
105,3.0,3
6,6.0,2
87,8.0,1
87,19.0,2
6,28.0,1
87,19.0,3
105,6.0,5
87,31.0,3
6,40.0,2
170,25.0,3
95,16.0,5
99,0.0,7
95,17.0,6
99,0.0,7
26,19.0,4
176,0.0,10
175,0.0,14
87,0.0,9
6,24.0,1
172,13.0,2
170,2.0,4
95,2.0,3
170,1.0,4
167,0.0,5
106,0.0,12
106,0.0,11
106,0.0,11
66,6.0,4
167,3.0,5
118,0.0,15
123,0.0,16
113,0.0,7
168,0.0,11
124,0.0,12
125,0.0,13
105,0.0,7
32,9.0,3
167,3.0,4
167,3.0,5
66,6.0,4
32,17.0,2
170,30.0,1
101,0.0,10
104,0.0,6
34,12.0,4
1,35.0,3
6,12.0,5
34,11.0,5
1,26.0,3
6,9.0,4
37,0.0,10
66,1.0,5
34,1.0,6
66,0.0,6
34,1.0,5
1,17.0,1
1,15.0,1
37,3.0,5
63,2.0,4
1,23.0,2
66,9.0,5
32,28.0,1
32,19.0,2
1,19.0,1
66,0.0,8
34,1.0,7
32,15.0,2
34,1.0,7
66,0.0,8
66,0.0,7
32,0.0,8
85,0.0,12
199,0.0,11
85,0.0,12
201,0.0,10
85,0.0,12
201,0.0,10
201,0.0,11
66,21.0,3
201,0.0,11
199,0.0,10
201,0.0,11
199,0.0,10
201,0.0,11
66,12.0,3
201,0.0,11
66,9.0,3
199,0.0,10
199,0.0,10
66,0.0,10
86,0.0,10
32,59.0,1
37,48.0,3
66,23.0,6
6,52.0,2
86,0.0,10
32,59.0,1
37,45.0,3
66,22.0,6
6,46.0,2
32,50.0,1
82,21.0,6
37,43.0,3
66,16.0,7
6,43.0,2
32,50.0,1
82,21.0,6
66,13.0,7
6,34.0,4
85,0.0,11
37,33.0,2
32,50.0,1
66,13.0,7
6,25.0,5
37,33.0,2
32,50.0,1
66,10.0,7
6,16.0,5
32,41.0,1
82,15.0,5
66,10.0,6
6,10.0,7
32,32.0,1
37,31.0,2
66,10.0,6
6,7.0,7
32,23.0,2
37,25.0,1
66,10.0,6
6,7.0,7
187,15.0,3
32,14.0,4
66,10.0,6
6,3.0,7
86,0.0,7
37,13.0,4
32,14.0,3
66,1.0,6
6,0.0,8
32,5.0,4
82,3.0,5
66,0.0,6
6,0.0,7
32,2.0,5
82,3.0,4
182,45.0,3
182,39.0,2
182,30.0,3
6,4.0,5
187,20.0,3
187,18.0,3
6,4.0,5
6,0.0,7
183,0.0,10
180,47.0,3
6,7.0,6
182,49.0,2
196,63.0,1
66,6.0,6
187,29.0,4
191,0.0,8
6,7.0,5
197,0.0,9
180,38.0,3
167,0.0,7
66,2.0,6
191,0.0,8
6,5.0,5
66,2.0,6
187,27.0,4
191,0.0,8
6,5.0,5
197,0.0,9
191,0.0,8
182,28.0,3
191,0.0,8
6,4.0,5
182,19.0,4
191,0.0,8
6,4.0,5
182,13.0,4
187,15.0,3
191,0.0,8
182,9.0,4
6,0.0,8
191,0.0,7
182,7.0,4
6,0.0,7
182,1.0,5
191,0.0,5
6,0.0,6
182,0.0,7
1,0.0,14
26,0.0,13
82,8.0,9
187,49.0,2
195,14.0,7
66,28.0,5
1,0.0,14
26,0.0,13
82,8.0,9
187,43.0,3
195,14.0,6
66,25.0,5
1,0.0,14
26,0.0,13
170,0.0,17
89,0.0,16
183,0.0,15
190,0.0,12
1,0.0,14
26,0.0,13
82,8.0,8
187,31.0,4
195,12.0,6
66,21.0,5
1,0.0,14
26,0.0,13
170,0.0,17
89,0.0,16
183,0.0,15
190,0.0,12
82,6.0,8
187,22.0,3
195,12.0,6
66,17.0,5
170,0.0,15
170,0.0,15
89,0.0,14
190,0.0,13
183,0.0,12
66,17.0,5
170,0.0,15
89,0.0,14
190,0.0,13
183,0.0,12
66,16.0,3
82,0.0,11
187,17.0,2
195,9.0,4
66,12.0,3
170,0.0,15
170,0.0,15
89,0.0,14
190,0.0,13
183,0.0,12
66,6.0,4
66,0.0,10
170,0.0,14
89,0.0,13
190,0.0,12
195,0.0,13
66,0.0,12
170,0.0,11
184,0.0,15
193,0.0,20
26,0.0,14
82,0.0,18
90,0.0,19
189,0.0,17
187,0.0,12
182,0.0,13
184,0.0,15
193,0.0,20
26,0.0,14
82,0.0,18
90,0.0,19
189,0.0,17
187,0.0,13
182,0.0,12
184,0.0,14
193,0.0,19
26,0.0,13
82,0.0,17
90,0.0,18
189,0.0,16
182,0.0,12
184,0.0,14
193,0.0,19
26,0.0,13
82,0.0,17
90,0.0,18
189,0.0,16
182,0.0,12
90,0.0,18
26,0.0,13
182,0.0,12
193,0.0,19
180,19.0,3
82,0.0,17
190,9.0,6
184,0.0,12
82,0.0,15
189,0.0,14
193,0.0,16
190,9.0,6
180,19.0,2
184,0.0,12
82,0.0,15
189,0.0,14
190,9.0,6
180,10.0,5
180,10.0,4
82,0.0,15
190,9.0,5
172,0.0,13
194,3.0,10
180,9.0,3
82,0.0,15
190,0.0,14
172,0.0,12
194,3.0,8
184,0.0,10
190,0.0,13
82,0.0,14
189,0.0,12
66,0.0,9
189,0.0,8
183,1.0,10
191,42.0,1
6,31.0,2
188,1.0,12
192,0.0,13
189,4.0,7
66,22.0,4
172,8.0,6
181,1.0,11
176,13.0,5
181,1.0,10
191,40.0,1
167,24.0,3
192,0.0,12
189,2.0,7
66,22.0,4
183,1.0,9
172,8.0,6
176,13.0,5
189,2.0,7
192,0.0,11
66,22.0,3
183,1.0,8
172,7.0,5
181,1.0,9
176,4.0,6
191,40.0,1
66,22.0,3
176,2.0,7
181,1.0,8
172,7.0,5
189,2.0,6
183,0.0,10
191,39.0,1
191,30.0,1
176,2.0,7
181,1.0,8
172,7.0,5
183,0.0,10
66,19.0,3
189,2.0,6
66,13.0,3
189,2.0,6
183,0.0,9
172,3.0,5
181,1.0,7
176,0.0,11
191,21.0,1
181,1.0,6
172,0.0,8
183,0.0,7
176,0.0,9
191,12.0,2
66,9.0,2
188,0.0,11
172,0.0,6
181,0.0,8
176,0.0,7
191,3.0,4
183,0.0,8
172,0.0,4
176,0.0,6
191,0.0,7
181,5.0,7
170,14.0,5
6,26.0,4
172,54.0,1
176,2.0,8
186,0.0,12
184,0.0,13
180,0.0,14
93,0.0,15
167,0.0,16
11,11.0,6
172,54.0,1
6,26.0,3
181,2.0,6
183,24.0,4
176,1.0,8
186,0.0,12
184,0.0,13
180,0.0,14
93,0.0,15
167,0.0,16
11,2.0,7
181,2.0,6
170,13.0,5
172,54.0,1
176,1.0,8
186,0.0,12
184,0.0,13
180,0.0,14
93,0.0,15
167,0.0,16
11,2.0,7
181,2.0,6
170,11.0,5
6,21.0,3
172,54.0,1
176,0.0,9
186,0.0,12
184,0.0,13
180,0.0,14
93,0.0,15
167,0.0,16
11,2.0,7
172,45.0,1
6,20.0,3
181,2.0,6
183,11.0,4
176,0.0,9
186,0.0,12
184,0.0,13
180,0.0,14
93,0.0,15
167,0.0,16
11,2.0,7
181,2.0,6
170,8.0,4
172,36.0,1
176,0.0,10
186,0.0,12
184,0.0,13
180,0.0,14
93,0.0,15
167,0.0,16
11,1.0,7
172,27.0,1
6,16.0,3
181,2.0,6
183,6.0,5
176,0.0,10
186,0.0,12
184,0.0,13
180,0.0,14
93,0.0,15
167,0.0,16
11,1.0,7
181,1.0,6
170,8.0,4
6,12.0,3
172,18.0,2
176,0.0,10
186,0.0,12
184,0.0,13
180,0.0,14
93,0.0,15
167,0.0,16
11,1.0,7
185,0.0,10
183,0.0,6
181,1.0,5
172,9.0,3
176,0.0,9
186,0.0,12
184,0.0,13
180,0.0,14
93,0.0,15
167,0.0,16
11,0.0,11
66,4.0,3
185,0.0,10
186,0.0,11
184,0.0,12
180,0.0,13
93,0.0,14
167,0.0,15
181,7.0,6
6,45.0,1
94,5.0,7
183,30.0,4
176,3.0,8
170,16.0,5
172,37.0,3
66,42.0,2
181,7.0,6
6,43.0,1
94,5.0,7
183,21.0,4
176,3.0,8
170,16.0,5
172,36.0,3
66,42.0,2
172,35.0,3
181,3.0,7
94,4.0,6
170,16.0,5
176,3.0,8
183,21.0,4
6,37.0,1
66,36.0,1
181,3.0,6
170,10.0,5
176,3.0,7
183,21.0,4
6,28.0,3
92,0.0,10
172,34.0,1
181,3.0,6
170,10.0,5
176,3.0,7
183,17.0,4
6,19.0,3
182,0.0,11
170,10.0,5
176,3.0,6
183,17.0,3
6,10.0,4
95,0.0,10
172,25.0,1
176,3.0,6
183,14.0,3
6,6.0,5
92,0.0,9
170,8.0,3
181,0.0,8
94,0.0,7
176,3.0,6
183,5.0,5
6,6.0,4
92,0.0,10
173,0.0,22
177,0.0,20
94,6.0,6
66,36.0,2
95,5.0,7
6,26.0,4
172,54.0,1
176,4.0,8
26,0.0,9
34,28.0,3
54,0.0,12
92,0.0,11
32,0.0,15
179,0.0,18
172,54.0,1
170,23.0,5
26,0.0,9
34,24.0,4
54,0.0,12
92,0.0,11
173,0.0,18
177,0.0,16
94,6.0,6
66,35.0,2
26,0.0,9
34,18.0,5
54,0.0,12
92,0.0,11
97,0.0,12
170,21.0,4
176,4.0,8
26,0.0,9
34,15.0,5
54,0.0,11
92,0.0,10
177,0.0,14
170,17.0,4
95,4.0,6
34,13.0,5
92,0.0,10
66,18.0,2
176,2.0,7
34,13.0,4
92,0.0,10
95,1.0,8
92,0.0,10
94,3.0,6
26,0.0,9
54,0.0,11
66,14.0,2
6,7.0,5
34,10.0,4
92,0.0,9
170,10.0,3
172,10.0,2
97,0.0,15
34,6.0,7
100,0.0,10
66,42.0,1
175,0.0,16
99,0.0,9
26,19.0,4
6,45.0,1
172,26.0,2
6,15.0,1
172,13.0,2
66,0.0,6
99,0.0,7
101,0.0,14
169,0.0,10
117,0.0,5
105,0.0,9
95,0.0,8
32,5.0,4
66,18.0,3
167,0.0,6
6,32.0,2
170,40.0,1
105,0.0,7
95,0.0,9
32,3.0,4
66,18.0,3
167,0.0,6
6,32.0,2
170,38.0,1
32,3.0,4
66,18.0,3
167,0.0,6
6,28.0,2
170,34.0,1
64,7.0,5
6,35.0,1
67,2.0,9
202,2.5,8
32,6.0,6
64,16.0,5
6,41.0,1
67,2.0,9
202,3.5,7
34,36.0,2
56,0.0,17
6,50.0,1
67,2.0,9
202,3.5,8
34,42.0,2
56,0.0,17
6,50.0,1
202,3.5,8
34,51.0,2
56,0.0,17
6,54.0,1
202,6.5,6
26,0.0,16
37,7.5,7
32,7.0,8
202,8.5,6
26,0.0,16
37,7.5,7
32,7.0,8
202,9.5,6
26,0.0,17
37,7.5,8
32,9.0,7
202,9.5,6
66,0.0,13
64,0.0,15
64,0.0,16
64,0.0,17
182,0.0,19
66,0.0,19
64,0.0,18
66,0.0,19
64,0.0,18
64,0.0,18
66,0.0,19
70,0.0,15
182,0.0,17
70,0.0,16
182,0.0,18
64,0.0,15
66,0.0,19
64,0.0,15
66,0.0,19
64,0.0,15
66,0.0,19
64,0.0,15
66,0.0,19
64,0.0,15
66,0.0,19
64,0.0,15
66,0.0,19
66,0.0,20
74,0.0,21
21,0.0,6
57,0.0,8
59,0.0,10
4,0.0,12
32,12.0,2
1,4.0,3
56,1.0,6
204,0.0,14
204,0.0,13
6,33.0,1
32,20.0,3
1,4.0,5
61,0.0,16
57,0.0,13
25,11.0,4
58,0.0,9
57,0.0,14
25,15.0,4
57,0.0,14
25,15.0,4
3,14.0,5
59,0.0,12
4,13.0,6
3,23.0,4
56,1.0,10
59,0.0,12
4,19.0,6
6,65.0,1
59,0.0,12
25,21.0,5
204,1.0,9
4,19.0,6
57,0.0,14
58,0.0,11
1,13.0,7
27,61.0,2
21,5.0,9
56,1.0,10
32,39.0,4
27,61.0,3
58,0.0,11
1,14.0,7
32,39.0,4
27,61.0,3
21,5.0,9
56,1.0,12
32,39.0,4
27,61.0,3
6,43.0,1
1,21.0,2
9,16.0,4
131,18.0,3
10,2.0,5
3,1.0,6
4,0.0,7
5,0.0,8
205,0.0,9
15,0.0,10
164,0.0,11
166,0.0,12
6,70.0,1
1,54.0,2
9,18.0,5
131,29.0,3
10,8.0,6
3,5.0,7
4,18.0,4
5,0.0,8
205,0.0,10
15,0.0,9
164,0.0,11
166,0.0,12
6,76.0,1
1,66.0,2
9,61.0,3
131,44.0,4
10,18.0,6
3,6.0,7
4,30.0,5
5,2.0,8
205,0.0,10
15,0.0,9
164,0.0,11
166,0.0,12
6,90.0,2
1,109.0,1
9,73.0,3
131,60.0,4
10,18.0,6
3,6.0,7
4,46.0,5
5,2.0,8
205,0.0,10
15,0.0,9
164,0.0,11
166,0.0,12
6,116.0,2
1,119.0,1
9,113.0,3
131,72.0,4
10,24.0,6
3,8.0,7
4,50.0,5
5,3.0,8
205,0.0,10
15,0.0,9
164,0.0,11
166,0.0,12
6,146.0,3
166,0.0,12
164,0.0,11
205,0.0,10
4,65.0,5
131,78.0,4
15,0.0,9
3,8.0,7
5,4.0,8
10,30.0,6
9,156.0,1
1,129.0,3
6,136.0,2
1,172.0,1
9,171.0,2
131,100.0,4
10,32.0,6
3,8.0,7
4,73.0,5
5,4.0,8
205,0.0,10
15,1.0,9
164,0.0,11
166,0.0,12
6,161.0,3
1,215.0,1
9,193.0,2
131,108.0,4
10,35.0,6
3,8.0,8
4,79.0,5
5,8.0,7
205,0.0,10
15,1.0,9
164,0.0,11
166,0.0,12
6,165.0,3
1,248.0,1
9,218.0,2
131,109.0,4
10,43.0,6
3,20.0,7
4,89.0,5
5,10.0,8
205,0.0,10
15,7.0,9
164,0.0,11
166,0.0,12
6,165.0,3
1,278.0,1
9,249.0,2
131,126.0,4
10,47.0,6
3,31.0,7
4,89.0,5
5,10.0,9
205,0.0,10
15,15.0,8
164,0.0,11
166,0.0,12
6,208.0,3
1,300.0,1
9,272.0,2
131,132.0,4
10,47.0,6
3,31.0,7
4,96.0,5
5,10.0,9
205,0.0,10
15,15.0,8
164,0.0,11
166,0.0,12
6,238.0,3
1,304.0,2
9,312.0,1
131,132.0,4
10,47.0,6
3,40.0,7
4,106.0,5
5,10.0,9
205,0.0,10
15,23.0,8
164,0.0,11
166,0.0,12
6,250.0,3
1,329.0,2
9,330.0,1
131,146.0,4
10,58.0,6
3,40.0,7
4,123.0,5
5,10.0,9
205,0.0,10
15,27.0,8
164,0.0,11
166,0.0,12
6,290.0,3
1,347.0,2
9,350.0,1
131,158.0,4
10,58.0,6
3,47.0,7
4,127.0,5
5,10.0,9
205,0.0,10
15,27.0,8
164,0.0,11
166,0.0,12
166,0.0,12
164,0.0,11
15,27.0,8
205,0.0,10
5,10.0,9
4,133.0,5
1,359.0,2
9,383.0,1
131,168.0,4
10,60.0,6
3,56.0,7
6,319.0,3
166,0.0,12
166,0.0,12
164,0.0,11
15,37.0,8
205,0.0,10
5,11.0,9
4,133.0,5
1,381.0,2
9,426.0,1
131,176.0,4
10,60.0,6
3,58.0,7
6,334.0,3
15,43.0,8
5,11.0,9
3,65.0,7
131,188.0,4
164,0.0,11
4,143.0,5
205,0.0,10
9,426.0,1
10,68.0,6
1,399.0,2
6,374.0,3
6,389.0,3
1,421.0,2
9,469.0,1
131,202.0,4
10,68.0,7
3,69.0,6
4,145.0,5
5,11.0,9
205,0.0,10
15,44.0,8
164,0.0,11
166,0.0,12
6,396.0,3
1,454.0,2
9,498.0,1
131,214.0,4
10,68.0,7
3,69.0,6
4,163.0,5
5,13.0,9
205,0.0,10
15,44.0,8
164,0.0,11
166,0.0,12
4,58.0,1
4,30.0,4
1,48.0,2
9,72.0,1
131,0.0,10
3,0.0,9
166,0.0,8
205,0.0,7
10,3.0,6
5,4.0,5
6,18.0,3
4,15.0,4
1,26.0,2
9,35.0,1
6,36.0,3
5,4.0,6
10,4.0,7
205,0.0,9
166,0.0,10
3,0.0,11
131,2.0,8
15,6.0,5
164,0.0,12
9,105.0,1
1,85.0,2
4,32.0,4
6,50.0,3
5,4.0,7
10,4.0,8
205,0.0,9
166,0.0,11
3,0.0,10
131,16.0,5
15,7.0,6
164,0.0,12
9,148.0,1
1,105.0,2
4,42.0,4
6,65.0,3
5,6.0,7
10,4.0,8
205,0.0,9
166,0.0,11
3,0.0,10
131,26.0,5
15,8.0,6
164,0.0,12
9,185.0,1
1,138.0,2
4,46.0,4
6,75.0,3
5,6.0,7
10,4.0,8
205,0.0,10
166,0.0,11
3,0.0,9
131,40.0,5
15,11.0,6
164,0.0,12
9,222.0,1
1,161.0,2
4,50.0,4
6,93.0,3
5,7.0,8
10,10.0,7
205,0.0,10
166,0.0,11
3,2.0,9
131,40.0,5
15,21.0,6
164,0.0,12
9,255.0,1
1,186.0,2
4,60.0,4
6,101.0,3
5,12.0,7
10,10.0,8
205,0.0,10
166,0.0,12
3,4.0,9
131,52.0,5
15,27.0,6
164,0.0,11
9,295.0,1
1,206.0,2
4,61.0,4
6,129.0,3
5,16.0,7
10,12.0,8
205,0.0,10
166,0.0,12
3,4.0,9
131,58.0,5
15,27.0,6
164,0.0,11
9,328.0,1
1,218.0,2
4,65.0,5
6,164.0,3
5,17.0,7
10,12.0,8
205,0.0,10
166,0.0,12
3,4.0,9
131,68.0,4
15,33.0,6
164,0.0,11
9,355.0,1
1,243.0,2
4,66.0,5
6,192.0,3
5,17.0,8
10,20.0,7
205,0.0,10
166,0.0,12
3,4.0,9
131,78.0,4
15,35.0,6
164,0.0,11
9,383.0,1
1,280.0,2
4,66.0,5
6,215.0,3
5,22.0,8
10,26.0,7
205,0.0,10
166,0.0,12
3,4.0,9
131,80.0,4
15,35.0,6
164,0.0,11
9,426.0,1
1,295.0,2
4,68.0,5
6,231.0,3
5,22.0,8
10,32.0,7
205,0.0,10
166,0.0,12
3,5.0,9
131,98.0,4
15,35.0,6
164,0.0,11
9,451.0,1
1,325.0,2
4,70.0,5
6,254.0,3
5,29.0,8
10,36.0,6
205,0.0,10
166,0.0,12
3,5.0,9
131,108.0,4
15,35.0,7
164,0.0,11
9,491.0,1
1,353.0,2
4,70.0,5
6,268.0,3
5,29.0,8
10,48.0,6
205,0.0,10
166,0.0,12
3,5.0,9
131,114.0,4
15,36.0,7
164,0.0,11
9,518.0,1
1,388.0,2
4,72.0,5
6,292.0,3
5,29.0,8
10,48.0,6
205,0.0,10
166,0.0,12
3,5.0,9
131,123.0,4
15,40.0,7
164,0.0,11
9,558.0,1
1,418.0,2
4,72.0,5
6,310.0,3
5,37.0,8
10,49.0,6
205,0.0,10
166,0.0,12
3,5.0,9
131,127.0,4
15,40.0,7
164,0.0,11
9,595.0,1
1,442.0,2
4,72.0,5
6,325.0,3
5,41.0,8
10,51.0,6
205,0.0,10
166,0.0,12
3,5.0,9
131,145.0,4
15,41.0,7
164,0.0,11
9,607.0,1
1,482.0,2
4,72.0,5
6,353.0,3
5,41.0,8
10,57.0,6
205,0.0,10
166,0.0,12
3,5.0,9
131,159.0,4
15,42.0,7
164,0.0,11
9,650.0,1
1,497.0,2
4,73.0,5
6,375.0,3
5,41.0,8
10,69.0,6
205,0.0,10
166,0.0,12
3,5.0,9
131,165.0,4
15,44.0,7
164,0.0,11
206,0.0,10
207,0.0,11
1,40.0,1
3,0.0,9
131,0.0,8
10,1.0,7
5,2.0,6
208,6.0,5
15,12.0,3
6,10.0,4
9,30.0,2
1,55.0,1
9,42.0,2
6,35.0,3
15,30.0,4
208,16.0,5
5,6.0,8
10,9.0,6
131,1.0,9
3,8.0,7
206,0.0,10
207,0.0,11
164,0.0,12
1,88.0,1
9,64.0,2
6,37.0,3
15,31.0,4
208,24.0,6
5,6.0,9
10,9.0,8
131,26.0,5
3,18.0,7
206,0.0,10
207,0.0,11
164,0.0,12
164,0.0,12
207,0.0,11
3,43.0,6
131,43.0,5
10,18.0,8
208,84.0,3
206,0.0,10
5,6.0,9
15,41.0,7
6,63.0,4
9,109.0,1
1,98.0,2
1,92.0,2
9,101.0,1
6,45.0,4
15,31.0,6
208,57.0,3
5,6.0,9
10,17.0,8
131,37.0,5
3,18.0,7
206,0.0,10
207,0.0,11
164,0.0,12
1,108.0,2
9,146.0,1
6,86.0,3
15,41.0,7
208,86.0,4
5,6.0,9
10,28.0,8
131,61.0,5
3,44.0,6
206,0.0,11
207,0.0,10
164,0.0,12
1,133.0,2
9,164.0,1
6,97.0,4
15,58.0,6
208,108.0,3
5,6.0,9
10,28.0,8
131,69.0,5
3,44.0,7
206,0.0,11
207,0.0,10
164,0.0,12
1,137.0,2
9,176.0,1
6,122.0,4
15,60.0,6
208,126.0,3
5,6.0,9
10,44.0,8
131,92.0,5
3,45.0,7
206,0.0,11
207,0.0,10
164,0.0,12
1,142.0,4
9,216.0,1
6,152.0,2
15,60.0,6
208,144.0,3
5,6.0,9
10,44.0,8
131,98.0,5
3,47.0,7
206,0.0,11
207,0.0,10
164,0.0,12
207,0.0,10
164,0.0,12
131,105.0,5
206,0.0,11
3,47.0,7
10,46.0,8
5,6.0,9
208,159.0,4
15,80.0,6
6,177.0,2
9,230.0,1
1,160.0,3
164,0.0,12
206,0.0,11
10,46.0,8
9,272.0,1
207,0.0,10
131,106.0,5
1,218.0,2
1,193.0,2
9,246.0,1
208,192.0,3
15,80.0,6
6,189.0,4
3,53.0,7
5,6.0,9
6,199.0,4
15,80.0,6
208,207.0,3
5,12.0,9
10,59.0,7
131,112.0,5
3,53.0,8
206,0.0,11
207,0.0,10
164,0.0,12
1,243.0,2
9,272.0,1
6,226.0,3
15,100.0,6
208,217.0,4
5,12.0,9
10,63.0,7
131,126.0,5
3,54.0,8
206,0.0,11
207,0.0,10
164,0.0,12
164,0.0,12
207,0.0,11
3,54.0,8
10,75.0,7
208,231.0,4
206,0.0,10
5,14.0,9
131,136.0,5
15,101.0,6
6,245.0,3
9,297.0,1
1,261.0,2
164,0.0,12
207,0.0,11
3,58.0,8
10,81.0,7
208,239.0,4
206,0.0,10
5,15.0,9
131,136.0,5
15,116.0,6
6,263.0,3
9,324.0,1
1,283.0,2
1,284.0,3
9,367.0,1
6,290.0,2
15,116.0,6
208,255.0,4
5,21.0,9
10,89.0,7
131,136.0,5
3,58.0,8
206,0.0,10
207,0.0,11
164,0.0,12
164,0.0,12
207,0.0,11
3,59.0,8
10,93.0,7
208,263.0,4
206,0.0,10
5,21.0,9
131,136.0,5
15,116.0,6
6,316.0,2
9,407.0,1
1,306.0,3
1,318.0,3
9,422.0,1
6,340.0,2
15,124.0,6
208,288.0,4
5,22.0,9
10,95.0,7
131,136.0,5
3,73.0,8
206,0.0,10
207,0.0,11
164,0.0,12
1,353.0,3
9,440.0,1
6,367.0,2
15,124.0,6
208,302.0,4
5,22.0,9
10,99.0,7
131,136.0,5
3,76.0,8
206,0.0,10
207,0.0,11
164,0.0,12
1,378.0,3
9,460.0,1
6,400.0,2
15,126.0,6
208,303.0,4
5,26.0,9
10,109.0,7
131,142.0,5
3,76.0,8
206,0.0,11
207,0.0,10
164,0.0,12
208,26.0,2
6,30.0,1
9,23.0,3
131,10.0,4
10,10.0,5
1,2.0,6
5,0.0,7
15,0.0,8
3,0.0,9
206,0.0,10
207,0.0,11
208,40.0,2
6,40.0,3
9,66.0,1
131,37.0,4
10,10.0,5
1,4.0,7
5,1.0,8
15,4.0,6
3,0.0,9
206,0.0,10
207,0.0,11
208,60.0,3
6,73.0,2
9,78.0,1
131,52.0,4
10,14.0,6
1,14.0,5
5,7.0,7
15,5.0,8
3,0.0,9
206,0.0,10
207,0.0,11
208,93.0,2
6,77.0,3
9,109.0,1
131,64.0,4
10,26.0,5
1,23.0,6
5,7.0,7
15,5.0,8
3,0.0,9
206,0.0,10
207,0.0,11
208,111.0,3
6,117.0,2
9,131.0,1
131,72.0,4
10,32.0,5
1,29.0,6
5,8.0,7
15,5.0,8
3,0.0,9
206,0.0,10
207,0.0,11
208,112.0,3
6,123.0,2
9,164.0,1
131,109.0,4
10,44.0,5
1,37.0,6
5,12.0,7
15,5.0,8
3,0.0,9
206,0.0,10
207,0.0,11
208,114.0,4
6,145.0,2
9,201.0,1
131,134.0,3
10,51.0,5
1,37.0,6
5,20.0,7
15,5.0,8
3,0.0,9
206,0.0,10
207,0.0,11
208,124.0,4
6,168.0,3
9,219.0,1
131,171.0,2
10,59.0,5
1,37.0,6
5,24.0,7
15,6.0,8
3,0.0,9
206,0.0,10
207,0.0,11
208,157.0,4
6,180.0,3
9,250.0,1
131,183.0,2
10,59.0,5
1,49.0,6
5,24.0,7
15,7.0,8
3,0.0,9
206,0.0,10
207,0.0,11
208,183.0,4
6,194.0,3
9,277.0,1
131,208.0,2
10,59.0,5
1,57.0,6
5,24.0,7
15,7.0,8
3,1.0,9
206,0.0,10
207,0.0,11
208,187.0,4
6,218.0,3
9,312.0,1
131,235.0,2
10,61.0,6
1,65.0,5
5,25.0,7
15,7.0,8
3,1.0,9
206,0.0,10
207,0.0,11
207,0.0,11
206,0.0,10
15,19.0,8
5,31.0,7
3,1.0,9
1,76.0,5
10,62.0,6
131,267.0,3
9,377.0,1
6,274.0,2
208,206.0,4
208,191.0,4
6,248.0,2
9,352.0,1
131,245.0,3
10,61.0,6
1,66.0,5
5,31.0,7
15,17.0,8
3,1.0,9
206,0.0,10
207,0.0,11
208,239.0,4
6,284.0,2
9,402.0,1
131,283.0,3
10,62.0,6
1,81.0,5
5,31.0,8
15,31.0,7
3,1.0,9
206,0.0,10
207,0.0,11
208,264.0,4
6,297.0,2
9,445.0,1
131,287.0,3
10,62.0,6
1,83.0,5
5,31.0,8
15,45.0,7
3,1.0,9
206,0.0,10
207,0.0,11
208,285.0,4
6,309.0,3
9,470.0,1
131,313.0,2
10,68.0,6
1,93.0,5
5,32.0,8
15,45.0,7
3,1.0,9
206,0.0,10
207,0.0,11
208,297.0,4
6,323.0,3
9,513.0,1
131,334.0,2
10,77.0,6
1,95.0,5
5,32.0,8
15,45.0,7
3,1.0,9
206,0.0,10
207,0.0,11
208,315.0,4
6,333.0,3
9,553.0,1
131,348.0,2
10,77.0,6
1,102.0,5
5,32.0,8
15,53.0,7
3,5.0,9
206,0.0,10
207,0.0,11
208,315.0,4
6,354.0,3
9,596.0,1
131,360.0,2
10,77.0,6
1,122.0,5
5,33.0,8
15,57.0,7
3,5.0,9
206,0.0,10
207,0.0,11
30,0.0,14
1,0.0,12
29,0.0,13
30,0.0,14
29,3.0,5
30,0.0,14
30,0.0,14
30,0.0,14
30,0.0,14
30,0.0,14
30,0.0,14
30,0.0,14
30,0.0,14
30,0.0,14
30,0.0,14
30,0.0,14
30,0.0,14
30,0.0,14
30,0.0,14
6,13.0,1
12,0.0,10
12,0.0,10
12,0.0,10
12,0.0,9
12,0.0,10
12,0.0,10
12,0.0,10
12,0.0,10
12,0.0,10
12,0.0,10
12,0.0,10
12,0.0,10
12,0.0,10
12,0.0,10
12,1.0,9
12,1.0,10
12,1.0,10
1,43.0,2
131,68.0,1
9,0.0,11
207,0.0,10
206,0.0,8
208,0.0,9
15,0.0,7
5,6.0,6
10,9.0,5
3,10.0,4
6,18.0,3
1,33.0,1
131,25.0,2
6,30.0,3
3,20.0,4
10,19.0,5
5,7.0,7
15,0.0,8
206,0.0,11
208,0.0,9
207,0.0,10
9,15.0,6
131,111.0,1
1,43.0,3
6,33.0,5
3,30.0,6
10,44.0,2
5,7.0,7
15,0.0,9
206,0.0,10
208,0.0,8
207,0.0,11
9,35.0,4
131,154.0,1
1,43.0,5
6,52.0,4
3,36.0,6
10,54.0,3
5,8.0,7
15,0.0,9
206,0.0,10
208,0.0,8
207,0.0,11
9,57.0,2
131,197.0,1
1,43.0,6
6,66.0,3
3,46.0,5
10,57.0,4
5,8.0,7
15,0.0,9
206,0.0,10
208,4.0,8
207,0.0,11
9,84.0,2
131,240.0,1
1,52.0,5
6,78.0,3
3,52.0,6
10,67.0,4
5,8.0,8
15,0.0,10
206,2.0,9
208,8.0,7
207,0.0,11
9,99.0,2
131,258.0,1
1,66.0,5
6,87.0,3
3,58.0,6
10,77.0,4
5,12.0,7
15,0.0,10
206,2.0,9
208,8.0,8
207,0.0,11
9,139.0,2
131,301.0,1
1,72.0,6
6,98.0,3
3,85.0,5
10,87.0,4
5,12.0,7
15,0.0,10
206,2.0,9
208,8.0,8
207,0.0,11
9,143.0,2
131,326.0,1
1,90.0,6
6,106.0,3
3,103.0,4
10,91.0,5
5,15.0,7
15,0.0,10
206,2.0,9
208,8.0,8
207,0.0,11
9,168.0,2
131,366.0,1
1,96.0,6
6,116.0,4
3,121.0,3
10,98.0,5
5,15.0,7
15,0.0,10
206,2.0,9
208,8.0,8
207,0.0,11
9,188.0,2
131,393.0,1
1,97.0,6
6,142.0,3
3,135.0,4
10,98.0,5
5,17.0,7
15,0.0,10
206,2.0,9
208,8.0,8
207,0.0,11
9,219.0,2
131,411.0,1
1,105.0,5
6,160.0,3
3,150.0,4
10,103.0,6
5,19.0,7
15,0.0,10
206,2.0,9
208,8.0,8
207,0.0,11
9,254.0,2
131,454.0,1
1,110.0,5
6,162.0,4
3,177.0,3
10,109.0,6
5,19.0,7
15,0.0,10
206,2.0,9
208,8.0,8
207,0.0,11
9,272.0,2
131,479.0,1
1,111.0,6
6,178.0,4
3,187.0,3
10,117.0,5
5,27.0,7
15,0.0,10
206,2.0,9
208,8.0,8
207,0.0,11
9,305.0,2
131,522.0,1
1,121.0,6
6,178.0,4
3,201.0,3
10,122.0,5
5,29.0,7
15,0.0,10
206,2.0,9
208,8.0,8
207,0.0,11
9,332.0,2
131,565.0,1
1,143.0,5
6,188.0,4
3,216.0,3
10,123.0,6
5,29.0,7
15,0.0,10
206,2.0,9
208,8.0,8
207,0.0,11
9,342.0,2
131,608.0,1
1,147.0,5
6,196.0,4
3,238.0,3
10,123.0,6
5,30.0,7
15,0.0,10
206,2.0,9
208,10.0,8
207,0.0,11
9,363.0,2
131,651.0,1
1,161.0,5
6,210.0,4
3,254.0,3
10,127.0,6
5,30.0,7
15,0.0,10
206,2.0,9
208,10.0,8
207,0.0,11
9,373.0,2
131,701.0,1
1,181.0,5
6,216.0,4
3,320.0,3
10,155.0,6
5,30.0,7
15,0.0,10
206,2.0,9
208,10.0,8
207,0.0,11
9,405.0,2
6,37.0,1
131,43.0,1
6,15.0,2
3,12.0,4
15,14.0,3
9,8.0,5
10,7.0,6
5,2.0,7
1,0.0,8
208,0.0,9
131,76.0,1
6,52.0,2
3,30.0,3
15,14.0,4
9,11.0,6
10,7.0,7
5,12.0,5
1,0.0,9
208,0.0,8
209,0.0,10
131,119.0,1
6,79.0,2
3,48.0,3
15,19.0,4
9,13.0,5
10,7.0,7
5,12.0,6
1,0.0,9
208,6.0,8
209,0.0,10
131,159.0,1
6,107.0,2
3,61.0,3
15,19.0,5
9,23.0,4
10,11.0,8
5,12.0,7
1,0.0,9
208,12.0,6
209,0.0,10
131,202.0,1
6,132.0,2
3,81.0,3
15,19.0,5
9,30.0,4
10,11.0,8
5,14.0,7
1,0.0,9
208,16.0,6
209,0.0,10
131,242.0,1
6,158.0,2
3,81.0,3
15,21.0,5
9,52.0,4
10,17.0,6
5,15.0,8
1,4.0,9
208,16.0,7
209,0.0,10
131,285.0,1
6,180.0,2
3,104.0,3
15,21.0,6
9,54.0,4
10,21.0,7
5,15.0,8
1,4.0,9
208,23.0,5
209,0.0,10
131,328.0,1
6,192.0,2
3,129.0,3
15,21.0,7
9,55.0,4
10,31.0,5
5,19.0,8
1,4.0,9
208,29.0,6
209,0.0,10
131,371.0,1
6,211.0,2
3,151.0,3
15,21.0,7
9,63.0,4
10,39.0,5
5,19.0,8
1,5.0,9
208,29.0,6
209,0.0,10
131,383.0,1
6,236.0,2
3,151.0,3
15,22.0,8
9,96.0,4
10,39.0,5
5,31.0,7
1,17.0,9
208,35.0,6
209,0.0,10
131,451.0,1
209,0.0,10
1,17.0,9
5,35.0,7
15,23.0,8
208,50.0,5
3,161.0,3
10,49.0,6
9,108.0,4
6,242.0,2
131,426.0,1
6,270.0,2
3,188.0,3
15,25.0,8
9,113.0,4
10,63.0,5
5,35.0,7
1,17.0,9
208,50.0,6
209,0.0,10
131,463.0,1
6,310.0,2
3,198.0,3
15,26.0,8
9,139.0,4
10,69.0,5
5,41.0,7
1,17.0,9
208,50.0,6
209,0.0,10
1,17.0,9
9,139.0,4
3,208.0,3
209,0.0,10
208,60.0,6
5,44.0,7
10,77.0,5
6,337.0,2
15,26.0,8
131,506.0,1
209,0.0,10
208,66.0,6
1,19.0,9
5,45.0,7
10,92.0,5
9,149.0,4
15,34.0,8
3,220.0,3
6,359.0,2
209,0.0,10
131,531.0,1
208,70.0,6
10,102.0,5
15,36.0,8
1,27.0,9
5,63.0,7
3,220.0,3
9,150.0,4
6,374.0,2
131,574.0,1
208,71.0,6
10,112.0,5
15,36.0,8
209,0.0,10
1,27.0,9
5,65.0,7
3,243.0,3
9,172.0,4
6,374.0,2
131,617.0,1
208,76.0,6
10,120.0,5
15,36.0,8
209,0.0,10
1,27.0,9
5,67.0,7
3,253.0,3
9,178.0,4
6,401.0,2
131,660.0,1
208,78.0,6
10,136.0,5
15,36.0,8
209,0.0,10
1,27.0,9
5,67.0,7
3,257.0,3
9,187.0,4
6,428.0,2
131,703.0,1
131,258.0,1
15,0.0,10
209,0.0,11
131,43.0,1
1,0.0,9
4,0.0,8
5,3.0,7
10,6.0,6
210,8.0,5
3,14.0,3
9,12.0,4
6,15.0,2
131,83.0,1
6,33.0,2
9,30.0,3
3,20.0,4
210,18.0,5
10,6.0,7
5,11.0,6
4,0.0,9
1,1.0,8
15,0.0,10
209,0.0,11
131,114.0,1
6,61.0,2
9,57.0,3
3,29.0,4
210,18.0,5
10,6.0,7
5,17.0,6
4,0.0,9
1,1.0,8
15,0.0,10
209,0.0,11
131,157.0,1
6,76.0,2
9,57.0,3
3,51.0,4
210,22.0,5
10,8.0,8
5,17.0,6
4,6.0,9
1,10.0,7
15,0.0,10
209,0.0,11
131,157.0,1
6,109.0,2
9,94.0,3
3,65.0,4
210,22.0,6
10,14.0,7
5,26.0,5
4,6.0,9
1,12.0,8
15,0.0,10
209,0.0,11
131,188.0,1
6,121.0,2
9,112.0,3
3,66.0,4
210,22.0,8
10,37.0,5
5,30.0,6
4,6.0,9
1,24.0,7
15,0.0,10
209,0.0,11
131,223.0,1
6,147.0,2
9,130.0,3
3,81.0,4
210,22.0,8
10,42.0,5
5,32.0,6
4,6.0,9
1,24.0,7
15,0.0,10
209,0.0,11
6,177.0,2
9,140.0,3
3,90.0,4
210,22.0,8
10,59.0,5
5,32.0,6
4,6.0,9
1,24.0,7
15,0.0,10
209,0.0,11
131,295.0,1
6,192.0,2
9,168.0,3
3,92.0,4
210,28.0,8
10,59.0,5
5,36.0,6
4,6.0,9
1,32.0,7
15,0.0,11
209,1.0,10
131,335.0,1
6,204.0,2
9,198.0,3
3,92.0,4
210,28.0,8
10,73.0,5
5,41.0,6
4,6.0,9
1,32.0,7
15,0.0,11
209,1.0,10
131,378.0,1
6,224.0,2
9,223.0,3
3,94.0,4
210,28.0,8
10,74.0,5
5,45.0,6
4,6.0,9
1,38.0,7
15,0.0,11
209,1.0,10
131,415.0,1
6,242.0,3
9,256.0,2
3,96.0,4
210,28.0,8
10,81.0,5
5,45.0,6
4,6.0,9
1,42.0,7
15,0.0,11
209,1.0,10
131,455.0,1
6,252.0,3
9,274.0,2
3,101.0,5
210,28.0,8
10,103.0,4
5,45.0,7
4,6.0,9
1,48.0,6
15,0.0,11
209,1.0,10
131,498.0,1
6,279.0,3
9,290.0,2
3,111.0,4
210,28.0,8
10,108.0,5
5,45.0,7
4,6.0,9
1,48.0,6
15,0.0,11
209,1.0,10
131,538.0,1
6,301.0,3
9,316.0,2
3,111.0,5
210,28.0,8
10,112.0,4
5,47.0,7
4,7.0,9
1,54.0,6
15,0.0,11
209,1.0,10
131,553.0,1
6,313.0,3
9,359.0,2
3,121.0,5
210,28.0,8
10,124.0,4
5,47.0,7
4,8.0,9
1,62.0,6
15,0.0,11
209,1.0,10
131,593.0,1
6,335.0,3
9,385.0,2
3,124.0,5
210,28.0,8
10,134.0,4
5,47.0,7
4,8.0,9
1,62.0,6
15,0.0,11
209,1.0,10
6,375.0,3
1,74.0,6
131,722.0,1
15,0.0,11
6,347.0,3
4,8.0,9
5,55.0,7
10,138.0,4
3,130.0,5
210,29.0,8
9,400.0,2
131,636.0,1
1,74.0,6
209,1.0,10
15,0.0,11
6,365.0,3
4,8.0,9
5,55.0,7
10,145.0,4
3,136.0,5
210,29.0,8
9,427.0,2
131,679.0,1
209,1.0,10
9,446.0,2
3,136.0,5
210,29.0,8
10,163.0,4
5,63.0,7
4,8.0,9
1,75.0,6
15,2.0,10
209,1.0,11
131,765.0,1
6,398.0,3
9,468.0,2
3,138.0,5
210,29.0,8
10,173.0,4
5,63.0,7
4,8.0,9
1,76.0,6
15,2.0,10
209,1.0,11
131,33.0,2
9,10.0,3
3,8.0,4
10,7.0,5
5,6.0,6
4,0.0,7
15,0.0,8
1,0.0,9
210,0.0,10
6,65.0,2
131,66.0,1
9,37.0,3
3,8.0,6
10,10.0,5
5,12.0,4
4,0.0,8
15,0.0,9
1,0.0,10
210,4.0,7
6,102.0,1
131,99.0,2
9,47.0,3
3,16.0,5
10,17.0,4
5,12.0,6
4,2.0,8
15,0.0,9
1,0.0,10
210,8.0,7
6,135.0,2
131,136.0,1
9,57.0,3
3,18.0,5
10,31.0,4
5,13.0,6
4,6.0,8
15,0.0,9
1,0.0,10
210,8.0,7
6,153.0,2
131,161.0,1
9,72.0,3
3,18.0,6
10,53.0,4
5,21.0,5
4,14.0,7
15,4.0,9
1,0.0,10
210,9.0,8
6,196.0,1
131,179.0,2
9,97.0,3
3,20.0,6
10,53.0,4
5,29.0,5
4,14.0,7
15,4.0,9
1,0.0,10
210,14.0,8
6,214.0,2
131,222.0,1
9,112.0,3
3,22.0,6
10,71.0,4
5,29.0,5
4,18.0,7
15,4.0,9
1,0.0,10
210,15.0,8
6,226.0,2
131,250.0,1
9,137.0,3
3,37.0,5
10,79.0,4
5,33.0,6
4,18.0,8
15,5.0,9
1,2.0,10
210,21.0,7
6,254.0,2
131,287.0,1
9,152.0,3
3,40.0,5
10,89.0,4
5,33.0,6
4,18.0,8
15,5.0,9
1,2.0,10
210,29.0,7
6,275.0,2
131,330.0,1
9,174.0,3
3,41.0,5
10,95.0,4
5,33.0,6
4,26.0,8
15,5.0,9
1,2.0,10
210,29.0,7
6,318.0,2
131,357.0,1
9,184.0,3
3,41.0,5
10,101.0,4
5,39.0,6
4,26.0,8
15,5.0,10
1,11.0,9
210,29.0,7
6,348.0,2
131,392.0,1
9,199.0,3
3,45.0,5
10,103.0,4
5,40.0,6
4,34.0,8
15,5.0,10
1,11.0,9
210,35.0,7
6,373.0,2
131,435.0,1
9,212.0,3
3,55.0,5
10,113.0,4
5,40.0,6
4,34.0,8
15,5.0,10
1,11.0,9
210,35.0,7
6,373.0,2
131,475.0,1
9,230.0,3
3,59.0,5
10,124.0,4
5,52.0,6
4,42.0,7
15,5.0,10
1,17.0,9
210,37.0,8
6,385.0,2
131,503.0,1
9,270.0,3
3,65.0,5
10,133.0,4
5,52.0,6
4,42.0,7
15,5.0,10
1,23.0,9
210,37.0,8
6,395.0,2
131,540.0,1
9,303.0,3
3,66.0,5
10,147.0,4
5,52.0,6
4,42.0,8
15,5.0,10
1,23.0,9
210,43.0,7
6,428.0,2
131,575.0,1
9,315.0,3
3,68.0,5
10,159.0,4
5,53.0,6
4,48.0,7
15,5.0,10
1,23.0,9
210,43.0,8
6,455.0,2
131,595.0,1
9,340.0,3
3,76.0,5
10,175.0,4
5,53.0,6
4,48.0,7
15,5.0,10
1,24.0,9
210,47.0,8
6,495.0,2
131,625.0,1
9,358.0,3
3,82.0,5
10,177.0,4
5,53.0,6
4,49.0,7
15,5.0,10
1,28.0,9
210,47.0,8
6,522.0,2
131,668.0,1
9,368.0,3
3,83.0,5
10,187.0,4
5,53.0,7
4,57.0,6
15,5.0,10
1,30.0,9
210,47.0,8
6,40.0,1
131,22.0,2
9,20.0,3
1,12.0,4
4,7.0,5
10,0.0,6
15,0.0,7
3,0.0,8
5,0.0,9
210,0.0,10
210,10.0,7
15,2.0,8
5,12.0,6
3,0.0,10
9,20.0,4
1,22.0,3
4,15.0,5
10,1.0,9
131,55.0,2
6,65.0,1
6,84.0,2
131,85.0,1
9,55.0,3
1,28.0,4
4,25.0,5
10,1.0,9
15,2.0,8
3,0.0,10
5,12.0,6
210,11.0,7
6,114.0,1
131,110.0,2
9,55.0,3
1,36.0,4
4,35.0,5
10,16.0,6
15,10.0,9
3,4.0,10
5,13.0,7
210,11.0,8
6,126.0,2
131,153.0,1
9,80.0,3
1,40.0,5
4,41.0,4
10,18.0,7
15,11.0,9
3,4.0,10
5,13.0,8
210,19.0,6
6,156.0,2
131,178.0,1
9,107.0,3
1,40.0,5
4,46.0,4
10,26.0,6
15,11.0,9
3,4.0,10
5,19.0,7
210,19.0,8
6,189.0,2
131,206.0,1
9,134.0,3
1,40.0,5
4,56.0,4
10,28.0,6
15,12.0,9
3,4.0,10
5,19.0,7
210,19.0,8
6,214.0,2
131,237.0,1
9,164.0,3
1,40.0,5
4,62.0,4
10,28.0,6
15,13.0,9
3,4.0,10
5,19.0,8
210,27.0,7
6,247.0,1
131,237.0,2
9,189.0,3
1,44.0,6
4,62.0,4
10,42.0,7
15,16.0,9
3,4.0,10
5,19.0,8
210,49.0,5
6,287.0,1
131,267.0,2
9,199.0,3
1,48.0,7
4,70.0,4
10,49.0,6
15,16.0,9
3,4.0,10
5,19.0,8
210,51.0,5
6,302.0,2
131,310.0,1
9,211.0,3
1,48.0,7
4,80.0,4
10,59.0,5
15,18.0,9
3,4.0,10
5,20.0,8
210,59.0,6
6,335.0,2
131,345.0,1
9,223.0,3
1,52.0,7
4,82.0,4
10,59.0,6
15,18.0,9
3,4.0,10
5,28.0,8
210,66.0,5
6,360.0,2
131,375.0,1
9,238.0,3
1,52.0,6
4,82.0,4
10,18.0,9
15,19.0,8
3,4.0,10
5,30.0,7
210,76.0,5
5,30.0,8
3,7.0,10
10,32.0,7
1,52.0,6
131,415.0,1
210,76.0,5
15,19.0,9
6,390.0,2
9,248.0,3
4,86.0,4
6,415.0,2
131,452.0,1
9,274.0,3
1,58.0,6
4,91.0,4
10,32.0,7
15,21.0,9
3,7.0,10
5,30.0,8
210,76.0,5
6,442.0,2
131,495.0,1
9,292.0,3
1,58.0,6
4,91.0,4
10,35.0,7
15,27.0,9
3,7.0,10
5,30.0,8
210,80.0,5
6,460.0,2
131,538.0,1
9,319.0,3
1,58.0,6
4,92.0,4
10,43.0,7
15,27.0,9
3,7.0,10
5,30.0,8
210,84.0,5
210,84.0,5
5,32.0,8
3,7.0,10
10,47.0,7
1,58.0,6
131,563.0,1
15,28.0,9
6,497.0,2
9,337.0,3
4,106.0,4
6,530.0,2
131,585.0,1
9,362.0,3
1,62.0,6
4,114.0,4
10,47.0,7
15,36.0,8
3,7.0,10
5,33.0,9
210,84.0,5
6,553.0,2
131,620.0,1
9,392.0,3
1,62.0,6
4,114.0,4
10,48.0,7
15,42.0,8
3,7.0,10
5,33.0,9
210,90.0,5
6,571.0,2
131,655.0,1
9,419.0,3
1,62.0,6
4,122.0,4
10,52.0,7
15,48.0,8
3,7.0,10
5,33.0,9
210,93.0,5
4,6.0,5
210,8.0,4
6,22.0,2
9,15.0,3
131,44.0,1
51,4.0,6
211,2.0,7
5,1.0,8
1,0.0,9
3,0.0,10
131,130.0,1
3,0.0,10
5,3.0,8
6,48.0,2
1,8.0,5
51,10.0,4
9,31.0,3
211,3.0,9
4,6.0,7
210,8.0,6
131,87.0,1
9,52.0,3
6,73.0,2
210,8.0,6
4,12.0,4
51,12.0,5
211,7.0,8
5,4.0,9
1,8.0,7
3,0.0,10
131,173.0,1
9,64.0,3
6,99.0,2
210,8.0,8
4,12.0,7
51,13.0,6
211,17.0,5
5,4.0,9
1,18.0,4
3,0.0,10
131,217.0,1
9,87.0,3
6,121.0,2
210,15.0,6
4,12.0,8
51,13.0,7
211,17.0,5
5,6.0,9
1,22.0,4
3,0.0,10
131,257.0,1
9,110.0,3
6,139.0,2
210,16.0,6
4,14.0,8
51,13.0,9
211,17.0,5
5,16.0,7
1,30.0,4
3,0.0,10
131,295.0,1
9,124.0,3
6,172.0,2
210,16.0,8
4,28.0,5
51,13.0,9
211,19.0,6
5,17.0,7
1,30.0,4
3,0.0,10
3,0.0,10
5,17.0,8
9,169.0,3
131,363.0,1
1,40.0,4
211,19.0,6
4,32.0,5
51,19.0,7
210,16.0,9
6,198.0,2
9,137.0,3
131,338.0,1
6,228.0,2
210,16.0,9
4,32.0,5
51,22.0,6
211,19.0,7
5,17.0,8
1,52.0,4
3,0.0,10
131,407.0,1
9,191.0,3
6,243.0,2
210,16.0,9
4,39.0,5
51,26.0,6
211,19.0,7
5,19.0,8
1,60.0,4
3,0.0,10
1,70.0,4
5,42.0,5
51,26.0,9
210,26.0,8
6,261.0,2
3,1.0,10
9,217.0,3
211,31.0,7
4,39.0,6
131,409.0,1
131,438.0,1
9,244.0,3
6,288.0,2
210,26.0,9
4,39.0,6
51,32.0,7
211,31.0,8
5,43.0,5
1,82.0,4
3,1.0,10
131,471.0,1
9,254.0,3
6,326.0,2
210,26.0,9
4,43.0,6
51,32.0,8
211,40.0,7
5,51.0,5
1,82.0,4
3,1.0,10
131,505.0,1
9,266.0,3
6,351.0,2
210,26.0,9
4,65.0,5
51,34.0,8
211,46.0,7
5,51.0,6
1,83.0,4
3,1.0,10
131,527.0,1
9,289.0,3
6,394.0,2
210,26.0,9
4,67.0,5
51,35.0,8
211,46.0,7
5,55.0,6
1,89.0,4
3,1.0,10
131,571.0,1
9,311.0,3
6,409.0,2
210,28.0,9
4,68.0,5
51,35.0,8
211,52.0,7
5,55.0,6
1,101.0,4
3,1.0,10
3,1.0,10
1,111.0,4
5,62.0,6
211,58.0,7
51,35.0,8
6,435.0,2
9,323.0,3
210,28.0,9
4,68.0,5
131,612.0,1
3,1.0,10
1,111.0,4
5,64.0,6
211,64.0,7
51,35.0,8
6,466.0,2
9,341.0,3
210,28.0,9
4,73.0,5
131,652.0,1
131,695.0,1
9,366.0,3
6,479.0,2
210,28.0,9
4,83.0,5
51,35.0,8
211,65.0,6
5,64.0,7
1,121.0,4
3,1.0,10
131,701.0,1
9,391.0,3
6,479.0,2
210,28.0,9
4,91.0,5
51,57.0,8
211,67.0,7
5,83.0,6
1,140.0,4
3,1.0,10
131,739.0,1
9,417.0,3
6,504.0,2
210,28.0,9
4,91.0,5
51,57.0,8
211,73.0,7
5,85.0,6
1,145.0,4
3,1.0,10
210,1.0,9
9,78.0,2
3,0.0,10
51,2.0,8
4,32.0,6
213,13.0,7
211,42.0,5
1,51.0,3
6,43.0,4
131,146.0,1
131,366.0,1
210,0.0,10
9,0.0,9
3,0.0,8
51,2.0,7
4,4.0,6
213,6.0,5
211,8.0,4
1,26.0,2
6,19.0,3
131,37.0,1
131,80.0,1
6,19.0,5
1,39.0,2
211,22.0,4
213,7.0,7
4,8.0,6
51,2.0,8
3,0.0,9
9,27.0,3
210,0.0,10
9,55.0,2
3,0.0,10
4,12.0,6
213,7.0,7
211,40.0,4
6,27.0,5
1,41.0,3
210,1.0,9
51,2.0,8
131,121.0,1
131,180.0,1
6,55.0,3
1,53.0,4
211,41.0,5
213,14.0,7
4,36.0,6
51,2.0,8
3,0.0,10
9,113.0,2
210,1.0,9
131,221.0,1
6,61.0,5
1,62.0,4
211,63.0,3
213,16.0,7
4,36.0,6
51,2.0,8
3,0.0,10
9,135.0,2
210,1.0,9
131,264.0,1
6,61.0,5
1,68.0,3
211,66.0,4
213,20.0,7
4,59.0,6
51,2.0,8
3,0.0,10
9,158.0,2
210,1.0,9
131,281.0,1
6,61.0,6
1,98.0,3
211,82.0,4
213,47.0,7
4,71.0,5
51,2.0,8
3,0.0,10
9,158.0,2
210,1.0,9
131,325.0,1
6,66.0,6
1,106.0,3
211,92.0,4
213,53.0,7
4,83.0,5
51,4.0,8
3,0.0,10
9,173.0,2
210,1.0,9
6,74.0,6
1,106.0,3
211,104.0,4
213,59.0,7
4,99.0,5
51,4.0,8
3,0.0,10
9,192.0,2
210,1.0,9
131,391.0,1
6,80.0,6
1,116.0,4
211,120.0,3
213,67.0,7
4,114.0,5
51,5.0,8
3,0.0,10
9,211.0,2
210,3.0,9
131,435.0,1
6,93.0,6
1,124.0,4
211,126.0,3
213,77.0,7
4,120.0,5
51,5.0,8
3,0.0,10
9,226.0,2
210,3.0,9
131,479.0,1
6,103.0,6
1,134.0,4
211,134.0,5
213,89.0,7
4,135.0,3
51,8.0,8
3,0.0,10
9,226.0,2
210,3.0,9
131,504.0,1
6,130.0,6
1,149.0,4
211,154.0,3
213,89.0,7
4,136.0,5
51,8.0,8
3,0.0,10
9,240.0,2
210,3.0,9
131,533.0,1
6,131.0,6
1,171.0,3
211,154.0,4
213,97.0,7
4,144.0,5
51,8.0,8
3,0.0,10
9,274.0,2
210,3.0,9
131,540.0,1
6,131.0,6
1,184.0,4
211,194.0,3
213,103.0,7
4,172.0,5
51,8.0,8
3,0.0,10
9,282.0,2
210,3.0,9
131,573.0,1
6,131.0,6
1,202.0,3
211,195.0,4
213,107.0,7
4,181.0,5
51,8.0,8
3,0.0,10
9,319.0,2
210,3.0,9
210,0.0,10
3,23.0,8
214,137.0,5
51,11.0,9
117,77.0,7
213,112.0,6
6,297.5,3
1,258.0,4
9,541.5,2
131,546.5,1
131,41.0,1
9,28.0,2
1,18.0,3
6,12.0,4
213,2.0,5
117,1.0,6
51,0.0,7
214,0.0,8
3,0.0,9
210,0.0,10
3,0.0,9
51,0.0,8
210,0.0,10
9,53.0,2
1,41.0,3
214,3.0,7
117,5.0,6
213,8.0,5
6,34.0,4
131,60.0,1
131,101.0,1
9,83.0,2
1,53.0,3
6,42.0,4
213,9.0,6
117,5.0,7
51,0.0,8
214,13.0,5
3,0.0,9
210,0.0,10
131,141.0,1
9,112.0,2
1,65.0,3
6,60.0,4
213,10.0,6
117,5.0,7
51,0.0,8
214,15.0,5
3,0.0,9
210,0.0,10
131,148.0,2
9,149.0,1
1,80.0,3
6,78.0,4
213,18.0,6
117,19.0,5
51,1.0,8
214,17.0,7
3,0.0,9
210,0.0,10
131,148.0,2
9,174.0,1
1,92.0,4
6,94.0,3
213,39.0,5
117,37.0,6
51,2.0,8
214,25.0,7
3,0.0,10
210,0.0,9
131,178.0,2
9,215.0,1
1,110.0,3
6,94.0,4
213,45.0,5
117,40.0,6
51,2.0,8
214,29.0,7
3,0.0,9
210,0.0,10
131,212.0,2
9,252.0,1
1,120.0,3
6,108.0,4
213,46.0,5
117,44.0,6
51,2.0,8
214,31.0,7
3,0.0,9
210,0.0,10
210,0.0,10
213,48.0,5
6,122.0,4
3,0.0,9
214,32.0,7
51,2.0,8
117,44.0,6
1,141.0,3
9,286.0,1
131,242.0,2
131,285.0,2
9,289.0,1
1,163.0,3
6,148.0,4
213,49.0,5
117,48.0,6
51,2.0,8
214,40.0,7
3,0.0,9
210,0.0,10
214,77.0,5
51,3.0,9
117,48.0,7
213,68.0,6
1,163.0,4
210,0.0,10
3,10.0,8
6,163.0,3
9,291.0,2
131,303.0,1
131,310.5,1
9,303.5,2
1,169.0,3
6,165.5,4
213,72.0,6
117,53.0,7
51,3.0,9
214,80.0,5
3,20.0,8
210,0.0,10
131,344.5,1
9,332.5,2
1,170.0,4
6,181.5,3
213,84.0,6
117,53.0,7
51,3.0,9
214,90.0,5
3,20.0,8
210,0.0,10
131,362.5,1
9,344.5,2
1,215.0,3
6,201.5,4
213,84.0,6
117,59.0,7
51,3.0,9
214,95.0,5
3,22.0,8
210,0.0,10
131,397.5,1
9,364.5,2
1,234.0,3
6,216.5,4
213,84.0,6
117,59.0,7
51,7.0,9
214,103.0,5
3,23.0,8
210,0.0,10
131,433.5,1
9,397.5,2
1,240.0,3
6,232.5,4
213,92.0,6
117,61.0,7
51,7.0,9
214,104.0,5
3,23.0,8
210,0.0,10
131,460.5,1
9,437.5,2
1,254.0,3
6,250.5,4
213,94.0,6
117,62.0,7
51,7.0,9
214,104.0,5
3,23.0,8
210,0.0,10
131,478.5,1
9,477.5,2
1,255.0,4
6,268.5,3
213,106.0,6
117,68.0,7
51,11.0,9
214,106.0,5
3,23.0,8
210,0.0,10
131,521.5,1
9,510.5,2
1,256.0,4
6,287.5,3
213,112.0,6
117,68.0,7
51,11.0,9
214,112.0,5
3,23.0,8
210,0.0,10
131,587.5,1
9,559.5,2
1,269.0,4
6,307.5,3
213,120.0,6
117,77.0,7
51,13.0,9
214,149.0,5
3,23.0,8
210,0.0,10
131,613.5,1
9,585.5,2
1,275.0,4
6,323.5,3
213,142.0,6
117,77.0,7
51,13.0,9
214,155.0,5
3,23.0,8
210,0.0,10
9,0.0,10
1,0.0,9
3,0.0,8
117,0.0,7
213,4.0,6
214,8.0,5
51,9.0,4
210,10.0,3
131,27.0,2
6,44.0,1
18,0.0,9
18,0.0,9
18,0.0,9
18,0.0,9
18,0.0,9
6,78.0,1
131,38.0,2
210,12.0,5
51,9.0,6
214,16.0,4
213,8.0,7
117,0.0,9
3,0.0,10
1,6.0,8
9,37.0,3
6,104.0,1
131,65.0,2
210,12.0,7
51,13.0,6
214,22.0,5
213,10.0,8
117,0.0,10
3,1.0,9
1,24.0,4
9,55.0,3
6,124.0,1
131,77.0,3
210,15.0,8
51,25.0,5
214,22.0,6
213,16.0,7
117,5.0,9
3,1.0,10
1,46.0,4
9,113.0,2
6,157.0,1
131,95.0,3
210,15.0,8
51,31.0,5
214,26.0,6
213,16.0,7
117,6.0,9
3,3.0,10
1,46.0,4
9,151.0,2
6,169.0,2
131,120.0,3
210,15.0,8
51,39.0,5
214,34.0,6
213,17.0,7
117,6.0,9
3,3.0,10
1,50.0,4
9,195.0,1
6,199.0,2
131,134.0,3
210,15.0,8
51,41.0,5
214,40.0,6
213,17.0,7
117,7.0,9
3,3.0,10
1,59.0,4
9,235.0,1
6,199.0,2
131,161.0,3
210,15.0,8
51,41.0,6
214,47.0,5
213,27.0,7
117,15.0,9
3,3.0,10
1,65.0,4
9,279.0,1
9,304.0,1
1,65.0,4
3,3.0,10
213,27.0,7
210,15.0,9
6,228.0,2
131,188.0,3
117,16.0,8
214,57.0,5
51,51.0,6
6,265.0,2
131,204.0,3
210,20.0,8
51,51.0,6
214,67.0,5
213,27.0,7
117,18.0,9
3,3.0,10
1,73.0,4
9,328.0,1
6,303.0,2
131,237.0,3
210,34.0,7
51,51.0,6
214,81.0,5
213,27.0,8
117,18.0,9
3,3.0,10
1,81.0,4
9,359.0,1
6,314.0,2
131,270.0,3
210,34.0,7
51,51.0,6
214,93.0,4
213,27.0,8
117,19.0,9
3,3.0,10
1,89.0,5
9,396.0,1
6,334.0,2
131,304.0,3
210,34.0,7
51,51.0,6
214,99.0,4
213,27.0,8
117,20.0,9
3,3.0,10
1,95.0,5
9,431.0,1
6,357.0,2
131,316.0,3
210,34.0,7
51,51.0,6
214,115.0,4
213,29.0,8
117,24.0,9
3,4.0,10
1,95.0,5
9,475.0,1
6,376.0,2
131,346.0,3
210,34.0,7
51,51.0,6
214,125.0,4
213,29.0,8
117,25.0,9
3,4.0,10
1,101.0,5
9,511.0,1
6,406.0,2
131,371.0,3
210,34.0,7
51,52.0,6
214,125.0,4
213,33.0,8
117,25.0,9
3,6.0,10
1,107.0,5
9,545.0,1
6,439.0,2
131,373.0,3
210,34.0,8
51,52.0,6
214,125.0,5
213,34.0,9
117,37.0,7
3,6.0,10
1,129.0,4
9,576.0,1
9,619.0,1
1,130.0,5
213,34.0,9
210,34.0,8
6,454.0,2
3,8.0,10
131,387.0,3
214,143.0,4
117,45.0,7
51,52.0,6
3,8.0,10
1,138.0,5
214,149.0,4
6,469.0,2
117,49.0,7
213,35.0,9
51,52.0,6
210,36.0,8
131,416.0,3
9,696.0,1
1,146.0,5
213,35.0,9
210,36.0,8
6,487.0,2
3,8.0,10
131,447.0,3
214,153.0,4
117,49.0,7
51,53.0,6
9,656.0,1
6,524.0,2
131,505.0,3
210,37.0,8
51,55.0,6
214,167.0,4
213,35.0,9
117,50.0,7
3,8.0,10
1,148.0,5
9,719.0,1
6,554.0,2
131,515.0,3
210,37.0,8
51,55.0,6
214,173.0,4
213,35.0,9
117,55.0,7
3,8.0,10
1,159.0,5
9,759.0,1
1,0.0,10
210,0.0,9
213,0.0,8
3,1.0,7
214,2.0,6
51,4.0,5
131,16.0,3
6,12.0,4
117,23.0,2
9,43.0,1
117,65.0,2
9,123.0,1
1,0.0,10
213,0.0,9
3,1.0,8
51,4.0,6
6,26.0,4
210,1.0,7
214,8.0,5
117,38.0,2
131,38.0,3
9,87.0,1
6,26.0,4
131,56.0,3
51,6.0,8
214,8.0,6
3,1.0,10
213,1.0,9
210,7.0,7
1,12.0,5
9,180.0,1
117,87.0,2
6,62.0,4
131,76.0,3
51,6.0,8
214,8.0,6
3,1.0,10
213,2.0,9
210,7.0,7
1,14.0,5
9,224.0,1
117,102.0,2
6,78.0,4
131,96.0,3
51,6.0,8
214,14.0,6
3,1.0,10
213,2.0,9
210,8.0,7
1,14.0,5
9,249.0,1
117,120.0,2
6,90.0,4
131,119.0,3
51,6.0,8
214,35.0,5
3,1.0,10
213,2.0,9
210,8.0,7
1,17.0,6
9,287.0,1
117,134.0,3
6,100.0,4
131,152.0,2
51,8.0,8
214,40.0,5
3,1.0,10
213,2.0,9
210,8.0,7
1,17.0,6
1,17.0,6
210,8.0,8
213,2.0,10
3,7.0,9
214,44.0,5
51,9.0,7
131,167.0,2
6,122.0,4
117,154.0,3
9,321.0,1
210,11.0,7
3,7.0,9
6,154.0,4
117,175.0,3
213,2.0,10
1,29.0,6
214,47.0,5
9,377.0,1
51,9.0,8
131,178.0,2
9,411.0,1
117,181.0,3
6,157.0,4
131,203.0,2
51,9.0,9
214,47.0,6
3,11.0,7
213,2.0,10
210,11.0,8
1,59.0,5
9,452.0,1
117,184.0,3
6,167.0,4
131,223.0,2
51,9.0,9
214,47.0,6
3,11.0,7
213,2.0,10
210,11.0,8
1,87.0,5
9,503.0,1
117,196.0,3
6,191.0,4
131,247.0,2
51,9.0,9
214,57.0,6
3,11.0,7
213,3.0,10
210,11.0,8
1,103.0,5
9,540.0,1
117,215.0,3
6,201.0,4
131,255.0,2
51,9.0,9
214,73.0,6
3,15.0,7
213,3.0,10
210,11.0,8
1,111.0,5
9,583.0,1
117,217.0,4
6,228.0,3
131,273.0,2
51,10.0,9
214,73.0,6
3,21.0,7
213,3.0,10
210,11.0,8
1,115.0,5
9,597.0,1
117,217.0,4
6,265.0,3
131,289.0,2
51,10.0,9
214,81.0,6
3,21.0,7
213,5.0,10
210,12.0,8
1,139.0,5
9,623.0,1
117,221.0,4
6,285.0,3
131,305.0,2
51,10.0,9
214,84.0,6
3,21.0,7
213,5.0,10
210,12.0,8
1,172.0,5
213,5.0,10
214,90.0,6
1,219.0,5
210,12.0,9
3,23.0,7
51,16.0,8
131,326.0,2
6,298.0,3
117,230.0,4
9,657.0,1
210,12.0,9
3,26.0,7
6,322.0,3
1,242.0,4
213,10.0,10
214,100.0,6
51,16.0,8
131,344.0,2
117,236.0,5
9,706.0,1
9,731.0,1
117,236.0,5
6,349.0,3
131,371.0,2
51,16.0,9
214,101.0,6
3,28.0,7
213,16.0,8
210,12.0,10
1,256.0,4
9,782.0,1
117,261.0,5
6,362.0,3
131,382.0,2
51,16.0,9
214,108.0,6
3,28.0,7
213,21.0,8
210,12.0,10
1,282.0,4
9,822.0,1
117,273.0,5
6,388.0,3
131,392.0,2
51,16.0,9
214,120.0,6
3,28.0,7
213,21.0,8
210,12.0,10
1,284.0,4
9,860.0,1
117,280.0,5
6,406.0,3
131,409.0,2
51,16.0,9
214,120.0,6
3,28.0,7
213,25.0,8
210,12.0,10
1,302.0,4
9,44.0,1
6,27.0,2
131,16.0,3
1,12.0,4
117,3.0,5
15,0.0,6
210,0.0,7
215,0.0,8
3,0.0,9
214,0.0,10
9,87.0,1
6,49.0,2
131,26.0,4
1,28.0,3
117,13.0,5
15,0.0,8
210,1.0,6
215,0.0,9
3,0.0,7
214,0.0,10
214,0.0,10
215,6.0,6
15,0.0,9
117,25.0,5
1,55.0,3
131,26.0,4
3,0.0,8
210,4.0,7
6,93.0,2
9,97.0,1
9,141.0,1
6,120.0,2
131,34.0,4
1,69.0,3
117,33.0,5
15,0.0,9
210,4.0,7
215,7.0,6
3,0.0,8
214,0.0,10
6,187.0,2
9,239.0,1
214,0.0,9
215,7.0,6
210,5.0,7
15,0.0,10
117,40.0,5
6,151.0,2
3,0.0,8
1,96.0,3
131,52.0,4
9,195.0,1
131,64.0,4
1,124.0,3
117,42.0,5
15,0.0,10
210,7.0,7
215,19.0,6
3,0.0,9
214,1.0,8
9,268.0,1
6,212.0,2
131,79.0,4
1,154.0,3
117,44.0,5
15,0.0,10
210,7.0,7
215,20.0,6
3,0.0,9
214,1.0,8
9,276.0,1
6,252.0,2
131,96.0,4
1,184.0,3
117,44.0,5
15,0.0,10
210,7.0,7
215,24.0,6
3,2.0,8
214,2.0,9
9,301.0,1
6,252.0,2
131,124.0,4
1,212.0,3
117,58.0,5
15,0.0,10
210,7.0,7
215,28.0,6
3,2.0,9
214,5.0,8
9,330.0,1
6,270.0,2
131,151.0,4
1,237.0,3
117,58.0,5
15,0.0,10
210,7.0,8
215,28.0,6
3,2.0,9
214,8.0,7
9,355.0,1
6,291.0,2
131,196.0,4
1,268.0,3
117,58.0,5
15,0.0,10
210,19.0,7
215,30.0,6
3,2.0,9
214,9.0,8
9,373.0,1
6,302.0,2
131,221.0,4
1,295.0,3
117,68.0,5
15,0.0,10
210,27.0,7
215,31.0,6
3,4.0,9
214,9.0,8
