raceId,driverId,points,position,wins
18,1,10.0,1,1
18,2,8.0,2,0
18,3,6.0,3,0
18,4,5.0,4,0
18,5,4.0,5,0
18,6,3.0,6,0
18,7,2.0,7,0
18,8,1.0,8,0
19,1,14.0,1,1
19,2,11.0,3,0
19,3,6.0,6,0
19,4,6.0,7,0
19,5,10.0,4,0
19,6,3.0,9,0
19,7,2.0,10,0
19,8,11.0,2,1
19,9,8.0,5,0
19,15,5.0,8,0
19,17,2.0,11,0
19,14,0.0,12,0
19,18,0.0,13,0
19,12,0.0,14,0
19,21,0.0,15,0
19,22,0.0,16,0
19,19,0.0,17,0
19,11,0.0,18,0
20,1,14.0,3,1
20,2,16.0,2,0
20,3,7.0,8,0
20,4,6.0,9,0
20,5,14.0,5,0
20,6,3.0,11,0
20,7,2.0,12,0
20,8,19.0,1,1
20,9,14.0,4,0
20,15,8.0,7,0
20,17,4.0,10,0
20,14,0.0,13,0
20,18,0.0,15,0
20,12,0.0,17,0
20,21,0.0,18,0
20,22,0.0,16,0
20,19,0.0,19,0
20,11,0.0,20,0
20,13,10.0,6,1
20,10,0.0,14,0
20,16,0.0,21,0
21,1,20.0,2,1
21,2,16.0,5,0
21,3,7.0,9,0
21,4,6.0,10,0
21,5,14.0,6,0
21,6,5.0,11,0
21,7,2.0,13,0
21,8,29.0,1,2
21,9,19.0,3,0
21,15,9.0,7,0
21,17,8.0,8,0
21,14,0.0,15,0
21,18,3.0,12,0
21,12,0.0,18,0
21,21,0.0,16,0
21,22,0.0,17,0
21,19,0.0,20,0
21,11,0.0,19,0
21,13,18.0,4,1
21,10,0.0,14,0
21,16,0.0,21,0
22,1,28.0,3,1
22,2,20.0,5,0
22,3,8.0,10,0
22,4,9.0,8,0
22,5,14.0,6,0
22,6,5.0,11,0
22,7,2.0,13,0
22,8,35.0,1,2
22,9,24.0,4,0
22,15,9.0,9,0
22,17,10.0,7,0
22,14,0.0,14,0
22,18,3.0,12,0
22,12,0.0,18,0
22,21,0.0,16,0
22,22,0.0,17,0
22,19,0.0,20,0
22,11,0.0,19,0
22,13,28.0,2,2
22,10,0.0,15,0
22,16,0.0,21,0
22,20,0.0,22,0
23,1,38.0,1,2
23,2,20.0,5,0
23,3,8.0,10,0
23,4,9.0,8,0
23,5,15.0,6,0
23,6,7.0,11,0
23,7,2.0,15,0
23,8,35.0,2,2
23,9,32.0,4,0
23,15,9.0,9,0
23,17,15.0,7,0
23,14,0.0,16,0
23,18,3.0,13,0
23,12,0.0,19,0
23,21,0.0,18,0
23,22,3.0,14,0
23,19,0.0,21,0
23,11,0.0,20,0
23,13,34.0,3,2
23,10,0.0,17,0
23,16,0.0,22,0
23,20,4.0,12,0
24,1,38.0,2,2
24,2,28.0,5,0
24,3,8.0,10,0
24,4,9.0,9,0
24,5,15.0,6,0
24,6,7.0,11,0
24,7,2.0,17,0
24,8,35.0,4,2
24,9,42.0,1,1
24,15,12.0,8,0
24,17,15.0,7,0
24,14,6.0,12,0
24,18,3.0,16,0
24,12,0.0,19,0
24,21,0.0,18,0
24,22,5.0,15,0
24,19,0.0,21,0
24,11,0.0,20,0
24,13,38.0,3,2
24,10,5.0,13,0
24,16,0.0,22,0
24,20,5.0,14,0
25,1,38.0,4,2
25,2,28.0,5,0
25,3,8.0,10,0
25,4,10.0,9,0
25,5,20.0,6,0
25,6,7.0,11,0
25,7,2.0,18,0
25,8,43.0,3,2
25,9,46.0,2,1
25,15,18.0,7,0
25,17,18.0,8,0
25,14,6.0,12,0
25,18,3.0,16,0
25,12,2.0,17,0
25,21,0.0,19,0
25,22,5.0,15,0
25,19,0.0,21,0
25,11,0.0,20,0
25,13,48.0,1,3
25,10,5.0,13,0
25,16,0.0,22,0
25,20,5.0,14,0
26,1,48.0,1,3
26,2,36.0,5,0
26,3,8.0,11,0
26,4,13.0,9,0
26,5,24.0,6,0
26,6,8.0,12,0
26,7,2.0,17,0
26,8,48.0,3,2
26,9,46.0,4,1
26,15,20.0,7,0
26,17,18.0,8,0
26,14,6.0,13,0
26,18,3.0,16,0
26,12,2.0,18,0
26,21,0.0,19,0
26,22,11.0,10,0
26,19,0.0,21,0
26,11,0.0,20,0
26,13,48.0,2,3
26,10,5.0,14,0
26,16,0.0,22,0
26,20,5.0,15,0
27,1,58.0,1,4
27,2,41.0,5,0
27,3,8.0,12,0
27,4,13.0,9,0
27,5,28.0,6,0
27,6,8.0,13,0
27,7,2.0,18,0
27,8,51.0,3,2
27,9,48.0,4,1
27,15,20.0,7,0
27,17,18.0,8,0
27,14,6.0,14,0
27,18,3.0,17,0
27,12,10.0,11,0
27,21,0.0,19,0
27,22,11.0,10,0
27,19,0.0,22,0
27,11,0.0,20,0
27,13,54.0,2,3
27,10,5.0,16,0
27,16,0.0,21,0
27,20,6.0,15,0
28,1,62.0,1,4
28,2,41.0,5,0
28,3,8.0,13,0
28,4,18.0,8,0
28,5,38.0,6,1
28,6,8.0,14,0
28,7,2.0,18,0
28,8,57.0,2,2
28,9,49.0,4,1
28,15,22.0,7,0
28,17,18.0,9,0
28,14,6.0,15,0
28,18,3.0,17,0
28,12,13.0,11,0
28,21,0.0,19,0
28,22,11.0,12,0
28,19,0.0,22,0
28,11,0.0,20,0
28,13,54.0,3,3
28,10,13.0,10,0
28,16,0.0,21,0
28,20,6.0,16,0
29,1,70.0,1,4
29,2,41.0,6,0
29,3,9.0,13,0
29,4,18.0,8,0
29,5,43.0,5,1
29,6,8.0,15,0
29,7,2.0,18,0
29,8,57.0,3,2
29,9,55.0,4,1
29,15,26.0,7,0
29,17,18.0,9,0
29,14,6.0,16,0
29,18,3.0,17,0
29,12,13.0,11,0
29,21,0.0,19,0
29,22,11.0,12,0
29,19,0.0,22,0
29,11,0.0,20,0
29,13,64.0,2,4
29,10,15.0,10,0
29,16,0.0,21,0
29,20,9.0,14,0
30,1,76.0,1,4
30,2,49.0,5,0
30,3,9.0,14,0
30,4,23.0,8,0
30,5,43.0,6,1
30,6,8.0,15,0
30,7,4.0,17,0
30,8,57.0,4,2
30,9,58.0,3,1
30,15,26.0,7,0
30,17,19.0,9,0
30,14,6.0,16,0
30,18,3.0,18,0
30,12,13.0,11,0
30,21,0.0,19,0
30,22,11.0,13,0
30,19,0.0,22,0
30,11,0.0,21,0
30,13,74.0,2,5
30,10,15.0,10,0
30,16,0.0,20,0
30,20,13.0,12,0
31,1,78.0,1,4
31,2,53.0,5,0
31,3,9.0,14,0
31,4,28.0,7,0
31,5,51.0,6,1
31,6,8.0,15,0
31,7,4.0,17,0
31,8,57.0,4,2
31,9,64.0,3,1
31,15,26.0,8,0
31,17,20.0,10,0
31,14,6.0,16,0
31,18,3.0,18,0
31,12,13.0,12,0
31,21,0.0,19,0
31,22,11.0,13,0
31,19,0.0,22,0
31,11,0.0,21,0
31,13,77.0,2,5
31,10,15.0,11,0
31,16,0.0,20,0
31,20,23.0,9,1
32,1,84.0,1,4
32,2,56.0,5,0
32,3,17.0,12,0
32,4,38.0,7,1
32,5,51.0,6,1
32,6,9.0,15,0
32,7,4.0,17,0
32,8,57.0,4,2
32,9,64.0,3,1
32,15,26.0,9,0
32,17,20.0,11,0
32,14,8.0,16,0
32,18,3.0,18,0
32,12,13.0,13,0
32,21,0.0,19,0
32,22,11.0,14,0
32,19,0.0,22,0
32,11,0.0,21,0
32,13,77.0,2,5
32,10,20.0,10,0
32,16,0.0,20,0
32,20,27.0,8,1
33,1,84.0,1,4
33,2,56.0,5,0
33,3,17.0,13,0
33,4,48.0,7,2
33,5,51.0,6,1
33,6,9.0,15,0
33,7,4.0,17,0
33,8,63.0,4,2
33,9,72.0,3,1
33,15,30.0,9,0
33,17,21.0,10,0
33,14,8.0,16,0
33,18,3.0,18,0
33,12,18.0,12,0
33,21,0.0,19,0
33,22,11.0,14,0
33,19,0.0,22,0
33,11,0.0,21,0
33,13,79.0,2,5
33,10,20.0,11,0
33,16,0.0,20,0
33,20,30.0,8,1
34,20,30.0,8,1
34,16,0.0,20,0
34,10,22.0,10,0
34,13,87.0,2,5
34,11,0.0,21,0
34,19,0.0,22,0
34,22,11.0,14,0
34,21,0.0,19,0
34,12,19.0,12,0
34,18,3.0,18,0
34,14,8.0,16,0
34,17,21.0,11,0
34,15,30.0,9,0
34,9,75.0,3,1
34,8,69.0,4,2
34,7,4.0,17,0
34,6,9.0,15,0
34,5,51.0,7,1
34,4,53.0,6,2
34,3,17.0,13,0
34,2,60.0,5,0
34,1,94.0,1,5
35,1,98.0,1,5
35,2,60.0,6,0
35,3,17.0,13,0
35,4,61.0,5,2
35,5,53.0,7,1
35,6,9.0,15,0
35,7,4.0,17,0
35,8,75.0,3,2
35,9,75.0,4,1
35,15,31.0,9,0
35,17,21.0,11,0
35,14,8.0,16,0
35,18,3.0,18,0
35,12,19.0,12,0
35,21,0.0,19,0
35,22,11.0,14,0
35,19,0.0,22,0
35,11,0.0,21,0
35,13,97.0,2,6
35,10,25.0,10,0
35,16,0.0,20,0
35,20,35.0,8,1
36,16,0.0,17,0
36,19,0.0,16,0
36,18,0.0,15,0
36,24,0.0,14,0
36,17,0.0,13,0
36,11,0.0,12,0
36,22,0.0,11,0
36,5,0.0,10,0
36,15,0.0,9,0
36,23,1.0,8,0
36,3,2.0,7,0
36,13,3.0,6,0
36,21,4.0,5,0
37,9,0.0,20,0
37,26,0.0,17,0
37,25,0.0,11,0
37,16,0.0,19,0
37,19,0.0,18,0
37,18,0.0,15,0
37,24,0.0,16,0
37,17,0.0,12,0
37,11,0.0,14,0
37,22,0.0,13,0
37,5,1.0,9,0
37,15,2.0,7,0
37,23,1.0,10,0
37,13,7.0,6,0
38,27,0.0,18,0
38,9,3.0,8,0
38,26,0.0,19,0
38,25,0.0,12,0
38,16,0.0,20,0
38,19,0.0,21,0
38,18,0.0,16,0
38,24,0.0,17,0
38,17,0.0,13,0
38,11,0.0,15,0
38,22,0.0,14,0
38,5,1.0,10,0
38,15,4.0,7,0
38,23,1.0,11,0
38,3,2.0,9,0
38,13,17.0,4,1
38,21,8.0,6,0
38,2,15.0,5,0
38,1,22.0,3,0
38,4,22.0,1,1
38,8,22.0,2,1
39,14,4.0,9,0
39,27,0.0,20,0
39,9,8.0,6,0
39,26,0.0,22,0
39,25,0.0,14,0
39,16,0.0,19,0
39,19,0.0,17,0
39,18,0.0,18,0
39,24,0.0,21,0
39,17,0.0,16,0
39,11,1.0,12,0
39,22,0.0,15,0
39,5,3.0,11,0
39,15,4.0,10,0
39,23,1.0,13,0
39,3,5.0,8,0
39,21,8.0,7,0
40,14,4.0,9,0
40,27,0.0,21,0
40,9,12.0,7,0
40,26,0.0,15,0
40,25,2.0,12,0
40,16,0.0,20,0
40,19,0.0,19,0
40,18,0.0,18,0
40,24,0.0,22,0
40,17,0.0,17,0
40,11,1.0,13,0
40,22,0.0,16,0
40,5,3.0,11,0
40,15,4.0,10,0
40,23,1.0,14,0
40,3,5.0,8,0
40,21,13.0,6,0
41,14,4.0,11,0
41,27,0.0,21,0
41,9,12.0,7,0
41,26,0.0,16,0
41,25,8.0,8,0
41,16,0.0,20,0
41,19,0.0,18,0
41,18,0.0,19,0
41,24,0.0,22,0
41,11,4.0,12,0
41,5,8.0,9,0
41,23,2.0,14,0
41,3,5.0,10,0
41,13,33.0,3,2
41,2,26.0,5,0
41,4,40.0,2,2
42,20,1.0,16,0
42,14,4.0,12,0
42,27,0.0,22,0
42,9,12.0,7,0
42,26,0.0,17,0
42,25,8.0,9,0
42,16,0.0,21,0
42,19,0.0,19,0
42,18,0.0,20,0
42,24,0.0,23,0
42,11,4.0,13,0
42,5,12.0,8,0
42,23,2.0,15,0
42,3,5.0,11,0
42,13,39.0,3,2
42,2,26.0,5,0
42,4,48.0,2,2
43,20,1.0,17,0
43,14,4.0,12,0
43,27,0.0,22,0
43,9,17.0,6,0
43,26,0.0,18,0
43,25,8.0,9,0
43,16,0.0,21,0
43,19,0.0,20,0
43,18,1.0,16,0
43,24,0.0,23,0
43,17,2.0,14,0
43,11,4.0,13,0
43,5,12.0,8,0
43,23,2.0,15,0
43,3,5.0,11,0
43,13,47.0,3,2
43,2,30.0,5,0
43,4,50.0,2,2
44,20,1.0,17,0
44,14,4.0,12,0
44,27,0.0,22,0
44,9,22.0,6,0
44,26,0.0,19,0
44,25,8.0,9,0
44,16,0.0,21,0
44,19,0.0,20,0
44,18,1.0,16,0
44,24,0.0,23,0
44,17,2.0,14,0
44,11,4.0,13,0
44,5,14.0,8,0
44,23,2.0,15,0
44,3,5.0,11,0
44,21,17.0,7,0
44,4,58.0,2,2
45,20,1.0,17,0
45,14,8.0,11,0
45,27,0.0,22,0
45,9,24.0,6,0
45,26,0.0,19,0
45,25,13.0,9,0
45,16,0.0,21,0
45,19,0.0,20,0
45,18,1.0,16,0
45,24,0.0,23,0
45,17,8.0,10,0
45,11,4.0,14,0
45,22,0.0,18,0
45,5,15.0,8,0
45,15,7.0,12,0
45,23,2.0,15,0
45,13,59.0,3,2
45,2,36.0,5,0
46,2,42.0,5,0
46,20,1.0,17,0
46,14,8.0,11,0
46,27,0.0,22,0
46,9,28.0,6,0
46,26,0.0,19,0
46,25,13.0,9,0
46,16,0.0,21,0
46,19,0.0,20,0
46,18,1.0,16,0
46,24,0.0,23,0
46,17,8.0,10,0
46,11,4.0,15,0
46,5,16.0,8,0
46,15,7.0,13,0
46,23,5.0,14,0
46,3,7.0,12,0
46,21,17.0,7,0
46,4,73.0,2,3
47,21,17.0,8,0
47,29,0.0,24,0
47,20,1.0,17,0
47,14,8.0,12,0
47,27,0.0,22,0
47,9,29.0,6,0
47,26,0.0,19,0
47,25,13.0,9,0
47,16,0.0,21,0
47,19,0.0,20,0
47,18,1.0,16,0
47,24,0.0,23,0
47,17,8.0,11,0
47,11,4.0,15,0
47,22,0.0,18,0
47,5,19.0,7,0
47,3,9.0,10,0
47,13,69.0,3,3
47,2,47.0,5,0
47,4,79.0,2,3
48,2,52.0,5,0
48,29,0.0,24,0
48,20,1.0,17,0
48,14,8.0,12,0
48,27,0.0,22,0
48,9,33.0,6,0
48,26,0.0,19,0
48,25,13.0,9,0
48,16,0.0,21,0
48,19,0.0,20,0
48,18,2.0,16,0
48,24,0.0,23,0
48,17,8.0,11,0
48,11,4.0,15,0
48,22,0.0,18,0
48,5,21.0,7,0
48,15,7.0,13,0
48,13,69.0,4,3
48,21,17.0,8,0
48,4,89.0,2,4
49,2,56.0,5,0
49,29,0.0,24,0
49,20,1.0,17,0
49,14,8.0,12,0
49,27,0.0,23,0
49,9,33.0,6,0
49,26,0.0,19,0
49,25,13.0,10,0
49,16,0.0,22,0
49,19,0.0,20,0
49,18,2.0,16,0
49,24,0.0,21,0
49,17,10.0,11,0
49,11,4.0,15,0
49,22,0.0,18,0
49,5,22.0,7,0
49,15,7.0,13,0
49,13,77.0,4,3
49,21,17.0,8,0
49,4,95.0,2,4
50,2,56.0,5,0
50,29,0.0,23,0
50,20,1.0,18,0
50,14,13.0,11,0
50,27,0.0,24,0
50,9,35.0,6,0
50,26,0.0,21,0
50,25,13.0,10,0
50,16,1.0,17,0
50,19,0.0,22,0
50,18,2.0,16,0
50,24,0.0,20,0
50,17,10.0,12,0
50,11,4.0,15,0
50,22,0.0,19,0
50,5,30.0,7,0
50,15,7.0,13,0
50,13,80.0,4,3
50,21,21.0,8,0
50,4,95.0,2,4
51,2,58.0,5,0
51,29,0.0,23,0
51,20,6.0,14,0
51,14,14.0,10,0
51,27,0.0,24,0
51,9,35.0,6,0
51,26,0.0,21,0
51,25,13.0,11,0
51,16,1.0,19,0
51,19,0.0,22,0
51,18,6.0,15,0
51,24,3.0,18,0
51,17,10.0,12,0
51,11,4.0,17,0
51,22,0.0,20,0
51,5,30.0,7,0
51,15,7.0,13,0
51,23,5.0,16,0
51,13,86.0,4,3
51,21,21.0,8,0
51,4,103.0,2,4
52,8,110.0,1,6
52,6,0.0,22,0
52,29,0.0,24,0
52,20,6.0,14,0
52,14,14.0,10,0
52,27,0.0,25,0
52,9,39.0,6,0
52,26,0.0,21,0
52,25,13.0,11,0
52,16,1.0,19,0
52,19,0.0,23,0
52,18,6.0,15,0
52,24,3.0,18,0
52,17,10.0,12,0
52,11,4.0,17,0
52,22,0.0,20,0
52,5,30.0,7,0
52,15,8.0,13,0
52,23,5.0,16,0
52,3,20.0,9,0
52,13,94.0,4,3
52,2,61.0,5,0
52,4,109.0,3,4
53,11,0.0,18,0
53,33,0.0,17,0
53,15,0.0,16,0
53,22,0.0,15,0
53,23,0.0,14,0
53,26,0.0,13,0
53,2,0.0,12,0
53,24,0.0,11,0
53,14,0.0,10,0
53,13,0.0,9,0
53,32,1.0,8,0
53,3,2.0,7,0
53,17,3.0,6,0
53,31,4.0,5,0
53,18,5.0,4,0
53,8,6.0,3,0
53,30,8.0,2,0
53,4,10.0,1,1
54,27,0.0,17,0
54,35,2.0,10,0
54,21,10.0,4,1
54,11,0.0,21,0
54,33,0.0,19,0
54,15,0.0,13,0
54,22,0.0,14,0
54,23,1.0,11,0
54,26,0.0,20,0
54,2,0.0,18,0
54,24,0.0,16,0
54,14,0.0,15,0
54,13,4.0,7,0
54,32,1.0,12,0
54,3,2.0,9,0
54,17,3.0,8,0
54,31,9.0,5,0
54,18,11.0,3,0
54,8,6.0,6,0
54,30,11.0,2,0
54,4,18.0,1,1
55,34,0.0,22,0
55,27,0.0,19,0
55,35,5.0,9,0
55,21,14.0,2,1
55,11,0.0,20,0
55,33,0.0,21,0
55,15,0.0,17,0
55,22,2.0,12,0
55,23,7.0,7,0
55,26,0.0,16,0
55,2,5.0,8,0
55,24,0.0,18,0
55,14,1.0,14,0
55,13,4.0,10,0
55,32,1.0,15,0
55,3,2.0,13,0
55,17,3.0,11,0
55,31,9.0,6,0
55,18,11.0,5,0
55,8,14.0,3,0
55,30,11.0,4,0
55,4,28.0,1,2
56,34,0.0,22,0
56,27,0.0,19,0
56,35,5.0,11,0
56,21,15.0,4,1
56,11,0.0,20,0
56,33,0.0,21,0
56,15,0.0,17,0
56,22,2.0,12,0
56,23,7.0,8,0
56,26,0.0,16,0
56,2,5.0,10,0
56,24,0.0,18,0
56,14,1.0,14,0
56,13,9.0,7,0
56,32,1.0,15,0
56,3,2.0,13,0
56,17,6.0,9,0
56,31,15.0,5,0
56,18,13.0,6,0
56,8,18.0,3,0
56,30,21.0,2,1
56,4,36.0,1,2
57,34,0.0,22,0
57,27,0.0,19,0
57,35,6.0,11,0
57,21,18.0,4,1
57,11,0.0,21,0
57,33,0.0,20,0
57,15,0.0,16,0
57,22,6.0,9,0
57,23,7.0,8,0
57,26,0.0,17,0
57,2,5.0,12,0
57,24,0.0,18,0
57,14,1.0,14,0
57,13,15.0,5,0
57,32,1.0,15,0
57,3,4.0,13,0
57,17,6.0,10,0
57,31,15.0,6,0
57,18,13.0,7,0
57,8,23.0,3,0
57,30,31.0,2,2
57,4,44.0,1,2
58,34,0.0,22,0
58,27,0.0,19,0
58,35,6.0,12,0
58,21,24.0,4,1
58,11,0.0,21,0
58,33,0.0,20,0
58,15,0.0,16,0
58,22,8.0,8,0
58,23,7.0,9,0
58,26,0.0,17,0
58,2,6.0,10,0
58,24,0.0,18,0
58,14,1.0,14,0
58,13,20.0,5,0
58,32,1.0,15,0
58,3,4.0,13,0
58,17,6.0,11,0
58,31,15.0,7,0
58,18,16.0,6,0
58,8,27.0,3,0
58,30,39.0,2,2
58,4,54.0,1,3
59,36,0.0,23,0
59,34,0.0,22,0
59,27,0.0,19,0
59,35,6.0,13,0
59,21,27.0,3,1
59,11,0.0,21,0
59,33,0.0,20,0
59,15,0.0,16,0
59,22,13.0,8,0
59,23,8.0,9,0
59,26,0.0,17,0
59,2,8.0,10,0
59,24,0.0,18,0
59,14,7.0,11,0
59,13,20.0,6,0
59,32,1.0,15,0
59,3,4.0,14,0
59,17,6.0,12,0
59,31,23.0,5,0
59,18,16.0,7,0
59,8,27.0,4,0
59,30,43.0,2,2
59,4,64.0,1,4
60,36,0.0,23,0
60,34,0.0,22,0
60,27,0.0,19,0
60,35,7.0,12,0
60,21,32.0,4,1
60,11,0.0,21,0
60,33,0.0,20,0
60,15,0.0,16,0
60,22,13.0,8,0
60,23,8.0,10,0
60,26,0.0,17,0
60,2,10.0,9,0
60,24,0.0,18,0
60,14,7.0,11,0
60,13,24.0,6,0
60,32,1.0,15,0
60,3,4.0,14,0
60,17,6.0,13,0
60,31,26.0,5,0
60,18,16.0,7,0
60,8,33.0,3,0
60,30,51.0,2,2
60,4,74.0,1,5
61,36,0.0,23,0
61,34,0.0,22,0
61,27,0.0,19,0
61,35,7.0,12,0
61,21,37.0,4,1
61,11,0.0,21,0
61,33,0.0,20,0
61,15,3.0,15,0
61,22,13.0,8,0
61,23,8.0,10,0
61,26,0.0,17,0
61,2,12.0,9,0
61,24,0.0,18,0
61,14,8.0,11,0
61,13,28.0,5,0
61,32,1.0,16,0
61,3,4.0,14,0
61,17,6.0,13,0
61,31,26.0,6,0
61,18,16.0,7,0
61,8,39.0,3,0
61,30,59.0,2,2
61,4,84.0,1,6
62,36,0.0,23,0
62,34,0.0,22,0
62,27,0.0,19,0
62,35,7.0,13,0
62,21,43.0,3,1
62,11,0.0,21,0
62,33,0.0,20,0
62,15,8.0,12,0
62,22,16.0,8,0
62,23,8.0,11,0
62,26,0.0,18,0
62,2,12.0,9,0
62,24,1.0,16,0
62,14,10.0,10,0
62,13,36.0,5,0
62,32,1.0,17,0
62,3,4.0,15,0
62,17,6.0,14,0
62,31,26.0,6,0
62,18,16.0,7,0
62,8,39.0,4,0
62,30,69.0,2,3
62,4,88.0,1,6
63,37,2.0,16,0
63,36,0.0,24,0
63,34,0.0,23,0
63,27,0.0,20,0
63,35,7.0,13,0
63,21,46.0,3,1
63,11,0.0,22,0
63,33,0.0,21,0
63,15,8.0,12,0
63,22,16.0,8,0
63,23,13.0,9,0
63,26,0.0,19,0
63,2,13.0,10,0
63,24,1.0,17,0
63,14,10.0,11,0
63,13,42.0,5,0
63,32,1.0,18,0
63,3,4.0,15,0
63,17,6.0,14,0
63,31,26.0,6,0
63,18,16.0,7,0
63,8,43.0,4,0
63,30,79.0,2,4
63,4,96.0,1,6
64,37,2.0,16,0
64,36,0.0,24,0
64,34,0.0,23,0
64,27,0.0,20,0
64,35,7.0,13,0
64,21,49.0,4,1
64,11,0.0,22,0
64,33,0.0,21,0
64,15,10.0,12,0
64,22,16.0,8,0
64,23,13.0,9,0
64,26,0.0,19,0
64,2,13.0,10,0
64,24,1.0,18,0
64,14,10.0,11,0
64,13,50.0,3,0
64,32,2.0,17,0
64,3,4.0,15,0
64,17,6.0,14,0
64,31,26.0,6,0
64,18,21.0,7,0
64,8,49.0,5,0
64,30,89.0,2,5
64,4,100.0,1,6
65,37,10.0,12,0
65,36,0.0,24,0
65,34,0.0,23,0
65,27,0.0,21,0
65,35,7.0,14,0
65,21,49.0,4,1
65,11,0.0,22,0
65,33,0.0,20,0
65,15,10.0,13,0
65,22,21.0,8,0
65,23,16.0,10,0
65,26,0.0,19,0
65,2,19.0,9,0
65,24,1.0,18,0
65,14,14.0,11,0
65,13,52.0,3,0
65,32,2.0,17,0
65,3,4.0,16,0
65,17,6.0,15,0
65,31,26.0,7,0
65,18,31.0,6,1
65,8,49.0,5,0
65,30,90.0,2,5
65,4,100.0,1,6
66,9,0.0,23,0
66,37,14.0,11,0
66,36,0.0,25,0
66,34,0.0,24,0
66,27,0.0,21,0
66,35,7.0,14,0
66,21,52.0,4,1
66,11,0.0,22,0
66,33,0.0,20,0
66,15,10.0,13,0
66,22,22.0,8,0
66,23,18.0,10,0
66,26,0.0,19,0
66,2,19.0,9,0
66,24,1.0,18,0
66,14,14.0,12,0
66,13,62.0,3,1
66,32,2.0,17,0
66,3,4.0,16,0
66,17,6.0,15,0
66,31,26.0,7,0
66,18,36.0,6,1
66,8,49.0,5,0
66,30,96.0,2,5
66,4,108.0,1,6
67,9,6.0,15,0
67,37,14.0,11,0
67,36,0.0,25,0
67,34,0.0,24,0
67,27,0.0,22,0
67,35,7.0,14,0
67,21,57.0,4,1
67,11,0.0,23,0
67,33,0.0,21,0
67,15,12.0,13,0
67,22,25.0,8,0
67,23,18.0,10,0
67,26,0.0,20,0
67,2,20.0,9,0
67,24,1.0,19,0
67,14,14.0,12,0
67,13,62.0,3,1
67,32,2.0,18,0
67,3,4.0,17,0
67,17,6.0,16,0
67,31,26.0,7,0
67,18,40.0,6,1
67,8,57.0,5,0
67,30,106.0,2,6
67,4,108.0,1,6
68,29,0.0,27,0
68,38,0.0,24,0
68,9,6.0,16,0
68,37,18.0,10,0
68,36,0.0,26,0
68,34,0.0,25,0
68,27,0.0,22,0
68,35,7.0,15,0
68,21,63.0,3,1
68,11,0.0,23,0
68,33,0.0,21,0
68,15,12.0,13,0
68,22,28.0,7,0
68,23,18.0,11,0
68,26,0.0,20,0
68,2,22.0,9,0
68,24,1.0,19,0
68,14,14.0,12,0
68,13,62.0,4,1
68,32,2.0,18,0
68,3,4.0,17,0
68,17,7.0,14,0
68,31,26.0,8,0
68,18,45.0,6,1
68,8,57.0,5,0
68,30,116.0,1,7
68,4,116.0,2,6
69,29,0.0,27,0
69,38,0.0,24,0
69,9,6.0,16,0
69,37,18.0,11,0
69,36,0.0,26,0
69,34,0.0,25,0
69,27,0.0,22,0
69,35,7.0,15,0
69,21,69.0,4,1
69,11,0.0,23,0
69,33,0.0,21,0
69,15,15.0,12,0
69,22,28.0,7,0
69,23,20.0,10,0
69,26,0.0,20,0
69,2,23.0,9,0
69,24,1.0,19,0
69,14,14.0,13,0
69,13,70.0,3,1
69,32,2.0,18,0
69,3,4.0,17,0
69,17,7.0,14,0
69,31,26.0,8,0
69,18,50.0,6,1
69,8,61.0,5,0
69,30,116.0,2,7
69,4,126.0,1,7
70,29,0.0,26,0
70,38,0.0,24,0
70,9,6.0,16,0
70,37,19.0,11,0
70,36,0.0,27,0
70,34,0.0,25,0
70,27,0.0,22,0
70,35,7.0,15,0
70,21,72.0,4,1
70,11,0.0,23,0
70,33,0.0,21,0
70,15,15.0,12,0
70,22,30.0,7,0
70,23,20.0,10,0
70,26,0.0,20,0
70,2,23.0,9,0
70,24,1.0,19,0
70,14,14.0,13,0
70,13,80.0,3,2
70,32,2.0,18,0
70,3,4.0,17,0
70,17,7.0,14,0
70,31,26.0,8,0
70,18,56.0,6,1
70,8,65.0,5,0
70,30,121.0,2,7
70,4,134.0,1,7
71,39,0.0,13,0
71,11,0.0,17,0
71,35,0.0,12,0
71,23,0.0,11,0
71,18,0.0,16,0
71,13,0.0,10,0
71,15,0.0,9,0
71,8,1.0,8,0
71,32,2.0,7,0
71,31,3.0,6,0
71,17,4.0,5,0
71,14,5.0,4,0
71,4,6.0,3,0
71,22,8.0,2,0
71,21,10.0,1,1
72,30,2.0,11,0
72,40,0.0,18,0
72,33,0.0,15,0
72,39,0.0,14,0
72,11,0.0,20,0
72,35,0.0,16,0
72,23,4.0,8,0
72,18,0.0,19,0
72,13,0.0,13,0
72,15,8.0,3,0
72,8,1.0,12,0
72,32,3.0,10,0
72,31,8.0,6,0
72,17,4.0,9,0
72,14,8.0,5,0
72,4,16.0,1,1
72,22,8.0,4,0
72,21,10.0,2,1
73,2,6.0,10,0
73,30,2.0,14,0
73,40,0.0,18,0
73,33,0.0,15,0
73,39,0.0,17,0
73,11,0.0,21,0
73,35,0.0,16,0
73,23,9.0,4,0
73,18,0.0,20,0
73,13,2.0,13,0
73,15,16.0,2,0
73,8,7.0,8,0
73,32,3.0,12,0
73,31,8.0,7,0
73,17,7.0,9,0
73,14,9.0,5,0
73,4,26.0,1,2
73,22,8.0,6,0
73,21,10.0,3,1
74,19,0.0,24,0
74,27,0.0,21,0
74,2,9.0,5,0
74,30,10.0,4,0
74,40,0.0,20,0
74,33,0.0,18,0
74,39,0.0,19,0
74,11,0.0,23,0
74,35,5.0,13,0
74,23,9.0,6,0
74,18,0.0,22,0
74,13,2.0,16,0
74,15,20.0,2,0
74,8,7.0,11,0
74,32,3.0,15,0
74,31,8.0,10,0
74,17,9.0,8,0
74,14,9.0,7,0
75,24,1.0,17,0
75,25,6.0,12,0
75,37,4.0,14,0
75,19,0.0,24,0
75,27,0.0,21,0
75,2,9.0,10,0
75,30,10.0,7,0
75,40,0.0,20,0
75,33,0.0,18,0
75,39,0.0,19,0
75,11,0.0,23,0
75,35,5.0,13,0
75,23,14.0,5,0
75,18,0.0,22,0
75,13,2.0,16,0
75,15,26.0,2,0
75,8,17.0,3,1
75,32,3.0,15,0
75,31,10.0,8,0
75,17,12.0,6,0
75,14,10.0,9,0
76,19,0.0,24,0
76,27,0.0,21,0
76,2,17.0,5,0
76,30,12.0,9,0
76,40,0.0,20,0
76,33,0.0,18,0
76,39,0.0,19,0
76,11,0.0,23,0
76,35,5.0,13,0
76,23,17.0,6,0
76,18,0.0,22,0
76,13,2.0,16,0
76,15,26.0,3,0
76,8,27.0,2,2
76,32,3.0,15,0
76,31,14.0,8,0
76,17,18.0,4,0
76,14,10.0,10,0
76,4,49.0,1,3
76,22,9.0,11,0
76,21,14.0,7,1
77,25,6.0,12,0
77,37,4.0,14,0
77,19,0.0,24,0
77,27,0.0,23,0
77,2,25.0,4,0
77,30,16.0,8,0
77,40,0.0,21,0
77,33,0.0,18,0
77,39,0.0,20,0
77,11,0.0,22,0
77,35,5.0,13,0
77,23,17.0,7,0
77,18,0.0,19,0
77,13,2.0,16,0
77,15,27.0,3,0
77,8,27.0,2,2
77,32,3.0,15,0
77,31,16.0,9,0
77,17,18.0,5,0
77,14,15.0,11,0
77,4,59.0,1,4
77,22,15.0,10,0
77,21,17.0,6,1
78,25,6.0,13,0
78,37,4.0,15,0
78,19,0.0,24,0
78,27,0.0,21,0
78,2,25.0,4,0
78,30,24.0,5,0
78,40,0.0,22,0
78,33,0.0,18,0
78,39,0.0,20,0
78,11,0.0,23,0
78,35,5.0,14,0
78,23,20.0,8,0
78,18,0.0,19,0
78,13,7.0,12,0
78,15,27.0,3,0
78,8,37.0,2,3
78,32,4.0,16,0
78,31,16.0,11,0
78,17,22.0,6,0
78,14,17.0,10,0
78,4,59.0,1,4
78,22,21.0,7,0
78,21,17.0,9,1
79,25,6.0,14,0
79,37,4.0,18,0
79,19,0.0,25,0
79,27,4.0,17,0
79,2,25.0,6,0
79,30,34.0,3,1
79,40,3.0,20,0
79,33,6.0,13,0
79,39,5.0,16,0
79,11,0.0,23,0
79,35,5.0,15,0
79,23,20.0,8,0
79,18,0.0,22,0
79,13,7.0,12,0
79,15,27.0,5,0
79,8,37.0,2,3
79,32,4.0,19,0
79,31,16.0,11,0
79,17,22.0,7,0
79,14,17.0,10,0
79,4,59.0,1,4
79,22,29.0,4,0
79,21,17.0,9,1
80,25,6.0,14,0
80,37,4.0,19,0
80,19,0.0,25,0
80,27,4.0,18,0
80,2,25.0,6,0
80,30,40.0,3,1
80,40,3.0,21,0
80,33,6.0,13,0
80,39,5.0,17,0
80,11,0.0,23,0
80,35,6.0,15,0
80,23,22.0,8,0
80,18,5.0,16,0
80,13,7.0,12,0
80,15,31.0,4,0
80,8,45.0,2,3
80,32,4.0,20,0
80,31,16.0,11,0
80,17,22.0,7,0
80,14,17.0,10,0
80,4,69.0,1,5
80,22,29.0,5,0
80,21,20.0,9,1
81,25,6.0,15,0
81,37,4.0,19,0
81,19,0.0,25,0
81,27,4.0,18,0
81,2,25.0,8,0
81,30,43.0,3,1
81,40,3.0,21,0
81,33,6.0,14,0
81,39,5.0,17,0
81,11,0.0,23,0
81,35,6.0,16,0
81,23,23.0,9,0
81,18,9.0,12,0
81,13,7.0,13,0
81,15,31.0,5,0
81,8,51.0,2,3
81,32,4.0,20,0
81,31,26.0,6,1
81,17,22.0,10,0
81,14,17.0,11,0
81,4,77.0,1,5
81,22,31.0,4,0
81,21,25.0,7,1
82,24,1.0,22,0
82,25,6.0,15,0
82,37,4.0,19,0
82,19,0.0,26,0
82,27,4.0,18,0
82,2,25.0,9,0
82,30,47.0,3,1
82,40,3.0,21,0
82,33,6.0,14,0
82,39,5.0,17,0
82,11,0.0,23,0
82,35,6.0,16,0
82,23,26.0,8,0
82,18,15.0,12,0
82,13,8.0,13,0
82,15,31.0,6,0
82,8,51.0,2,3
82,32,4.0,20,0
82,31,34.0,4,1
82,17,22.0,10,0
82,14,19.0,11,0
82,4,87.0,1,6
82,22,31.0,5,0
82,21,30.0,7,1
83,24,1.0,22,0
83,25,6.0,15,0
83,37,4.0,19,0
83,19,0.0,26,0
83,27,4.0,18,0
83,2,28.0,9,0
83,30,55.0,3,1
83,40,3.0,21,0
83,33,6.0,14,0
83,39,5.0,17,0
83,11,1.0,23,0
83,35,6.0,16,0
83,23,32.0,6,0
83,18,19.0,11,0
83,13,8.0,13,0
83,15,36.0,4,0
83,8,61.0,2,4
83,32,4.0,20,0
83,31,34.0,5,1
83,17,24.0,10,0
83,14,19.0,12,0
83,4,87.0,1,6
83,22,31.0,7,0
83,21,30.0,8,1
84,24,1.0,23,0
84,25,6.0,15,0
84,37,4.0,20,0
84,19,0.0,26,0
84,27,4.0,19,0
84,2,28.0,9,0
84,30,55.0,3,1
84,40,3.0,21,0
84,33,6.0,14,0
84,39,5.0,17,0
84,11,1.0,22,0
84,35,6.0,16,0
84,23,32.0,7,0
84,18,23.0,11,0
84,13,8.0,13,0
84,15,39.0,5,0
84,8,71.0,2,5
84,32,5.0,18,0
84,31,40.0,4,1
84,17,24.0,10,0
84,14,21.0,12,0
84,4,95.0,1,6
84,22,31.0,8,0
84,21,35.0,6,1
85,41,0.0,26,0
85,24,1.0,24,0
85,25,6.0,15,0
85,37,4.0,20,0
85,19,0.0,27,0
85,27,4.0,19,0
85,2,28.0,9,0
85,30,55.0,3,1
85,40,3.0,21,0
85,33,6.0,14,0
85,39,5.0,17,0
85,11,1.0,23,0
85,35,6.0,16,0
85,23,35.0,7,0
85,18,24.0,10,0
85,13,8.0,13,0
85,15,43.0,5,0
85,8,76.0,2,5
85,32,5.0,18,0
85,31,50.0,4,2
85,17,24.0,11,0
85,14,21.0,12,0
85,4,103.0,1,6
85,22,31.0,8,0
85,21,41.0,6,1
86,41,0.0,26,0
86,24,1.0,24,0
86,25,6.0,16,0
86,37,4.0,20,0
86,19,0.0,27,0
86,27,4.0,19,0
86,2,28.0,11,0
86,30,55.0,3,1
86,40,3.0,21,0
86,33,7.0,15,0
86,39,5.0,17,0
86,11,1.0,23,0
86,35,9.0,13,0
86,23,37.0,7,0
86,18,30.0,9,0
86,13,8.0,14,0
86,15,43.0,5,0
86,8,86.0,2,6
86,32,5.0,18,0
86,31,50.0,4,2
86,17,29.0,10,0
86,14,21.0,12,0
86,4,111.0,1,6
86,22,35.0,8,0
86,21,41.0,6,1
87,41,0.0,26,0
87,24,1.0,24,0
87,25,6.0,16,0
87,37,4.0,20,0
87,19,0.0,27,0
87,27,4.0,19,0
87,2,28.0,11,0
87,30,60.0,4,1
87,40,3.0,21,0
87,33,7.0,15,0
87,39,5.0,17,0
87,11,1.0,23,0
87,35,9.0,13,0
87,23,38.0,8,0
87,18,32.0,9,0
87,13,8.0,14,0
87,15,43.0,6,0
87,8,94.0,2,6
87,32,5.0,18,0
87,31,60.0,3,3
87,17,29.0,10,0
87,14,21.0,12,0
87,4,117.0,1,6
87,22,38.0,7,0
87,21,45.0,5,1
88,41,0.0,26,0
88,24,1.0,24,0
88,25,6.0,16,0
88,37,4.0,20,0
88,19,0.0,27,0
88,27,4.0,19,0
88,2,28.0,11,0
88,30,62.0,3,1
88,40,3.0,21,0
88,33,7.0,15,0
88,39,5.0,17,0
88,11,1.0,23,0
88,35,9.0,13,0
88,23,39.0,7,0
88,18,36.0,9,0
88,13,8.0,14,0
88,15,43.0,6,0
88,8,104.0,2,7
88,32,5.0,18,0
88,31,60.0,4,3
88,17,34.0,10,0
88,14,24.0,12,0
88,4,123.0,1,6
88,22,38.0,8,0
88,21,53.0,5,1
89,41,0.0,26,0
89,24,1.0,24,0
89,25,6.0,17,0
89,37,4.0,20,0
89,19,0.0,27,0
89,27,4.0,19,0
89,2,28.0,11,0
89,30,62.0,3,1
89,40,3.0,21,0
89,33,7.0,16,0
89,39,5.0,18,0
89,11,1.0,23,0
89,35,9.0,14,0
89,23,45.0,6,0
89,18,37.0,9,0
89,13,11.0,13,0
89,15,43.0,7,0
89,8,112.0,2,7
89,32,9.0,15,0
89,31,60.0,4,3
89,17,36.0,10,0
89,14,24.0,12,0
89,4,133.0,1,7
89,22,38.0,8,0
89,21,58.0,5,1
90,45,0.0,14,0
90,44,0.0,13,0
90,43,0.0,12,0
90,32,0.0,11,0
90,21,0.0,10,0
90,11,0.0,9,0
90,14,1.0,8,0
90,15,2.0,7,0
90,18,3.0,6,0
90,31,4.0,5,0
90,23,5.0,4,0
90,4,6.0,3,0
90,22,8.0,2,0
90,30,10.0,1,1
91,47,0.0,17,0
91,46,0.0,16,0
91,13,1.0,9,0
91,45,0.0,15,0
91,44,0.0,14,0
91,43,0.0,10,0
91,32,0.0,13,0
91,21,0.0,12,0
91,11,0.0,11,0
91,14,4.0,8,0
91,15,6.0,6,0
91,18,9.0,4,0
91,31,12.0,3,0
91,23,5.0,7,0
91,4,8.0,5,0
91,22,13.0,2,0
91,30,20.0,1,2
92,2,0.0,18,0
92,17,1.0,11,0
92,47,0.0,19,0
92,46,0.0,17,0
92,13,1.0,10,0
92,45,0.0,16,0
92,44,0.0,13,0
92,43,0.0,12,0
92,32,0.0,15,0
92,21,0.0,14,0
92,11,4.0,8,0
92,14,4.0,9,0
92,15,11.0,6,0
92,18,15.0,3,0
92,31,12.0,4,0
92,23,7.0,7,0
92,4,11.0,5,0
92,22,21.0,2,0
92,30,30.0,1,3
93,8,1.0,12,0
93,2,0.0,20,0
93,17,1.0,11,0
93,47,0.0,19,0
93,46,0.0,18,0
93,13,1.0,10,0
93,45,0.0,17,0
93,44,0.0,15,0
93,43,0.0,14,0
93,32,0.0,16,0
93,21,0.0,13,0
93,11,4.0,8,0
93,14,4.0,9,0
93,15,15.0,6,0
93,18,23.0,3,0
93,31,18.0,4,0
93,23,9.0,7,0
93,4,16.0,5,0
93,22,24.0,2,0
93,30,40.0,1,4
94,8,1.0,12,0
94,2,0.0,20,0
94,17,1.0,13,0
94,47,0.0,19,0
94,46,0.0,18,0
94,13,1.0,11,0
94,45,0.0,17,0
94,44,0.0,15,0
94,43,0.0,14,0
94,32,0.0,16,0
94,21,2.0,10,0
94,11,8.0,8,0
94,14,4.0,9,0
94,15,21.0,5,0
94,18,24.0,3,0
94,31,18.0,6,0
94,23,12.0,7,0
94,4,21.0,4,0
94,22,32.0,2,0
94,30,50.0,1,5
95,8,1.0,15,0
95,2,2.0,13,0
95,17,1.0,16,0
95,47,0.0,17,0
95,46,0.0,20,0
95,13,5.0,9,0
95,45,0.0,19,0
95,44,1.0,14,0
95,43,3.0,11,0
95,32,0.0,18,0
95,21,2.0,12,0
95,11,8.0,8,0
95,14,4.0,10,0
95,15,31.0,4,1
95,18,32.0,3,0
95,31,23.0,5,0
95,23,12.0,7,0
95,4,21.0,6,0
95,22,38.0,2,0
95,30,50.0,1,5
96,8,1.0,16,0
96,2,2.0,14,0
96,17,3.0,13,0
96,47,0.0,17,0
96,46,0.0,20,0
96,13,5.0,9,0
96,45,0.0,19,0
96,44,1.0,15,0
96,43,3.0,12,0
96,32,0.0,18,0
96,21,5.0,10,0
96,11,8.0,8,0
96,14,4.0,11,0
96,15,36.0,4,1
96,18,38.0,3,0
96,31,24.0,6,0
96,23,12.0,7,0
96,4,25.0,5,0
96,22,46.0,2,0
96,30,60.0,1,6
97,10,2.0,16,0
97,8,5.0,12,0
97,2,3.0,14,0
97,17,3.0,15,0
97,47,0.0,19,0
97,46,0.0,21,0
97,13,5.0,11,0
97,45,0.0,20,0
97,44,1.0,17,0
97,43,3.0,13,0
97,32,0.0,18,0
97,21,10.0,8,0
97,11,8.0,9,0
97,14,7.0,10,0
97,15,36.0,4,1
97,18,44.0,3,0
97,31,24.0,6,0
97,23,12.0,7,0
97,4,25.0,5,0
97,22,54.0,2,0
97,30,70.0,1,7
98,10,2.0,17,0
98,8,8.0,11,0
98,2,3.0,15,0
98,17,3.0,16,0
98,47,1.0,18,0
98,46,0.0,21,0
98,13,5.0,12,0
98,45,0.0,20,0
98,44,5.0,13,0
98,43,3.0,14,0
98,32,0.0,19,0
98,21,10.0,9,0
98,11,14.0,7,0
98,14,9.0,10,0
98,15,41.0,4,1
98,18,44.0,3,0
98,31,24.0,6,0
98,23,12.0,8,0
98,4,25.0,5,0
98,22,62.0,2,0
98,30,80.0,1,8
99,48,0.0,20,0
99,10,2.0,17,0
99,8,10.0,11,0
99,2,3.0,16,0
99,17,3.0,15,0
99,47,1.0,18,0
99,46,0.0,22,0
99,13,5.0,12,0
99,45,0.0,21,0
99,44,5.0,13,0
99,43,3.0,14,0
99,32,0.0,19,0
99,21,10.0,10,0
99,11,14.0,7,0
99,14,12.0,9,0
99,15,46.0,4,1
99,18,48.0,3,0
99,31,25.0,6,0
99,23,12.0,8,0
99,4,33.0,5,0
99,22,68.0,2,0
99,30,90.0,1,9
100,48,0.0,20,0
100,10,2.0,17,0
100,8,18.0,7,0
100,2,3.0,16,0
100,17,4.0,14,0
100,47,1.0,18,0
100,46,0.0,22,0
100,13,5.0,12,0
100,45,0.0,21,0
100,44,5.0,13,0
100,43,3.0,15,0
100,32,0.0,19,0
100,21,13.0,10,0
100,11,14.0,8,0
100,14,14.0,9,0
100,15,46.0,4,1
100,18,53.0,3,0
100,31,29.0,6,0
100,23,12.0,11,0
100,4,33.0,5,0
100,22,74.0,2,0
100,30,100.0,1,10
101,42,2.0,18,0
101,48,0.0,21,0
101,10,2.0,17,0
101,8,18.0,8,0
101,2,3.0,16,0
101,17,7.0,12,0
101,47,1.0,19,0
101,46,0.0,23,0
101,13,5.0,13,0
101,45,0.0,22,0
101,44,5.0,14,0
101,43,3.0,15,0
101,32,0.0,20,0
101,21,13.0,10,0
101,11,15.0,9,0
101,14,19.0,7,0
101,15,46.0,4,1
101,18,61.0,3,0
101,31,33.0,6,0
101,23,12.0,11,0
101,4,39.0,5,0
101,22,74.0,2,0
101,30,110.0,1,11
102,42,4.0,15,0
102,48,0.0,21,0
102,10,2.0,18,0
102,8,18.0,8,0
102,2,3.0,17,0
102,17,7.0,12,0
102,47,1.0,19,0
102,46,0.0,23,0
102,13,5.0,13,0
102,45,0.0,22,0
102,44,5.0,14,0
102,43,3.0,16,0
102,32,0.0,20,0
102,21,14.0,10,0
102,11,18.0,9,0
102,14,19.0,7,0
102,15,46.0,4,1
102,18,65.0,3,0
102,31,38.0,6,0
102,23,12.0,11,0
102,4,45.0,5,0
102,22,82.0,2,0
102,30,120.0,1,12
103,41,0.0,22,0
103,42,4.0,15,0
103,48,0.0,21,0
103,10,2.0,19,0
103,8,28.0,7,1
103,2,3.0,18,0
103,17,7.0,13,0
103,47,1.0,20,0
103,46,0.0,24,0
103,13,10.0,12,0
103,45,0.0,23,0
103,44,6.0,14,0
103,43,3.0,17,0
103,32,3.0,16,0
103,21,18.0,10,0
103,11,18.0,9,0
103,14,21.0,8,0
103,15,46.0,4,1
103,18,65.0,3,0
103,31,38.0,6,0
103,23,12.0,11,0
103,4,45.0,5,0
103,22,88.0,2,0
103,30,128.0,1,12
104,41,0.0,21,0
104,42,6.0,15,0
104,48,0.0,22,0
104,10,2.0,19,0
104,8,28.0,7,1
104,2,3.0,18,0
104,17,7.0,13,0
104,47,1.0,20,0
104,46,0.0,24,0
104,13,10.0,12,0
104,45,0.0,23,0
104,44,6.0,14,0
104,43,3.0,17,0
104,32,3.0,16,0
104,21,19.0,10,0
104,11,23.0,9,0
104,14,24.0,8,0
104,15,46.0,4,1
104,18,71.0,3,0
104,31,42.0,6,0
104,23,12.0,11,0
104,4,45.0,5,0
104,22,98.0,2,1
104,30,136.0,1,12
105,35,0.0,23,0
105,41,0.0,21,0
105,42,6.0,15,0
105,48,0.0,22,0
105,10,2.0,19,0
105,8,34.0,7,1
105,2,3.0,18,0
105,17,7.0,13,0
105,47,1.0,20,0
105,46,0.0,25,0
105,13,11.0,12,0
105,45,0.0,24,0
105,44,6.0,14,0
105,43,3.0,17,0
105,32,3.0,16,0
105,21,21.0,10,0
105,11,26.0,8,0
105,14,24.0,9,0
105,15,46.0,5,1
105,18,79.0,3,0
105,31,46.0,6,0
105,23,12.0,11,0
105,4,50.0,4,0
105,22,108.0,2,2
105,30,136.0,1,12
106,35,0.0,21,0
106,41,0.0,22,0
106,42,6.0,15,0
106,48,0.0,23,0
106,10,2.0,19,0
106,8,37.0,7,1
106,2,3.0,18,0
106,17,7.0,13,0
106,47,1.0,20,0
106,46,0.0,25,0
106,13,11.0,12,0
106,45,0.0,24,0
106,44,6.0,14,0
106,43,3.0,17,0
106,32,3.0,16,0
106,21,22.0,10,0
106,11,31.0,8,0
106,14,24.0,9,0
106,15,46.0,6,1
106,18,85.0,3,0
106,31,48.0,5,0
106,23,20.0,11,0
106,4,54.0,4,0
106,22,108.0,2,2
106,30,146.0,1,13
107,35,0.0,21,0
107,41,0.0,22,0
107,42,6.0,15,0
107,48,0.0,23,0
107,10,2.0,19,0
107,8,45.0,7,1
107,2,3.0,18,0
107,17,7.0,13,0
107,47,1.0,20,0
107,46,0.0,25,0
107,13,12.0,12,0
107,45,0.0,24,0
107,44,6.0,14,0
107,43,3.0,17,0
107,32,3.0,16,0
107,21,22.0,11,0
107,11,34.0,8,0
107,14,24.0,10,0
107,15,46.0,6,1
107,18,85.0,3,0
107,31,58.0,5,1
107,23,24.0,9,0
107,4,59.0,4,0
107,22,114.0,2,2
107,30,148.0,1,13
108,50,0.0,11,0
108,18,0.0,10,0
108,35,0.0,9,0
108,23,1.0,8,0
108,4,2.0,7,0
108,49,3.0,6,0
108,15,4.0,5,0
108,30,5.0,4,0
108,8,6.0,3,0
108,31,8.0,2,0
108,14,10.0,1,1
109,43,0.0,15,0
109,52,0.0,13,0
109,2,1.0,11,0
109,22,8.0,4,0
109,50,0.0,14,0
109,18,2.0,10,0
109,35,0.0,12,0
109,23,6.0,8,0
109,4,8.0,5,0
109,49,3.0,9,0
109,15,8.0,7,0
109,30,8.0,6,0
109,8,16.0,1,1
109,31,8.0,3,0
109,14,10.0,2,1
110,17,0.0,14,0
110,21,10.0,4,1
110,43,0.0,15,0
110,52,0.0,16,0
110,2,1.0,13,0
110,22,8.0,7,0
110,50,0.0,17,0
110,18,2.0,12,0
110,35,3.0,11,0
110,23,8.0,9,0
110,4,14.0,3,0
110,49,7.0,10,0
110,15,9.0,5,0
110,30,8.0,8,0
110,8,24.0,1,1
110,31,8.0,6,0
110,14,15.0,2,1
111,42,0.0,19,0
111,44,0.0,14,0
111,17,0.0,15,0
111,21,10.0,7,1
111,43,0.0,16,0
111,52,0.0,17,0
111,2,1.0,13,0
111,22,14.0,5,0
111,50,0.0,18,0
111,18,3.0,12,0
111,35,3.0,11,0
111,23,13.0,6,0
111,4,17.0,4,0
111,49,7.0,10,0
111,15,9.0,9,0
111,30,18.0,3,1
111,8,32.0,1,1
111,31,10.0,8,0
111,14,19.0,2,1
112,51,0.0,19,0
112,42,0.0,20,0
112,44,0.0,17,0
112,17,2.0,14,0
112,21,10.0,8,1
112,43,3.0,12,0
112,52,1.0,16,0
112,2,1.0,15,0
112,22,20.0,4,0
112,50,0.0,18,0
112,18,3.0,13,0
112,35,3.0,11,0
112,23,17.0,6,0
112,4,25.0,3,0
112,49,7.0,10,0
112,15,9.0,9,0
112,30,28.0,2,2
112,8,32.0,1,1
112,31,15.0,7,0
112,14,19.0,5,1
113,51,0.0,20,0
113,42,0.0,17,0
113,44,0.0,18,0
113,17,4.0,12,0
113,21,10.0,8,1
113,43,3.0,14,0
113,52,1.0,16,0
113,2,1.0,15,0
113,22,26.0,3,0
113,50,0.0,19,0
113,18,8.0,10,0
113,35,3.0,13,0
113,23,20.0,6,0
113,4,25.0,4,0
113,49,7.0,11,0
113,15,10.0,9,0
113,30,38.0,2,3
113,8,40.0,1,1
113,31,15.0,7,0
113,14,23.0,5,1
114,51,0.0,20,0
114,42,0.0,18,0
114,44,0.0,17,0
114,17,4.0,12,0
114,21,10.0,9,1
114,43,3.0,13,0
114,52,1.0,16,0
114,2,1.0,15,0
114,22,27.0,4,0
114,50,0.0,19,0
114,18,8.0,10,0
114,35,3.0,14,0
114,23,25.0,7,0
114,4,29.0,3,0
114,49,7.0,11,0
114,15,13.0,8,0
114,30,44.0,2,3
114,8,48.0,1,1
114,31,25.0,5,1
114,14,25.0,6,1
115,51,0.0,20,0
115,42,0.0,18,0
115,44,1.0,15,0
115,17,6.0,12,0
115,21,10.0,9,1
115,43,3.0,13,0
115,52,1.0,17,0
115,2,1.0,16,0
115,22,31.0,6,0
115,50,0.0,19,0
115,18,8.0,10,0
115,35,3.0,14,0
115,23,33.0,4,0
115,4,34.0,3,0
115,49,7.0,11,0
115,15,13.0,8,0
115,30,54.0,1,4
115,8,51.0,2,1
115,31,31.0,5,1
115,14,25.0,7,1
116,51,0.0,20,0
116,42,0.0,18,0
116,44,1.0,16,0
116,17,9.0,11,0
116,21,10.0,9,1
116,43,3.0,13,0
116,52,1.0,17,0
116,2,2.0,15,0
116,22,37.0,6,0
116,50,0.0,19,0
116,18,10.0,10,0
116,35,3.0,14,0
116,23,43.0,3,1
116,4,39.0,5,0
116,49,7.0,12,0
116,15,13.0,8,0
116,30,58.0,1,4
116,8,51.0,2,1
116,31,39.0,4,1
116,14,25.0,7,1
117,51,0.0,20,0
117,42,0.0,18,0
117,44,2.0,15,0
117,17,12.0,9,0
117,21,10.0,10,1
117,43,3.0,14,0
117,52,1.0,17,0
117,2,2.0,16,0
117,22,39.0,5,0
117,50,0.0,19,0
117,18,10.0,11,0
117,35,3.0,13,0
117,23,53.0,3,2
117,4,39.0,6,0
117,49,7.0,12,0
117,15,13.0,8,0
117,30,64.0,1,4
117,8,56.0,2,1
117,31,47.0,4,1
117,14,29.0,7,1
118,51,0.0,20,0
118,42,0.0,18,0
118,44,2.0,15,0
118,17,12.0,9,0
118,21,10.0,11,1
118,43,5.0,13,0
118,52,1.0,17,0
118,2,2.0,16,0
118,22,49.0,5,1
118,50,0.0,19,0
118,18,11.0,10,0
118,35,3.0,14,0
118,23,53.0,4,2
118,4,39.0,6,0
118,49,7.0,12,0
118,15,16.0,8,0
118,30,69.0,1,4
118,8,62.0,2,1
118,31,55.0,3,1
118,14,33.0,7,1
119,53,0.0,21,0
119,51,0.0,20,0
119,42,0.0,18,0
119,44,6.0,14,0
119,17,12.0,10,0
119,21,10.0,11,1
119,43,8.0,12,0
119,52,1.0,17,0
119,2,2.0,16,0
119,22,49.0,5,1
119,50,0.0,19,0
119,18,12.0,9,0
119,35,3.0,15,0
119,23,53.0,4,2
119,4,44.0,6,0
119,49,7.0,13,0
119,15,22.0,8,0
119,30,71.0,1,4
119,8,62.0,3,1
119,31,65.0,2,2
119,14,41.0,7,1
120,53,0.0,21,0
120,51,0.0,20,0
120,42,0.0,18,0
120,44,6.0,14,0
120,17,15.0,9,0
120,21,10.0,11,1
120,43,8.0,12,0
120,52,1.0,17,0
120,2,2.0,16,0
120,22,49.0,6,1
120,50,0.0,19,0
120,18,12.0,10,0
120,35,3.0,15,0
120,23,58.0,4,2
120,4,54.0,5,1
120,49,7.0,13,0
120,15,24.0,8,0
120,30,72.0,1,4
120,8,70.0,3,1
120,31,71.0,2,2
120,14,45.0,7,1
121,47,0.0,22,0
121,48,4.0,16,0
121,53,0.0,23,0
121,51,0.0,21,0
121,42,0.0,19,0
121,44,6.0,14,0
121,17,17.0,9,0
121,21,10.0,11,1
121,43,8.0,12,0
121,52,1.0,18,0
121,2,2.0,17,0
121,22,55.0,5,1
121,50,0.0,20,0
121,18,12.0,10,0
121,35,6.0,15,0
121,23,58.0,4,2
121,4,55.0,6,1
121,49,7.0,13,0
121,15,24.0,8,0
121,30,82.0,1,5
121,8,75.0,3,1
121,31,79.0,2,2
121,14,45.0,7,1
122,47,0.0,23,0
122,48,4.0,17,0
122,53,0.0,22,0
122,51,1.0,19,0
122,42,0.0,20,0
122,44,6.0,15,0
122,17,17.0,9,0
122,21,12.0,11,1
122,43,8.0,13,0
122,52,1.0,18,0
122,2,6.0,14,0
122,22,55.0,5,1
122,50,0.0,21,0
122,18,12.0,12,0
122,35,6.0,16,0
122,23,58.0,4,2
122,4,55.0,6,1
122,49,13.0,10,0
122,15,29.0,8,0
122,30,92.0,1,6
122,8,83.0,2,1
122,31,82.0,3,2
122,14,45.0,7,1
123,11,3.0,18,0
123,47,0.0,24,0
123,48,4.0,17,0
123,53,0.0,23,0
123,51,1.0,20,0
123,42,0.0,21,0
123,44,6.0,15,0
123,17,17.0,10,0
123,21,12.0,12,1
123,43,10.0,13,0
123,52,1.0,19,0
123,2,6.0,14,0
123,22,65.0,4,2
123,50,0.0,22,0
123,18,17.0,9,0
123,35,6.0,16,0
123,23,58.0,5,2
123,4,55.0,6,1
123,49,13.0,11,0
123,15,33.0,8,0
123,30,93.0,1,6
123,8,91.0,2,1
123,31,82.0,3,2
123,14,51.0,7,1
124,37,0.0,8,0
124,62,0.0,7,0
124,63,1.0,6,0
124,17,2.0,5,0
124,56,3.0,4,0
124,8,4.0,3,0
124,31,6.0,2,0
124,30,10.0,1,1
125,21,0.0,17,0
125,49,0.0,16,0
125,11,0.0,15,0
125,35,0.0,14,0
125,66,0.0,11,0
125,13,1.0,10,0
125,2,2.0,7,0
125,18,3.0,5,0
125,23,10.0,3,1
125,37,0.0,13,0
125,62,0.0,12,0
125,63,1.0,9,0
125,17,2.0,8,0
125,56,3.0,6,0
125,8,4.0,4,0
125,31,12.0,2,0
125,30,14.0,1,1
126,14,4.0,6,0
126,21,0.0,18,0
126,49,0.0,17,0
126,11,0.0,16,0
126,35,0.0,15,0
126,66,0.0,13,0
126,13,1.0,11,0
126,2,2.0,9,0
126,18,6.0,4,0
126,23,16.0,2,1
126,37,0.0,14,0
126,62,0.0,12,0
126,63,2.0,10,0
126,17,2.0,8,0
126,56,3.0,7,0
126,8,4.0,5,0
126,31,14.0,3,0
126,30,24.0,1,2
127,15,0.0,18,0
127,22,6.0,5,0
127,14,5.0,6,0
127,21,0.0,20,0
127,49,0.0,19,0
127,11,0.0,17,0
127,35,0.0,13,0
127,66,0.0,15,0
127,13,1.0,12,0
127,2,2.0,9,0
127,18,8.0,4,0
127,23,20.0,2,1
127,37,0.0,16,0
127,62,0.0,14,0
127,63,2.0,11,0
127,17,2.0,10,0
127,56,3.0,8,0
127,8,4.0,7,0
127,31,17.0,3,0
127,30,34.0,1,3
128,15,0.0,19,0
128,22,6.0,6,0
128,14,9.0,4,0
128,21,0.0,20,0
128,49,1.0,13,0
128,11,0.0,18,0
128,35,0.0,14,0
128,66,0.0,15,0
128,13,3.0,10,0
128,2,5.0,7,0
128,18,8.0,5,0
128,23,20.0,3,1
128,37,0.0,17,0
128,62,0.0,16,0
128,63,2.0,12,0
128,17,2.0,11,0
128,56,3.0,9,0
128,8,4.0,8,0
128,31,23.0,2,0
128,30,44.0,1,4
129,15,0.0,20,0
129,22,12.0,4,0
129,14,10.0,5,0
129,21,2.0,12,0
129,49,1.0,14,0
129,11,0.0,19,0
129,35,0.0,15,0
129,66,0.0,16,0
129,13,3.0,10,0
129,2,5.0,7,0
129,18,8.0,6,0
129,23,23.0,3,1
129,37,0.0,18,0
129,62,0.0,17,0
129,63,2.0,13,0
129,17,2.0,11,0
129,56,3.0,9,0
129,8,4.0,8,0
129,31,27.0,2,0
129,30,54.0,1,5
130,59,0.0,21,0
130,15,3.0,11,0
130,22,12.0,5,0
130,14,20.0,4,1
130,21,4.0,9,0
130,49,2.0,15,0
130,11,0.0,20,0
130,35,0.0,16,0
130,66,0.0,17,0
130,13,3.0,12,0
130,2,5.0,7,0
130,18,8.0,6,0
130,23,27.0,2,1
130,37,0.0,19,0
130,62,0.0,18,0
130,63,2.0,14,0
130,17,2.0,13,0
130,56,3.0,10,0
130,8,4.0,8,0
130,31,27.0,3,0
130,30,60.0,1,5
131,44,0.0,20,0
131,59,0.0,22,0
131,15,4.0,10,0
131,22,16.0,5,0
131,14,26.0,4,1
131,21,6.0,8,0
131,49,2.0,15,0
131,11,0.0,21,0
131,35,0.0,16,0
131,66,0.0,17,0
131,13,3.0,12,0
131,2,5.0,9,0
131,18,8.0,6,0
131,23,27.0,2,1
131,37,0.0,19,0
131,62,0.0,18,0
131,63,2.0,14,0
131,17,2.0,13,0
131,56,3.0,11,0
131,8,7.0,7,0
131,31,27.0,3,0
131,30,70.0,1,6
132,44,0.0,20,0
132,59,0.0,22,0
132,15,4.0,10,0
132,22,26.0,4,1
132,14,26.0,5,1
132,21,6.0,8,0
132,49,2.0,15,0
132,11,0.0,21,0
132,35,0.0,16,0
132,66,0.0,17,0
132,13,4.0,11,0
132,2,5.0,9,0
132,18,10.0,7,0
132,23,30.0,2,1
132,37,0.0,19,0
132,62,0.0,18,0
132,63,2.0,14,0
132,17,2.0,13,0
132,56,3.0,12,0
132,8,11.0,6,0
132,31,27.0,3,0
132,30,76.0,1,6
133,44,2.0,14,0
133,59,0.0,22,0
133,15,4.0,10,0
133,22,32.0,2,1
133,14,26.0,5,1
133,21,6.0,9,0
133,49,2.0,17,0
133,11,0.0,21,0
133,35,3.0,12,0
133,66,0.0,18,0
133,13,4.0,11,0
133,2,6.0,8,0
133,18,10.0,7,0
133,23,30.0,4,1
133,37,0.0,20,0
133,62,0.0,19,0
133,63,2.0,16,0
133,17,2.0,15,0
133,56,3.0,13,0
133,8,11.0,6,0
133,31,31.0,3,0
133,30,86.0,1,7
134,44,2.0,14,0
134,59,0.0,22,0
134,15,4.0,10,0
134,22,32.0,3,1
134,14,30.0,5,1
134,21,6.0,9,0
134,49,2.0,17,0
134,11,0.0,21,0
134,35,3.0,12,0
134,66,0.0,18,0
134,13,4.0,11,0
134,2,6.0,8,0
134,18,11.0,7,0
134,23,32.0,4,1
134,37,0.0,20,0
134,62,0.0,19,0
134,63,2.0,16,0
134,17,2.0,15,0
134,56,3.0,13,0
134,8,17.0,6,0
134,31,34.0,2,0
134,30,96.0,1,8
135,44,2.0,14,0
135,59,0.0,22,0
135,15,4.0,10,0
135,22,35.0,4,1
135,14,32.0,5,1
135,21,6.0,9,0
135,49,2.0,17,0
135,11,0.0,21,0
135,35,3.0,12,0
135,66,0.0,18,0
135,13,4.0,11,0
135,2,7.0,8,0
135,18,11.0,7,0
135,23,36.0,3,1
135,37,0.0,20,0
135,62,0.0,19,0
135,63,2.0,16,0
135,17,2.0,15,0
135,56,3.0,13,0
135,8,17.0,6,0
135,31,40.0,2,0
135,30,106.0,1,9
136,44,2.0,14,0
136,59,0.0,22,0
136,15,4.0,10,0
136,22,45.0,2,2
136,14,34.0,5,1
136,21,7.0,9,0
136,49,2.0,17,0
136,11,0.0,21,0
136,35,3.0,12,0
136,66,0.0,18,0
136,13,4.0,11,0
136,2,7.0,8,0
136,18,11.0,7,0
136,23,40.0,3,1
136,37,0.0,20,0
136,62,0.0,19,0
136,63,2.0,16,0
136,17,2.0,15,0
136,56,3.0,13,0
136,8,20.0,6,0
136,31,40.0,4,0
136,30,112.0,1,9
137,44,2.0,14,0
137,59,0.0,22,0
137,15,4.0,11,0
137,22,51.0,2,2
137,14,37.0,5,1
137,21,7.0,9,0
137,49,2.0,17,0
137,11,0.0,21,0
137,35,3.0,13,0
137,66,0.0,18,0
137,13,4.0,12,0
137,2,7.0,8,0
137,18,11.0,7,0
137,23,42.0,4,1
137,37,0.0,20,0
137,62,0.0,19,0
137,63,2.0,16,0
137,17,2.0,15,0
137,56,4.0,10,0
137,8,20.0,6,0
137,31,44.0,3,0
137,30,122.0,1,10
138,44,3.0,14,0
138,59,0.0,22,0
138,15,7.0,9,0
138,22,61.0,2,3
138,14,37.0,5,1
138,21,7.0,11,0
138,49,2.0,17,0
138,11,0.0,21,0
138,35,3.0,13,0
138,66,0.0,18,0
138,13,4.0,12,0
138,2,7.0,10,0
138,18,13.0,7,0
138,23,42.0,4,1
138,37,0.0,20,0
138,62,0.0,19,0
138,63,2.0,16,0
138,17,2.0,15,0
138,56,8.0,8,0
138,8,20.0,6,0
138,31,44.0,3,0
138,30,128.0,1,10
139,44,3.0,14,0
139,59,0.0,22,0
139,15,9.0,8,0
139,22,71.0,2,4
139,14,41.0,5,1
139,21,7.0,11,0
139,49,2.0,17,0
139,11,0.0,21,0
139,35,4.0,12,0
139,66,0.0,18,0
139,13,4.0,13,0
139,2,7.0,10,0
139,18,13.0,7,0
139,23,42.0,4,1
139,37,0.0,20,0
139,62,0.0,19,0
139,63,2.0,16,0
139,17,2.0,15,0
139,56,8.0,9,0
139,8,20.0,6,0
139,31,47.0,3,0
139,30,134.0,1,10
140,44,3.0,14,0
140,59,0.0,22,0
140,15,9.0,8,0
140,22,77.0,2,4
140,14,41.0,5,1
140,21,7.0,11,0
140,49,2.0,18,0
140,11,2.0,15,0
140,35,4.0,12,0
140,66,0.0,19,0
140,13,4.0,13,0
140,2,7.0,10,0
140,18,14.0,7,0
140,23,42.0,4,1
140,37,0.0,21,0
140,62,0.0,20,0
140,63,2.0,17,0
140,17,2.0,16,0
140,56,8.0,9,0
140,8,24.0,6,0
140,31,50.0,3,0
140,30,144.0,1,11
141,21,0.0,13,0
141,4,0.0,12,0
141,56,0.0,11,0
141,50,0.0,10,0
141,55,0.0,9,0
141,54,0.0,8,0
141,44,0.0,7,0
141,8,1.0,6,0
141,49,2.0,5,0
141,2,3.0,4,0
141,22,4.0,3,0
141,14,6.0,2,0
141,30,10.0,1,1
142,58,0.0,19,0
142,60,0.0,17,0
142,18,0.0,14,0
142,15,0.0,12,0
142,57,1.0,7,0
142,23,2.0,6,0
142,21,0.0,18,0
142,4,0.0,16,0
142,56,0.0,15,0
142,50,0.0,9,0
142,55,0.0,13,0
142,54,0.0,11,0
142,44,0.0,10,0
142,8,1.0,8,0
142,49,5.0,4,0
142,2,3.0,5,0
142,22,10.0,2,0
142,14,10.0,3,0
142,30,20.0,1,2
143,35,0.0,13,0
143,58,0.0,16,0
143,60,0.0,20,0
143,18,0.0,17,0
143,15,2.0,7,0
143,57,1.0,10,0
143,23,2.0,8,0
143,21,1.0,9,0
143,4,0.0,19,0
143,56,0.0,18,0
143,50,0.0,12,0
143,55,0.0,14,0
143,54,0.0,15,0
143,44,3.0,6,0
143,8,1.0,11,0
143,49,5.0,5,0
143,2,7.0,4,0
143,22,10.0,3,0
143,14,20.0,2,1
143,30,26.0,1,2
144,59,0.0,18,0
144,35,0.0,13,0
144,58,0.0,16,0
144,60,0.0,21,0
144,18,0.0,17,0
144,15,4.0,8,0
144,57,4.0,7,0
144,23,12.0,4,1
144,21,1.0,10,0
144,4,0.0,20,0
144,56,0.0,19,0
144,50,0.0,12,0
144,55,0.0,14,0
144,54,0.0,15,0
144,44,3.0,9,0
144,8,1.0,11,0
144,49,6.0,6,0
144,2,7.0,5,0
144,22,14.0,3,0
144,14,26.0,2,1
144,30,26.0,1,2
145,31,6.0,7,0
145,59,0.0,19,0
145,35,4.0,9,0
145,58,0.0,17,0
145,60,0.0,22,0
145,18,0.0,18,0
145,15,7.0,6,0
145,57,4.0,10,0
145,23,12.0,4,1
145,21,1.0,13,0
145,4,0.0,21,0
145,56,0.0,20,0
145,50,0.0,14,0
145,55,0.0,15,0
145,54,0.0,16,0
145,44,3.0,11,0
145,8,1.0,12,0
145,49,6.0,8,0
145,2,8.0,5,0
145,22,14.0,3,0
145,14,28.0,2,1
145,30,36.0,1,3
146,31,6.0,7,0
146,59,0.0,20,0
146,35,4.0,10,0
146,58,0.0,18,0
146,60,0.0,22,0
146,18,0.0,19,0
146,15,7.0,6,0
146,57,4.0,12,0
146,23,12.0,4,1
146,21,1.0,14,0
146,4,0.0,21,0
146,56,0.0,15,0
146,50,1.0,13,0
146,55,0.0,16,0
146,54,0.0,17,0
146,44,5.0,9,0
146,8,4.0,11,0
146,49,6.0,8,0
146,2,8.0,5,0
146,22,18.0,3,0
146,14,38.0,2,2
146,30,42.0,1,3
147,31,6.0,8,0
147,59,0.0,19,0
147,35,7.0,6,0
147,58,0.0,20,0
147,60,0.0,22,0
147,18,0.0,17,0
147,15,7.0,7,0
147,57,4.0,13,0
147,23,12.0,4,1
147,21,1.0,16,0
147,4,0.0,21,0
147,56,4.0,11,0
147,50,1.0,14,0
147,55,1.0,15,0
147,54,0.0,18,0
147,44,5.0,10,0
147,8,4.0,12,0
147,49,6.0,9,0
147,2,8.0,5,0
147,22,24.0,3,0
147,14,40.0,2,2
147,30,52.0,1,4
148,41,0.0,19,0
148,37,1.0,17,0
148,31,6.0,10,0
148,59,0.0,22,0
148,35,7.0,7,0
148,58,0.0,21,0
148,60,0.0,24,0
148,18,0.0,18,0
148,15,7.0,9,0
148,57,8.0,6,0
148,23,22.0,4,2
148,21,1.0,16,0
148,4,0.0,23,0
148,56,4.0,13,0
148,50,1.0,15,0
148,55,3.0,14,0
148,54,0.0,20,0
148,44,5.0,12,0
148,8,7.0,8,0
148,49,6.0,11,0
148,2,8.0,5,0
148,22,24.0,3,0
148,14,40.0,2,2
148,30,58.0,1,4
149,41,0.0,19,0
149,37,1.0,16,0
149,31,12.0,5,0
149,59,0.0,22,0
149,35,7.0,8,0
149,58,0.0,21,0
149,60,0.0,24,0
149,18,0.0,18,0
149,15,7.0,10,0
149,57,9.0,6,0
149,23,25.0,4,2
149,21,1.0,17,0
149,4,0.0,23,0
149,56,4.0,13,0
149,50,1.0,15,0
149,55,3.0,14,0
149,54,0.0,20,0
149,44,5.0,12,0
149,8,7.0,9,0
149,49,6.0,11,0
149,2,8.0,7,0
149,22,26.0,3,0
149,14,44.0,2,2
149,30,68.0,1,5
150,41,0.0,19,0
150,37,1.0,16,0
150,31,12.0,5,0
150,59,0.0,22,0
150,35,7.0,9,0
150,58,0.0,21,0
150,60,0.0,24,0
150,18,0.0,18,0
150,15,9.0,8,0
150,57,9.0,7,0
150,23,31.0,3,2
150,21,1.0,17,0
150,4,0.0,23,0
150,56,4.0,13,0
150,50,1.0,15,0
150,55,3.0,14,0
150,54,0.0,20,0
150,44,5.0,12,0
150,8,7.0,10,0
150,49,6.0,11,0
150,2,9.0,6,0
150,22,30.0,4,0
150,14,47.0,2,2
150,30,78.0,1,6
151,41,0.0,19,0
151,37,1.0,16,0
151,31,15.0,6,0
151,59,0.0,22,0
151,35,7.0,10,0
151,58,0.0,21,0
151,60,0.0,24,0
151,18,0.0,18,0
151,15,9.0,9,0
151,57,19.0,5,1
151,23,31.0,4,2
151,21,1.0,17,0
151,4,0.0,23,0
151,56,4.0,13,0
151,50,1.0,15,0
151,55,3.0,14,0
151,54,0.0,20,0
151,44,5.0,12,0
151,8,9.0,8,0
151,49,6.0,11,0
151,2,10.0,7,0
151,22,34.0,3,0
151,14,47.0,2,2
151,30,84.0,1,6
152,41,0.0,19,0
152,37,1.0,18,0
152,31,15.0,6,0
152,59,0.0,21,0
152,35,11.0,7,0
152,58,0.0,22,0
152,60,0.0,24,0
152,18,2.0,16,0
152,15,9.0,10,0
152,57,19.0,5,1
152,23,41.0,3,3
152,21,4.0,14,0
152,4,0.0,23,0
152,56,4.0,13,0
152,50,1.0,17,0
152,55,4.0,15,0
152,54,0.0,20,0
152,44,5.0,12,0
152,8,9.0,9,0
152,49,6.0,11,0
152,2,10.0,8,0
152,22,40.0,4,0
152,14,47.0,2,2
152,30,84.0,1,6
153,41,0.0,19,0
153,37,1.0,18,0
153,31,15.0,6,0
153,59,0.0,21,0
153,35,11.0,7,0
153,58,0.0,22,0
153,60,0.0,24,0
153,18,2.0,16,0
153,15,9.0,10,0
153,57,21.0,5,1
153,23,44.0,4,3
153,21,4.0,14,0
153,4,0.0,23,0
153,56,4.0,13,0
153,50,1.0,17,0
153,55,4.0,15,0
153,54,0.0,20,0
153,44,5.0,12,0
153,8,9.0,9,0
153,49,6.0,11,0
153,2,11.0,8,0
153,22,46.0,3,0
153,14,51.0,2,2
153,30,94.0,1,7
154,41,0.0,19,0
154,37,1.0,18,0
154,31,15.0,6,0
154,59,0.0,21,0
154,35,11.0,7,0
154,58,0.0,22,0
154,60,0.0,24,0
154,18,2.0,16,0
154,15,9.0,10,0
154,57,24.0,5,1
154,23,44.0,4,3
154,21,8.0,11,0
154,4,0.0,23,0
154,56,4.0,15,0
154,50,1.0,17,0
154,55,5.0,14,0
154,54,0.0,20,0
154,44,5.0,13,0
154,8,9.0,9,0
154,49,6.0,12,0
154,2,11.0,8,0
154,22,48.0,3,0
154,14,57.0,2,2
154,30,104.0,1,8
155,61,0.0,24,0
155,41,0.0,19,0
155,37,3.0,16,0
155,31,25.0,5,1
155,59,0.0,21,0
155,35,12.0,7,0
155,58,0.0,22,0
155,60,0.0,25,0
155,18,2.0,17,0
155,15,9.0,10,0
155,57,24.0,6,1
155,23,48.0,4,3
155,21,8.0,11,0
155,4,0.0,23,0
155,56,4.0,15,0
155,50,1.0,18,0
155,55,5.0,14,0
155,54,0.0,20,0
155,44,5.0,13,0
155,8,9.0,9,0
155,49,6.0,12,0
155,2,11.0,8,0
155,22,54.0,3,0
155,14,57.0,2,2
155,30,107.0,1,8
156,61,0.0,24,0
156,41,0.0,19,0
156,37,3.0,16,0
156,31,25.0,6,1
156,59,0.0,21,0
156,35,12.0,7,0
156,58,0.0,22,0
156,60,0.0,25,0
156,18,2.0,17,0
156,15,12.0,9,0
156,57,34.0,5,2
156,23,48.0,4,3
156,21,8.0,11,0
156,4,0.0,23,0
156,56,6.0,12,0
156,50,1.0,18,0
156,55,5.0,15,0
156,54,0.0,20,0
156,44,5.0,14,0
156,8,9.0,10,0
156,49,6.0,13,0
156,2,12.0,8,0
156,22,54.0,3,0
156,14,61.0,2,2
156,30,113.0,1,8
157,62,0.0,26,0
157,61,0.0,24,0
157,41,0.0,19,0
157,37,3.0,16,0
157,31,31.0,6,1
157,59,0.0,21,0
157,35,12.0,7,0
157,58,0.0,22,0
157,60,0.0,25,0
157,18,2.0,17,0
157,15,12.0,9,0
157,57,37.0,5,2
157,23,49.0,4,3
157,21,8.0,11,0
157,4,0.0,23,0
157,56,6.0,12,0
157,50,1.0,18,0
157,55,5.0,15,0
157,54,0.0,20,0
157,44,5.0,14,0
157,8,9.0,10,0
157,49,6.0,13,0
157,2,12.0,8,0
157,22,56.0,3,0
157,14,65.0,2,2
157,30,123.0,1,9
158,30,10.0,1,1
158,22,6.0,2,0
158,23,4.0,3,0
158,35,3.0,4,0
158,21,2.0,5,0
158,41,1.0,6,0
158,25,0.0,7,0
158,48,0.0,8,0
158,2,0.0,9,0
159,30,20.0,1,2
159,22,6.0,3,0
159,23,6.0,4,0
159,35,3.0,7,0
159,21,8.0,2,0
159,41,1.0,8,0
159,25,0.0,11,0
159,48,0.0,13,0
159,2,0.0,14,0
159,49,4.0,5,0
159,15,3.0,6,0
159,18,1.0,9,0
159,50,0.0,10,0
159,37,0.0,12,0
159,60,0.0,15,0
160,30,30.0,1,3
160,22,9.0,2,0
160,23,6.0,5,0
160,35,5.0,6,0
160,21,8.0,3,0
160,41,1.0,10,0
160,25,0.0,13,0
160,48,0.0,18,0
160,2,0.0,19,0
160,49,4.0,8,0
160,15,3.0,9,0
160,18,1.0,11,0
160,50,0.0,14,0
160,37,0.0,16,0
160,60,0.0,20,0
160,57,6.0,4,0
160,14,4.0,7,0
160,63,1.0,12,0
160,56,0.0,15,0
160,64,0.0,17,0
160,65,0.0,21,0
161,30,34.0,1,3
161,22,9.0,4,0
161,23,9.0,5,0
161,35,5.0,7,0
161,21,8.0,6,0
161,41,1.0,12,0
161,25,0.0,13,0
161,48,0.0,17,0
161,2,0.0,19,0
161,49,4.0,8,0
161,15,4.0,9,0
161,18,3.0,10,0
161,50,0.0,15,0
161,37,0.0,18,0
161,60,0.0,21,0
161,57,12.0,3,0
161,14,14.0,2,1
161,63,1.0,11,0
161,56,0.0,14,0
161,64,0.0,16,0
161,65,0.0,20,0
161,55,0.0,22,0
162,30,36.0,1,3
162,22,13.0,4,0
162,23,12.0,5,0
162,35,5.0,8,0
162,21,8.0,6,0
162,41,1.0,12,0
162,25,0.0,13,0
162,48,0.0,17,0
162,2,0.0,19,0
162,49,5.0,7,0
162,15,4.0,9,0
162,18,3.0,10,0
162,50,0.0,15,0
162,37,0.0,18,0
162,60,0.0,21,0
162,57,22.0,2,1
162,14,20.0,3,1
162,63,1.0,11,0
162,56,0.0,14,0
162,64,0.0,16,0
162,65,0.0,20,0
162,55,0.0,22,0
163,30,46.0,1,4
163,22,16.0,4,0
163,23,12.0,5,0
163,35,5.0,8,0
163,21,10.0,6,0
163,41,1.0,12,0
163,25,0.0,15,0
163,48,0.0,19,0
163,2,0.0,21,0
163,49,5.0,7,0
163,15,4.0,9,0
163,18,3.0,10,0
163,50,0.0,17,0
163,37,1.0,13,0
163,60,0.0,18,0
163,57,28.0,2,1
163,14,24.0,3,1
163,63,1.0,11,0
163,56,0.0,16,0
163,64,0.0,14,0
163,65,0.0,22,0
163,55,0.0,20,0
164,30,46.0,1,4
164,22,22.0,4,0
164,23,12.0,6,0
164,35,5.0,8,0
164,21,14.0,5,0
164,41,1.0,13,0
164,25,0.0,16,0
164,48,0.0,20,0
164,2,0.0,18,0
164,49,5.0,7,0
164,15,4.0,9,0
164,18,3.0,12,0
164,50,0.0,17,0
164,37,1.0,14,0
164,60,0.0,19,0
164,57,29.0,3,1
164,14,34.0,2,2
164,63,3.0,11,0
164,56,3.0,10,0
164,64,0.0,15,0
164,65,0.0,21,0
164,55,0.0,22,0
165,30,56.0,1,5
165,22,28.0,4,0
165,23,12.0,6,0
165,35,5.0,8,0
165,21,18.0,5,0
165,41,1.0,14,0
165,25,0.0,17,0
165,48,0.0,20,0
165,2,0.0,18,0
165,49,5.0,7,0
165,15,5.0,9,0
165,18,3.0,12,0
165,50,2.0,13,0
165,37,1.0,15,0
165,60,0.0,19,0
165,57,32.0,3,1
165,14,34.0,2,2
165,63,3.0,11,0
165,56,3.0,10,0
165,64,0.0,16,0
165,65,0.0,21,0
165,55,0.0,22,0
166,30,56.0,1,5
166,22,32.0,4,0
166,23,14.0,6,0
166,35,8.0,7,0
166,21,18.0,5,0
166,41,1.0,14,0
166,25,0.0,17,0
166,48,0.0,20,0
166,2,0.0,18,0
166,49,5.0,9,0
166,15,6.0,8,0
166,18,3.0,12,0
166,50,2.0,13,0
166,37,1.0,15,0
166,60,0.0,19,0
166,57,38.0,3,1
166,14,44.0,2,3
166,63,3.0,11,0
166,56,3.0,10,0
166,64,0.0,16,0
166,65,0.0,21,0
166,55,0.0,22,0
167,30,56.0,1,5
167,22,36.0,4,0
167,23,14.0,6,0
167,35,11.0,7,0
167,21,18.0,5,0
167,41,1.0,14,0
167,25,0.0,17,0
167,48,0.0,19,0
167,2,0.0,20,0
167,49,5.0,9,0
167,15,6.0,8,0
167,18,5.0,10,0
167,50,2.0,13,0
167,37,1.0,15,0
167,60,0.0,21,0
167,57,48.0,3,2
167,14,50.0,2,3
167,63,4.0,11,0
167,56,3.0,12,0
167,64,0.0,16,0
167,65,0.0,18,0
167,55,0.0,22,0
167,54,0.0,23,0
168,30,56.0,1,5
168,22,46.0,4,1
168,23,14.0,6,0
168,35,11.0,7,0
168,21,18.0,5,0
168,41,1.0,15,0
168,25,0.0,17,0
168,48,0.0,19,0
168,2,0.0,20,0
168,49,5.0,11,0
168,15,6.0,9,0
168,18,8.0,8,0
168,50,2.0,13,0
168,37,2.0,14,0
168,60,0.0,21,0
168,57,54.0,3,2
168,14,54.0,2,3
168,63,6.0,10,0
168,56,3.0,12,0
168,64,0.0,16,0
168,65,0.0,18,0
168,55,0.0,22,0
168,54,0.0,23,0
169,30,62.0,2,5
169,22,49.0,4,1
169,23,16.0,6,0
169,35,11.0,7,0
169,21,18.0,5,0
169,41,1.0,15,0
169,25,0.0,17,0
169,48,0.0,19,0
169,2,0.0,20,0
169,49,6.0,9,0
169,15,6.0,10,0
169,18,8.0,8,0
169,50,2.0,13,0
169,37,2.0,14,0
169,60,0.0,21,0
169,57,64.0,1,3
169,14,58.0,3,3
169,63,6.0,11,0
169,56,3.0,12,0
169,64,0.0,16,0
169,65,0.0,18,0
169,55,0.0,22,0
169,54,0.0,23,0
170,30,68.0,2,5
170,22,49.0,4,1
170,23,20.0,5,0
170,35,11.0,7,0
170,21,18.0,6,0
170,41,1.0,15,0
170,25,0.0,18,0
170,48,0.0,19,0
170,2,0.0,20,0
170,49,7.0,9,0
170,15,6.0,10,0
170,18,10.0,8,0
170,50,2.0,13,0
170,37,2.0,14,0
170,60,0.0,21,0
170,57,74.0,1,4
170,14,61.0,3,3
170,63,6.0,11,0
170,56,3.0,12,0
170,64,0.0,16,0
170,65,0.0,17,0
170,55,0.0,22,0
170,54,0.0,23,0
171,30,78.0,2,6
171,22,49.0,4,1
171,23,24.0,5,0
171,35,11.0,7,0
171,21,18.0,6,0
171,41,2.0,15,0
171,25,2.0,14,0
171,48,0.0,19,0
171,2,0.0,20,0
171,49,7.0,9,0
171,15,6.0,10,0
171,18,10.0,8,0
171,50,5.0,12,0
171,37,2.0,16,0
171,60,0.0,21,0
171,57,80.0,1,4
171,14,61.0,3,3
171,63,6.0,11,0
171,56,3.0,13,0
171,64,0.0,17,0
171,65,0.0,18,0
171,55,0.0,22,0
171,54,0.0,23,0
172,30,88.0,1,7
172,22,55.0,4,1
172,23,24.0,5,0
172,35,14.0,7,0
172,21,18.0,6,0
172,41,3.0,14,0
172,25,2.0,15,0
172,48,0.0,19,0
172,2,0.0,20,0
172,49,11.0,8,0
172,15,6.0,10,0
172,18,10.0,9,0
172,50,5.0,12,0
172,37,2.0,16,0
172,60,0.0,21,0
172,57,80.0,2,4
172,14,63.0,3,3
172,63,6.0,11,0
172,56,3.0,13,0
172,64,0.0,17,0
172,65,0.0,18,0
172,55,0.0,22,0
172,54,0.0,23,0
173,30,98.0,1,8
173,22,58.0,4,1
173,23,24.0,5,0
173,35,15.0,7,0
173,21,18.0,6,0
173,41,3.0,14,0
173,25,2.0,15,0
173,48,0.0,19,0
173,2,0.0,20,0
173,49,11.0,9,0
173,15,6.0,10,0
173,18,12.0,8,0
173,50,5.0,12,0
173,37,2.0,16,0
173,60,0.0,21,0
173,57,86.0,2,4
173,14,67.0,3,3
173,63,6.0,11,0
173,56,3.0,13,0
173,64,0.0,18,0
173,65,0.0,17,0
173,55,0.0,22,0
173,54,0.0,23,0
174,30,108.0,1,9
174,22,62.0,4,1
174,23,24.0,5,0
174,35,17.0,7,0
174,21,18.0,6,0
174,41,3.0,14,0
174,25,2.0,15,0
174,48,0.0,19,0
174,2,0.0,20,0
174,49,11.0,9,0
174,15,6.0,10,0
174,18,12.0,8,0
174,50,5.0,12,0
174,37,2.0,16,0
174,60,0.0,21,0
174,57,89.0,2,4
174,14,73.0,3,3
174,63,6.0,11,0
174,56,4.0,13,0
174,64,0.0,18,0
174,65,0.0,17,0
174,55,0.0,22,0
174,54,0.0,23,0
74,4,36.0,1,3
74,22,8.0,9,0
74,21,10.0,3,1
175,30,0.0,8,0
175,68,0.0,7,0
175,37,1.0,6,0
175,22,2.0,5,0
175,21,3.0,4,0
175,23,4.0,3,0
175,49,6.0,2,0
175,56,10.0,1,1
176,48,0.0,12,0
176,25,0.0,11,0
176,44,1.0,9,0
176,57,10.0,2,1
176,30,6.0,5,0
176,68,0.0,10,0
176,37,1.0,8,0
176,22,2.0,7,0
176,21,3.0,6,0
176,23,7.0,4,0
176,49,10.0,3,0
176,56,12.0,1,1
177,70,0.0,19,0
177,65,0.0,18,0
177,69,0.0,16,0
177,63,0.0,14,0
177,55,1.0,10,0
177,71,3.0,9,0
177,14,6.0,6,0
177,48,0.0,17,0
177,25,0.0,15,0
177,44,1.0,12,0
177,57,10.0,3,1
177,30,16.0,1,1
177,68,0.0,13,0
177,37,1.0,11,0
177,22,6.0,7,0
177,21,5.0,8,0
177,23,7.0,5,0
177,49,10.0,4,0
177,56,12.0,2,1
178,15,0.0,16,0
178,70,0.0,17,0
178,65,0.0,20,0
178,69,0.0,18,0
178,63,0.0,15,0
178,55,1.0,11,0
178,71,3.0,9,0
178,14,6.0,7,0
178,48,0.0,19,0
178,25,1.0,10,0
178,44,1.0,13,0
178,57,14.0,3,1
178,30,26.0,1,2
178,68,0.0,14,0
178,37,1.0,12,0
178,22,6.0,8,0
178,21,7.0,6,0
178,23,7.0,5,0
178,49,13.0,4,0
178,56,18.0,2,1
179,15,1.0,11,0
179,70,0.0,17,0
179,65,0.0,20,0
179,69,0.0,18,0
179,63,0.0,16,0
179,55,1.0,13,0
179,71,3.0,9,0
179,14,12.0,5,0
179,48,0.0,19,0
179,25,1.0,10,0
179,44,1.0,14,0
179,57,24.0,2,2
179,30,30.0,1,2
179,68,0.0,15,0
179,37,1.0,12,0
179,22,6.0,8,0
179,21,7.0,7,0
179,23,9.0,6,0
179,49,13.0,4,0
179,56,21.0,3,1
180,64,1.0,16,0
180,15,1.0,12,0
180,70,0.0,21,0
180,65,2.0,10,0
180,69,0.0,20,0
180,63,0.0,18,0
180,55,1.0,15,0
180,71,3.0,9,0
180,14,12.0,6,0
180,48,0.0,19,0
180,25,1.0,11,0
180,44,1.0,13,0
180,57,34.0,1,3
180,30,30.0,2,2
180,68,0.0,17,0
180,37,1.0,14,0
180,22,6.0,8,0
180,21,13.0,5,0
180,23,12.0,7,0
180,49,13.0,4,0
180,56,25.0,3,1
181,41,0.0,22,0
181,64,1.0,16,0
181,15,1.0,11,0
181,70,0.0,21,0
181,65,2.0,10,0
181,69,0.0,20,0
181,63,0.0,18,0
181,55,1.0,15,0
181,71,3.0,9,0
181,14,12.0,7,0
181,48,0.0,19,0
181,25,1.0,12,0
181,44,1.0,13,0
181,57,40.0,1,3
181,30,32.0,2,2
181,68,0.0,17,0
181,37,1.0,14,0
181,22,10.0,8,0
181,21,13.0,6,0
181,23,15.0,5,0
181,49,23.0,4,1
181,56,26.0,3,1
182,41,0.0,22,0
182,64,2.0,11,0
182,15,1.0,12,0
182,70,0.0,21,0
182,65,2.0,10,0
182,69,0.0,20,0
182,63,0.0,18,0
182,55,1.0,16,0
182,71,5.0,9,0
182,14,22.0,5,1
182,48,0.0,19,0
182,25,1.0,13,0
182,44,1.0,14,0
182,57,40.0,1,3
182,30,32.0,2,2
182,68,0.0,17,0
182,37,1.0,15,0
182,22,10.0,8,0
182,21,13.0,7,0
182,23,19.0,6,0
182,49,26.0,4,1
182,56,32.0,3,1
183,41,0.0,22,0
183,64,3.0,11,0
183,15,1.0,13,0
183,70,0.0,21,0
183,65,2.0,12,0
183,69,0.0,20,0
183,63,0.0,17,0
183,55,1.0,16,0
183,71,5.0,9,0
183,14,28.0,5,1
183,48,0.0,19,0
183,25,3.0,10,0
183,44,1.0,14,0
183,57,44.0,1,3
183,30,32.0,3,2
183,68,0.0,18,0
183,37,1.0,15,0
183,22,10.0,8,0
183,21,13.0,7,0
183,23,19.0,6,0
183,49,29.0,4,1
183,56,42.0,2,2
184,41,0.0,22,0
184,64,3.0,12,0
184,15,1.0,15,0
184,70,0.0,21,0
184,65,2.0,13,0
184,69,0.0,20,0
184,63,6.0,9,0
184,55,1.0,16,0
184,71,5.0,10,0
184,14,30.0,5,1
184,48,0.0,19,0
184,25,3.0,11,0
184,44,2.0,14,0
184,57,44.0,2,3
184,30,32.0,4,2
184,68,0.0,18,0
184,37,1.0,17,0
184,22,10.0,8,0
184,21,13.0,7,0
184,23,22.0,6,0
184,49,33.0,3,1
184,56,52.0,1,3
185,41,0.0,22,0
185,64,3.0,12,0
185,15,1.0,15,0
185,70,0.0,21,0
185,65,2.0,13,0
185,69,0.0,20,0
185,63,6.0,9,0
185,55,1.0,16,0
185,71,6.0,10,0
185,14,36.0,3,1
185,48,0.0,19,0
185,25,3.0,11,0
185,44,2.0,14,0
185,57,54.0,2,4
185,30,32.0,5,2
185,68,0.0,18,0
185,37,1.0,17,0
185,22,12.0,8,0
185,21,13.0,7,0
185,23,22.0,6,0
185,49,36.0,4,1
185,56,56.0,1,3
186,35,0.0,23,0
186,41,0.0,22,0
186,64,3.0,12,0
186,15,1.0,15,0
186,70,0.0,19,0
186,65,2.0,13,0
186,69,0.0,21,0
186,63,6.0,10,0
186,55,1.0,16,0
186,71,7.0,9,0
186,14,46.0,3,2
186,48,0.0,20,0
186,25,3.0,11,0
186,44,2.0,14,0
186,57,60.0,1,4
186,30,32.0,5,2
186,68,0.0,18,0
186,37,1.0,17,0
186,22,12.0,8,0
186,21,13.0,7,0
186,23,24.0,6,0
186,49,40.0,4,1
186,56,59.0,2,3
187,35,0.0,22,0
187,41,0.0,23,0
187,64,3.0,12,0
187,15,1.0,15,0
187,70,0.0,18,0
187,65,2.0,13,0
187,69,0.0,21,0
187,63,10.0,9,0
187,55,1.0,16,0
187,71,7.0,10,0
187,14,48.0,4,2
187,48,0.0,20,0
187,25,3.0,11,0
187,44,2.0,14,0
187,57,60.0,1,4
187,30,32.0,5,2
187,68,0.0,19,0
187,37,1.0,17,0
187,22,15.0,7,0
187,21,13.0,8,0
187,23,30.0,6,0
187,49,50.0,3,2
187,56,60.0,2,3
188,35,0.0,23,0
188,41,0.0,21,0
188,64,3.0,14,0
188,15,7.0,11,0
188,70,0.0,19,0
188,65,12.0,9,1
188,69,0.0,22,0
188,63,10.0,10,0
188,55,1.0,17,0
188,71,7.0,12,0
188,14,48.0,4,2
188,48,1.0,16,0
188,25,3.0,13,0
188,44,2.0,15,0
188,57,62.0,1,4
188,30,32.0,6,2
188,68,0.0,20,0
188,37,1.0,18,0
188,22,19.0,7,0
188,21,13.0,8,0
188,23,33.0,5,0
188,49,50.0,3,2
188,56,60.0,2,3
189,35,0.0,23,0
189,41,0.0,21,0
189,64,3.0,14,0
189,15,7.0,11,0
189,70,0.0,19,0
189,65,15.0,8,1
189,69,0.0,22,0
189,63,10.0,10,0
189,55,1.0,16,0
189,71,7.0,12,0
189,14,48.0,4,2
189,48,1.0,17,0
189,25,3.0,13,0
189,44,2.0,15,0
189,57,66.0,2,4
189,30,38.0,5,2
189,68,0.0,20,0
189,37,1.0,18,0
189,22,21.0,7,0
189,21,13.0,9,0
189,23,33.0,6,0
189,49,51.0,3,2
189,56,70.0,1,4
190,35,0.0,21,0
190,41,0.0,22,0
190,64,3.0,14,0
190,15,7.0,11,0
190,70,0.0,19,0
190,65,15.0,8,1
190,69,0.0,23,0
190,63,10.0,10,0
190,55,2.0,15,0
190,71,7.0,12,0
190,14,48.0,4,2
190,48,1.0,17,0
190,25,3.0,13,0
190,44,2.0,16,0
190,57,76.0,1,5
190,30,44.0,5,2
190,68,0.0,20,0
190,37,1.0,18,0
190,22,21.0,7,0
190,21,13.0,9,0
190,23,35.0,6,0
190,49,54.0,3,2
190,56,74.0,2,4
191,57,10.0,1,1
191,14,6.0,2,0
191,49,4.0,3,0
191,56,3.0,4,0
191,35,2.0,5,0
191,65,1.0,6,0
191,25,0.0,7,0
191,71,0.0,8,0
191,44,0.0,9,0
192,57,20.0,1,2
192,14,12.0,2,0
192,49,6.0,3,0
192,56,3.0,6,0
192,35,2.0,7,0
192,65,1.0,8,0
192,25,3.0,5,0
192,71,0.0,10,0
192,44,0.0,12,0
192,30,4.0,4,0
192,21,1.0,9,0
192,55,0.0,11,0
192,76,0.0,13,0
193,57,26.0,1,2
193,14,13.0,3,0
193,49,6.0,5,0
193,56,7.0,4,0
193,35,2.0,7,0
193,65,1.0,10,0
193,25,6.0,6,0
193,71,0.0,11,0
193,44,0.0,12,0
193,30,14.0,2,1
193,21,1.0,9,0
193,55,2.0,8,0
193,76,0.0,14,0
193,22,0.0,13,0
193,15,0.0,15,0
193,68,0.0,16,0
193,75,0.0,17,0
193,73,0.0,18,0
194,57,26.0,1,2
194,14,23.0,2,1
194,49,8.0,5,0
194,56,11.0,4,0
194,35,5.0,7,0
194,65,1.0,10,0
194,25,6.0,6,0
194,71,0.0,12,0
194,44,0.0,14,0
194,30,20.0,3,1
194,21,1.0,9,0
194,55,3.0,8,0
194,76,0.0,17,0
194,22,0.0,16,0
194,15,0.0,18,0
194,68,0.0,19,0
194,75,0.0,20,0
194,73,0.0,21,0
194,23,0.0,11,0
194,74,0.0,13,0
194,63,0.0,15,0
195,57,36.0,1,3
195,14,29.0,2,1
195,49,8.0,6,0
195,56,11.0,4,0
195,35,6.0,7,0
195,65,1.0,10,0
195,25,9.0,5,0
195,71,0.0,13,0
195,44,0.0,15,0
195,30,24.0,3,1
195,21,1.0,11,0
195,55,3.0,8,0
195,76,0.0,18,0
195,22,2.0,9,0
195,15,0.0,16,0
195,68,0.0,19,0
195,75,0.0,20,0
195,73,0.0,21,0
195,23,0.0,12,0
195,74,0.0,14,0
195,63,0.0,17,0
196,57,46.0,1,4
196,14,29.0,2,1
196,49,8.0,6,0
196,56,15.0,4,0
196,35,8.0,7,0
196,65,1.0,12,0
196,25,9.0,5,0
196,71,0.0,15,0
196,44,0.0,17,0
196,30,24.0,3,1
196,21,7.0,8,0
196,55,3.0,10,0
196,76,0.0,20,0
196,22,2.0,11,0
196,15,0.0,18,0
196,68,0.0,21,0
196,75,0.0,19,0
196,73,0.0,22,0
196,23,0.0,14,0
196,74,0.0,16,0
196,63,3.0,9,0
196,64,1.0,13,0
197,57,46.0,1,4
197,14,29.0,3,1
197,49,8.0,7,0
197,56,19.0,4,0
197,35,8.0,8,0
197,65,1.0,12,0
197,25,12.0,6,0
197,71,0.0,17,0
197,44,0.0,20,0
197,30,34.0,2,2
197,21,13.0,5,0
197,55,3.0,11,0
197,76,1.0,14,0
197,22,4.0,9,0
197,15,0.0,21,0
197,68,0.0,22,0
197,75,0.0,15,0
197,73,0.0,18,0
197,23,0.0,16,0
197,74,0.0,19,0
197,63,3.0,10,0
197,64,1.0,13,0
198,57,50.0,1,4
198,14,30.0,3,1
198,49,8.0,8,0
198,56,25.0,4,0
198,35,11.0,7,0
198,65,1.0,12,0
198,25,14.0,5,0
198,71,0.0,17,0
198,44,0.0,20,0
198,30,44.0,2,3
198,21,13.0,6,0
198,55,3.0,11,0
198,76,1.0,14,0
198,22,4.0,9,0
198,15,0.0,21,0
198,68,0.0,22,0
198,75,0.0,15,0
198,73,0.0,18,0
198,23,0.0,16,0
198,74,0.0,19,0
198,63,3.0,10,0
198,64,1.0,13,0
198,50,0.0,23,0
199,57,56.0,1,4
199,14,30.0,3,1
199,49,8.0,8,0
199,56,29.0,4,0
199,35,11.0,7,0
199,65,1.0,12,0
199,25,17.0,5,0
199,71,0.0,17,0
199,44,0.0,20,0
199,30,54.0,2,4
199,21,15.0,6,0
199,55,3.0,11,0
199,76,1.0,15,0
199,22,4.0,9,0
199,15,0.0,22,0
199,68,0.0,21,0
199,75,0.0,16,0
199,73,0.0,18,0
199,23,1.0,13,0
199,74,0.0,19,0
199,63,3.0,10,0
199,64,1.0,14,0
199,50,0.0,23,0
200,57,66.0,1,5
200,14,36.0,3,1
200,49,8.0,8,0
200,56,32.0,4,0
200,35,12.0,7,0
200,65,1.0,13,0
200,25,17.0,5,0
200,71,0.0,16,0
200,44,0.0,21,0
200,30,58.0,2,4
200,21,15.0,6,0
200,55,3.0,11,0
200,76,1.0,15,0
200,22,4.0,9,0
200,15,0.0,20,0
200,68,0.0,22,0
200,75,0.0,17,0
200,73,0.0,18,0
200,23,3.0,12,0
200,74,0.0,19,0
200,63,3.0,10,0
200,64,1.0,14,0
200,50,0.0,23,0
201,57,76.0,1,6
201,14,42.0,3,1
201,49,8.0,8,0
201,56,32.0,4,0
201,35,16.0,6,0
201,65,1.0,14,0
201,25,17.0,5,0
201,71,3.0,11,0
201,44,0.0,21,0
201,30,60.0,2,4
201,21,15.0,7,0
201,55,3.0,13,0
201,76,1.0,16,0
201,22,4.0,9,0
201,15,0.0,20,0
201,68,0.0,22,0
201,75,0.0,17,0
201,73,0.0,18,0
201,23,4.0,10,0
201,74,0.0,19,0
201,63,3.0,12,0
201,64,1.0,15,0
201,50,0.0,23,0
202,57,77.0,1,6
202,14,48.0,3,1
202,49,10.0,8,0
202,56,32.0,4,0
202,35,20.0,5,0
202,65,1.0,14,0
202,25,17.0,6,0
202,71,6.0,9,0
202,44,0.0,21,0
202,30,70.0,2,5
202,21,15.0,7,0
202,55,3.0,13,0
202,76,1.0,16,0
202,22,4.0,10,0
202,15,0.0,20,0
202,68,0.0,22,0
202,75,0.0,17,0
202,73,0.0,18,0
202,23,4.0,11,0
202,74,0.0,19,0
202,63,3.0,12,0
202,64,1.0,15,0
202,50,0.0,23,0
203,57,77.0,1,6
203,14,48.0,3,1
203,49,13.0,9,0
203,56,32.0,4,0
203,35,20.0,5,0
203,65,1.0,15,0
203,25,17.0,6,0
203,71,16.0,7,1
203,44,0.0,21,0
203,30,70.0,2,5
203,21,15.0,8,0
203,55,7.0,11,0
203,76,1.0,17,0
203,22,4.0,12,0
203,15,1.0,16,0
203,68,0.0,22,0
203,75,0.0,18,0
203,73,0.0,19,0
203,23,10.0,10,0
203,74,0.0,20,0
203,63,3.0,13,0
203,64,3.0,14,0
203,50,0.0,23,0
204,57,80.0,1,6
204,14,48.0,3,1
204,49,13.0,10,0
204,56,38.0,4,0
204,35,20.0,5,0
204,65,1.0,15,0
204,25,17.0,7,0
204,71,17.0,6,1
204,44,0.0,22,0
204,30,80.0,2,6
204,21,15.0,8,0
204,55,9.0,11,0
204,76,1.0,17,0
204,22,4.0,12,0
204,15,1.0,16,0
204,68,0.0,21,0
204,75,0.0,18,0
204,73,0.0,20,0
204,23,14.0,9,0
204,74,0.0,19,0
204,63,3.0,13,0
204,64,3.0,14,0
204,50,0.0,23,0
205,57,90.0,1,7
205,14,52.0,3,1
205,49,15.0,9,0
205,56,41.0,4,0
205,35,20.0,5,0
205,65,1.0,15,0
205,25,17.0,7,0
205,71,17.0,6,1
205,44,0.0,22,0
205,30,86.0,2,6
205,21,16.0,8,0
205,55,9.0,11,0
205,76,1.0,17,0
205,22,4.0,12,0
205,15,1.0,16,0
205,68,0.0,21,0
205,75,0.0,18,0
205,73,0.0,20,0
205,23,14.0,10,0
205,74,0.0,19,0
205,63,3.0,13,0
205,64,3.0,14,0
205,50,0.0,23,0
206,57,100.0,1,8
206,14,56.0,3,1
206,49,17.0,7,0
206,56,47.0,4,0
206,35,21.0,5,0
206,65,1.0,15,0
206,25,17.0,8,0
206,71,20.0,6,1
206,44,0.0,22,0
206,30,86.0,2,6
206,21,16.0,9,0
206,55,9.0,11,0
206,76,1.0,17,0
206,22,4.0,12,0
206,15,1.0,16,0
206,68,0.0,21,0
206,75,0.0,18,0
206,73,0.0,20,0
206,23,14.0,10,0
206,74,0.0,19,0
206,63,3.0,13,0
206,64,3.0,14,0
206,50,0.0,23,0
207,64,0.0,10,0
207,15,0.0,9,0
207,49,0.0,8,0
207,75,0.0,7,0
207,78,1.0,6,0
207,44,2.0,5,0
207,77,3.0,4,0
207,57,4.0,3,0
207,30,6.0,2,0
207,14,10.0,1,1
208,79,0.0,19,0
208,71,0.0,18,0
208,56,0.0,17,0
208,50,0.0,16,0
208,63,0.0,15,0
208,21,0.0,12,0
208,65,0.0,10,0
208,55,1.0,8,0
208,35,10.0,2,1
208,64,0.0,14,0
208,15,0.0,13,0
208,49,0.0,11,0
208,75,0.0,9,0
208,78,1.0,7,0
208,44,6.0,6,0
208,77,9.0,3,0
208,57,7.0,5,0
208,30,8.0,4,0
208,14,10.0,1,1
209,76,0.0,18,0
209,23,4.0,8,0
209,79,0.0,21,0
209,71,0.0,20,0
209,56,6.0,6,0
209,50,0.0,19,0
209,63,0.0,14,0
209,21,0.0,15,0
209,65,3.0,9,0
209,55,1.0,10,0
209,35,20.0,1,2
209,64,0.0,17,0
209,15,0.0,16,0
209,49,0.0,13,0
209,75,0.0,12,0
209,78,1.0,11,0
209,44,6.0,7,0
209,77,10.0,3,0
209,57,9.0,4,0
209,30,8.0,5,0
209,14,10.0,2,1
210,76,0.0,19,0
210,23,4.0,9,0
210,79,0.0,20,0
210,71,0.0,21,0
210,56,10.0,5,0
210,50,0.0,17,0
210,63,0.0,15,0
210,21,3.0,11,0
210,65,3.0,10,0
210,55,3.0,12,0
210,35,20.0,1,2
210,64,0.0,18,0
210,15,0.0,16,0
210,49,10.0,3,1
210,75,0.0,14,0
210,78,1.0,13,0
210,44,6.0,8,0
210,77,10.0,6,0
210,57,10.0,7,0
210,30,14.0,2,0
210,14,10.0,4,1
211,22,6.0,9,0
211,76,0.0,16,0
211,23,4.0,10,0
211,79,0.0,20,0
211,71,0.0,22,0
211,56,14.0,3,0
211,50,0.0,18,0
211,63,2.0,14,0
211,21,4.0,11,0
211,65,3.0,12,0
211,55,3.0,13,0
211,35,20.0,2,2
211,64,0.0,21,0
211,15,0.0,19,0
211,49,10.0,4,1
211,75,0.0,17,0
211,78,1.0,15,0
211,44,9.0,8,0
211,77,10.0,6,0
211,57,10.0,7,0
211,30,24.0,1,1
211,14,10.0,5,1
212,81,0.0,22,0
212,22,6.0,10,0
212,76,0.0,16,0
212,23,4.0,12,0
212,79,0.0,20,0
212,71,0.0,23,0
212,56,14.0,4,0
212,50,0.0,18,0
212,63,2.0,14,0
212,21,4.0,13,0
212,65,5.0,11,0
212,55,7.0,9,0
212,35,30.0,1,3
212,64,0.0,21,0
212,15,0.0,19,0
212,49,10.0,6,1
212,75,0.0,17,0
212,78,1.0,15,0
212,44,15.0,3,0
212,77,10.0,7,0
212,57,10.0,8,0
212,30,27.0,2,1
212,14,11.0,5,1
213,81,0.0,23,0
213,22,6.0,12,0
213,76,0.0,17,0
213,23,4.0,13,0
213,79,0.0,22,0
213,71,0.0,21,0
213,56,14.0,4,0
213,50,0.0,18,0
213,63,2.0,14,0
213,21,8.0,10,0
213,65,7.0,11,0
213,55,13.0,6,0
213,35,30.0,2,3
213,64,0.0,19,0
213,15,0.0,20,0
213,49,13.0,5,1
213,75,1.0,16,0
213,78,1.0,15,0
213,44,15.0,3,0
213,77,10.0,8,0
213,57,10.0,9,0
213,30,37.0,1,2
213,14,11.0,7,1
214,81,0.0,23,0
214,22,6.0,12,0
214,76,0.0,17,0
214,23,5.0,13,0
214,79,0.0,22,0
214,71,0.0,21,0
214,56,18.0,4,0
214,50,0.0,18,0
214,63,2.0,14,0
214,21,8.0,10,0
214,65,7.0,11,0
214,55,15.0,6,0
214,35,33.0,2,3
214,64,0.0,19,0
214,15,0.0,20,0
214,49,19.0,3,1
214,75,1.0,16,0
214,78,1.0,15,0
214,44,15.0,5,0
214,77,10.0,8,0
214,57,10.0,9,0
214,30,47.0,1,3
214,14,11.0,7,1
215,58,0.0,26,0
215,82,0.0,23,0
215,25,4.0,14,0
215,81,0.0,25,0
215,22,6.0,13,0
215,76,0.0,19,0
215,23,7.0,11,0
215,79,0.0,24,0
215,71,1.0,18,0
215,56,18.0,5,0
215,50,0.0,21,0
215,63,2.0,15,0
215,21,8.0,10,0
215,65,7.0,12,0
215,55,21.0,3,0
215,35,43.0,2,4
215,64,0.0,22,0
215,15,0.0,20,0
215,49,19.0,4,1
215,75,1.0,16,0
215,78,1.0,17,0
215,44,15.0,6,0
215,77,10.0,8,0
215,57,10.0,9,0
215,30,47.0,1,3
215,14,14.0,7,1
216,58,0.0,26,0
216,82,0.0,23,0
216,25,4.0,14,0
216,81,0.0,25,0
216,22,6.0,13,0
216,76,0.0,20,0
216,23,9.0,10,0
216,79,0.0,24,0
216,71,1.0,19,0
216,56,18.0,6,0
216,50,0.0,21,0
216,63,2.0,16,0
216,21,8.0,11,0
216,65,7.0,12,0
216,55,22.0,3,0
216,35,43.0,2,4
216,64,0.0,22,0
216,15,3.0,15,0
216,49,19.0,5,1
216,75,1.0,17,0
216,78,1.0,18,0
216,44,15.0,7,0
216,77,20.0,4,1
216,57,14.0,9,0
216,30,53.0,1,3
216,14,14.0,8,1
217,58,0.0,25,0
217,82,0.0,23,0
217,25,4.0,15,0
217,81,0.0,26,0
217,22,6.0,14,0
217,76,0.0,20,0
217,23,11.0,11,0
217,79,0.0,24,0
217,71,7.0,13,0
217,56,18.0,6,0
217,50,0.0,21,0
217,63,2.0,17,0
217,21,8.0,12,0
217,65,11.0,10,0
217,55,22.0,3,0
217,35,53.0,2,5
217,64,0.0,22,0
217,15,3.0,16,0
217,49,19.0,5,1
217,75,2.0,18,0
217,78,1.0,19,0
217,44,15.0,7,0
217,77,20.0,4,1
217,57,14.0,9,0
217,30,56.0,1,3
217,14,14.0,8,1
218,58,0.0,26,0
218,82,0.0,23,0
218,25,4.0,15,0
218,81,0.0,24,0
218,22,6.0,14,0
218,76,0.0,21,0
218,23,11.0,12,0
218,79,0.0,25,0
218,71,7.0,13,0
218,56,18.0,6,0
218,50,0.0,22,0
218,63,2.0,17,0
218,21,14.0,9,0
218,65,14.0,11,0
218,55,22.0,4,0
218,35,55.0,2,5
218,64,0.0,20,0
218,15,3.0,16,0
218,49,23.0,3,1
218,75,2.0,18,0
218,78,1.0,19,0
218,44,15.0,7,0
218,77,21.0,5,1
218,57,14.0,10,0
218,30,66.0,1,4
218,14,14.0,8,1
219,58,0.0,26,0
219,82,0.0,23,0
219,25,4.0,15,0
219,81,0.0,24,0
219,22,6.0,14,0
219,76,0.0,21,0
219,23,11.0,12,0
219,79,0.0,25,0
219,71,7.0,13,0
219,56,18.0,7,0
219,50,0.0,22,0
219,63,2.0,17,0
219,21,17.0,8,0
219,65,14.0,11,0
219,55,28.0,3,0
219,35,57.0,2,5
219,64,0.0,20,0
219,15,3.0,16,0
219,49,27.0,4,1
219,75,2.0,18,0
219,78,1.0,19,0
219,44,15.0,9,0
219,77,21.0,6,1
219,57,14.0,10,0
219,30,67.0,1,4
219,14,24.0,5,2
220,58,0.0,26,0
220,82,0.0,24,0
220,25,4.0,15,0
220,81,0.0,23,0
220,22,6.0,14,0
220,76,0.0,21,0
220,23,13.0,12,0
220,79,0.0,25,0
220,71,7.0,13,0
220,56,18.0,8,0
220,50,0.0,22,0
220,63,2.0,17,0
220,21,20.0,7,0
220,65,14.0,11,0
220,55,28.0,5,0
220,35,67.0,2,6
220,64,0.0,20,0
220,15,3.0,16,0
220,49,31.0,3,1
220,75,2.0,18,0
220,78,1.0,19,0
220,44,15.0,9,0
220,77,21.0,6,1
220,57,14.0,10,0
220,30,68.0,1,4
220,14,30.0,4,2
221,58,0.0,26,0
221,82,0.0,24,0
221,25,4.0,15,0
221,81,0.0,23,0
221,22,6.0,14,0
221,76,0.0,21,0
221,23,13.0,12,0
221,79,0.0,25,0
221,71,7.0,13,0
221,56,18.0,8,0
221,50,0.0,22,0
221,63,2.0,18,0
221,21,20.0,7,0
221,65,14.0,11,0
221,55,34.0,4,0
221,35,77.0,1,7
221,64,2.0,17,0
221,15,3.0,16,0
221,49,35.0,3,1
221,75,2.0,19,0
221,78,1.0,20,0
221,44,16.0,9,0
221,77,24.0,6,1
221,57,14.0,10,0
221,30,68.0,2,4
221,14,30.0,5,2
222,58,0.0,26,0
222,82,0.0,24,0
222,25,4.0,15,0
222,81,0.0,23,0
222,22,6.0,14,0
222,76,0.0,21,0
222,23,13.0,12,0
222,79,0.0,25,0
222,71,7.0,13,0
222,56,22.0,7,0
222,50,0.0,22,0
222,63,2.0,18,0
222,21,20.0,8,0
222,65,15.0,11,0
222,55,36.0,4,0
222,35,77.0,2,7
222,64,2.0,17,0
222,15,3.0,16,0
222,49,41.0,3,1
222,75,2.0,19,0
222,78,1.0,20,0
222,44,16.0,10,0
222,77,24.0,6,1
222,57,17.0,9,0
222,30,78.0,1,5
222,14,30.0,5,2
223,58,0.0,25,0
223,82,0.0,23,0
223,25,4.0,14,0
223,81,0.0,22,0
223,22,6.0,13,0
223,76,0.0,20,0
223,23,13.0,11,0
223,79,0.0,24,0
223,71,7.0,12,0
223,56,24.0,7,0
223,50,0.0,21,0
223,63,2.0,17,0
223,21,20.0,8,0
223,65,15.0,10,0
223,55,36.0,4,0
223,35,81.0,1,7
223,64,2.0,16,0
223,15,3.0,15,0
223,49,42.0,2,1
223,75,2.0,18,0
223,78,1.0,19,0
223,44,16.0,9,0
223,77,27.0,5,1
223,57,27.0,6,1
223,30,78.0,26,5
223,14,36.0,3,2
224,71,10.0,1,1
224,35,6.0,2,0
224,56,4.0,3,0
224,77,3.0,4,0
224,57,2.0,5,0
224,63,1.0,6,0
224,44,0.0,7,0
224,49,0.0,8,0
224,73,0.0,9,0
224,64,0.0,10,0
224,79,0.0,11,0
225,71,20.0,1,2
225,35,6.0,3,0
225,56,4.0,5,0
225,77,3.0,7,0
225,57,5.0,4,0
225,63,3.0,8,0
225,44,1.0,9,0
225,49,0.0,11,0
225,73,0.0,13,0
225,64,0.0,10,0
225,79,0.0,12,0
225,55,6.0,2,0
225,30,4.0,6,0
225,83,0.0,14,0
225,69,0.0,15,0
225,84,0.0,16,0
226,71,30.0,1,3
226,35,12.0,2,0
226,56,6.0,4,0
226,77,3.0,8,0
226,57,5.0,5,0
226,63,3.0,9,0
226,44,1.0,10,0
226,49,0.0,14,0
226,73,0.0,17,0
226,64,0.0,13,0
226,79,0.0,15,0
226,55,10.0,3,0
226,30,4.0,6,0
226,83,0.0,18,0
226,69,0.0,20,0
226,84,0.0,21,0
226,22,3.0,7,0
226,50,1.0,11,0
226,14,0.0,12,0
226,65,0.0,16,0
226,85,0.0,19,0
227,71,33.0,1,3
227,35,22.0,2,1
227,56,6.0,5,0
227,77,3.0,9,0
227,57,5.0,6,0
227,63,3.0,10,0
227,44,1.0,11,0
227,49,0.0,16,0
227,73,0.0,18,0
227,64,0.0,15,0
227,79,0.0,17,0
227,55,10.0,3,0
227,30,10.0,4,0
227,83,0.0,19,0
227,69,0.0,21,0
227,84,1.0,12,0
227,22,5.0,7,0
227,50,1.0,13,0
227,14,4.0,8,0
227,65,0.0,14,0
227,85,0.0,20,0
227,21,0.0,22,0
228,71,43.0,1,4
228,35,22.0,2,1
228,56,9.0,5,0
228,77,7.0,6,0
228,57,5.0,8,0
228,63,3.0,10,0
228,44,1.0,11,0
228,49,0.0,16,0
228,73,0.0,19,0
228,64,0.0,14,0
228,79,0.0,18,0
228,55,11.0,4,0
228,30,16.0,3,0
228,83,0.0,17,0
228,69,0.0,20,0
228,84,1.0,12,0
228,22,7.0,7,0
228,50,1.0,13,0
228,14,4.0,9,0
228,65,0.0,15,0
228,85,0.0,21,0
228,21,0.0,22,0
229,71,43.0,1,4
229,35,22.0,2,1
229,56,9.0,7,0
229,77,7.0,8,0
229,57,6.0,10,0
229,63,5.0,11,0
229,44,11.0,4,1
229,49,3.0,13,0
229,73,0.0,19,0
229,64,0.0,16,0
229,79,0.0,18,0
229,55,11.0,5,0
229,30,16.0,3,0
229,83,0.0,17,0
229,69,0.0,20,0
229,84,1.0,14,0
229,22,7.0,9,0
229,50,1.0,15,0
229,14,10.0,6,0
229,65,4.0,12,0
229,85,0.0,21,0
229,21,0.0,22,0
230,71,43.0,1,4
230,35,26.0,2,1
230,56,9.0,7,0
230,77,7.0,9,0
230,57,8.0,8,0
230,63,5.0,12,0
230,44,11.0,5,1
230,49,6.0,11,0
230,73,0.0,19,0
230,64,1.0,14,0
230,79,0.0,18,0
230,55,17.0,4,0
230,30,26.0,3,1
230,83,0.0,17,0
230,69,0.0,20,0
230,84,1.0,15,0
230,22,7.0,10,0
230,50,1.0,16,0
230,14,10.0,6,0
230,65,4.0,13,0
230,85,0.0,21,0
230,21,0.0,22,0
231,71,53.0,1,5
231,35,32.0,2,1
231,56,9.0,8,0
231,77,7.0,9,0
231,57,10.0,7,0
231,63,5.0,12,0
231,44,11.0,6,1
231,49,6.0,11,0
231,73,0.0,20,0
231,64,1.0,15,0
231,79,0.0,19,0
231,55,21.0,4,0
231,30,26.0,3,1
231,83,0.0,18,0
231,69,0.0,21,0
231,84,2.0,14,0
231,22,7.0,10,0
231,50,1.0,16,0
231,14,13.0,5,0
231,65,4.0,13,0
231,85,0.0,22,0
231,21,0.0,17,0
232,71,63.0,1,6
232,35,38.0,2,1
232,56,9.0,9,0
232,77,10.0,8,0
232,57,12.0,6,0
232,63,5.0,12,0
232,44,11.0,7,1
232,49,6.0,11,0
232,73,0.0,19,0
232,64,1.0,15,0
232,79,0.0,20,0
232,55,25.0,4,0
232,30,26.0,3,1
232,83,0.0,18,0
232,69,0.0,21,0
232,84,2.0,14,0
232,22,7.0,10,0
232,50,1.0,16,0
232,14,14.0,5,0
232,65,4.0,13,0
232,85,0.0,22,0
232,21,0.0,17,0
233,71,63.0,1,6
233,35,48.0,2,2
233,56,9.0,10,0
233,77,16.0,5,0
233,57,16.0,7,0
233,63,5.0,12,0
233,44,11.0,8,1
233,49,6.0,11,0
233,73,0.0,19,0
233,64,1.0,15,0
233,79,0.0,20,0
233,55,25.0,4,0
233,30,26.0,3,1
233,83,0.0,18,0
233,69,0.0,21,0
233,84,3.0,14,0
233,22,10.0,9,0
233,50,1.0,16,0
233,14,16.0,6,0
233,65,4.0,13,0
233,85,0.0,22,0
233,21,0.0,17,0
234,71,73.0,1,7
234,35,52.0,2,2
234,56,9.0,10,0
234,77,16.0,6,0
234,57,16.0,7,0
234,63,5.0,12,0
234,44,11.0,8,1
234,49,6.0,11,0
234,73,0.0,19,0
234,64,1.0,15,0
234,79,0.0,20,0
234,55,31.0,3,0
234,30,29.0,4,1
234,83,0.0,18,0
234,69,0.0,21,0
234,84,3.0,14,0
234,22,11.0,9,0
234,50,1.0,16,0
234,14,18.0,5,0
234,65,4.0,13,0
234,85,0.0,22,0
234,21,0.0,17,0
235,71,79.0,1,7
235,35,62.0,2,3
235,56,9.0,10,0
235,77,16.0,7,0
235,57,19.0,5,0
235,63,5.0,12,0
235,44,13.0,8,1
235,49,6.0,11,0
235,73,0.0,18,0
235,64,1.0,15,0
235,79,0.0,17,0
235,55,35.0,3,0
235,30,29.0,4,1
235,83,0.0,20,0
235,69,0.0,21,0
235,84,3.0,14,0
235,22,12.0,9,0
235,50,1.0,16,0
235,14,18.0,6,0
235,65,4.0,13,0
235,85,0.0,23,0
235,21,0.0,19,0
235,86,0.0,22,0
236,71,81.0,1,7
236,35,68.0,2,3
236,56,9.0,10,0
236,77,17.0,7,0
236,57,23.0,5,0
236,63,5.0,12,0
236,44,13.0,8,1
236,49,6.0,11,0
236,73,0.0,18,0
236,64,1.0,15,0
236,79,0.0,17,0
236,55,38.0,4,0
236,30,39.0,3,2
236,83,0.0,20,0
236,69,0.0,21,0
236,84,3.0,14,0
236,22,12.0,9,0
236,50,1.0,16,0
236,14,18.0,6,0
236,65,4.0,13,0
236,85,0.0,23,0
236,21,0.0,19,0
236,86,0.0,22,0
237,71,81.0,1,7
237,35,68.0,2,3
237,56,9.0,10,0
237,77,17.0,7,0
237,57,27.0,5,0
237,63,5.0,13,0
237,44,13.0,9,1
237,49,6.0,11,0
237,73,0.0,18,0
237,64,2.0,15,0
237,79,0.0,17,0
237,55,44.0,4,0
237,30,49.0,3,3
237,83,0.0,20,0
237,69,0.0,21,0
237,84,6.0,12,0
237,22,14.0,8,0
237,50,1.0,16,0
237,14,18.0,6,0
237,65,4.0,14,0
237,85,0.0,23,0
237,21,0.0,19,0
237,86,0.0,22,0
238,71,87.0,1,7
238,35,78.0,2,4
238,56,11.0,10,0
238,77,18.0,6,0
238,57,27.0,5,0
238,63,5.0,13,0
238,44,13.0,9,1
238,49,6.0,11,0
238,73,0.0,18,0
238,64,2.0,15,0
238,79,0.0,17,0
238,55,47.0,4,0
238,30,53.0,3,3
238,83,0.0,20,0
238,69,0.0,21,0
238,84,6.0,12,0
238,22,14.0,8,0
238,50,1.0,16,0
238,14,18.0,7,0
238,65,4.0,14,0
238,85,0.0,23,0
238,21,0.0,19,0
238,86,0.0,22,0
239,71,97.0,1,8
239,35,78.0,2,4
239,56,11.0,10,0
239,77,21.0,6,0
239,57,31.0,5,0
239,63,5.0,13,0
239,44,13.0,9,1
239,49,7.0,12,0
239,73,0.0,18,0
239,64,2.0,15,0
239,79,0.0,17,0
239,55,47.0,4,0
239,30,59.0,3,3
239,83,0.0,20,0
239,69,0.0,21,0
239,84,8.0,11,0
239,22,14.0,8,0
239,50,1.0,16,0
239,14,18.0,7,0
239,65,4.0,14,0
239,85,0.0,23,0
239,21,0.0,19,0
239,86,0.0,22,0
240,64,0.0,10,0
240,85,0.0,9,0
240,88,0.0,8,0
240,63,0.0,7,0
240,87,1.0,6,0
240,55,2.0,5,0
240,57,3.0,4,0
240,77,4.0,3,0
240,14,6.0,2,0
240,30,10.0,1,1
241,93,0.0,15,0
241,79,0.0,12,0
241,44,0.0,10,0
241,49,2.0,8,0
241,65,3.0,7,0
241,71,10.0,2,1
241,64,0.0,16,0
241,85,0.0,14,0
241,88,0.0,13,0
241,63,0.0,11,0
241,87,1.0,9,0
241,55,8.0,3,0
241,57,3.0,6,0
241,77,5.0,5,0
241,14,6.0,4,0
241,30,14.0,1,1
242,69,0.0,21,0
242,81,0.0,20,0
242,94,0.0,19,0
242,95,0.0,18,0
242,56,0.0,13,0
242,93,0.0,16,0
242,79,0.0,14,0
242,44,0.0,10,0
242,49,3.0,8,0
242,65,3.0,7,0
242,71,20.0,1,2
242,64,0.0,17,0
242,85,0.0,15,0
242,88,0.0,12,0
242,63,0.0,11,0
242,87,1.0,9,0
242,55,14.0,3,0
242,57,5.0,6,0
242,77,9.0,5,0
242,14,9.0,4,0
242,30,14.0,2,1
243,91,0.0,24,0
243,50,0.0,23,0
243,84,0.0,17,0
243,22,0.0,13,0
243,69,0.0,25,0
243,81,0.0,21,0
243,94,0.0,22,0
243,95,0.0,20,0
243,56,2.0,9,0
243,93,0.0,16,0
243,79,0.0,15,0
243,44,1.0,10,0
243,49,3.0,8,0
243,65,9.0,5,0
243,71,23.0,2,2
243,64,0.0,19,0
243,85,0.0,18,0
243,88,0.0,14,0
243,63,0.0,12,0
243,87,1.0,11,0
243,55,14.0,3,0
243,57,5.0,7,0
243,77,13.0,4,0
243,14,9.0,6,0
243,30,24.0,1,2
244,96,0.0,16,0
244,91,0.0,25,0
244,50,0.0,24,0
244,84,0.0,20,0
244,22,0.0,14,0
244,69,0.0,26,0
244,81,0.0,18,0
244,94,0.0,13,0
244,95,0.0,23,0
244,56,2.0,10,0
244,93,0.0,19,0
244,79,0.0,17,0
244,44,1.0,11,0
244,49,4.0,8,0
244,65,12.0,5,0
244,71,29.0,2,2
244,64,0.0,22,0
244,85,0.0,21,0
244,88,0.0,15,0
244,63,0.0,12,0
244,87,3.0,9,0
244,55,14.0,4,0
244,57,5.0,7,0
244,77,17.0,3,0
244,14,9.0,6,0
244,30,34.0,1,3
245,89,0.0,22,0
245,96,0.0,18,0
245,91,0.0,27,0
245,50,0.0,26,0
245,84,0.0,20,0
245,22,6.0,7,0
245,69,0.0,17,0
245,81,1.0,13,0
245,94,0.0,15,0
245,95,0.0,25,0
245,56,6.0,8,0
245,93,0.0,21,0
245,79,0.0,19,0
245,44,4.0,10,0
245,49,4.0,11,0
245,65,12.0,5,0
245,71,29.0,2,2
245,64,0.0,24,0
245,85,0.0,23,0
245,88,0.0,16,0
245,63,0.0,14,0
245,87,3.0,12,0
245,55,24.0,3,1
245,57,5.0,9,0
245,77,17.0,4,0
245,14,9.0,6,0
245,30,36.0,1,3
246,90,0.0,28,0
246,89,0.0,22,0
246,96,0.0,19,0
246,91,0.0,27,0
246,50,0.0,26,0
246,84,3.0,12,0
246,22,7.0,7,0
246,69,0.0,18,0
246,81,1.0,14,0
246,94,0.0,16,0
246,95,0.0,25,0
246,56,6.0,8,0
246,93,0.0,21,0
246,79,0.0,20,0
246,44,4.0,10,0
246,49,4.0,11,0
246,65,12.0,6,0
246,71,35.0,2,2
246,64,0.0,24,0
246,85,0.0,23,0
246,88,0.0,17,0
246,63,0.0,15,0
246,87,3.0,13,0
246,55,26.0,3,1
246,57,5.0,9,0
246,77,17.0,4,0
246,14,13.0,5,0
246,30,46.0,1,4
247,92,0.0,26,0
247,90,0.0,29,0
247,89,0.0,22,0
247,96,0.0,17,0
247,91,0.0,28,0
247,50,0.0,27,0
247,84,3.0,13,0
247,22,7.0,7,0
247,69,0.0,18,0
247,81,1.0,14,0
247,94,0.0,16,0
247,95,0.0,25,0
247,56,6.0,9,0
247,93,0.0,21,0
247,79,0.0,20,0
247,44,7.0,8,0
247,49,5.0,12,0
247,65,22.0,4,1
247,71,35.0,2,2
247,64,0.0,24,0
247,85,0.0,23,0
247,88,0.0,19,0
247,63,0.0,15,0
247,87,5.0,11,0
247,55,32.0,3,1
247,57,5.0,10,0
247,77,17.0,6,0
247,14,17.0,5,0
247,30,46.0,1,4
248,92,0.0,26,0
248,90,0.0,29,0
248,89,0.0,23,0
248,96,2.0,14,0
248,91,0.0,28,0
248,50,0.0,27,0
248,84,3.0,13,0
248,22,7.0,7,0
248,69,0.0,21,0
248,81,1.0,16,0
248,94,0.0,18,0
248,95,0.0,25,0
248,56,6.0,9,0
248,93,0.0,22,0
248,79,0.0,19,0
248,44,7.0,8,0
248,49,5.0,12,0
248,65,25.0,4,1
248,71,35.0,2,2
248,64,0.0,24,0
248,85,0.0,20,0
248,88,1.0,15,0
248,63,0.0,17,0
248,87,5.0,11,0
248,55,32.0,3,1
248,57,5.0,10,0
248,77,21.0,6,0
248,14,23.0,5,0
248,30,56.0,1,5
249,83,0.0,24,0
249,92,0.0,27,0
249,90,0.0,30,0
249,89,0.0,23,0
249,96,2.0,14,0
249,91,0.0,29,0
249,50,0.0,28,0
249,84,3.0,13,0
249,22,7.0,8,0
249,69,0.0,20,0
249,81,1.0,16,0
249,94,0.0,18,0
249,95,0.0,26,0
249,56,6.0,10,0
249,93,0.0,22,0
249,79,0.0,19,0
249,44,8.0,7,0
249,49,7.0,9,0
249,65,28.0,5,1
249,71,45.0,2,3
249,64,0.0,25,0
249,85,0.0,21,0
249,88,1.0,15,0
249,63,0.0,17,0
249,87,5.0,12,0
249,55,32.0,3,1
249,57,5.0,11,0
249,77,25.0,6,0
249,14,29.0,4,0
249,30,56.0,1,5
250,83,0.0,22,0
250,92,0.0,27,0
250,90,0.0,30,0
250,89,0.0,23,0
250,96,2.0,14,0
250,91,0.0,29,0
250,50,0.0,28,0
250,84,7.0,10,0
250,22,8.0,8,0
250,69,0.0,20,0
250,81,1.0,16,0
250,94,0.0,18,0
250,95,0.0,26,0
250,56,6.0,12,0
250,93,0.0,24,0
250,79,0.0,19,0
250,44,8.0,9,0
250,49,10.0,7,0
250,65,28.0,5,1
250,71,51.0,2,3
250,64,0.0,25,0
250,85,0.0,21,0
250,88,1.0,15,0
250,63,0.0,17,0
250,87,7.0,11,0
250,55,32.0,3,1
250,57,5.0,13,0
250,77,25.0,6,0
250,14,29.0,4,0
250,30,66.0,1,6
251,97,0.0,20,0
251,83,0.0,25,0
251,92,0.0,28,0
251,90,0.0,31,0
251,89,0.0,22,0
251,96,3.0,14,0
251,91,0.0,30,0
251,50,0.0,29,0
251,84,7.0,12,0
251,22,8.0,10,0
251,69,0.0,21,0
251,81,1.0,17,0
251,94,0.0,18,0
251,95,0.0,27,0
251,56,6.0,13,0
251,93,0.0,26,0
251,79,0.0,19,0
251,44,8.0,11,0
251,49,14.0,7,0
251,65,38.0,3,2
251,71,51.0,2,3
251,64,0.0,24,0
251,85,0.0,23,0
251,88,1.0,16,0
251,63,2.0,15,0
251,87,10.0,9,0
251,55,32.0,4,1
251,57,11.0,8,0
251,77,25.0,6,0
251,14,29.0,5,0
251,30,66.0,1,6
252,97,0.0,20,0
252,83,0.0,25,0
252,92,0.0,28,0
252,90,0.0,31,0
252,89,0.0,22,0
252,96,3.0,14,0
252,91,0.0,30,0
252,50,0.0,29,0
252,84,7.0,12,0
252,22,8.0,10,0
252,69,0.0,21,0
252,81,1.0,17,0
252,94,0.0,18,0
252,95,0.0,27,0
252,56,6.0,13,0
252,93,0.0,26,0
252,79,0.0,19,0
252,44,8.0,11,0
252,49,15.0,7,0
252,65,38.0,4,2
252,71,55.0,2,3
252,64,0.0,24,0
252,85,0.0,23,0
252,88,1.0,16,0
252,63,2.0,15,0
252,87,10.0,9,0
252,55,34.0,5,1
252,57,11.0,8,0
252,77,28.0,6,0
252,14,39.0,3,1
252,30,72.0,1,6
253,98,0.0,33,0
253,99,0.0,32,0
253,97,0.0,20,0
253,83,0.0,24,0
253,92,0.0,28,0
253,90,0.0,31,0
253,89,0.0,22,0
253,96,3.0,14,0
253,91,0.0,30,0
253,50,0.0,29,0
253,84,7.0,12,0
253,22,11.0,9,0
253,69,0.0,21,0
253,81,1.0,17,0
253,94,0.0,18,0
253,95,0.0,27,0
253,56,7.0,13,0
253,93,0.0,26,0
253,79,0.0,19,0
253,44,8.0,11,0
253,49,15.0,7,0
253,65,40.0,4,2
253,71,55.0,2,3
253,64,0.0,25,0
253,85,0.0,23,0
253,88,1.0,16,0
253,63,2.0,15,0
253,87,10.0,10,0
253,55,40.0,5,1
253,57,11.0,8,0
253,77,28.0,6,0
253,14,43.0,3,1
253,30,82.0,1,7
254,76,0.0,27,0
254,98,0.0,34,0
254,99,0.0,33,0
254,97,0.0,20,0
254,83,0.0,24,0
254,92,0.0,29,0
254,90,0.0,32,0
254,89,0.0,22,0
254,96,3.0,14,0
254,91,0.0,31,0
254,50,0.0,30,0
254,84,7.0,12,0
254,22,11.0,9,0
254,69,0.0,21,0
254,81,1.0,17,0
254,94,0.0,18,0
254,95,0.0,28,0
254,56,7.0,13,0
254,93,0.0,26,0
254,79,0.0,19,0
254,44,8.0,11,0
254,49,15.0,7,0
254,65,41.0,5,2
254,71,59.0,2,3
254,64,0.0,25,0
254,85,0.0,23,0
254,88,1.0,16,0
254,63,2.0,15,0
254,87,10.0,10,0
254,55,42.0,4,1
254,57,11.0,8,0
254,77,31.0,6,0
254,14,49.0,3,1
254,30,92.0,1,8
255,76,0.0,28,0
255,98,0.0,34,0
255,99,0.0,33,0
255,97,0.0,20,0
255,83,0.0,24,0
255,92,0.0,30,0
255,90,0.0,32,0
255,89,0.0,22,0
255,96,3.0,15,0
255,91,0.0,27,0
255,50,0.0,31,0
255,84,7.0,13,0
255,22,11.0,9,0
255,69,0.0,21,0
255,81,1.0,17,0
255,94,0.0,18,0
255,95,0.0,29,0
255,56,10.0,10,0
255,93,0.0,26,0
255,79,0.0,19,0
255,44,10.0,11,0
255,49,15.0,8,0
255,65,45.0,4,2
255,71,59.0,2,3
255,64,0.0,25,0
255,85,0.0,23,0
255,88,1.0,16,0
255,63,3.0,14,0
255,87,10.0,12,0
255,55,42.0,5,1
255,57,17.0,7,0
255,77,31.0,6,0
255,14,49.0,3,1
255,30,102.0,1,9
256,76,0.0,29,0
256,98,0.0,34,0
256,99,0.0,33,0
256,97,0.0,22,0
256,83,1.0,18,0
256,92,0.0,26,0
256,90,0.0,32,0
256,89,0.0,24,0
256,96,3.0,16,0
256,91,0.0,28,0
256,50,0.0,31,0
256,84,7.0,13,0
256,22,11.0,11,0
256,69,0.0,23,0
256,81,5.0,14,0
256,94,0.0,19,0
256,95,0.0,30,0
256,56,10.0,12,0
256,93,0.0,27,0
256,79,0.0,20,0
256,44,16.0,8,0
256,49,15.0,9,0
256,65,45.0,4,2
256,71,69.0,2,4
256,64,0.0,21,0
256,85,0.0,25,0
256,88,1.0,17,0
256,63,5.0,15,0
256,87,13.0,10,0
256,55,42.0,5,1
256,57,17.0,7,0
256,77,31.0,6,0
256,14,49.0,3,1
256,30,102.0,1,9
257,101,0.0,12,0
257,44,0.0,11,0
257,83,0.0,10,0
257,100,0.0,9,0
257,94,0.0,8,0
257,65,0.0,7,0
257,91,1.0,6,0
257,79,2.0,5,0
257,22,3.0,4,0
257,55,4.0,3,0
257,71,6.0,2,0
257,30,10.0,1,1
258,103,0.0,15,0
258,50,0.0,23,0
258,56,0.0,22,0
258,84,0.0,20,0
258,102,0.0,19,0
258,101,0.0,17,0
258,44,0.0,14,0
258,83,0.0,12,0
258,100,1.0,9,0
258,94,0.0,13,0
258,65,0.0,11,0
258,91,1.0,10,0
258,79,2.0,8,0
258,22,7.0,2,0
258,55,4.0,5,0
258,71,6.0,3,0
258,30,20.0,1,2
259,57,4.0,6,0
259,49,2.0,11,0
259,104,3.0,10,0
259,87,0.0,18,0
259,103,0.0,19,0
259,50,0.0,27,0
259,56,0.0,26,0
259,84,0.0,15,0
259,102,0.0,23,0
259,101,0.0,21,0
259,44,0.0,17,0
259,83,0.0,14,0
259,100,1.0,12,0
259,94,0.0,16,0
259,65,0.0,13,0
259,91,4.0,8,0
259,79,4.0,9,0
259,22,7.0,3,0
259,55,4.0,7,0
259,71,7.0,2,0
259,30,30.0,1,3
260,106,0.0,20,0
260,77,10.0,2,0
260,81,0.0,26,0
260,105,1.0,15,0
260,57,4.0,8,0
260,49,2.0,13,0
260,104,3.0,11,0
260,87,0.0,22,0
260,103,0.0,23,0
260,50,0.0,31,0
260,56,0.0,30,0
260,84,6.0,5,0
260,102,0.0,27,0
260,101,0.0,25,0
260,44,0.0,21,0
260,83,0.0,18,0
260,100,1.0,14,0
260,94,0.0,19,0
260,65,0.0,16,0
260,91,4.0,9,0
260,79,4.0,10,0
260,22,7.0,4,0
260,55,6.0,7,0
260,71,7.0,3,0
260,30,40.0,1,4
261,107,0.0,27,0
261,92,0.0,31,0
261,106,0.0,24,0
261,77,10.0,3,0
261,81,0.0,28,0
261,105,1.0,17,0
261,57,4.0,9,0
261,49,2.0,14,0
261,104,3.0,12,0
261,87,4.0,8,0
261,103,0.0,23,0
261,50,0.0,32,0
261,56,1.0,18,0
261,84,6.0,6,0
261,102,0.0,29,0
261,101,0.0,26,0
261,44,0.0,20,0
261,83,0.0,22,0
261,100,1.0,16,0
261,94,2.0,15,0
261,65,0.0,19,0
261,91,4.0,10,0
261,79,4.0,11,0
261,22,7.0,5,0
261,55,9.0,4,0
261,71,17.0,2,1
261,30,46.0,1,4
262,108,0.0,31,0
262,107,0.0,28,0
262,92,0.0,32,0
262,106,0.0,25,0
262,77,13.0,3,0
262,81,0.0,29,0
262,105,1.0,19,0
262,57,4.0,9,0
262,49,2.0,14,0
262,104,3.0,12,0
262,87,4.0,8,0
262,103,0.0,24,0
262,50,0.0,33,0
262,56,1.0,20,0
262,84,6.0,6,0
262,102,0.0,30,0
262,101,0.0,27,0
262,44,0.0,22,0
262,83,0.0,23,0
262,100,1.0,18,0
262,94,2.0,15,0
262,65,0.0,21,0
262,91,4.0,10,0
262,79,4.0,11,0
262,22,7.0,5,0
262,55,13.0,4,0
262,71,23.0,2,1
262,30,56.0,1,5
263,88,0.0,36,0
263,108,0.0,32,0
263,107,0.0,29,0
263,92,0.0,33,0
263,106,0.0,25,0
263,77,17.0,3,0
263,81,0.0,30,0
263,105,1.0,19,0
263,57,4.0,10,0
263,49,5.0,8,0
263,104,3.0,15,0
263,87,4.0,9,0
263,103,0.0,24,0
263,50,0.0,35,0
263,56,1.0,20,0
263,84,6.0,6,0
263,102,0.0,31,0
263,101,0.0,28,0
263,44,0.0,22,0
263,83,0.0,23,0
263,100,1.0,18,0
263,94,4.0,13,0
263,65,0.0,21,0
263,91,4.0,11,0
263,79,4.0,14,0
263,22,7.0,5,0
263,55,13.0,4,0
263,71,29.0,2,1
263,30,66.0,1,6
264,78,6.0,8,0
264,88,0.0,36,0
264,108,0.0,33,0
264,107,0.0,30,0
264,92,0.0,34,0
264,106,0.0,25,0
264,77,17.0,4,0
264,81,0.0,31,0
264,105,1.0,19,0
264,57,8.0,6,0
264,49,5.0,9,0
264,104,3.0,16,0
264,87,4.0,11,0
264,103,0.0,24,0
264,50,0.0,26,0
264,56,1.0,20,0
264,84,6.0,7,0
264,102,0.0,32,0
264,101,0.0,29,0
264,44,0.0,22,0
264,83,0.0,23,0
264,100,1.0,18,0
264,94,4.0,14,0
264,65,0.0,21,0
264,91,4.0,12,0
264,79,5.0,10,0
264,22,10.0,5,0
264,55,19.0,3,0
264,71,39.0,2,2
264,30,66.0,1,6
265,110,4.0,16,0
265,78,6.0,9,0
265,88,0.0,36,0
265,108,0.0,33,0
265,107,0.0,31,0
265,92,0.0,34,0
265,106,0.0,25,0
265,77,27.0,3,1
265,81,2.0,19,0
265,105,1.0,22,0
265,57,8.0,6,0
265,49,5.0,11,0
265,104,6.0,10,0
265,87,4.0,14,0
265,103,4.0,13,0
265,50,0.0,27,0
265,56,1.0,23,0
265,84,6.0,8,0
265,102,0.0,32,0
265,101,0.0,30,0
265,44,6.0,7,0
265,83,0.0,26,0
265,100,2.0,20,0
265,94,4.0,17,0
265,65,0.0,24,0
265,91,4.0,15,0
265,79,5.0,12,0
265,22,10.0,5,0
265,55,19.0,4,0
265,71,39.0,2,2
265,30,66.0,1,6
266,110,4.0,17,0
266,78,6.0,9,0
266,88,0.0,36,0
266,108,0.0,33,0
266,107,0.0,31,0
266,92,0.0,34,0
266,106,0.0,26,0
266,77,27.0,3,1
266,81,2.0,20,0
266,105,1.0,22,0
266,57,8.0,7,0
266,49,5.0,12,0
266,104,6.0,11,0
266,87,6.0,10,0
266,103,4.0,14,0
266,50,4.0,15,0
266,56,1.0,24,0
266,84,9.0,6,0
266,102,0.0,32,0
266,101,0.0,30,0
266,44,7.0,8,0
266,83,0.0,27,0
266,100,2.0,21,0
266,94,4.0,18,0
266,65,0.0,25,0
266,91,4.0,16,0
266,79,5.0,13,0
266,22,10.0,5,0
266,55,19.0,4,0
266,71,45.0,2,2
266,30,76.0,1,7
267,110,4.0,18,0
267,78,6.0,12,0
267,88,0.0,36,0
267,108,0.0,33,0
267,107,0.0,31,0
267,92,0.0,34,0
267,106,0.0,26,0
267,77,27.0,3,1
267,81,3.0,20,0
267,105,1.0,22,0
267,57,14.0,5,0
267,49,5.0,14,0
267,104,6.0,13,0
267,87,8.0,9,0
267,103,4.0,16,0
267,50,8.0,8,0
267,56,1.0,24,0
267,84,9.0,7,0
267,102,0.0,32,0
267,101,0.0,30,0
267,44,7.0,10,0
267,83,0.0,27,0
267,100,2.0,21,0
267,94,4.0,19,0
267,65,0.0,25,0
267,91,4.0,17,0
267,79,5.0,15,0
267,22,10.0,6,0
267,55,19.0,4,0
267,71,55.0,2,3
267,30,76.0,1,7
268,110,4.0,18,0
268,78,6.0,12,0
268,88,0.0,36,0
268,108,0.0,33,0
268,107,0.0,31,0
268,92,0.0,34,0
268,106,0.0,26,0
268,77,33.0,3,1
268,81,3.0,20,0
268,105,1.0,22,0
268,57,18.0,5,0
268,49,5.0,14,0
268,104,6.0,13,0
268,87,8.0,9,0
268,103,4.0,16,0
268,50,8.0,8,0
268,56,1.0,24,0
268,84,11.0,7,0
268,102,0.0,32,0
268,101,0.0,30,0
268,44,7.0,11,0
268,83,0.0,27,0
268,100,2.0,21,0
268,94,4.0,19,0
268,65,0.0,25,0
268,91,4.0,17,0
268,79,5.0,15,0
268,22,13.0,6,0
268,55,19.0,4,0
268,71,65.0,2,4
268,30,76.0,1,7
269,70,0.0,29,0
269,109,1.0,23,0
269,110,4.0,18,0
269,78,6.0,12,0
269,88,0.0,38,0
269,108,0.0,35,0
269,107,0.0,31,0
269,92,0.0,36,0
269,106,0.0,26,0
269,77,33.0,3,1
269,81,3.0,20,0
269,105,1.0,22,0
269,57,22.0,4,0
269,49,5.0,14,0
269,104,6.0,13,0
269,87,8.0,10,0
269,103,4.0,16,0
269,50,10.0,9,0
269,56,1.0,24,0
269,84,12.0,8,0
269,102,0.0,34,0
269,101,0.0,30,0
269,44,7.0,11,0
269,83,0.0,27,0
269,100,2.0,21,0
269,94,4.0,19,0
269,65,0.0,25,0
269,91,4.0,17,0
269,79,5.0,15,0
269,22,16.0,6,0
269,55,19.0,5,0
269,71,75.0,2,5
269,30,76.0,1,7
270,14,14.0,7,0
270,70,0.0,29,0
270,109,1.0,24,0
270,110,4.0,19,0
270,78,6.0,12,0
270,88,0.0,39,0
270,108,0.0,36,0
270,107,0.0,31,0
270,92,0.0,37,0
270,106,0.0,26,0
270,77,35.0,3,1
270,81,3.0,21,0
270,105,1.0,23,0
270,57,26.0,4,0
270,49,6.0,14,0
270,104,6.0,13,0
270,87,8.0,10,0
270,103,4.0,16,0
270,50,10.0,9,0
270,56,4.0,17,0
270,84,12.0,8,0
270,102,0.0,35,0
270,101,0.0,30,0
270,44,7.0,11,0
270,83,0.0,27,0
270,100,2.0,22,0
270,94,4.0,20,0
270,65,0.0,25,0
270,91,4.0,18,0
270,79,5.0,15,0
270,22,16.0,6,0
270,55,19.0,5,0
270,71,81.0,2,5
270,30,86.0,1,8
271,111,0.0,29,0
271,85,0.0,45,0
271,14,14.0,7,0
271,70,0.0,30,0
271,109,1.0,25,0
271,110,4.0,19,0
271,78,6.0,13,0
271,88,0.0,41,0
271,108,0.0,38,0
271,107,0.0,33,0
271,92,0.0,39,0
271,106,0.0,27,0
271,77,35.0,3,1
271,81,3.0,22,0
271,105,1.0,24,0
271,57,26.0,4,0
271,49,7.0,12,0
271,104,6.0,14,0
271,87,8.0,10,0
271,103,4.0,17,0
271,50,10.0,9,0
271,56,6.0,15,0
271,84,12.0,8,0
271,102,0.0,37,0
271,101,0.0,31,0
271,44,7.0,11,0
271,83,0.0,28,0
271,100,2.0,23,0
271,94,4.0,20,0
271,65,0.0,26,0
271,91,4.0,18,0
271,79,5.0,16,0
271,22,16.0,6,0
271,55,23.0,5,0
271,71,91.0,2,6
271,30,92.0,1,8
272,95,13.0,9,1
272,111,0.0,29,0
272,85,0.0,46,0
272,14,14.0,8,0
272,70,0.0,30,0
272,109,1.0,24,0
272,110,4.0,20,0
272,78,6.0,14,0
272,88,0.0,42,0
272,108,0.0,39,0
272,107,0.0,34,0
272,92,0.0,40,0
272,106,0.0,27,0
272,77,41.0,3,1
272,81,3.0,22,0
272,105,1.0,25,0
272,57,26.0,4,0
272,49,7.0,13,0
272,104,6.0,15,0
272,87,8.0,12,0
272,103,4.0,18,0
272,50,10.0,10,0
272,56,6.0,16,0
272,84,16.0,7,0
272,102,0.0,38,0
272,101,0.0,31,0
272,44,9.0,11,0
272,83,0.0,28,0
272,100,2.0,23,0
272,94,4.0,21,0
272,65,0.0,26,0
272,91,4.0,19,0
272,79,5.0,17,0
272,22,19.0,6,0
272,55,24.0,5,0
272,71,91.0,2,6
272,30,92.0,1,8
273,118,0.0,7,0
273,77,1.0,6,0
273,109,2.0,5,0
273,104,3.0,4,0
273,87,4.0,3,0
273,102,6.0,2,0
273,117,10.0,1,1
274,69,0.0,16,0
274,105,0.0,15,0
274,100,0.0,14,0
274,55,0.0,13,0
274,112,0.0,12,0
274,70,1.0,10,0
274,65,3.0,7,0
274,30,4.0,5,0
274,71,6.0,3,0
274,118,0.0,11,0
274,77,1.0,9,0
274,109,2.0,8,0
274,104,3.0,6,0
274,87,6.0,4,0
274,102,16.0,1,1
274,117,10.0,2,1
275,22,0.0,17,0
275,120,1.0,11,0
275,119,2.0,9,0
275,69,0.0,19,0
275,105,0.0,18,0
275,100,0.0,16,0
275,55,0.0,15,0
275,112,0.0,14,0
275,70,1.0,10,0
275,65,6.0,5,0
275,30,4.0,6,0
275,71,12.0,3,0
275,118,0.0,13,0
275,77,1.0,12,0
275,109,2.0,8,0
275,104,3.0,7,0
275,87,6.0,4,0
275,102,26.0,1,2
275,117,14.0,2,1
276,88,0.0,19,0
276,84,4.0,8,0
276,22,0.0,20,0
276,120,2.0,12,0
276,119,2.0,11,0
276,69,0.0,16,0
276,105,0.0,21,0
276,100,0.0,18,0
276,55,0.0,17,0
276,112,2.0,10,0
276,70,1.0,13,0
276,65,6.0,6,0
276,30,10.0,4,0
276,71,12.0,3,0
276,118,0.0,15,0
276,77,1.0,14,0
276,109,5.0,7,0
276,104,3.0,9,0
276,87,6.0,5,0
276,102,26.0,1,2
276,117,24.0,2,2
277,123,0.0,23,0
277,121,2.0,12,0
277,88,0.0,20,0
277,84,4.0,9,0
277,22,0.0,21,0
277,120,2.0,13,0
277,119,5.0,8,0
277,69,0.0,17,0
277,105,0.0,22,0
277,100,0.0,19,0
277,55,0.0,18,0
277,112,2.0,11,0
277,70,1.0,15,0
277,65,6.0,6,0
277,30,14.0,3,0
277,71,12.0,4,0
277,118,0.0,16,0
277,77,2.0,14,0
277,109,5.0,7,0
277,104,3.0,10,0
277,87,6.0,5,0
277,102,32.0,2,2
277,117,34.0,1,3
278,91,0.0,25,0
278,110,0.0,22,0
278,123,0.0,24,0
278,121,2.0,13,0
278,88,0.0,21,0
278,84,5.0,7,0
278,22,0.0,20,0
278,120,2.0,14,0
278,119,5.0,10,0
278,69,0.0,18,0
278,105,0.0,23,0
278,100,0.0,19,0
278,55,4.0,11,0
278,112,2.0,12,0
278,70,1.0,16,0
278,65,6.0,6,0
278,30,14.0,4,0
278,71,18.0,3,0
278,118,0.0,17,0
278,77,2.0,15,0
278,109,5.0,9,0
278,104,5.0,8,0
278,87,6.0,5,0
278,102,42.0,1,3
278,117,37.0,2,3
280,79,0.0,26,0
280,91,1.0,17,0
279,79,0.0,26,0
279,91,1.0,17,0
279,110,0.0,23,0
279,123,0.0,25,0
279,121,2.0,14,0
279,88,0.0,22,0
279,84,7.0,5,0
279,22,0.0,21,0
279,120,2.0,15,0
279,119,5.0,10,0
279,69,0.0,19,0
279,105,0.0,24,0
279,100,0.0,20,0
279,55,4.0,12,0
279,112,2.0,13,0
279,70,1.0,16,0
279,65,6.0,7,0
279,30,20.0,4,0
279,71,22.0,3,0
279,118,0.0,18,0
279,77,5.0,11,0
279,109,5.0,9,0
279,104,5.0,8,0
279,87,6.0,6,0
279,102,42.0,2,3
279,117,47.0,1,4
280,110,0.0,23,0
280,123,0.0,24,0
280,121,3.0,13,0
280,88,0.0,22,0
280,84,9.0,5,0
280,22,0.0,18,0
280,120,2.0,15,0
280,119,5.0,10,0
280,69,0.0,20,0
280,105,0.0,25,0
280,100,0.0,21,0
280,55,4.0,12,0
280,112,2.0,14,0
280,70,1.0,16,0
280,65,6.0,7,0
280,30,24.0,4,0
280,71,28.0,3,0
280,118,0.0,19,0
280,77,5.0,11,0
280,109,5.0,9,0
280,104,5.0,8,0
280,87,6.0,6,0
280,102,45.0,2,3
280,117,57.0,1,5
281,79,0.0,26,0
281,91,1.0,18,0
281,110,0.0,23,0
281,123,0.0,24,0
281,121,3.0,13,0
281,88,0.0,22,0
281,84,9.0,6,0
281,22,0.0,19,0
281,120,2.0,15,0
281,119,9.0,5,0
281,69,0.0,20,0
281,105,0.0,25,0
281,100,0.0,21,0
281,55,4.0,12,0
281,112,2.0,14,0
281,70,1.0,16,0
281,65,9.0,7,0
281,30,30.0,3,0
281,71,28.0,4,0
281,118,1.0,17,0
281,77,5.0,11,0
281,109,5.0,10,0
281,104,5.0,9,0
281,87,6.0,8,0
281,102,47.0,2,3
281,117,67.0,1,6
282,94,0.0,27,0
282,79,0.0,26,0
282,91,1.0,18,0
282,110,0.0,23,0
282,123,0.0,24,0
282,121,3.0,13,0
282,88,0.0,22,0
282,84,9.0,7,0
282,22,0.0,19,0
282,120,2.0,15,0
282,119,11.0,5,0
282,69,0.0,20,0
282,105,0.0,25,0
282,100,0.0,21,0
282,55,4.0,12,0
282,112,2.0,14,0
282,70,1.0,16,0
282,65,9.0,8,0
282,30,36.0,3,0
282,71,28.0,4,0
282,118,1.0,17,0
282,77,6.0,9,0
282,109,5.0,11,0
282,104,5.0,10,0
282,87,10.0,6,0
282,102,50.0,2,3
282,117,77.0,1,7
283,94,0.0,27,0
283,79,0.0,25,0
283,91,2.0,16,0
283,110,0.0,24,0
283,123,0.0,23,0
283,121,3.0,14,0
283,88,0.0,22,0
283,84,11.0,6,0
283,22,0.0,19,0
283,120,2.0,17,0
283,119,17.0,5,0
283,69,0.0,20,0
283,105,0.0,26,0
283,100,0.0,21,0
283,55,4.0,12,0
283,112,2.0,15,0
283,70,1.0,18,0
283,65,9.0,9,0
283,30,36.0,4,0
283,71,38.0,3,1
283,118,4.0,13,0
283,77,10.0,8,0
283,109,5.0,11,0
283,104,5.0,10,0
283,87,10.0,7,0
283,102,50.0,2,3
283,117,77.0,1,7
284,94,0.0,27,0
284,79,0.0,25,0
284,91,2.0,16,0
284,110,0.0,24,0
284,123,0.0,23,0
284,121,3.0,14,0
284,88,0.0,22,0
284,84,11.0,6,0
284,22,0.0,19,0
284,120,2.0,17,0
284,119,18.0,5,0
284,69,0.0,20,0
284,105,0.0,26,0
284,100,0.0,21,0
284,55,4.0,12,0
284,112,2.0,15,0
284,70,1.0,18,0
284,65,11.0,7,0
284,30,42.0,4,0
284,71,48.0,3,2
284,118,4.0,13,0
284,77,10.0,9,0
284,109,5.0,11,0
284,104,5.0,10,0
284,87,10.0,8,0
284,102,53.0,2,3
284,117,81.0,1,7
285,83,0.0,28,0
285,94,0.0,22,0
285,79,0.0,26,0
285,91,5.0,14,0
285,110,0.0,25,0
285,123,0.0,24,0
285,121,7.0,11,0
285,88,0.0,23,0
285,84,11.0,6,0
285,22,0.0,20,0
285,120,2.0,17,0
285,119,20.0,5,0
285,69,0.0,21,0
285,105,0.0,27,0
285,100,1.0,19,0
285,55,10.0,8,0
285,112,2.0,16,0
285,70,1.0,18,0
285,65,11.0,7,0
285,30,42.0,4,0
285,71,58.0,2,3
285,118,4.0,15,0
285,77,10.0,10,0
285,109,5.0,13,0
285,104,5.0,12,0
285,87,10.0,9,0
285,102,53.0,3,3
285,117,81.0,1,7
286,83,0.0,28,0
286,94,0.0,20,0
286,79,0.0,26,0
286,91,7.0,12,0
286,110,0.0,25,0
286,123,0.0,24,0
286,121,7.0,11,0
286,88,0.0,23,0
286,84,12.0,7,0
286,22,0.0,21,0
286,120,2.0,17,0
286,119,20.0,5,0
286,69,0.0,22,0
286,105,0.0,27,0
286,100,1.0,19,0
286,55,13.0,6,0
286,112,2.0,16,0
286,70,1.0,18,0
286,65,11.0,8,0
286,30,52.0,4,1
286,71,62.0,2,3
286,118,4.0,15,0
286,77,10.0,10,0
286,109,5.0,13,0
286,104,5.0,14,0
286,87,10.0,9,0
286,102,53.0,3,3
286,117,87.0,1,7
287,126,0.0,31,0
287,56,1.0,22,0
287,57,4.0,15,0
287,83,0.0,30,0
287,94,0.0,23,0
287,79,0.0,28,0
287,91,7.0,12,0
287,110,0.0,27,0
287,123,0.0,26,0
287,121,7.0,11,0
287,88,0.0,25,0
287,84,12.0,7,0
287,22,2.0,18,0
287,120,2.0,19,0
287,119,20.0,5,0
287,69,0.0,24,0
287,105,0.0,29,0
287,100,1.0,21,0
287,55,13.0,6,0
287,112,2.0,17,0
287,70,1.0,20,0
287,65,11.0,8,0
287,30,52.0,4,1
287,71,65.0,2,3
287,118,4.0,16,0
287,77,10.0,10,0
287,109,5.0,13,0
287,104,5.0,14,0
287,87,10.0,9,0
287,102,63.0,3,4
287,117,93.0,1,7
288,126,0.0,31,0
288,56,1.0,22,0
288,57,4.0,15,0
288,83,0.0,30,0
288,94,0.0,23,0
288,79,0.0,28,0
288,91,7.0,12,0
288,110,0.0,27,0
288,123,0.0,26,0
288,121,7.0,11,0
288,88,0.0,24,0
288,84,13.0,7,0
288,22,2.0,18,0
288,120,2.0,19,0
288,119,20.0,5,0
288,69,0.0,25,0
288,105,0.0,29,0
288,100,1.0,21,0
288,55,16.0,6,0
288,112,2.0,17,0
288,70,1.0,20,0
288,65,11.0,9,0
288,30,52.0,4,1
288,71,69.0,3,3
288,118,4.0,16,0
288,77,12.0,8,0
288,109,5.0,13,0
288,104,5.0,14,0
288,87,10.0,10,0
288,102,73.0,2,5
288,117,99.0,1,7
289,128,0.0,13,0
289,79,0.0,12,0
289,127,0.0,11,0
289,105,0.0,10,0
289,57,0.0,9,0
289,88,0.0,8,0
289,100,0.0,7,0
289,65,1.0,6,0
289,77,2.0,5,0
289,30,3.0,4,0
289,102,4.0,3,0
289,119,6.0,2,0
289,95,10.0,1,1
290,95,20.0,1,2
290,119,12.0,2,0
290,102,4.0,5,0
290,30,7.0,3,0
290,77,5.0,4,0
290,65,1.0,7,0
290,100,0.0,9,0
290,88,0.0,11,0
290,57,1.0,8,0
290,105,0.0,12,0
290,127,0.0,15,0
290,79,0.0,16,0
290,128,0.0,17,0
290,110,2.0,6,0
290,109,0.0,10,0
290,123,0.0,13,0
290,92,0.0,14,0
291,95,30.0,1,3
291,119,18.0,2,0
291,102,4.0,5,0
291,30,11.0,3,0
291,77,5.0,4,0
291,65,1.0,9,0
291,100,0.0,12,0
291,88,0.0,15,0
291,57,1.0,10,0
291,105,1.0,11,0
291,127,0.0,19,0
291,79,0.0,16,0
291,128,0.0,20,0
291,110,2.0,8,0
291,109,0.0,14,0
291,123,0.0,17,0
291,92,0.0,18,0
291,55,3.0,6,0
291,122,2.0,7,0
291,81,0.0,13,0
292,81,0.0,15,0
292,110,2.0,9,0
292,108,0.0,23,0
292,65,1.0,10,0
292,100,0.0,14,0
292,88,0.0,13,0
292,57,1.0,11,0
292,102,4.0,6,0
292,91,0.0,17,0
292,94,1.0,12,0
292,122,2.0,8,0
292,55,7.0,5,0
292,92,0.0,21,0
292,123,0.0,19,0
292,109,0.0,16,0
292,128,0.0,24,0
292,79,0.0,18,0
292,105,3.0,7,0
292,127,0.0,22,0
292,77,8.0,4,0
292,30,17.0,3,0
292,119,18.0,2,0
292,95,40.0,1,4
292,104,0.0,20,0
293,95,50.0,1,5
293,119,24.0,2,0
293,102,8.0,4,0
293,30,17.0,3,0
293,77,8.0,5,0
293,65,1.0,12,0
293,100,0.0,15,0
293,88,0.0,14,0
293,57,1.0,13,0
293,105,5.0,7,0
293,127,0.0,16,0
293,79,0.0,21,0
293,128,0.0,26,0
293,110,2.0,10,0
293,109,0.0,18,0
293,123,0.0,22,0
293,92,0.0,24,0
293,55,7.0,6,0
293,122,2.0,9,0
293,81,0.0,17,0
293,94,2.0,11,0
293,91,0.0,19,0
293,104,0.0,23,0
293,108,0.0,25,0
293,84,3.0,8,0
293,129,0.0,20,0
294,95,56.0,1,5
294,119,28.0,2,0
294,102,18.0,4,1
294,30,20.0,3,0
294,77,8.0,5,0
294,65,1.0,12,0
294,100,0.0,16,0
294,88,0.0,15,0
294,57,1.0,13,0
294,105,5.0,8,0
294,127,0.0,17,0
294,79,0.0,23,0
294,128,0.0,26,0
294,110,2.0,10,0
294,109,0.0,19,0
294,123,0.0,24,0
294,92,1.0,14,0
294,55,7.0,6,0
294,122,2.0,9,0
294,81,0.0,18,0
294,94,2.0,11,0
294,91,0.0,21,0
294,104,0.0,20,0
294,108,0.0,25,0
294,84,5.0,7,0
294,129,0.0,22,0
295,95,56.0,1,5
295,119,28.0,2,0
295,102,18.0,4,1
295,30,26.0,3,0
295,77,18.0,5,1
295,65,1.0,14,0
295,100,1.0,13,0
295,88,0.0,17,0
295,57,1.0,15,0
295,105,5.0,8,0
295,127,0.0,18,0
295,79,0.0,23,0
295,128,0.0,26,0
295,110,4.0,9,0
295,109,0.0,20,0
295,123,0.0,24,0
295,92,1.0,16,0
295,55,11.0,6,0
295,122,2.0,11,0
295,81,0.0,19,0
295,94,2.0,12,0
295,91,3.0,10,0
295,104,0.0,21,0
295,108,0.0,25,0
295,84,5.0,7,0
295,129,0.0,22,0
296,95,66.0,1,6
296,119,34.0,2,0
296,102,18.0,4,1
296,30,26.0,3,0
296,77,18.0,5,1
296,65,2.0,14,0
296,100,3.0,12,0
296,88,0.0,17,0
296,57,4.0,9,0
296,105,5.0,8,0
296,127,0.0,19,0
296,79,0.0,23,0
296,128,0.0,26,0
296,110,4.0,10,0
296,109,0.0,20,0
296,123,0.0,24,0
296,92,1.0,16,0
296,55,11.0,6,0
296,122,2.0,13,0
296,81,0.0,18,0
296,94,2.0,15,0
296,91,3.0,11,0
296,104,0.0,22,0
296,108,0.0,25,0
296,84,9.0,7,0
296,129,0.0,21,0
297,95,76.0,1,7
297,119,40.0,2,0
297,102,18.0,5,1
297,30,29.0,3,0
297,77,20.0,4,1
297,65,2.0,14,0
297,100,3.0,12,0
297,88,0.0,17,0
297,57,5.0,8,0
297,105,5.0,9,0
297,127,0.0,19,0
297,79,0.0,23,0
297,128,0.0,26,0
297,110,4.0,10,0
297,109,0.0,20,0
297,123,0.0,24,0
297,92,1.0,16,0
297,55,11.0,7,0
297,122,2.0,13,0
297,81,0.0,18,0
297,94,2.0,15,0
297,91,3.0,11,0
297,104,0.0,22,0
297,108,0.0,25,0
297,84,13.0,6,0
297,129,0.0,21,0
297,99,0.0,27,0
297,71,0.0,28,0
298,95,86.0,1,8
298,119,40.0,2,0
298,102,24.0,4,1
298,30,33.0,3,0
298,77,20.0,5,1
298,65,2.0,14,0
298,100,4.0,11,0
298,88,0.0,17,0
298,57,5.0,8,0
298,105,5.0,9,0
298,127,0.0,20,0
298,79,0.0,24,0
298,128,0.0,26,0
298,110,4.0,10,0
298,109,0.0,21,0
298,123,0.0,19,0
298,92,1.0,16,0
298,55,13.0,7,0
298,122,2.0,13,0
298,81,0.0,18,0
298,94,2.0,15,0
298,91,3.0,12,0
298,104,0.0,23,0
298,108,0.0,25,0
298,84,16.0,6,0
298,129,0.0,22,0
298,99,0.0,27,0
298,71,0.0,28,0
299,95,92.0,1,8
299,119,40.0,2,0
299,102,34.0,3,2
299,30,33.0,4,0
299,77,24.0,5,1
299,65,2.0,14,0
299,100,4.0,11,0
299,88,0.0,17,0
299,57,8.0,8,0
299,105,5.0,9,0
299,127,0.0,20,0
299,79,0.0,24,0
299,128,0.0,27,0
299,110,4.0,10,0
299,109,0.0,21,0
299,123,0.0,19,0
299,92,1.0,16,0
299,55,13.0,7,0
299,122,3.0,13,0
299,81,0.0,18,0
299,94,2.0,15,0
299,91,3.0,12,0
299,104,0.0,23,0
299,108,0.0,25,0
299,84,18.0,6,0
299,129,0.0,22,0
299,99,0.0,28,0
299,71,0.0,26,0
300,95,98.0,1,8
300,119,44.0,2,0
300,102,36.0,4,2
300,30,43.0,3,1
300,77,24.0,5,1
300,65,2.0,14,0
300,100,4.0,11,0
300,88,0.0,18,0
300,57,9.0,8,0
300,105,5.0,9,0
300,127,0.0,21,0
300,79,0.0,24,0
300,128,0.0,26,0
300,110,4.0,10,0
300,109,0.0,17,0
300,123,0.0,20,0
300,92,1.0,16,0
300,55,13.0,7,0
300,122,3.0,13,0
300,81,0.0,19,0
300,94,2.0,15,0
300,91,3.0,12,0
300,104,0.0,23,0
300,108,0.0,25,0
300,84,21.0,6,0
300,129,0.0,22,0
300,99,0.0,29,0
300,71,0.0,27,0
969,830,10.0,5,0
300,125,0.0,28,0
300,131,0.0,30,0
301,95,98.0,1,8
301,119,46.0,4,0
301,102,46.0,3,3
301,30,47.0,2,1
301,77,27.0,5,1
301,65,2.0,14,0
301,100,4.0,11,0
301,88,0.0,18,0
301,57,9.0,8,0
301,105,5.0,9,0
301,127,0.0,21,0
301,79,0.0,24,0
301,128,0.0,26,0
301,110,5.0,10,0
301,109,0.0,17,0
301,123,0.0,20,0
301,92,1.0,16,0
301,55,13.0,7,0
301,122,3.0,13,0
301,81,0.0,19,0
301,94,2.0,15,0
301,91,3.0,12,0
301,104,0.0,23,0
301,108,0.0,25,0
301,84,27.0,6,0
301,129,0.0,22,0
301,99,0.0,29,0
301,71,0.0,27,0
969,8,12.0,4,0
301,125,0.0,28,0
301,131,0.0,30,0
302,95,108.0,1,9
302,119,46.0,4,0
302,102,50.0,2,3
302,30,47.0,3,1
302,77,33.0,5,1
302,65,2.0,14,0
302,100,4.0,11,0
302,88,0.0,18,0
302,57,11.0,8,0
302,105,6.0,9,0
302,127,0.0,21,0
302,79,0.0,24,0
302,128,0.0,26,0
302,110,5.0,10,0
302,109,0.0,17,0
302,123,0.0,19,0
302,92,1.0,16,0
302,55,13.0,7,0
302,122,3.0,13,0
302,81,0.0,20,0
302,94,2.0,15,0
302,91,3.0,12,0
302,104,0.0,23,0
302,108,0.0,25,0
302,84,30.0,6,0
302,129,0.0,22,0
302,99,0.0,30,0
302,71,0.0,28,0
969,822,15.0,3,0
302,125,0.0,27,0
302,131,0.0,29,0
303,95,108.0,1,9
303,119,56.0,2,1
303,102,50.0,3,3
303,30,47.0,4,1
303,77,39.0,5,1
303,65,2.0,14,0
303,100,4.0,11,0
303,88,0.0,19,0
303,57,11.0,8,0
303,105,6.0,10,0
303,127,0.0,22,0
303,79,0.0,25,0
303,128,0.0,27,0
303,110,8.0,9,0
303,109,0.0,18,0
303,123,0.0,20,0
303,92,1.0,17,0
303,55,15.0,7,0
303,122,3.0,13,0
303,81,0.0,21,0
303,94,2.0,15,0
303,91,3.0,12,0
303,104,1.0,16,0
303,108,0.0,26,0
303,84,34.0,6,0
303,129,0.0,24,0
303,99,0.0,31,0
303,71,0.0,29,0
969,1,18.0,2,0
303,125,0.0,28,0
303,131,0.0,23,0
303,78,0.0,30,0
304,95,108.0,1,9
304,119,56.0,2,1
304,102,50.0,4,3
304,30,53.0,3,1
304,77,49.0,5,2
304,65,2.0,15,0
304,100,4.0,11,0
304,88,0.0,20,0
304,57,11.0,8,0
304,105,6.0,10,0
304,127,0.0,23,0
304,79,0.0,25,0
304,128,0.0,27,0
304,110,8.0,9,0
304,109,0.0,21,0
304,123,2.0,14,0
304,92,1.0,19,0
304,55,18.0,7,0
304,122,3.0,13,0
304,81,0.0,22,0
304,94,2.0,16,0
304,91,3.0,12,0
304,104,1.0,18,0
304,108,0.0,26,0
304,84,38.0,6,0
304,129,0.0,24,0
304,99,0.0,32,0
304,71,0.0,30,0
969,20,25.0,1,1
304,125,0.0,28,0
304,131,1.0,17,0
304,78,0.0,29,0
304,136,0.0,31,0
306,128,0.0,34,0
306,129,0.0,32,0
306,142,0.0,33,0
306,110,0.0,27,0
306,141,0.0,31,0
306,100,0.0,21,0
306,140,0.0,30,0
306,133,0.0,29,0
306,103,0.0,25,0
306,109,0.0,26,0
306,81,0.0,12,0
306,139,0.0,19,0
306,87,0.0,23,0
306,127,0.0,28,0
306,95,0.0,20,0
307,120,0.0,33,0
307,128,0.0,20,0
307,129,0.0,34,0
307,142,0.0,35,0
307,110,0.0,27,0
307,141,1.0,13,0
307,100,0.0,22,0
307,140,0.0,32,0
307,133,0.0,31,0
307,103,0.0,30,0
307,109,4.0,6,0
307,81,0.0,18,0
307,139,0.0,24,0
307,87,0.0,17,0
307,127,0.0,25,0
307,95,0.0,26,0
307,77,10.0,2,0
307,123,0.0,14,0
307,122,0.0,29,0
307,105,0.0,28,0
307,90,0.0,15,0
307,119,6.0,4,0
307,57,2.0,9,0
308,120,0.0,32,0
308,128,0.0,24,0
308,129,0.0,34,0
308,110,0.0,28,0
308,141,1.0,16,0
308,100,0.0,25,0
308,140,0.0,33,0
308,133,0.0,31,0
308,103,0.0,23,0
308,109,4.0,8,0
308,81,0.0,20,0
308,139,1.0,14,0
308,87,0.0,21,0
308,127,0.0,27,0
308,95,6.0,5,0
308,77,10.0,3,0
308,123,0.0,17,0
308,122,0.0,30,0
308,105,0.0,29,0
308,90,3.0,9,0
308,119,6.0,4,0
308,57,2.0,12,0
308,55,5.0,7,0
308,84,0.0,26,0
308,92,0.0,19,0
309,65,0.0,34,0
309,120,0.0,33,0
309,128,0.0,26,0
309,129,0.0,35,0
309,142,0.0,36,0
309,110,3.0,12,0
309,141,1.0,18,0
309,100,0.0,21,0
309,140,0.0,29,0
309,133,0.0,32,0
309,103,0.0,25,0
309,109,4.0,9,0
309,81,0.0,22,0
309,139,1.0,16,0
309,87,0.0,23,0
309,127,0.0,28,0
309,95,7.0,7,0
309,77,10.0,5,0
309,123,0.0,19,0
309,122,0.0,30,0
309,105,0.0,31,0
309,90,3.0,11,0
309,119,10.0,4,0
309,57,2.0,14,0
309,55,5.0,8,0
309,84,0.0,27,0
310,65,0.0,27,0
310,120,0.0,35,0
310,128,0.0,26,0
310,129,0.0,33,0
310,142,0.0,36,0
310,141,1.0,19,0
310,100,0.0,23,0
310,140,0.0,30,0
310,133,0.0,34,0
310,103,1.0,17,0
310,109,4.0,11,0
310,81,0.0,21,0
310,139,1.0,16,0
310,87,0.0,24,0
310,127,0.0,29,0
310,95,13.0,4,0
310,77,10.0,6,0
310,123,0.0,20,0
310,122,0.0,31,0
310,105,0.0,32,0
310,90,5.0,10,0
310,119,20.0,2,1
310,57,2.0,14,0
310,55,5.0,9,0
310,84,0.0,28,0
310,92,2.0,13,0
310,94,3.0,12,0
311,65,0.0,28,0
311,120,0.0,35,0
311,128,0.0,27,0
311,129,0.0,32,0
311,110,7.0,9,0
311,141,1.0,19,0
311,100,0.0,24,0
311,140,0.0,30,0
311,133,0.0,34,0
311,103,1.0,17,0
311,109,4.0,11,0
311,81,0.0,21,0
311,139,1.0,16,0
311,87,0.0,25,0
311,127,0.0,22,0
311,95,23.0,2,1
311,77,10.0,6,0
311,123,0.0,20,0
311,122,0.0,31,0
311,105,0.0,33,0
311,90,5.0,10,0
311,119,22.0,3,1
311,57,2.0,14,0
311,55,8.0,8,0
311,84,0.0,29,0
311,92,2.0,13,0
312,65,0.0,28,0
312,120,0.0,35,0
312,128,0.0,27,0
312,129,0.0,32,0
312,110,7.0,9,0
312,141,1.0,19,0
312,100,0.0,24,0
312,140,0.0,30,0
312,133,0.0,34,0
312,103,1.0,17,0
312,109,4.0,11,0
312,81,0.0,21,0
312,139,1.0,16,0
312,87,0.0,25,0
312,127,0.0,22,0
312,95,33.0,2,2
312,77,16.0,6,0
312,123,0.0,20,0
312,122,0.0,31,0
312,105,0.0,33,0
312,90,5.0,10,0
312,119,22.0,3,1
312,57,2.0,15,0
312,55,8.0,8,0
312,84,0.0,29,0
312,92,3.0,13,0
313,143,0.0,36,0
313,65,0.0,28,0
313,120,0.0,35,0
313,128,0.0,27,0
313,142,0.0,37,0
313,110,9.0,9,0
313,141,1.0,19,0
313,100,0.0,24,0
313,140,0.0,30,0
313,133,0.0,34,0
313,103,1.0,17,0
313,109,4.0,11,0
313,81,0.0,21,0
313,139,1.0,16,0
313,87,0.0,25,0
313,127,0.0,22,0
313,95,43.0,2,3
313,77,19.0,5,0
313,123,0.0,20,0
313,122,0.0,31,0
313,105,0.0,33,0
313,90,5.0,10,0
313,119,28.0,3,1
313,57,2.0,15,0
313,55,12.0,7,0
313,84,0.0,29,0
314,143,0.0,36,0
314,65,0.0,29,0
314,120,0.0,35,0
314,128,0.0,28,0
314,129,0.0,32,0
314,110,9.0,9,0
314,141,1.0,20,0
314,100,0.0,25,0
314,140,0.0,31,0
314,133,0.0,34,0
314,109,4.0,11,0
314,81,0.0,22,0
314,139,1.0,16,0
314,87,0.0,26,0
314,127,0.0,23,0
314,95,49.0,2,3
314,77,22.0,4,0
314,123,0.0,21,0
314,122,1.0,18,0
314,105,0.0,33,0
314,90,5.0,10,0
314,119,32.0,3,1
314,57,2.0,15,0
314,55,14.0,7,0
314,84,0.0,30,0
314,92,4.0,12,0
315,30,0.0,34,0
315,143,0.0,37,0
315,65,0.0,24,0
315,120,0.0,36,0
315,128,0.0,30,0
315,142,0.0,38,0
315,141,1.0,21,0
315,100,0.0,27,0
315,140,0.0,32,0
315,133,0.0,35,0
315,103,1.0,18,0
315,109,4.0,11,0
315,139,1.0,16,0
315,87,1.0,17,0
315,127,0.0,25,0
315,95,49.0,2,3
315,77,28.0,4,0
315,123,0.0,22,0
315,122,1.0,19,0
315,105,0.0,33,0
315,90,8.0,10,0
315,119,34.0,3,1
315,57,2.0,15,0
315,55,14.0,7,0
315,84,0.0,29,0
315,92,4.0,12,0
315,94,3.0,13,0
315,99,0.0,28,0
316,30,2.0,16,0
316,143,0.0,37,0
316,65,0.0,25,0
316,120,0.0,36,0
316,128,0.0,31,0
316,142,0.0,38,0
316,110,9.0,9,0
316,141,1.0,22,0
316,100,0.0,28,0
316,140,0.0,33,0
316,133,0.0,35,0
316,103,1.0,20,0
316,109,4.0,11,0
316,139,1.0,17,0
316,87,1.0,18,0
316,127,0.0,26,0
316,95,59.0,2,4
316,77,31.0,4,0
316,123,0.0,23,0
316,122,1.0,19,0
316,105,0.0,34,0
316,90,8.0,10,0
316,119,34.0,3,1
316,57,2.0,15,0
316,55,14.0,7,0
316,84,0.0,30,0
316,92,4.0,12,0
316,94,3.0,13,0
316,99,0.0,29,0
317,30,3.0,14,0
317,143,0.0,37,0
317,65,0.0,26,0
317,120,0.0,36,0
317,128,0.0,31,0
317,129,0.0,32,0
317,142,0.0,38,0
317,141,1.0,22,0
317,100,0.0,28,0
317,140,0.0,34,0
317,133,0.0,35,0
317,103,1.0,20,0
317,109,4.0,12,0
317,81,0.0,25,0
317,87,1.0,18,0
317,127,0.0,24,0
317,95,59.0,2,4
317,77,31.0,4,0
317,123,0.0,23,0
317,122,1.0,19,0
317,105,0.0,33,0
317,90,8.0,10,0
317,119,44.0,3,2
317,57,2.0,16,0
317,55,18.0,7,0
317,84,0.0,30,0
317,92,4.0,13,0
317,94,6.0,11,0
317,99,0.0,29,0
317,78,0.0,27,0
318,70,0.0,32,0
318,30,4.0,14,0
318,143,0.0,38,0
318,65,0.0,26,0
318,120,0.0,37,0
318,128,0.0,31,0
318,142,0.0,39,0
318,110,9.0,9,0
318,141,1.0,22,0
318,100,0.0,28,0
318,140,0.0,35,0
318,133,0.0,36,0
318,103,1.0,20,0
318,109,4.0,12,0
318,139,1.0,17,0
318,87,1.0,18,0
318,127,0.0,23,0
318,95,69.0,2,5
318,77,31.0,5,0
318,123,0.0,24,0
318,122,1.0,19,0
318,105,0.0,34,0
318,90,8.0,10,0
318,119,48.0,3,2
318,57,2.0,16,0
318,55,21.0,7,0
318,84,0.0,30,0
318,92,4.0,13,0
318,94,6.0,11,0
318,99,0.0,29,0
319,144,0.0,41,0
319,91,0.0,37,0
319,70,0.0,31,0
319,30,4.0,14,0
319,143,0.0,39,0
319,65,0.0,27,0
319,120,0.0,38,0
319,129,0.0,33,0
319,142,0.0,40,0
319,110,9.0,9,0
319,141,1.0,23,0
319,100,0.0,29,0
319,140,0.0,36,0
319,103,1.0,21,0
319,109,4.0,12,0
319,139,1.0,18,0
319,87,1.0,19,0
319,127,0.0,24,0
319,95,69.0,2,5
319,77,41.0,4,1
319,123,0.0,25,0
319,122,1.0,20,0
319,105,0.0,35,0
319,90,8.0,10,0
319,119,52.0,3,2
319,57,2.0,16,0
319,55,21.0,7,0
319,84,2.0,17,0
319,92,4.0,13,0
319,94,6.0,11,0
319,99,0.0,30,0
320,144,0.0,40,0
320,91,0.0,36,0
320,70,0.0,31,0
320,30,4.0,14,0
320,143,0.0,39,0
320,65,0.0,27,0
320,120,0.0,38,0
320,128,0.0,32,0
320,129,0.0,34,0
320,142,0.0,41,0
320,141,1.0,23,0
320,100,0.0,29,0
320,140,0.0,37,0
320,133,0.0,33,0
320,103,1.0,21,0
320,109,4.0,12,0
320,139,1.0,18,0
320,87,1.0,19,0
320,127,0.0,25,0
320,95,72.0,2,5
320,77,43.0,4,1
320,123,0.0,26,0
320,122,1.0,20,0
320,105,0.0,35,0
320,90,8.0,10,0
320,119,53.0,3,2
320,57,2.0,16,0
320,55,21.0,7,0
320,84,2.0,17,0
320,92,4.0,13,0
320,94,6.0,11,0
320,99,0.0,30,0
320,78,0.0,28,0
322,131,2.0,8,0
322,81,0.0,19,0
322,105,0.0,14,0
322,94,0.0,10,0
322,103,0.0,11,0
322,133,0.0,22,0
322,112,0.0,16,0
323,152,0.0,38,0
323,101,0.0,34,0
323,139,0.0,32,0
323,117,12.0,2,1
323,129,0.0,25,0
323,102,13.0,1,1
323,133,0.0,26,0
323,112,0.0,16,0
323,92,0.0,36,0
323,150,0.0,39,0
323,149,0.0,37,0
323,114,0.0,30,0
323,99,0.0,35,0
323,109,0.0,20,0
323,81,0.0,24,0
323,140,0.0,33,0
323,151,0.0,15,0
324,90,0.0,24,0
324,127,0.0,25,0
324,147,0.0,21,0
324,88,0.0,29,0
324,95,3.0,9,0
324,77,16.0,2,0
324,148,0.0,16,0
324,129,0.0,28,0
324,110,0.0,27,0
324,117,12.0,4,1
324,122,0.0,31,0
324,118,0.0,15,0
324,78,0.0,19,0
324,151,0.0,17,0
324,140,0.0,34,0
324,152,0.0,38,0
324,101,0.0,30,0
324,139,0.0,33,0
325,55,13.0,4,0
325,123,9.0,7,0
325,90,0.0,27,0
325,127,0.0,28,0
325,147,0.0,22,0
325,152,0.0,38,0
325,101,0.0,31,0
325,139,0.0,33,0
325,133,2.0,11,0
325,112,0.0,18,0
325,92,0.0,36,0
325,150,0.0,39,0
325,149,0.0,37,0
325,114,0.0,32,0
325,99,0.0,35,0
325,109,0.0,23,0
325,81,0.0,29,0
325,140,0.0,34,0
325,151,0.0,17,0
325,78,0.0,19,0
325,118,1.0,12,0
325,122,0.0,20,0
326,152,0.0,38,0
326,139,0.0,33,0
326,101,0.0,31,0
326,145,7.0,9,0
326,103,1.0,13,0
326,133,2.0,11,0
326,112,0.0,18,0
326,92,0.0,36,0
326,150,0.0,39,0
326,149,0.0,37,0
326,114,0.0,32,0
326,99,0.0,35,0
326,109,0.0,23,0
326,81,0.0,30,0
326,140,0.0,34,0
326,151,0.0,17,0
326,78,0.0,19,0
326,118,1.0,12,0
326,122,0.0,21,0
326,117,23.0,2,2
326,110,0.0,27,0
326,129,0.0,26,0
326,148,0.0,16,0
326,77,23.0,3,0
326,95,13.0,5,0
326,88,0.0,24,0
326,147,0.0,22,0
327,152,0.0,38,0
327,101,0.0,31,0
327,139,0.0,33,0
327,133,2.0,12,0
327,112,0.0,20,0
327,92,0.0,36,0
327,150,0.0,39,0
327,149,0.0,37,0
327,114,0.0,32,0
327,99,0.0,35,0
327,109,0.0,24,0
327,81,0.0,30,0
327,140,0.0,34,0
327,151,0.0,19,0
327,78,0.0,22,0
327,118,1.0,13,0
327,117,32.0,2,3
327,110,0.0,27,0
327,148,0.0,18,0
327,77,25.0,3,0
327,95,13.0,6,0
327,88,0.0,17,0
327,147,0.0,23,0
327,127,0.0,29,0
327,90,0.0,28,0
327,145,7.0,9,0
328,152,0.0,38,0
328,117,41.0,1,4
328,119,10.0,8,1
328,101,0.0,32,0
328,139,0.0,24,0
328,112,0.0,20,0
328,92,0.0,36,0
328,150,0.0,39,0
328,149,0.0,37,0
328,114,0.0,33,0
328,99,0.0,34,0
328,109,0.0,25,0
328,81,0.0,31,0
328,140,0.0,35,0
328,151,0.0,19,0
328,78,0.0,21,0
328,118,1.0,14,0
328,122,6.0,10,0
328,110,0.0,28,0
328,129,0.0,27,0
328,148,0.0,18,0
328,77,25.0,3,0
328,95,13.0,7,0
328,88,1.0,15,0
328,147,0.0,23,0
328,127,0.0,30,0
328,146,0.0,26,0
329,152,0.0,38,0
329,117,44.0,2,4
329,119,12.0,9,1
329,101,0.0,32,0
329,139,0.0,24,0
329,112,0.0,20,0
329,92,0.0,36,0
329,150,0.0,39,0
329,149,0.0,37,0
329,114,0.0,33,0
329,99,0.0,34,0
329,109,0.0,25,0
329,81,0.0,31,0
329,140,0.0,35,0
329,151,0.0,19,0
329,78,0.0,21,0
329,118,1.0,14,0
329,122,6.0,10,0
329,110,0.0,28,0
329,129,0.0,27,0
329,148,0.0,18,0
329,77,29.0,3,0
329,95,13.0,8,0
329,88,1.0,15,0
329,147,0.0,23,0
329,127,0.0,30,0
329,146,0.0,26,0
330,77,29.0,3,0
330,118,3.0,12,0
330,152,0.0,38,0
330,101,0.0,33,0
330,139,0.0,24,0
330,133,2.0,13,0
330,112,0.0,21,0
330,92,0.0,36,0
330,150,0.0,39,0
330,149,0.0,37,0
330,114,0.0,34,0
330,99,0.0,30,0
330,109,0.0,26,0
330,81,0.0,32,0
330,140,0.0,35,0
330,151,0.0,17,0
330,78,0.0,22,0
330,123,27.0,4,1
330,122,6.0,10,0
330,117,44.0,2,4
330,110,0.0,29,0
330,129,0.0,28,0
330,148,0.0,19,0
330,95,13.0,9,0
330,88,1.0,15,0
330,147,0.0,25,0
330,127,0.0,20,0
330,146,0.0,27,0
331,152,0.0,38,0
334,123,30.0,5,1
331,77,33.0,3,0
331,148,0.0,20,0
331,129,0.0,28,0
331,101,0.0,33,0
331,139,0.0,24,0
331,133,2.0,13,0
331,112,0.0,21,0
331,92,0.0,36,0
331,150,0.0,39,0
331,149,0.0,37,0
331,114,0.0,34,0
331,99,0.0,30,0
331,109,0.0,26,0
331,81,0.0,32,0
331,140,0.0,35,0
331,151,0.0,18,0
331,123,27.0,4,1
331,78,0.0,22,0
331,118,3.0,12,0
331,122,6.0,10,0
331,117,50.0,2,4
331,110,0.0,29,0
331,95,13.0,9,0
331,88,1.0,15,0
331,147,0.0,25,0
331,127,1.0,17,0
331,146,0.0,27,0
332,152,0.0,38,0
333,105,0.0,22,0
332,77,37.0,3,0
332,148,0.0,20,0
332,129,0.0,29,0
332,101,0.0,33,0
332,139,0.0,24,0
332,133,2.0,13,0
332,112,0.0,21,0
332,92,0.0,36,0
332,150,0.0,39,0
332,149,0.0,37,0
332,114,0.0,34,0
332,99,0.0,30,0
332,109,0.0,27,0
332,81,0.0,32,0
332,140,0.0,35,0
332,151,0.0,18,0
332,123,27.0,4,1
332,78,0.0,22,0
332,118,3.0,12,0
332,122,6.0,10,0
332,117,56.0,2,4
332,110,0.0,25,0
332,95,16.0,8,0
332,88,1.0,16,0
332,147,0.0,26,0
332,127,1.0,17,0
332,146,0.0,28,0
333,152,0.0,38,0
333,95,25.0,6,1
333,77,40.0,3,0
333,148,0.0,20,0
333,101,0.0,33,0
333,139,0.0,24,0
333,133,2.0,13,0
333,112,0.0,21,0
333,92,0.0,36,0
333,150,0.0,39,0
333,149,0.0,37,0
333,114,0.0,34,0
333,99,0.0,30,0
333,109,0.0,27,0
333,81,0.0,32,0
333,140,0.0,35,0
333,151,0.0,18,0
333,78,0.0,23,0
333,118,3.0,12,0
333,122,6.0,10,0
333,117,60.0,2,4
333,110,0.0,25,0
333,129,0.0,29,0
333,88,1.0,16,0
333,147,0.0,26,0
333,127,1.0,17,0
333,90,0.0,31,0
333,146,0.0,28,0
334,77,40.0,3,0
334,129,0.0,30,0
334,110,0.0,26,0
334,117,69.0,2,5
334,152,0.0,38,0
334,101,0.0,34,0
334,139,0.0,25,0
334,133,2.0,13,0
334,112,0.0,22,0
334,92,0.0,36,0
334,150,0.0,39,0
334,149,0.0,37,0
334,114,0.0,24,0
334,99,0.0,31,0
334,109,0.0,28,0
334,81,0.0,33,0
334,140,0.0,35,0
334,151,0.0,18,0
334,78,0.0,20,0
334,118,3.0,12,0
334,122,6.0,10,0
334,148,0.0,21,0
334,95,31.0,4,1
334,88,2.0,15,0
334,147,0.0,27,0
334,127,1.0,17,0
334,146,0.0,29,0
335,65,0.0,35,0
335,152,0.0,39,0
335,95,31.0,6,1
335,77,40.0,3,0
335,148,0.0,22,0
335,101,0.0,34,0
335,139,0.0,26,0
335,133,2.0,16,0
335,112,0.0,23,0
335,92,0.0,37,0
335,150,0.0,40,0
335,149,0.0,38,0
335,114,0.0,25,0
335,99,0.0,32,0
335,109,0.0,29,0
335,81,0.0,33,0
335,140,0.0,36,0
335,151,0.0,20,0
335,78,0.0,19,0
335,118,3.0,14,0
335,122,6.0,10,0
335,117,69.0,2,5
335,110,0.0,27,0
335,129,0.0,31,0
335,88,6.0,12,0
335,127,1.0,18,0
335,90,6.0,11,0
335,146,0.0,30,0
335,123,32.0,5,1
336,65,0.0,35,0
336,152,0.0,39,0
336,88,6.0,12,0
336,95,37.0,5,1
336,77,43.0,4,0
336,148,0.0,22,0
336,129,0.0,31,0
336,110,0.0,27,0
336,101,0.0,34,0
336,139,0.0,26,0
336,133,2.0,16,0
336,112,0.0,23,0
336,92,0.0,37,0
336,150,0.0,40,0
336,149,0.0,38,0
336,114,0.0,25,0
336,99,0.0,32,0
336,109,0.0,29,0
336,81,0.0,33,0
336,140,0.0,36,0
336,151,0.0,20,0
336,78,0.0,19,0
336,118,3.0,14,0
336,122,6.0,10,0
336,117,71.0,2,5
336,147,0.0,28,0
336,127,1.0,18,0
336,90,6.0,11,0
336,146,0.0,30,0
336,145,21.0,8,0
1,8,0.0,15,0
1,9,0.0,14,0
1,20,0.0,13,0
1,17,0.0,12,0
1,21,0.0,11,0
1,2,0.0,10,0
1,16,0.0,9,0
1,7,1.0,8,0
1,67,2.0,7,0
1,3,3.0,6,0
1,4,4.0,5,0
1,10,5.0,4,0
1,15,6.0,3,0
1,22,8.0,2,0
1,18,10.0,1,1
2,5,0.0,20,0
2,6,0.0,15,0
2,12,0.0,17,0
2,13,0.0,13,0
2,8,0.0,18,0
2,9,0.0,19,0
2,20,0.0,16,0
2,17,1.5,9,0
2,21,0.0,14,0
2,2,4.0,5,0
2,16,0.0,12,0
2,7,1.0,11,0
2,67,2.0,8,0
2,3,3.5,7,0
2,4,4.0,6,0
2,10,8.0,4,0
2,15,8.5,3,0
2,22,10.0,2,0
2,18,15.0,1,2
36,8,10.0,1,1
36,4,8.0,2,0
36,1,6.0,3,0
36,2,5.0,4,0
37,3,2.0,8,0
37,8,16.0,2,1
37,4,18.0,1,1
37,1,14.0,3,0
37,2,10.0,4,0
37,21,7.0,5,0
39,13,27.0,3,2
39,8,22.0,4,1
39,4,28.0,2,1
39,1,30.0,1,0
39,2,15.0,5,0
40,13,33.0,3,2
40,8,23.0,4,1
40,4,38.0,1,2
40,1,38.0,2,0
40,2,18.0,5,0
41,21,13.0,6,0
41,1,48.0,1,1
41,8,27.0,4,1
41,15,4.0,13,0
41,17,0.0,15,0
41,22,0.0,17,0
42,21,13.0,6,0
42,1,58.0,1,2
42,8,32.0,4,1
42,17,2.0,14,0
42,15,7.0,10,0
42,22,0.0,18,0
43,21,16.0,7,0
43,1,64.0,1,2
43,8,42.0,4,2
43,15,7.0,10,0
43,22,0.0,19,0
44,2,33.0,5,0
44,1,70.0,1,2
44,8,52.0,3,3
44,13,51.0,4,2
44,15,7.0,10,0
44,22,0.0,18,0
45,3,5.0,13,0
45,21,17.0,7,0
45,8,52.0,4,3
45,4,68.0,2,3
45,1,70.0,1,2
46,1,80.0,1,3
46,8,60.0,3,3
46,13,59.0,4,2
46,22,0.0,18,0
47,1,84.0,1,3
47,8,68.0,4,3
47,23,5.0,14,0
47,15,7.0,13,0
48,1,92.0,1,3
48,8,74.0,3,3
48,3,12.0,10,0
48,23,5.0,14,0
49,1,97.0,1,3
49,8,84.0,3,4
49,3,15.0,9,0
49,23,5.0,14,0
50,1,107.0,1,4
50,8,90.0,3,4
50,3,15.0,9,0
50,23,5.0,14,0
51,1,107.0,1,4
51,8,100.0,3,5
51,3,15.0,9,0
52,21,21.0,8,0
52,1,109.0,2,4
321,150,0.0,33,0
321,114,0.0,31,0
321,109,0.0,29,0
321,78,0.0,25,0
321,122,0.0,23,0
321,110,0.0,21,0
321,148,0.0,19,0
321,95,0.0,17,0
321,147,0.0,15,0
321,90,0.0,13,0
321,145,0.0,11,0
321,94,0.0,7,0
321,103,0.0,8,0
321,119,0.0,9,0
321,92,0.0,34,0
321,149,0.0,32,0
321,99,0.0,30,0
321,81,0.0,28,0
321,151,0.0,26,0
321,118,0.0,24,0
321,117,0.0,22,0
321,129,0.0,20,0
321,77,0.0,18,0
321,88,0.0,16,0
321,127,0.0,14,0
321,146,0.0,12,0
321,105,0.0,10,0
322,92,0.0,35,0
322,149,0.0,34,0
322,114,0.0,26,0
322,109,0.0,32,0
322,140,0.0,31,0
322,151,0.0,24,0
322,118,0.0,27,0
322,122,0.0,30,0
322,117,9.0,2,1
322,77,6.0,4,0
322,148,0.0,25,0
322,129,0.0,28,0
322,88,0.0,23,0
322,95,3.0,7,0
322,147,0.0,21,0
322,127,0.0,20,0
322,90,0.0,18,0
322,146,0.0,17,0
322,145,0.0,13,0
322,119,0.0,12,0
322,138,1.0,9,0
322,137,4.0,6,0
323,78,0.0,17,0
323,118,0.0,13,0
323,122,0.0,31,0
323,110,0.0,29,0
323,148,0.0,27,0
323,77,12.0,3,0
323,95,3.0,9,0
323,88,0.0,28,0
323,147,0.0,19,0
323,127,0.0,23,0
323,105,0.0,18,0
323,119,9.0,4,1
323,103,0.0,14,0
323,94,0.0,12,0
323,138,1.0,11,0
323,131,2.0,10,0
323,137,6.0,7,0
324,133,2.0,10,0
324,92,0.0,36,0
324,150,0.0,39,0
324,149,0.0,37,0
324,114,0.0,32,0
324,109,0.0,22,0
324,81,0.0,26,0
324,146,0.0,23,0
324,105,0.0,20,0
324,119,9.0,5,1
324,103,1.0,12,0
324,94,0.0,14,0
324,138,1.0,13,0
324,131,2.0,11,0
324,137,6.0,7,0
324,123,9.0,6,0
325,117,14.0,3,1
325,110,0.0,30,0
325,148,0.0,16,0
325,95,7.0,8,0
325,88,0.0,24,0
325,105,0.0,21,0
325,145,4.0,9,0
325,146,0.0,25,0
325,119,9.0,6,1
325,103,1.0,13,0
325,94,0.0,15,0
325,138,1.0,14,0
326,127,0.0,29,0
326,90,0.0,28,0
326,146,0.0,25,0
326,55,13.0,4,0
326,105,0.0,20,0
326,119,9.0,8,1
326,94,0.0,15,0
326,138,1.0,14,0
326,131,2.0,10,0
327,146,0.0,25,0
327,131,2.0,11,0
327,138,1.0,15,0
327,94,0.0,16,0
327,103,1.0,14,0
327,102,35.0,1,3
327,55,13.0,5,0
327,123,11.0,7,0
328,90,0.0,29,0
328,145,7.0,9,0
328,105,0.0,22,0
328,103,4.0,11,0
328,94,0.0,17,0
328,138,1.0,16,0
328,131,2.0,13,0
328,137,18.0,4,0
328,123,17.0,5,0
329,90,0.0,29,0
329,145,13.0,7,0
329,105,0.0,22,0
329,103,4.0,11,0
329,94,0.0,17,0
329,138,1.0,16,0
329,131,2.0,13,0
329,137,18.0,5,0
329,123,18.0,4,0
330,90,0.0,31,0
330,145,13.0,8,0
330,105,0.0,23,0
330,119,15.0,6,1
330,103,5.0,11,0
330,94,0.0,18,0
330,138,1.0,16,0
330,131,2.0,14,0
331,90,0.0,31,0
331,145,16.0,6,0
331,105,0.0,23,0
331,119,15.0,7,1
331,103,5.0,11,0
331,94,0.0,19,0
331,138,1.0,16,0
331,131,2.0,14,0
332,90,0.0,31,0
332,145,16.0,7,0
332,105,0.0,23,0
332,119,17.0,6,1
332,103,5.0,11,0
332,94,0.0,19,0
332,138,2.0,15,0
332,131,2.0,14,0
333,145,17.0,8,0
333,102,78.0,1,6
333,119,17.0,7,1
333,94,0.0,19,0
333,138,2.0,15,0
333,131,2.0,14,0
333,137,26.0,5,0
333,123,27.0,4,1
334,90,0.0,32,0
334,145,21.0,7,0
334,105,0.0,23,0
334,119,19.0,8,1
334,103,5.0,11,0
334,94,0.0,19,0
334,138,2.0,16,0
334,131,2.0,14,0
335,102,78.0,1,6
335,145,21.0,8,0
335,119,22.0,7,1
335,103,5.0,13,0
335,94,0.0,21,0
335,138,3.0,15,0
336,102,78.0,1,6
336,105,0.0,24,0
336,103,5.0,13,0
336,94,0.0,21,0
336,138,3.0,15,0
336,131,2.0,17,0
336,137,43.0,3,2
321,140,0.0,27,0
321,138,1.0,6,0
321,131,2.0,5,0
321,137,3.0,4,0
321,123,4.0,3,0
321,55,6.0,2,0
321,102,9.0,1,1
322,123,6.0,5,0
322,55,6.0,3,0
322,102,13.0,1,1
323,123,6.0,6,0
323,55,7.0,5,0
324,145,4.0,8,0
324,102,22.0,1,2
324,55,13.0,3,0
325,137,12.0,5,0
325,102,31.0,1,3
326,137,13.0,6,0
326,123,11.0,7,0
326,102,31.0,1,3
327,105,0.0,21,0
327,119,10.0,8,1
327,137,16.0,4,0
328,102,39.0,2,3
329,102,48.0,1,4
330,137,22.0,5,0
330,55,13.0,7,0
330,102,54.0,1,4
331,137,24.0,5,0
331,55,13.0,8,0
331,102,63.0,1,5
332,137,24.0,5,0
332,55,13.0,9,0
332,102,72.0,1,6
333,103,5.0,11,0
333,55,13.0,9,0
334,137,26.0,6,0
334,55,13.0,9,0
334,102,78.0,1,6
335,131,2.0,17,0
335,137,35.0,4,1
335,55,13.0,9,0
336,123,34.0,6,1
336,55,13.0,9,0
322,150,0.0,36,0
322,99,0.0,33,0
322,78,0.0,15,0
322,110,0.0,29,0
323,145,4.0,8,0
323,146,0.0,21,0
323,90,0.0,22,0
324,112,0.0,18,0
324,99,0.0,35,0
325,129,0.0,26,0
325,77,19.0,2,0
325,131,2.0,10,0
327,129,0.0,26,0
327,122,6.0,10,0
328,133,2.0,12,0
328,55,13.0,6,0
329,133,2.0,12,0
329,55,13.0,6,0
335,147,0.0,28,0
335,105,0.0,24,0
336,119,23.0,7,1
305,128,0.0,34,0
305,142,0.0,32,0
305,141,0.0,30,0
305,140,0.0,28,0
305,103,0.0,26,0
305,81,0.0,24,0
305,87,0.0,22,0
305,95,0.0,20,0
305,123,0.0,18,0
305,105,0.0,16,0
305,119,0.0,14,0
305,55,0.0,12,0
305,92,0.0,10,0
305,99,0.0,8,0
305,129,0.0,33,0
305,110,0.0,31,0
305,100,0.0,29,0
305,133,0.0,27,0
305,109,0.0,25,0
305,139,0.0,23,0
305,127,0.0,21,0
305,77,0.0,19,0
305,122,0.0,17,0
305,90,0.0,15,0
305,57,0.0,13,0
305,84,0.0,11,0
305,94,0.0,9,0
305,78,0.0,7,0
305,88,1.0,6,0
305,138,2.0,5,0
305,131,3.0,4,0
305,137,4.0,3,0
305,117,6.0,2,0
305,102,10.0,1,1
306,77,4.0,5,0
306,123,0.0,17,0
306,122,0.0,24,0
306,105,0.0,22,0
306,90,0.0,10,0
306,119,6.0,3,0
306,57,0.0,14,0
306,84,0.0,18,0
306,94,0.0,15,0
306,78,0.0,11,0
306,88,1.0,9,0
306,138,2.0,7,0
306,137,6.0,4,0
306,55,1.0,8,0
306,131,3.0,6,0
306,92,0.0,16,0
306,99,0.0,13,0
306,117,9.0,2,0
306,102,20.0,1,2
307,55,1.0,11,0
307,84,0.0,23,0
307,99,0.0,19,0
307,78,0.0,16,0
307,88,1.0,12,0
307,138,2.0,10,0
307,131,3.0,8,0
307,117,9.0,3,0
307,137,6.0,5,0
307,92,0.0,21,0
307,94,3.0,7,0
307,102,30.0,1,3
308,94,3.0,10,0
308,99,0.0,22,0
308,138,2.0,13,0
308,131,3.0,11,0
308,117,11.0,2,0
308,142,0.0,35,0
308,78,0.0,18,0
308,137,6.0,6,0
308,88,1.0,15,0
308,102,40.0,1,4
309,92,2.0,13,0
309,94,3.0,10,0
309,78,0.0,20,0
309,138,2.0,15,0
309,117,11.0,3,0
309,88,1.0,17,0
309,99,0.0,24,0
309,131,9.0,6,0
309,137,16.0,2,1
309,102,40.0,1,4
310,99,0.0,25,0
310,88,1.0,18,0
310,138,2.0,15,0
310,131,9.0,7,0
310,117,11.0,5,0
310,110,6.0,8,0
310,78,0.0,22,0
310,102,44.0,1,4
310,137,16.0,3,1
311,94,3.0,12,0
311,78,0.0,23,0
311,88,1.0,18,0
311,138,2.0,15,0
311,131,9.0,7,0
311,117,17.0,4,0
311,142,0.0,36,0
311,99,0.0,26,0
311,102,48.0,1,4
311,137,16.0,5,1
312,94,3.0,12,0
312,78,0.0,23,0
312,88,1.0,18,0
312,138,2.0,14,0
312,131,9.0,7,0
312,117,21.0,4,0
312,142,0.0,36,0
312,99,0.0,26,0
312,102,51.0,1,4
312,137,18.0,5,1
313,94,3.0,13,0
313,78,0.0,23,0
313,88,1.0,18,0
313,138,2.0,14,0
313,131,9.0,8,0
313,117,21.0,4,0
313,99,0.0,26,0
313,129,0.0,32,0
313,92,4.0,12,0
313,137,18.0,6,1
313,102,51.0,1,4
314,94,3.0,13,0
314,78,0.0,24,0
314,88,1.0,19,0
314,138,2.0,14,0
314,131,9.0,8,0
314,117,21.0,5,0
314,99,0.0,27,0
314,142,0.0,37,0
314,103,1.0,17,0
314,137,18.0,6,1
314,102,61.0,1,5
315,78,0.0,26,0
315,88,1.0,20,0
315,138,2.0,14,0
315,131,9.0,8,0
315,117,21.0,6,0
315,129,0.0,31,0
315,110,9.0,9,0
315,81,0.0,23,0
315,102,71.0,1,6
315,137,22.0,5,1
316,78,0.0,27,0
316,88,1.0,21,0
316,138,2.0,14,0
316,117,25.0,5,0
316,129,0.0,32,0
316,102,77.0,1,6
316,81,0.0,24,0
316,131,9.0,8,0
316,137,23.0,6,1
317,88,1.0,21,0
317,138,2.0,15,0
317,117,25.0,6,0
317,110,9.0,9,0
317,102,83.0,1,6
317,139,1.0,17,0
317,131,9.0,8,0
317,137,25.0,5,1
318,78,0.0,27,0
318,131,9.0,8,0
318,117,31.0,4,0
318,129,0.0,33,0
318,137,25.0,6,1
318,81,0.0,25,0
318,88,1.0,21,0
318,102,85.0,1,6
318,138,2.0,15,0
319,78,0.0,28,0
319,88,1.0,22,0
319,138,2.0,15,0
319,131,10.0,8,0
319,137,25.0,6,1
319,133,0.0,34,0
319,128,0.0,32,0
319,81,0.0,26,0
319,117,34.0,5,0
319,102,91.0,1,6
320,88,1.0,22,0
320,138,2.0,15,0
320,131,10.0,8,0
320,137,26.5,6,1
320,81,0.5,24,0
320,110,9.0,9,0
320,117,34.0,5,0
320,102,96.0,1,7
2,1,1.0,10,0
3,10,10.0,4,0
3,5,4.0,9,0
3,1,4.0,10,0
3,6,0.0,18,0
3,12,0.0,20,0
3,13,0.0,15,0
3,8,0.0,16,0
3,9,0.0,19,0
3,20,10.0,3,1
3,67,3.0,12,0
3,7,1.0,13,0
3,16,0.0,14,0
3,2,4.0,7,0
3,21,0.0,17,0
3,17,9.5,5,0
3,3,3.5,11,0
3,4,4.0,8,0
3,15,8.5,6,0
3,18,21.0,1,2
3,22,15.0,2,0
4,5,4.0,10,0
4,6,0.0,19,0
4,12,0.0,17,0
4,13,0.0,15,0
4,8,3.0,12,0
4,9,0.0,20,0
4,20,18.0,3,1
4,21,0.0,18,0
4,2,4.0,9,0
4,16,0.0,16,0
4,7,1.0,14,0
4,67,3.0,13,0
4,3,3.5,11,0
4,10,12.0,5,0
4,22,19.0,2,0
4,1,9.0,7,0
4,17,9.5,6,0
4,18,31.0,1,3
4,15,14.5,4,0
4,4,5.0,8,0
5,18,41.0,1,4
5,22,27.0,2,0
5,15,14.5,5,0
5,10,12.0,6,0
5,4,9.0,8,0
5,3,4.5,10,0
5,67,3.0,14,0
5,7,1.0,15,0
5,16,0.0,16,0
5,2,6.0,9,0
5,21,0.0,19,0
5,17,15.5,4,0
5,20,23.0,3,1
5,9,0.0,18,0
5,8,3.0,13,0
5,13,3.0,12,0
5,12,0.0,17,0
5,6,0.0,20,0
5,5,4.0,11,0
5,1,9.0,7,0
6,13,8.0,10,0
6,12,0.0,18,0
6,1,9.0,9,0
6,18,51.0,1,5
6,5,4.0,13,0
6,6,0.0,20,0
6,8,9.0,8,0
6,9,0.0,19,0
6,20,23.0,3,1
6,17,19.5,4,0
6,21,0.0,16,0
6,2,6.0,12,0
6,16,0.0,17,0
6,7,2.0,15,0
6,3,7.5,11,0
6,67,3.0,14,0
6,4,11.0,7,0
6,10,12.0,6,0
6,15,14.5,5,0
6,22,35.0,2,0
7,1,9.0,11,0
7,5,4.0,13,0
7,6,0.0,20,0
7,12,0.0,19,0
7,8,9.0,10,0
7,9,2.0,15,0
7,17,27.5,4,0
7,2,6.0,12,0
7,7,2.0,16,0
7,10,13.0,6,0
7,22,35.0,2,0
7,20,29.0,3,1
7,67,3.0,14,0
7,16,0.0,18,0
7,18,61.0,1,6
7,15,19.5,5,0
7,21,0.0,17,0
7,13,11.0,8,0
7,3,11.5,7,0
7,4,11.0,9,0
8,1,9.0,11,0
8,5,4.0,13,0
8,6,0.0,20,0
8,12,0.0,19,0
8,8,10.0,10,0
8,9,2.0,15,0
8,17,35.5,4,0
8,2,6.0,12,0
8,7,2.0,16,0
8,10,13.0,8,0
8,22,41.0,2,0
8,20,39.0,3,2
8,67,3.0,14,0
8,16,0.0,18,0
8,18,64.0,1,6
8,15,21.5,5,0
8,21,0.0,17,0
8,13,16.0,6,0
8,3,15.5,7,0
8,4,11.0,9,0
9,18,68.0,1,6
9,22,44.0,4,0
9,15,21.5,6,0
9,10,13.0,8,0
9,4,13.0,9,0
9,3,20.5,7,0
9,67,3.0,14,0
9,7,2.0,16,0
9,16,0.0,18,0
9,2,6.0,12,0
9,21,0.0,17,0
9,17,45.5,3,1
9,20,47.0,2,2
9,9,2.0,15,0
9,8,10.0,10,0
9,13,22.0,5,0
9,12,0.0,19,0
9,6,0.0,20,0
9,5,5.0,13,0
9,1,9.0,11,0
10,18,70.0,1,6
10,22,44.0,4,0
10,15,22.5,6,0
10,10,16.0,10,0
10,4,13.0,11,0
10,3,25.5,5,0
10,67,3.0,14,0
10,7,2.0,16,0
10,16,0.0,19,0
10,2,6.0,13,0
10,21,0.0,17,0
10,17,51.5,2,1
10,20,47.0,3,2
10,9,2.0,15,0
10,8,18.0,9,0
10,13,22.0,7,0
10,12,0.0,20,0
10,6,0.0,18,0
10,5,9.0,12,0
10,1,19.0,8,1
10,153,0.0,21,0
11,18,72.0,1,6
11,22,54.0,2,1
11,15,22.5,8,0
11,10,16.0,10,0
11,4,16.0,11,0
11,3,29.5,5,0
11,67,3.0,15,0
11,7,2.0,16,0
11,16,0.0,18,0
11,2,6.0,13,0
11,21,0.0,17,0
11,17,51.5,3,1
11,20,47.0,4,2
11,9,3.0,14,0
11,8,24.0,7,0
11,13,22.0,9,0
11,12,0.0,20,0
11,6,0.0,19,0
11,5,14.0,12,0
11,1,27.0,6,1
11,153,0.0,21,0
11,154,0.0,22,0
11,69,0.0,23,0
12,18,72.0,1,6
12,22,56.0,2,1
12,15,22.5,8,0
12,10,16.0,11,0
12,4,16.0,12,0
12,3,30.5,6,0
12,67,3.0,16,0
12,7,2.0,17,0
12,16,0.0,18,0
12,2,10.0,13,0
12,21,8.0,14,0
12,17,51.5,4,1
12,20,53.0,3,2
12,9,8.0,15,0
12,8,34.0,5,1
12,13,22.0,9,0
12,12,0.0,20,0
12,6,0.0,19,0
12,5,17.0,10,0
12,1,27.0,7,1
12,153,0.0,22,0
12,154,0.0,23,0
12,69,0.0,21,0
13,18,80.0,1,6
13,22,66.0,2,2
13,15,22.5,8,0
13,10,16.0,12,0
13,4,20.0,11,0
13,3,30.5,6,0
13,67,3.0,17,0
13,7,2.0,18,0
13,16,5.0,16,0
13,2,12.0,13,0
13,21,8.0,14,0
13,17,51.5,4,1
13,20,54.0,3,2
13,9,8.0,15,0
13,8,40.0,5,1
13,13,22.0,9,0
13,12,0.0,20,0
13,6,0.0,19,0
13,5,20.0,10,0
13,1,27.0,7,1
13,153,0.0,23,0
13,154,0.0,22,0
13,69,0.0,21,0
13,24,0.0,24,0
14,18,84.0,1,6
14,22,69.0,2,2
14,15,22.5,10,0
14,10,24.0,9,0
14,4,26.0,8,0
14,3,30.5,7,0
14,67,3.0,17,0
14,7,2.0,18,0
14,16,5.0,16,0
14,2,12.0,13,0
14,21,8.0,15,0
14,17,51.5,4,1
14,20,59.0,3,2
14,9,9.0,14,0
14,8,40.0,5,1
14,13,22.0,11,0
14,12,0.0,20,0
14,6,0.0,19,0
14,5,22.0,12,0
14,1,37.0,6,2
14,153,0.0,24,0
14,154,0.0,23,0
14,69,0.0,21,0
14,24,0.0,22,0
15,24,0.0,21,0
15,69,0.0,22,0
15,154,0.0,23,0
15,153,0.0,24,0
15,1,43.0,6,2
15,5,22.0,12,0
15,6,0.0,19,0
15,12,0.0,20,0
15,8,45.0,5,1
15,2,15.0,13,0
15,7,2.0,18,0
15,3,34.5,7,0
15,4,26.0,9,0
15,10,24.0,10,0
15,15,30.5,8,0
15,13,22.0,11,0
15,17,51.5,4,1
15,21,8.0,15,0
15,67,3.0,17,0
15,20,69.0,3,3
15,9,9.0,14,0
15,16,5.0,16,0
15,18,85.0,1,6
15,22,71.0,2,2
16,18,89.0,1,6
16,22,72.0,3,2
16,15,30.5,8,0
16,10,24.0,10,0
16,4,26.0,9,0
16,3,34.5,7,0
16,67,5.0,17,0
16,7,2.0,18,0
16,16,5.0,16,0
16,2,15.0,14,0
16,21,8.0,15,0
16,17,61.5,4,2
16,20,74.0,2,3
16,9,17.0,13,0
16,8,48.0,6,1
16,13,22.0,11,0
16,12,0.0,20,0
16,6,0.0,19,0
16,5,22.0,12,0
16,1,49.0,5,2
16,153,0.0,24,0
16,154,0.0,23,0
16,69,0.0,25,0
16,24,0.0,22,0
16,155,0.0,21,0
356,95,9.0,1,1
356,117,6.0,2,0
356,127,4.0,3,0
356,65,3.0,4,0
356,118,2.0,5,0
356,145,1.0,6,0
356,156,0.0,7,0
356,138,0.0,8,0
356,129,0.0,9,0
356,105,0.0,10,0
356,102,0.0,11,0
356,112,0.0,12,0
356,110,0.0,13,0
356,157,0.0,14,0
356,119,0.0,15,0
356,158,0.0,16,0
356,146,0.0,17,0
356,84,0.0,18,0
356,122,0.0,19,0
356,137,0.0,20,0
356,131,0.0,21,0
356,123,0.0,22,0
356,94,0.0,23,0
356,77,0.0,24,0
356,159,0.0,25,0
356,114,0.0,26,0
356,163,0.0,27,0
356,148,0.0,28,0
356,90,0.0,29,0
356,133,0.0,30,0
356,160,0.0,31,0
356,161,0.0,32,0
356,162,0.0,33,0
356,164,0.0,34,0
356,88,0.0,35,0
356,140,0.0,36,0
356,92,0.0,37,0
357,95,9.0,3,1
357,117,12.0,1,0
357,127,4.0,5,0
357,65,3.0,7,0
357,118,4.0,6,0
357,145,5.0,4,0
357,156,1.0,9,0
357,138,0.0,11,0
357,129,0.0,14,0
357,105,0.0,16,0
357,102,9.0,2,1
357,112,0.0,17,0
357,110,0.0,15,0
357,157,0.0,19,0
357,119,0.0,20,0
357,158,0.0,13,0
357,146,0.0,24,0
357,84,0.0,21,0
357,122,0.0,25,0
357,137,0.0,23,0
357,131,0.0,26,0
357,123,3.0,8,0
357,94,0.0,27,0
357,77,0.0,28,0
357,159,0.0,22,0
357,114,0.0,29,0
357,163,0.0,30,0
357,148,0.0,31,0
357,90,0.0,32,0
357,133,0.0,10,0
357,160,0.0,34,0
357,161,0.0,35,0
357,162,0.0,36,0
357,164,0.0,38,0
357,88,0.0,39,0
357,140,0.0,37,0
357,92,0.0,33,0
357,99,0.0,12,0
357,78,0.0,18,0
358,95,9.0,3,1
358,117,18.0,2,0
358,127,4.0,5,0
358,65,3.0,10,0
358,118,4.0,7,0
358,145,5.0,4,0
358,156,1.0,12,0
358,138,0.0,15,0
358,129,0.0,17,0
358,105,2.0,11,0
358,102,18.0,1,2
358,112,0.0,20,0
358,110,0.0,18,0
358,157,0.0,23,0
358,119,0.0,24,0
358,158,0.0,14,0
358,146,0.0,27,0
358,84,1.0,13,0
358,122,0.0,19,0
358,137,0.0,26,0
358,131,4.0,6,0
358,123,3.0,9,0
358,94,0.0,29,0
358,77,0.0,30,0
358,159,0.0,25,0
358,114,0.0,32,0
358,163,0.0,21,0
358,148,0.0,33,0
358,90,0.0,28,0
358,133,3.0,8,0
358,160,0.0,34,0
358,161,0.0,37,0
358,162,0.0,31,0
358,164,0.0,38,0
358,88,0.0,39,0
358,140,0.0,35,0
358,92,0.0,36,0
358,99,0.0,16,0
358,78,0.0,22,0
359,95,9.0,3,1
359,117,20.0,2,0
359,127,4.0,8,0
359,65,3.0,12,0
359,118,4.0,9,0
359,145,8.0,4,0
359,156,1.0,13,0
359,138,0.0,18,0
359,129,0.0,17,0
359,105,6.0,6,0
359,102,27.0,1,3
359,112,0.0,24,0
359,110,0.0,19,0
359,157,0.0,22,0
359,119,6.0,5,0
359,158,0.0,16,0
359,146,0.0,28,0
359,84,1.0,15,0
359,122,0.0,21,0
359,137,0.0,20,0
359,131,4.0,7,0
359,123,3.0,11,0
359,94,0.0,27,0
359,77,0.0,30,0
359,159,0.0,26,0
359,114,0.0,33,0
359,163,0.0,23,0
359,148,0.0,34,0
359,90,0.0,29,0
359,133,3.0,10,0
359,160,0.0,35,0
359,161,0.0,37,0
359,162,0.0,32,0
359,164,0.0,38,0
359,88,0.0,39,0
359,140,0.0,31,0
359,92,0.0,36,0
359,99,1.0,14,0
359,78,0.0,25,0
360,95,9.0,4,1
360,117,29.0,1,1
360,127,4.0,10,0
360,65,5.0,7,0
360,118,4.0,12,0
360,145,8.0,5,0
360,156,1.0,16,0
360,138,0.0,20,0
360,129,0.0,18,0
360,105,6.0,6,0
360,102,27.0,2,3
360,112,0.0,24,0
360,110,0.0,19,0
360,157,3.0,14,0
360,119,12.0,3,0
360,158,4.0,8,0
360,146,0.0,30,0
360,84,1.0,17,0
360,122,0.0,22,0
360,137,0.0,21,0
360,131,4.0,9,0
360,123,4.0,11,0
360,94,0.0,29,0
360,77,0.0,26,0
360,159,0.0,28,0
360,114,0.0,33,0
360,163,0.0,23,0
360,148,0.0,34,0
360,90,0.0,31,0
360,133,3.0,13,0
360,160,0.0,35,0
360,161,0.0,37,0
360,162,0.0,32,0
360,164,0.0,38,0
360,88,0.0,39,0
360,140,0.0,27,0
360,92,0.0,36,0
360,99,1.0,15,0
360,78,0.0,25,0
361,95,9.0,5,1
361,117,29.0,1,1
361,127,4.0,12,0
361,65,5.0,8,0
361,118,4.0,14,0
361,145,8.0,6,0
361,156,1.0,19,0
361,138,0.0,22,0
361,129,0.0,21,0
361,105,6.0,7,0
361,102,27.0,2,3
361,112,0.0,25,0
361,110,4.0,10,0
361,157,3.0,15,0
361,119,18.0,3,0
361,158,4.0,9,0
361,146,0.0,31,0
361,84,1.0,20,0
361,122,0.0,23,0
361,137,3.0,16,0
361,131,4.0,11,0
361,123,13.0,4,1
361,94,0.0,30,0
361,77,0.0,27,0
361,159,0.0,29,0
361,114,0.0,33,0
361,163,2.0,17,0
361,148,0.0,34,0
361,90,0.0,26,0
361,133,4.0,13,0
361,160,0.0,35,0
361,161,0.0,37,0
361,162,0.0,32,0
361,164,0.0,38,0
361,88,0.0,39,0
361,140,0.0,28,0
361,92,0.0,36,0
361,99,1.0,18,0
361,78,0.0,24,0
362,95,15.0,4,1
362,117,38.0,1,2
362,127,4.0,12,0
362,65,5.0,8,0
362,118,4.0,14,0
362,145,8.0,6,0
362,156,1.0,21,0
362,138,0.0,24,0
362,129,1.0,22,0
362,105,6.0,7,0
362,102,27.0,2,3
362,112,0.0,29,0
362,110,4.0,10,0
362,157,3.0,16,0
362,119,22.0,3,0
362,158,4.0,9,0
362,146,0.0,36,0
362,84,1.0,23,0
362,122,0.0,26,0
362,137,3.0,15,0
362,131,4.0,11,0
362,123,13.0,5,1
362,94,0.0,35,0
362,77,0.0,33,0
362,159,0.0,34,0
362,114,0.0,38,0
362,163,2.0,18,0
362,148,0.0,39,0
362,90,0.0,32,0
362,133,4.0,13,0
362,160,0.0,40,0
362,161,0.0,41,0
362,162,0.0,37,0
362,164,0.0,42,0
362,88,0.0,43,0
362,140,2.0,19,0
362,92,0.0,31,0
362,99,1.0,20,0
362,78,0.0,28,0
362,55,3.0,17,0
362,139,0.0,25,0
362,103,0.0,27,0
362,151,0.0,30,0
363,95,21.0,4,1
363,117,47.0,1,3
363,127,4.0,13,0
363,65,5.0,9,0
363,118,4.0,15,0
363,145,12.0,6,0
363,156,1.0,23,0
363,138,0.0,26,0
363,129,1.0,21,0
363,105,6.0,7,0
363,102,27.0,2,3
363,112,0.0,32,0
363,110,4.0,11,0
363,157,3.0,16,0
363,119,22.0,3,0
363,158,4.0,10,0
363,146,0.0,36,0
363,84,1.0,24,0
363,122,0.0,28,0
363,137,6.0,8,0
363,131,4.0,12,0
363,123,13.0,5,1
363,94,2.0,20,0
363,77,0.0,35,0
363,159,1.0,25,0
363,114,0.0,38,0
363,163,2.0,18,0
363,148,0.0,39,0
363,90,0.0,34,0
363,133,4.0,14,0
363,160,0.0,40,0
363,161,0.0,41,0
363,162,0.0,37,0
363,164,0.0,42,0
363,88,0.0,43,0
363,140,2.0,19,0
363,92,0.0,30,0
363,99,1.0,22,0
363,78,0.0,31,0
363,55,3.0,17,0
363,139,0.0,27,0
363,103,0.0,29,0
363,151,0.0,33,0
364,95,25.0,3,1
364,117,53.0,1,3
364,127,4.0,14,0
364,65,5.0,9,0
364,118,5.0,10,0
364,145,12.0,6,0
364,156,1.0,23,0
364,138,0.0,26,0
364,129,1.0,21,0
364,105,6.0,8,0
364,102,36.0,2,4
364,112,0.0,32,0
364,110,4.0,12,0
364,157,3.0,16,0
364,119,25.0,4,0
364,158,4.0,11,0
364,146,0.0,36,0
364,84,1.0,24,0
364,122,0.0,28,0
364,137,8.0,7,0
364,131,4.0,13,0
364,123,13.0,5,1
364,94,2.0,18,0
364,77,0.0,35,0
364,159,1.0,25,0
364,114,0.0,38,0
364,163,2.0,19,0
364,148,0.0,39,0
364,90,0.0,34,0
364,133,4.0,15,0
364,160,0.0,40,0
364,161,0.0,41,0
364,162,0.0,37,0
364,164,0.0,42,0
364,88,0.0,43,0
364,140,2.0,20,0
364,92,0.0,30,0
364,99,1.0,22,0
364,78,0.0,31,0
364,55,3.0,17,0
364,139,0.0,27,0
364,103,0.0,29,0
364,151,0.0,33,0
365,95,34.0,3,2
365,117,56.0,1,3
365,127,4.0,14,0
365,65,5.0,10,0
365,118,5.0,11,0
365,145,12.0,6,0
365,156,1.0,23,0
365,138,0.0,26,0
365,129,1.0,21,0
365,105,6.0,9,0
365,102,42.0,2,4
365,112,0.0,32,0
365,110,4.0,12,0
365,157,3.0,16,0
365,119,25.0,4,0
365,158,6.0,8,0
365,146,0.0,36,0
365,84,1.0,24,0
365,122,0.0,28,0
365,137,9.0,7,0
365,131,4.0,13,0
365,123,17.0,5,1
365,94,2.0,18,0
365,77,0.0,35,0
365,159,1.0,25,0
365,114,0.0,39,0
365,163,2.0,19,0
365,148,0.0,40,0
365,90,0.0,34,0
365,133,4.0,15,0
365,160,0.0,38,0
365,161,0.0,41,0
365,162,0.0,37,0
365,164,0.0,42,0
365,88,0.0,43,0
365,140,2.0,20,0
365,92,0.0,30,0
365,99,1.0,22,0
365,78,0.0,31,0
365,55,3.0,17,0
365,139,0.0,27,0
365,103,0.0,29,0
365,151,0.0,33,0
366,95,38.0,3,2
366,117,62.0,1,3
366,127,4.0,13,0
366,65,5.0,11,0
366,118,6.0,10,0
366,145,14.0,6,0
366,156,1.0,23,0
366,138,0.0,26,0
366,129,1.0,21,0
366,105,6.0,9,0
366,102,51.0,2,5
366,112,0.0,31,0
366,110,4.0,12,0
366,157,3.0,16,0
366,119,25.0,4,0
366,158,6.0,8,0
366,146,0.0,36,0
366,84,1.0,24,0
366,122,0.0,28,0
366,137,9.0,7,0
366,131,4.0,14,0
366,123,20.0,5,1
366,94,2.0,19,0
366,77,0.0,35,0
366,159,1.0,25,0
366,114,0.0,39,0
366,163,2.0,20,0
366,148,0.0,40,0
366,90,0.0,34,0
366,133,4.0,15,0
366,160,0.0,38,0
366,161,0.0,41,0
366,162,0.0,37,0
366,164,0.0,42,0
366,88,0.0,43,0
366,140,2.0,18,0
366,92,0.0,30,0
366,99,1.0,22,0
366,78,0.0,32,0
366,55,3.0,17,0
366,139,0.0,27,0
366,103,0.0,29,0
366,151,0.0,33,0
366,134,0.0,44,0
367,95,38.0,3,2
367,117,71.0,1,4
367,127,4.0,15,0
367,65,5.0,13,0
367,118,6.0,11,0
367,145,14.0,6,0
367,156,1.0,25,0
367,138,0.0,27,0
367,129,1.0,23,0
367,105,6.0,10,0
367,102,51.0,2,5
367,112,0.0,32,0
367,110,4.0,14,0
367,157,3.0,18,0
367,119,28.0,4,0
367,158,6.0,9,0
367,146,0.0,36,0
367,84,2.0,22,0
367,122,0.0,29,0
367,137,9.0,7,0
367,131,4.0,16,0
367,123,24.0,5,1
367,94,2.0,19,0
367,77,6.0,8,0
367,159,1.0,26,0
367,114,0.0,39,0
367,163,2.0,21,0
367,148,0.0,40,0
367,90,0.0,35,0
367,133,4.0,17,0
367,160,0.0,38,0
367,161,0.0,41,0
367,162,0.0,37,0
367,164,0.0,42,0
367,88,0.0,43,0
367,140,2.0,20,0
367,92,0.0,31,0
367,99,1.0,24,0
367,78,0.0,33,0
367,55,5.0,12,0
367,139,0.0,28,0
367,103,0.0,30,0
367,151,0.0,34,0
367,134,0.0,45,0
367,165,0.0,44,0
368,95,38.0,3,2
368,117,75.0,1,4
368,127,4.0,16,0
368,65,5.0,14,0
368,118,6.0,12,0
368,145,17.0,6,0
368,156,2.0,22,0
368,138,0.0,27,0
368,129,1.0,24,0
368,105,6.0,11,0
368,102,51.0,2,5
368,112,0.0,29,0
368,110,4.0,15,0
368,157,3.0,20,0
368,119,28.0,4,0
368,158,6.0,9,0
368,146,0.0,36,0
368,84,2.0,23,0
368,122,0.0,30,0
368,137,9.0,8,0
368,131,4.0,17,0
368,123,24.0,5,1
368,94,4.0,19,0
368,77,15.0,7,1
368,159,1.0,26,0
368,114,0.0,39,0
368,163,2.0,21,0
368,148,0.0,40,0
368,90,0.0,35,0
368,133,4.0,18,0
368,160,0.0,38,0
368,161,0.0,41,0
368,162,0.0,37,0
368,164,0.0,44,0
368,88,0.0,45,0
368,140,6.0,10,0
368,92,0.0,32,0
368,99,1.0,25,0
368,78,0.0,33,0
368,55,5.0,13,0
368,139,0.0,28,0
368,103,0.0,31,0
368,151,0.0,34,0
368,134,0.0,46,0
368,165,0.0,43,0
368,109,0.0,42,0
369,95,38.0,3,2
369,117,76.0,1,4
369,127,4.0,16,0
369,65,5.0,14,0
369,118,6.0,13,0
369,145,17.0,7,0
369,156,2.0,22,0
369,138,0.0,28,0
369,129,1.0,24,0
369,105,6.0,12,0
369,102,60.0,2,6
369,112,1.0,27,0
369,110,4.0,15,0
369,157,3.0,20,0
369,119,30.0,4,0
369,158,6.0,10,0
369,146,0.0,36,0
369,84,2.0,23,0
369,122,0.0,30,0
369,137,9.0,8,0
369,131,4.0,17,0
369,123,24.0,5,1
369,94,4.0,19,0
369,77,21.0,6,1
369,159,1.0,26,0
369,114,0.0,40,0
369,163,2.0,21,0
369,148,0.0,41,0
369,90,0.0,35,0
369,133,4.0,18,0
369,160,0.0,38,0
369,161,0.0,42,0
369,162,0.0,39,0
369,164,0.0,45,0
369,88,0.0,43,0
369,140,6.0,11,0
369,92,0.0,32,0
369,99,1.0,25,0
369,78,0.0,33,0
369,55,8.0,9,0
369,139,0.0,29,0
369,103,0.0,31,0
369,151,0.0,34,0
369,134,0.0,46,0
369,165,0.0,44,0
369,109,0.0,37,0
370,78,0.0,33,0
370,134,0.0,47,0
370,90,0.0,35,0
370,133,4.0,18,0
370,160,0.0,38,0
370,77,21.0,7,1
370,159,1.0,26,0
370,140,6.0,12,0
370,162,0.0,39,0
370,147,0.0,41,0
370,109,0.0,37,0
370,165,0.0,45,0
370,151,0.0,34,0
370,103,0.0,31,0
370,139,0.0,29,0
370,55,8.0,9,0
370,99,1.0,25,0
370,92,0.0,32,0
370,88,0.0,44,0
370,164,0.0,46,0
370,161,0.0,43,0
370,148,0.0,42,0
370,163,2.0,22,0
370,114,0.0,40,0
370,94,4.0,19,0
370,123,28.0,5,1
370,131,4.0,17,0
370,137,12.0,8,0
370,122,0.0,30,0
370,84,4.0,20,0
370,146,0.0,36,0
370,158,6.0,11,0
370,119,36.0,4,0
370,157,3.0,21,0
370,110,4.0,15,0
370,112,1.0,27,0
370,102,60.0,2,6
370,105,6.0,13,0
370,129,1.0,24,0
370,138,0.0,28,0
370,156,2.0,23,0
370,145,26.0,6,1
370,118,7.0,10,0
370,65,5.0,14,0
370,127,4.0,16,0
370,117,76.0,1,4
370,95,38.0,3,2
371,95,38.0,4,2
371,117,76.0,1,4
371,127,4.0,16,0
371,65,5.0,14,0
371,118,7.0,10,0
371,145,32.0,6,1
371,156,2.0,25,0
371,138,3.0,21,0
371,129,1.0,26,0
371,105,6.0,13,0
371,102,60.0,2,6
371,112,1.0,29,0
371,110,4.0,17,0
371,157,3.0,22,0
371,119,40.0,3,0
371,158,6.0,11,0
371,146,0.0,38,0
371,84,4.0,20,0
371,122,0.0,30,0
371,137,12.0,8,0
371,131,4.0,18,0
371,123,37.0,5,2
371,94,5.0,15,0
371,77,21.0,7,1
371,159,1.0,28,0
371,114,0.0,40,0
371,163,2.0,24,0
371,148,0.0,42,0
371,90,0.0,35,0
371,133,4.0,19,0
371,160,0.0,37,0
371,161,0.0,43,0
371,162,0.0,39,0
371,164,0.0,46,0
371,88,0.0,44,0
371,140,6.0,12,0
371,92,0.0,32,0
371,99,1.0,27,0
371,78,0.0,33,0
371,55,8.0,9,0
371,139,2.0,23,0
371,103,0.0,31,0
371,151,0.0,34,0
371,134,0.0,47,0
371,165,0.0,45,0
371,109,0.0,36,0
371,147,0.0,41,0
372,117,9.0,1,1
372,77,6.0,2,0
372,137,4.0,3,0
372,118,3.0,4,0
372,105,2.0,5,0
372,138,1.0,6,0
372,123,0.0,7,0
372,158,0.0,8,0
372,140,0.0,9,0
372,110,0.0,10,0
372,156,0.0,11,0
372,159,0.0,12,0
372,112,0.0,13,0
372,99,0.0,14,0
372,166,0.0,15,0
372,114,0.0,16,0
372,163,0.0,17,0
372,131,0.0,18,0
372,95,0.0,19,0
372,145,0.0,20,0
372,119,0.0,21,0
372,122,0.0,22,0
372,167,0.0,23,0
372,127,0.0,24,0
372,165,0.0,25,0
372,141,0.0,26,0
372,160,0.0,27,0
372,78,0.0,28,0
372,146,0.0,29,0
372,133,0.0,30,0
373,117,15.0,1,1
373,77,8.0,3,0
373,137,8.0,4,0
373,118,3.0,6,0
373,105,2.0,7,0
373,138,1.0,8,0
373,123,3.0,5,0
373,158,0.0,10,0
373,140,0.0,11,0
373,110,0.0,20,0
373,156,0.0,16,0
373,159,0.0,13,0
373,112,0.0,19,0
373,99,0.0,21,0
373,166,0.0,12,0
373,114,0.0,14,0
373,163,0.0,22,0
373,131,0.0,23,0
373,95,0.0,24,0
373,145,1.0,9,0
373,119,0.0,15,0
373,122,0.0,26,0
373,167,0.0,18,0
373,127,0.0,17,0
373,165,0.0,29,0
373,141,0.0,25,0
373,160,0.0,28,0
373,78,0.0,30,0
373,146,0.0,31,0
373,133,0.0,27,0
373,102,9.0,2,1
374,117,24.0,1,2
374,77,14.0,2,0
374,137,8.0,4,0
374,118,6.0,6,0
374,105,6.0,5,0
374,138,1.0,9,0
374,123,3.0,7,0
374,158,0.0,12,0
374,140,0.0,14,0
374,110,0.0,22,0
374,156,2.0,8,0
374,159,0.0,18,0
374,112,0.0,21,0
374,99,0.0,23,0
374,166,0.0,16,0
374,114,0.0,13,0
374,163,0.0,26,0
374,131,0.0,27,0
374,95,0.0,25,0
374,145,1.0,11,0
374,119,1.0,10,0
374,122,0.0,17,0
374,167,0.0,20,0
374,127,0.0,19,0
374,165,0.0,28,0
374,141,0.0,29,0
374,160,0.0,24,0
374,78,0.0,15,0
374,146,0.0,31,0
374,133,0.0,30,0
374,102,9.0,3,1
375,117,33.0,1,3
375,77,18.0,2,0
375,137,8.0,5,0
375,118,8.0,6,0
375,105,9.0,4,0
375,138,1.0,11,0
375,123,3.0,7,0
375,158,1.0,9,0
375,140,0.0,14,0
375,110,0.0,25,0
375,156,2.0,8,0
375,159,0.0,18,0
375,112,0.0,24,0
375,99,0.0,20,0
375,166,0.0,16,0
375,114,0.0,13,0
375,163,0.0,27,0
375,131,0.0,28,0
375,95,0.0,26,0
375,145,1.0,10,0
375,119,1.0,12,0
375,122,0.0,17,0
375,167,0.0,23,0
375,127,0.0,21,0
375,165,0.0,19,0
375,141,0.0,29,0
375,160,0.0,22,0
375,78,0.0,15,0
375,146,0.0,30,0
375,133,0.0,31,0
375,102,15.0,3,1
376,117,39.0,1,3
376,77,18.0,3,0
376,137,11.0,4,0
376,118,8.0,6,0
376,105,9.0,5,0
376,138,1.0,12,0
376,123,7.0,7,0
376,158,1.0,10,0
376,140,0.0,16,0
376,110,0.0,17,0
376,156,3.0,8,0
376,159,0.0,21,0
376,112,0.0,20,0
376,99,0.0,15,0
376,166,0.0,19,0
376,114,0.0,14,0
376,163,0.0,27,0
376,131,0.0,22,0
376,95,0.0,28,0
376,145,1.0,11,0
376,119,1.0,13,0
376,122,2.0,9,0
376,167,0.0,26,0
376,127,0.0,25,0
376,165,0.0,23,0
376,141,0.0,29,0
376,160,0.0,24,0
376,78,0.0,18,0
376,146,0.0,30,0
376,133,0.0,31,0
376,102,24.0,2,2
377,117,45.0,1,3
377,77,18.0,3,0
377,137,11.0,5,0
377,118,8.0,7,0
377,105,9.0,6,0
377,138,1.0,13,0
377,123,11.0,4,0
377,158,1.0,11,0
377,140,0.0,19,0
377,110,3.0,9,0
377,156,5.0,8,0
377,159,0.0,24,0
377,112,0.0,23,0
377,99,0.0,17,0
377,166,0.0,22,0
377,114,0.0,16,0
377,163,0.0,30,0
377,131,0.0,25,0
377,95,0.0,31,0
377,145,1.0,12,0
377,119,1.0,14,0
377,122,2.0,10,0
377,167,0.0,29,0
377,127,0.0,28,0
377,165,0.0,26,0
377,141,0.0,20,0
377,160,0.0,27,0
377,78,0.0,21,0
377,146,0.0,32,0
377,133,0.0,18,0
377,102,33.0,2,3
377,94,1.0,15,0
378,117,54.0,1,4
378,77,21.0,3,0
378,137,13.0,5,0
378,118,8.0,7,0
378,105,13.0,4,0
378,138,1.0,12,0
378,123,11.0,6,0
378,158,1.0,13,0
378,140,0.0,20,0
378,110,3.0,9,0
378,156,5.0,8,0
378,159,0.0,25,0
378,112,0.0,24,0
378,99,0.0,18,0
378,166,0.0,23,0
378,114,0.0,16,0
378,163,0.0,30,0
378,131,0.0,26,0
378,95,0.0,31,0
378,145,2.0,11,0
378,119,1.0,14,0
378,122,2.0,10,0
378,167,0.0,29,0
378,127,0.0,19,0
378,165,0.0,27,0
378,141,0.0,22,0
378,160,0.0,28,0
378,78,0.0,21,0
378,146,0.0,32,0
378,133,0.0,17,0
378,102,39.0,2,3
378,94,1.0,15,0
379,117,54.0,1,4
379,77,21.0,3,0
379,137,15.0,4,0
379,118,9.0,7,0
379,105,13.0,5,0
379,138,1.0,15,0
379,123,11.0,6,0
379,158,1.0,14,0
379,140,0.0,21,0
379,110,3.0,12,0
379,156,5.0,10,0
379,159,0.0,26,0
379,112,0.0,25,0
379,99,0.0,20,0
379,166,0.0,24,0
379,114,0.0,18,0
379,163,0.0,31,0
379,131,0.0,27,0
379,95,6.0,8,0
379,145,6.0,9,0
379,119,1.0,16,0
379,122,2.0,13,0
379,167,0.0,30,0
379,127,3.0,11,0
379,165,0.0,28,0
379,141,0.0,22,0
379,160,0.0,29,0
379,78,0.0,23,0
379,146,0.0,32,0
379,133,0.0,19,0
379,102,48.0,2,4
379,94,1.0,17,0
380,117,60.0,1,4
380,77,25.0,3,0
380,137,15.0,5,0
380,118,9.0,7,0
380,105,16.0,4,0
380,138,1.0,15,0
380,123,12.0,6,0
380,158,1.0,14,0
380,140,0.0,21,0
380,110,3.0,13,0
380,156,5.0,10,0
380,159,0.0,26,0
380,112,0.0,25,0
380,99,0.0,20,0
380,166,0.0,24,0
380,114,0.0,18,0
380,163,0.0,32,0
380,131,0.0,27,0
380,95,6.0,8,0
380,145,6.0,9,0
380,119,1.0,16,0
380,122,4.0,11,0
380,167,0.0,31,0
380,127,3.0,12,0
380,165,0.0,29,0
380,141,0.0,22,0
380,160,0.0,30,0
380,78,0.0,23,0
380,146,0.0,28,0
380,133,0.0,19,0
380,102,57.0,2,5
380,94,1.0,17,0
381,117,66.0,2,4
381,77,28.0,3,0
381,137,15.0,6,0
381,118,9.0,7,0
381,105,16.0,5,0
381,138,1.0,15,0
381,123,16.0,4,0
381,158,1.0,16,0
381,140,0.0,21,0
381,110,3.0,13,0
381,156,5.0,11,0
381,159,0.0,24,0
381,112,0.0,25,0
381,99,0.0,20,0
381,166,0.0,26,0
381,114,0.0,18,0
381,163,0.0,32,0
381,131,0.0,27,0
381,95,6.0,8,0
381,145,6.0,9,0
381,119,2.0,14,0
381,122,4.0,12,0
381,167,0.0,31,0
381,127,5.0,10,0
381,165,0.0,29,0
381,141,0.0,22,0
381,160,0.0,30,0
381,78,0.0,23,0
381,146,0.0,28,0
381,133,0.0,19,0
381,102,66.0,1,6
381,94,1.0,17,0
382,117,72.0,2,4
382,77,28.0,3,0
382,137,18.0,4,0
382,118,11.0,7,0
382,105,16.0,6,0
382,138,1.0,16,0
382,123,16.0,5,0
382,158,2.0,14,0
382,140,0.0,22,0
382,110,3.0,13,0
382,156,5.0,12,0
382,159,0.0,27,0
382,112,0.0,23,0
382,99,0.0,21,0
382,166,0.0,26,0
382,114,0.0,18,0
382,163,0.0,33,0
382,131,0.0,28,0
382,95,6.0,9,0
382,145,6.0,10,0
382,119,2.0,15,0
382,122,8.0,8,0
382,167,0.0,32,0
382,127,5.0,11,0
382,165,0.0,30,0
382,141,0.0,24,0
382,160,0.0,31,0
382,78,0.0,25,0
382,146,0.0,29,0
382,133,0.0,20,0
382,102,75.0,1,7
382,94,1.0,17,0
382,84,0.0,19,0
383,117,72.0,2,4
383,77,37.0,3,1
383,137,18.0,5,0
383,118,14.0,7,0
383,105,22.0,4,0
383,138,1.0,16,0
383,123,17.0,6,0
383,158,6.0,10,0
383,140,0.0,22,0
383,110,3.0,14,0
383,156,5.0,13,0
383,159,0.0,27,0
383,112,0.0,23,0
383,99,0.0,21,0
383,166,0.0,26,0
383,114,0.0,18,0
383,163,0.0,32,0
383,131,0.0,28,0
383,95,6.0,9,0
383,145,6.0,11,0
383,119,2.0,15,0
383,122,10.0,8,0
383,167,0.0,34,0
383,127,5.0,12,0
383,165,0.0,31,0
383,141,0.0,24,0
383,160,0.0,33,0
383,78,0.0,25,0
383,146,0.0,30,0
383,133,0.0,20,0
383,102,75.0,1,7
383,94,1.0,17,0
383,84,0.0,19,0
383,168,0.0,29,0
384,117,81.0,1,5
384,77,37.0,3,1
384,137,18.0,6,0
384,118,17.0,7,0
384,105,24.0,4,0
384,138,1.0,16,0
384,123,21.0,5,0
384,158,6.0,10,0
384,140,0.0,24,0
384,110,3.0,14,0
384,156,5.0,13,0
384,159,0.0,21,0
384,112,0.0,25,0
384,99,0.0,22,0
384,166,0.0,23,0
384,114,0.0,18,0
384,163,0.0,28,0
384,131,0.0,29,0
384,95,6.0,9,0
384,145,6.0,11,0
384,119,2.0,15,0
384,122,16.0,8,0
384,167,0.0,34,0
384,127,5.0,12,0
384,165,0.0,32,0
384,141,0.0,26,0
384,160,0.0,33,0
384,78,0.0,27,0
384,146,0.0,31,0
384,133,0.0,19,0
384,102,76.0,2,7
384,94,1.0,17,0
384,84,0.0,20,0
384,168,0.0,30,0
385,117,84.0,1,6
385,77,38.0,3,1
385,137,18.0,6,0
385,118,17.0,7,0
385,105,24.0,4,0
385,138,1.0,16,0
385,123,21.0,5,0
385,158,6.0,11,0
385,140,0.0,24,0
385,110,3.0,15,0
385,156,5.0,13,0
385,159,0.0,21,0
385,112,0.0,25,0
385,99,0.0,22,0
385,166,0.0,23,0
385,114,0.0,18,0
385,163,0.0,28,0
385,131,0.0,29,0
385,95,12.0,9,0
385,145,10.0,10,0
385,119,4.0,14,0
385,122,16.0,8,0
385,167,0.0,34,0
385,127,5.0,12,0
385,165,0.0,32,0
385,141,0.0,26,0
385,160,0.0,33,0
385,78,0.0,27,0
385,146,0.0,31,0
385,133,0.0,19,0
385,102,79.0,2,7
385,94,1.0,17,0
385,84,0.0,20,0
385,168,0.0,30,0
386,117,84.0,2,6
386,77,41.0,3,1
386,137,18.0,6,0
386,118,17.0,7,0
386,105,24.0,5,0
386,138,1.0,16,0
386,123,25.0,4,0
386,158,6.0,11,0
386,140,0.0,25,0
386,110,3.0,15,0
386,156,5.0,13,0
386,159,0.0,22,0
386,112,0.0,24,0
386,99,0.0,23,0
386,166,0.0,21,0
386,114,0.0,18,0
386,163,0.0,28,0
386,131,0.0,29,0
386,95,12.0,9,0
386,145,12.0,10,0
386,119,5.0,14,0
386,122,16.0,8,0
386,167,0.0,34,0
386,127,5.0,12,0
386,165,0.0,32,0
386,141,0.0,26,0
386,160,0.0,33,0
386,78,0.0,27,0
386,146,0.0,31,0
386,133,0.0,19,0
386,102,87.0,1,8
386,94,1.0,17,0
386,84,0.0,20,0
386,168,0.0,30,0
386,88,0.0,35,0
387,117,87.0,2,7
387,77,41.0,3,1
387,137,22.0,6,0
387,118,17.0,8,0
387,105,24.0,5,0
387,138,1.0,16,0
387,123,27.0,4,0
387,158,6.0,12,0
387,140,0.0,25,0
387,110,3.0,15,0
387,156,5.0,14,0
387,159,0.0,22,0
387,112,0.0,24,0
387,99,0.0,23,0
387,166,0.0,21,0
387,114,0.0,18,0
387,163,0.0,28,0
387,131,0.0,29,0
387,95,12.0,9,0
387,145,12.0,10,0
387,119,8.0,11,0
387,122,17.0,7,0
387,167,0.0,34,0
387,127,5.0,13,0
387,165,0.0,32,0
387,141,0.0,26,0
387,160,0.0,33,0
387,78,0.0,27,0
387,146,0.0,31,0
387,133,0.0,19,0
387,102,90.0,1,8
387,94,1.0,17,0
387,84,0.0,20,0
387,168,0.0,30,0
387,88,0.0,35,0
387,162,0.0,36,0
388,117,9.0,1,1
388,137,6.0,2,0
388,140,4.0,3,0
388,77,3.0,4,0
388,123,2.0,5,0
388,95,1.0,6,0
388,138,0.0,7,0
388,105,0.0,8,0
388,157,0.0,9,0
388,156,0.0,10,0
388,166,0.0,11,0
388,169,0.0,12,0
388,158,0.0,13,0
388,102,0.0,14,0
388,119,0.0,15,0
388,110,0.0,16,0
388,118,0.0,17,0
388,133,0.0,18,0
388,145,0.0,19,0
388,84,0.0,20,0
388,170,0.0,21,0
388,122,0.0,22,0
389,117,9.0,2,1
389,137,6.0,5,0
389,140,7.0,3,0
389,77,3.0,7,0
389,123,2.0,8,0
389,95,10.0,1,1
389,138,1.0,10,0
389,105,4.0,6,0
389,157,0.0,11,0
389,156,0.0,14,0
389,166,0.0,12,0
389,169,0.0,17,0
389,158,0.0,19,0
389,102,6.0,4,0
389,119,0.0,13,0
389,110,0.0,21,0
389,118,0.0,16,0
389,133,0.0,18,0
389,145,0.0,22,0
389,84,2.0,9,0
389,170,0.0,20,0
389,122,0.0,25,0
389,112,0.0,15,0
389,167,0.0,23,0
389,99,0.0,24,0
389,160,0.0,26,0
389,163,0.0,27,0
390,117,18.0,1,2
390,137,6.0,5,0
390,140,13.0,2,0
390,77,3.0,9,0
390,123,2.0,12,0
390,95,10.0,3,1
390,138,3.0,10,0
390,105,4.0,6,0
390,157,0.0,14,0
390,156,0.0,20,0
390,166,0.0,16,0
390,169,0.0,19,0
390,158,3.0,8,0
390,102,6.0,4,0
390,119,0.0,18,0
390,110,4.0,7,0
390,118,0.0,21,0
390,133,0.0,22,0
390,145,0.0,25,0
390,84,2.0,11,0
390,170,0.0,23,0
390,122,0.0,24,0
390,112,0.0,17,0
390,167,0.0,26,0
390,99,0.0,27,0
390,160,0.0,15,0
390,163,1.0,13,0
391,117,18.0,1,2
391,137,12.0,4,0
391,140,13.0,3,0
391,77,6.0,7,0
391,123,2.0,13,0
391,95,10.0,5,1
391,138,3.0,10,0
391,105,8.0,6,0
391,157,0.0,16,0
391,156,2.0,12,0
391,166,0.0,18,0
391,169,0.0,22,0
391,158,3.0,9,0
391,102,15.0,2,1
391,119,0.0,21,0
391,110,4.0,8,0
391,118,0.0,23,0
391,133,0.0,24,0
391,145,0.0,25,0
391,84,2.0,11,0
391,170,0.0,20,0
391,122,1.0,15,0
391,112,0.0,19,0
391,167,0.0,26,0
391,99,0.0,27,0
391,160,0.0,17,0
391,163,1.0,14,0
392,117,22.0,2,2
392,137,18.0,3,0
392,140,13.0,4,0
392,77,9.0,6,0
392,123,2.0,13,0
392,95,12.0,5,1
392,138,3.0,10,0
392,105,8.0,7,0
392,157,0.0,16,0
392,156,2.0,12,0
392,166,0.0,18,0
392,169,0.0,22,0
392,158,4.0,9,0
392,102,24.0,1,2
392,119,0.0,21,0
392,110,4.0,8,0
392,118,0.0,23,0
392,133,0.0,24,0
392,145,0.0,25,0
392,84,2.0,11,0
392,170,0.0,20,0
392,122,1.0,15,0
392,112,0.0,19,0
392,167,0.0,26,0
392,99,0.0,27,0
392,160,0.0,17,0
392,163,1.0,14,0
393,117,26.0,2,2
393,137,24.0,3,0
393,140,13.0,5,0
393,77,9.0,6,0
393,123,2.0,14,0
393,95,21.0,4,2
393,138,3.0,10,0
393,105,8.0,7,0
393,157,0.0,18,0
393,156,2.0,11,0
393,166,1.0,15,0
393,169,0.0,22,0
393,158,4.0,9,0
393,102,27.0,1,2
393,119,0.0,21,0
393,110,4.0,8,0
393,118,0.0,23,0
393,133,0.0,24,0
393,145,0.0,26,0
393,84,2.0,12,0
393,170,2.0,13,0
393,122,1.0,17,0
393,112,0.0,20,0
393,167,0.0,25,0
393,99,0.0,27,0
393,160,0.0,19,0
393,163,1.0,16,0
394,117,26.0,4,2
394,137,30.0,3,0
394,140,13.0,5,0
394,77,9.0,6,0
394,123,2.0,14,0
394,95,30.0,2,3
394,138,6.0,8,0
394,105,8.0,7,0
394,157,0.0,19,0
394,156,2.0,12,0
394,166,1.0,16,0
394,169,0.0,22,0
394,158,4.0,10,0
394,102,31.0,1,2
394,119,0.0,23,0
394,110,4.0,9,0
394,118,2.0,15,0
394,133,0.0,24,0
394,145,0.0,26,0
394,84,2.0,13,0
394,170,3.0,11,0
394,122,1.0,18,0
394,112,0.0,21,0
394,167,0.0,25,0
394,99,0.0,27,0
394,160,0.0,20,0
394,163,1.0,17,0
395,117,26.0,4,2
395,137,39.0,1,1
395,140,19.0,5,0
395,77,9.0,6,0
395,123,2.0,15,0
395,95,30.0,3,3
395,138,6.0,8,0
395,105,8.0,7,0
395,157,0.0,20,0
395,156,4.0,12,0
395,166,4.0,10,0
395,169,0.0,22,0
395,158,4.0,11,0
395,102,35.0,2,2
395,119,0.0,23,0
395,110,4.0,9,0
395,118,2.0,16,0
395,133,0.0,24,0
395,145,0.0,26,0
395,84,2.0,14,0
395,170,3.0,13,0
395,122,1.0,19,0
395,112,1.0,17,0
395,167,0.0,25,0
395,99,0.0,27,0
395,160,0.0,21,0
395,163,1.0,18,0
396,117,30.0,4,2
396,137,48.0,1,2
396,140,19.0,5,0
396,77,9.0,6,0
396,123,5.0,9,0
396,95,30.0,3,3
396,138,6.0,8,0
396,105,8.0,7,0
396,157,0.0,21,0
396,156,4.0,13,0
396,166,4.0,11,0
396,169,0.0,23,0
396,158,4.0,12,0
396,102,41.0,2,2
396,119,2.0,17,0
396,110,4.0,10,0
396,118,3.0,15,0
396,133,0.0,25,0
396,145,0.0,24,0
396,84,2.0,16,0
396,170,3.0,14,0
396,122,1.0,20,0
396,112,1.0,18,0
396,167,0.0,26,0
396,99,0.0,27,0
396,160,0.0,22,0
396,163,1.0,19,0
397,117,31.0,4,2
397,137,54.0,1,2
397,140,19.0,5,0
397,77,9.0,6,0
397,123,8.0,8,0
397,95,39.0,3,4
397,138,6.0,10,0
397,105,8.0,7,0
397,157,0.0,21,0
397,156,4.0,14,0
397,166,4.0,12,0
397,169,0.0,23,0
397,158,4.0,13,0
397,102,43.0,2,2
397,119,2.0,17,0
397,110,4.0,11,0
397,118,3.0,15,0
397,133,0.0,25,0
397,145,0.0,24,0
397,84,2.0,16,0
397,170,7.0,9,0
397,122,1.0,20,0
397,112,1.0,18,0
397,167,0.0,26,0
397,99,0.0,27,0
397,160,0.0,22,0
397,163,1.0,19,0
398,117,31.0,4,2
398,137,63.0,1,3
398,140,20.0,5,0
398,77,12.0,6,0
398,123,10.0,7,0
398,95,43.0,3,4
398,138,6.0,10,0
398,105,8.0,8,0
398,157,0.0,22,0
398,156,4.0,14,0
398,166,4.0,12,0
398,169,0.0,23,0
398,158,4.0,13,0
398,102,49.0,2,2
398,119,2.0,17,0
398,110,4.0,11,0
398,118,3.0,15,0
398,133,0.0,25,0
398,145,0.0,24,0
398,84,2.0,16,0
398,170,7.0,9,0
398,122,1.0,20,0
398,112,1.0,18,0
398,167,0.0,26,0
398,99,0.0,27,0
398,160,0.0,21,0
398,163,1.0,19,0
398,171,0.0,28,0
398,78,0.0,29,0
399,117,40.0,4,3
399,137,67.0,1,3
399,140,22.0,5,0
399,77,18.0,6,0
399,123,10.0,8,0
399,95,43.0,3,4
399,138,6.0,10,0
399,105,8.0,9,0
399,157,0.0,22,0
399,156,4.0,14,0
399,166,4.0,13,0
399,169,0.0,23,0
399,158,5.0,11,0
399,102,49.0,2,2
399,119,2.0,17,0
399,110,4.0,12,0
399,118,3.0,15,0
399,133,0.0,25,0
399,145,0.0,24,0
399,84,2.0,16,0
399,170,10.0,7,0
399,122,1.0,19,0
399,112,1.0,18,0
399,167,0.0,26,0
399,99,0.0,28,0
399,160,0.0,21,0
399,163,1.0,20,0
399,171,0.0,27,0
399,78,0.0,29,0
400,117,46.0,4,3
400,137,70.0,1,3
400,140,26.0,5,0
400,77,18.0,6,0
400,123,10.0,8,0
400,95,52.0,2,5
400,138,6.0,10,0
400,105,8.0,9,0
400,157,0.0,22,0
400,156,4.0,14,0
400,166,4.0,13,0
400,169,0.0,23,0
400,158,5.0,11,0
400,102,51.0,3,2
400,119,2.0,17,0
400,110,4.0,12,0
400,118,3.0,15,0
400,133,0.0,25,0
400,145,0.0,24,0
400,84,2.0,16,0
400,170,10.0,7,0
400,122,1.0,19,0
400,112,2.0,18,0
400,167,0.0,26,0
400,99,0.0,28,0
400,160,0.0,21,0
400,163,1.0,20,0
400,171,0.0,27,0
400,78,0.0,29,0
401,117,46.0,4,3
401,137,73.0,1,3
401,140,26.0,5,0
401,77,18.0,6,0
401,123,10.0,8,0
401,95,61.0,2,6
401,138,6.0,12,0
401,105,8.0,9,0
401,157,0.0,22,0
401,156,4.0,15,0
401,166,4.0,14,0
401,169,0.0,23,0
401,158,8.0,10,0
401,102,51.0,3,2
401,119,6.0,11,0
401,110,4.0,13,0
401,118,3.0,16,0
401,133,0.0,26,0
401,145,0.0,25,0
401,84,2.0,18,0
401,170,12.0,7,0
401,122,1.0,19,0
401,112,3.0,17,0
401,167,0.0,27,0
401,99,0.0,29,0
401,160,0.0,21,0
401,163,1.0,20,0
401,171,0.0,28,0
401,78,0.0,30,0
401,114,0.0,24,0
402,117,46.0,4,3
402,137,73.0,1,3
402,140,30.0,5,0
402,77,27.0,6,1
402,123,12.0,8,0
402,95,61.0,2,6
402,138,7.0,11,0
402,105,11.0,9,0
402,157,0.0,22,0
402,156,4.0,15,0
402,166,4.0,14,0
402,169,0.0,23,0
402,158,8.0,10,0
402,102,57.0,3,2
402,119,6.0,12,0
402,110,4.0,13,0
402,118,3.0,16,0
402,133,0.0,26,0
402,145,0.0,25,0
402,84,2.0,18,0
402,170,12.0,7,0
402,122,1.0,19,0
402,112,3.0,17,0
402,167,0.0,27,0
402,99,0.0,30,0
402,160,0.0,21,0
402,163,1.0,20,0
402,171,0.0,28,0
402,78,0.0,31,0
402,114,0.0,24,0
402,90,0.0,29,0
403,117,46.0,4,3
403,137,73.0,1,3
403,140,30.0,6,0
403,77,36.0,5,2
403,123,16.0,8,0
403,95,61.0,2,6
403,138,7.0,12,0
403,105,17.0,7,0
403,157,0.0,23,0
403,156,7.0,11,0
403,166,4.0,15,0
403,169,0.0,25,0
403,158,8.0,10,0
403,102,57.0,3,2
403,119,6.0,13,0
403,110,4.0,14,0
403,118,3.0,16,0
403,133,0.0,27,0
403,145,0.0,26,0
403,84,2.0,18,0
403,170,12.0,9,0
403,122,1.0,19,0
403,112,3.0,17,0
403,167,0.0,28,0
403,99,0.0,31,0
403,160,0.0,24,0
403,163,1.0,20,0
403,171,0.0,29,0
403,78,0.0,32,0
403,114,0.0,22,0
403,90,1.0,21,0
403,131,0.0,30,0
404,137,9.0,1,1
404,102,6.0,2,0
404,172,4.0,3,0
404,163,3.0,4,0
404,84,2.0,5,0
404,77,1.0,6,0
404,166,0.0,7,0
404,173,0.0,8,0
404,174,0.0,9,0
404,170,0.0,10,0
404,123,0.0,11,0
404,105,0.0,12,0
404,117,0.0,13,0
404,157,0.0,14,0
404,140,0.0,15,0
404,175,0.0,16,0
404,119,0.0,17,0
404,156,0.0,18,0
404,176,0.0,19,0
404,145,0.0,20,0
404,110,0.0,21,0
404,160,0.0,22,0
404,177,0.0,23,0
404,178,0.0,24,0
404,95,0.0,25,0
405,137,9.0,2,1
405,102,15.0,1,1
405,172,4.0,4,0
405,163,3.0,6,0
405,84,2.0,9,0
405,77,2.0,10,0
405,166,0.0,12,0
405,173,0.0,13,0
405,174,0.0,15,0
405,170,2.0,8,0
405,123,0.0,11,0
405,105,0.0,16,0
405,117,4.0,5,0
405,157,0.0,18,0
405,140,0.0,19,0
405,175,0.0,14,0
405,119,0.0,20,0
405,156,0.0,21,0
405,176,0.0,17,0
405,145,0.0,23,0
405,110,0.0,24,0
405,160,0.0,22,0
405,177,3.0,7,0
405,178,0.0,25,0
405,95,6.0,3,0
406,137,15.0,1,1
406,102,15.0,2,1
406,172,4.0,7,0
406,163,3.0,8,0
406,84,2.0,10,0
406,77,6.0,5,0
406,166,0.0,14,0
406,173,0.0,15,0
406,174,0.0,17,0
406,170,2.0,11,0
406,123,0.0,13,0
406,105,0.0,19,0
406,117,13.0,3,1
406,157,0.0,21,0
406,140,3.0,9,0
406,175,0.0,16,0
406,119,1.0,12,0
406,156,0.0,22,0
406,176,0.0,18,0
406,145,0.0,25,0
406,110,0.0,24,0
406,160,0.0,20,0
406,177,5.0,6,0
406,178,0.0,23,0
406,95,6.0,4,0
406,179,0.0,26,0
407,137,15.0,3,1
407,102,19.0,2,1
407,172,5.0,7,0
407,163,5.0,8,0
407,84,2.0,10,0
407,77,6.0,6,0
407,166,0.0,14,0
407,173,0.0,16,0
407,174,0.0,18,0
407,170,2.0,11,0
407,123,0.0,13,0
407,105,0.0,19,0
407,117,22.0,1,2
407,157,0.0,22,0
407,140,3.0,9,0
407,175,0.0,15,0
407,119,1.0,12,0
407,156,0.0,20,0
407,176,0.0,17,0
407,145,0.0,25,0
407,110,0.0,24,0
407,160,0.0,21,0
407,177,11.0,4,0
407,178,0.0,23,0
407,95,9.0,5,0
407,179,0.0,26,0
408,137,15.0,4,1
408,102,25.0,1,1
408,172,7.0,7,0
408,163,5.0,9,0
408,84,2.0,12,0
408,77,6.0,8,0
408,166,0.0,15,0
408,173,0.0,17,0
408,174,0.0,19,0
408,170,2.0,11,0
408,123,0.0,14,0
408,105,3.0,10,0
408,117,23.0,2,2
408,157,0.0,23,0
408,140,7.0,6,0
408,175,0.0,16,0
408,119,1.0,13,0
408,156,0.0,21,0
408,176,0.0,18,0
408,145,0.0,26,0
408,110,0.0,24,0
408,160,0.0,22,0
408,177,11.0,5,0
408,178,0.0,20,0
408,95,18.0,3,1
408,179,0.0,25,0
409,137,19.0,4,1
409,102,27.0,3,1
409,172,7.0,7,0
409,163,6.0,9,0
409,84,2.0,12,0
409,77,6.0,8,0
409,166,0.0,15,0
409,173,0.0,17,0
409,174,0.0,19,0
409,170,2.0,11,0
409,123,0.0,14,0
409,105,3.0,10,0
409,117,29.0,1,2
409,157,0.0,25,0
409,140,7.0,6,0
409,175,0.0,16,0
409,119,1.0,13,0
409,156,0.0,21,0
409,176,0.0,18,0
409,145,0.0,26,0
409,110,0.0,24,0
409,160,0.0,23,0
409,177,14.0,5,0
409,178,0.0,20,0
409,95,27.0,2,2
409,179,0.0,22,0
409,118,0.0,27,0
410,158,0.0,28,0
410,179,0.0,23,0
410,95,29.0,3,2
410,160,0.0,25,0
410,110,0.0,26,0
410,176,0.0,20,0
410,156,0.0,17,0
410,175,0.0,18,0
410,157,0.0,24,0
410,117,33.0,2,2
410,105,6.0,9,0
410,170,2.0,11,0
410,173,0.0,19,0
410,77,6.0,8,0
410,163,6.0,10,0
410,177,14.0,5,0
410,84,2.0,12,0
410,174,0.0,16,0
410,145,0.0,27,0
410,178,0.0,21,0
410,118,0.0,22,0
410,119,2.0,13,0
410,180,0.0,29,0
410,140,7.0,7,0
410,166,0.0,15,0
410,172,13.0,6,0
410,123,0.0,14,0
410,102,36.0,1,2
410,137,19.0,4,1
411,137,23.0,4,1
411,102,36.0,3,2
411,172,14.0,6,0
411,163,8.0,7,0
411,84,2.0,12,0
411,77,6.0,9,0
411,166,0.0,15,0
411,173,0.0,19,0
411,174,0.0,16,0
411,170,2.0,11,0
411,123,0.0,14,0
411,105,6.0,10,0
411,117,39.0,1,2
411,157,0.0,23,0
411,140,7.0,8,0
411,175,0.0,18,0
411,119,2.0,13,0
411,156,0.0,17,0
411,176,0.0,20,0
411,145,0.0,27,0
411,110,0.0,26,0
411,160,0.0,25,0
411,177,17.0,5,0
411,178,0.0,22,0
411,95,38.0,2,3
411,179,0.0,24,0
411,118,0.0,21,0
411,158,0.0,29,0
411,180,0.0,28,0
412,137,29.0,4,1
412,102,36.0,3,2
412,172,14.0,6,0
412,163,11.0,7,0
412,84,4.0,11,0
412,77,6.0,9,0
412,166,1.0,14,0
412,173,0.0,20,0
412,174,0.0,16,0
412,170,2.0,12,0
412,123,0.0,15,0
412,105,6.0,10,0
412,117,43.0,2,2
412,157,0.0,23,0
412,140,7.0,8,0
412,175,0.0,19,0
412,119,2.0,13,0
412,156,0.0,18,0
412,176,0.0,21,0
412,145,0.0,26,0
412,110,0.0,27,0
412,160,0.0,25,0
412,177,17.0,5,0
412,178,0.0,22,0
412,95,47.0,1,4
412,179,0.0,24,0
412,118,0.0,17,0
412,158,0.0,29,0
412,180,0.0,28,0
413,137,38.0,4,2
413,102,42.0,3,2
413,172,14.0,6,0
413,163,14.0,7,0
413,84,4.0,11,0
413,77,6.0,9,0
413,166,1.0,14,0
413,173,0.0,20,0
413,174,0.0,16,0
413,170,2.0,12,0
413,123,0.0,15,0
413,105,6.0,10,0
413,117,44.0,2,2
413,157,0.0,23,0
413,140,7.0,8,0
413,175,0.0,18,0
413,119,2.0,13,0
413,156,0.0,19,0
413,176,0.0,21,0
413,145,0.0,27,0
413,110,0.0,28,0
413,160,0.0,26,0
413,177,19.0,5,0
413,178,0.0,22,0
413,95,51.0,1,4
413,179,0.0,24,0
413,118,0.0,17,0
413,158,0.0,29,0
413,180,0.0,25,0
413,112,0.0,30,0
414,137,47.0,3,3
414,102,48.0,2,2
414,172,14.0,6,0
414,163,14.0,7,0
414,84,5.0,11,0
414,77,6.0,9,0
414,166,1.0,15,0
414,173,0.0,20,0
414,174,2.0,12,0
414,170,2.0,13,0
414,123,0.0,16,0
414,105,6.0,10,0
414,117,44.0,4,2
414,157,0.0,24,0
414,140,10.0,8,0
414,175,0.0,17,0
414,119,2.0,14,0
414,156,0.0,19,0
414,176,0.0,21,0
414,145,0.0,28,0
414,110,0.0,29,0
414,160,0.0,27,0
414,177,19.0,5,0
414,178,0.0,22,0
414,95,55.0,1,4
414,179,0.0,25,0
414,118,0.0,18,0
414,158,0.0,30,0
414,180,0.0,26,0
414,112,0.0,23,0
415,137,47.0,4,3
415,102,48.0,3,2
415,172,14.0,6,0
415,163,14.0,8,0
415,84,5.0,11,0
415,77,6.0,10,0
415,166,1.0,17,0
415,173,0.0,23,0
415,174,2.0,13,0
415,170,2.0,15,0
415,123,0.0,19,0
415,105,12.0,9,0
415,117,53.0,2,3
415,157,1.0,18,0
415,140,14.0,7,0
415,175,2.0,14,0
415,119,2.0,16,0
415,156,0.0,21,0
415,176,0.0,24,0
415,145,0.0,28,0
415,110,0.0,29,0
415,160,0.0,26,0
415,177,19.0,5,0
415,178,3.0,12,0
415,95,55.0,1,4
415,179,0.0,22,0
415,118,0.0,20,0
415,158,0.0,30,0
415,180,0.0,27,0
415,112,0.0,25,0
416,137,56.0,2,4
416,102,48.0,4,2
416,172,14.0,7,0
416,163,14.0,8,0
416,84,5.0,11,0
416,77,8.0,10,0
416,166,1.0,17,0
416,173,0.0,23,0
416,174,2.0,13,0
416,170,2.0,15,0
416,123,0.0,19,0
416,105,12.0,9,0
416,117,53.0,3,3
416,157,1.0,18,0
416,140,18.0,6,0
416,175,2.0,14,0
416,119,2.0,16,0
416,156,0.0,21,0
416,176,0.0,24,0
416,145,0.0,29,0
416,110,0.0,30,0
416,160,0.0,26,0
416,177,22.0,5,0
416,178,4.0,12,0
416,95,61.0,1,4
416,179,0.0,22,0
416,118,0.0,20,0
416,158,0.0,32,0
416,180,0.0,27,0
416,112,0.0,25,0
416,133,0.0,28,0
416,122,0.0,31,0
417,137,60.0,2,4
417,102,51.0,4,2
417,172,14.0,7,0
417,163,14.0,9,0
417,84,5.0,11,0
417,77,8.0,10,0
417,166,1.0,17,0
417,173,0.0,23,0
417,174,2.0,13,0
417,170,2.0,15,0
417,123,0.0,19,0
417,105,14.0,8,0
417,117,59.0,3,3
417,157,1.0,18,0
417,140,19.0,6,0
417,175,2.0,14,0
417,119,2.0,16,0
417,156,0.0,21,0
417,176,0.0,24,0
417,145,0.0,29,0
417,110,0.0,30,0
417,160,0.0,26,0
417,177,22.0,5,0
417,178,4.0,12,0
417,95,70.0,1,5
417,179,0.0,22,0
417,118,0.0,20,0
417,158,0.0,32,0
417,180,0.0,27,0
417,112,0.0,25,0
417,133,0.0,28,0
417,122,0.0,31,0
418,137,63.0,3,4
418,102,55.0,4,2
418,172,14.0,8,0
418,163,14.0,10,0
418,84,5.0,11,0
418,77,17.0,7,1
418,166,1.0,17,0
418,173,0.0,25,0
418,174,2.0,13,0
418,170,2.0,15,0
418,123,0.0,20,0
418,105,14.0,9,0
418,117,64.0,2,3
418,157,1.0,18,0
418,140,19.0,6,0
418,175,2.0,14,0
418,119,2.0,16,0
418,156,0.0,22,0
418,176,0.0,26,0
418,145,0.0,29,0
418,110,0.0,24,0
418,160,0.0,27,0
418,177,22.0,5,0
418,178,4.0,12,0
418,95,70.0,1,5
418,179,0.0,23,0
418,118,0.0,21,0
418,158,0.0,32,0
418,180,0.0,28,0
418,112,1.0,19,0
418,133,0.0,30,0
418,122,0.0,31,0
419,137,69.0,3,4
419,102,55.0,4,2
419,172,14.0,8,0
419,163,14.0,10,0
419,84,8.0,11,0
419,77,17.0,7,1
419,166,3.0,14,0
419,173,0.0,25,0
419,174,3.0,13,0
419,170,2.0,16,0
419,123,0.0,20,0
419,105,14.0,9,0
419,117,72.0,1,4
419,157,1.0,18,0
419,140,23.0,5,0
419,175,2.0,15,0
419,119,2.0,17,0
419,156,0.0,22,0
419,176,0.0,26,0
419,145,0.0,29,0
419,110,0.0,24,0
419,160,0.0,27,0
419,177,22.0,6,0
419,178,4.0,12,0
419,95,70.0,2,5
419,179,0.0,23,0
419,118,0.0,21,0
419,158,0.0,32,0
419,180,0.0,28,0
419,112,1.0,19,0
419,133,0.0,30,0
419,122,0.0,31,0
420,117,9.0,1,1
420,105,6.0,2,0
420,173,4.0,3,0
420,163,3.0,4,0
420,175,2.0,5,0
420,172,1.0,6,0
420,140,0.0,7,0
420,84,0.0,8,0
420,112,0.0,9,0
420,118,0.0,10,0
420,123,0.0,11,0
420,160,0.0,12,0
420,181,0.0,13,0
420,77,0.0,14,0
420,102,0.0,15,0
420,158,0.0,16,0
420,94,0.0,17,0
420,182,0.0,18,0
420,110,0.0,19,0
420,119,0.0,20,0
420,177,0.0,21,0
420,183,0.0,22,0
420,95,0.0,23,0
420,184,0.0,24,0
420,137,0.0,25,0
421,117,9.0,2,1
421,105,12.0,1,0
421,173,7.0,4,0
421,163,3.0,6,0
421,175,6.0,5,0
421,172,1.0,8,0
421,140,0.0,10,0
421,84,0.0,12,0
421,112,0.0,14,0
421,118,0.0,11,0
421,123,0.0,15,0
421,160,0.0,13,0
421,181,0.0,16,0
421,77,0.0,20,0
421,102,9.0,3,1
421,158,0.0,18,0
421,94,0.0,22,0
421,182,0.0,17,0
421,110,0.0,19,0
421,119,0.0,25,0
421,177,0.0,24,0
421,183,0.0,26,0
421,95,2.0,7,0
421,184,0.0,23,0
421,137,0.0,21,0
421,185,1.0,9,0
421,156,0.0,27,0
422,117,9.0,5,1
422,105,12.0,2,0
422,173,16.0,1,1
422,163,3.0,9,0
422,175,10.0,3,0
422,172,1.0,11,0
422,140,1.0,10,0
422,84,0.0,14,0
422,112,0.0,17,0
422,118,0.0,13,0
422,123,6.0,6,0
422,160,0.0,16,0
422,181,0.0,18,0
422,77,0.0,21,0
422,102,9.0,4,1
422,158,0.0,19,0
422,94,0.0,23,0
422,182,3.0,8,0
422,110,0.0,20,0
422,119,0.0,25,0
422,177,0.0,22,0
422,183,0.0,26,0
422,95,4.0,7,0
422,184,0.0,24,0
422,137,0.0,15,0
422,185,1.0,12,0
422,156,0.0,27,0
423,117,18.0,2,2
423,105,18.0,3,0
423,173,20.0,1,1
423,163,3.0,10,0
423,175,10.0,4,0
423,172,2.0,12,0
423,140,1.0,13,0
423,84,0.0,15,0
423,112,0.0,19,0
423,118,2.0,11,0
423,123,6.0,6,0
423,160,0.0,18,0
423,181,0.0,21,0
423,77,0.0,24,0
423,102,9.0,5,1
423,158,0.0,22,0
423,94,0.0,26,0
423,182,3.0,8,0
423,110,3.0,9,0
423,119,0.0,23,0
423,177,0.0,17,0
423,183,0.0,28,0
423,95,4.0,7,0
423,184,0.0,27,0
423,137,0.0,16,0
423,185,1.0,14,0
423,156,0.0,20,0
423,170,0.0,25,0
424,117,22.0,2,2
424,105,27.0,1,1
424,173,22.0,3,1
424,163,3.0,12,0
424,175,10.0,4,0
424,172,2.0,14,0
424,140,7.0,6,0
424,84,0.0,16,0
424,112,0.0,19,0
424,118,2.0,13,0
424,123,6.0,7,0
424,160,0.0,18,0
424,181,0.0,22,0
424,77,0.0,23,0
424,102,9.0,5,1
424,158,0.0,25,0
424,94,0.0,27,0
424,182,3.0,11,0
424,110,3.0,10,0
424,119,0.0,20,0
424,177,3.0,9,0
424,183,0.0,29,0
424,95,5.0,8,0
424,184,0.0,28,0
424,137,0.0,17,0
424,185,1.0,15,0
424,156,0.0,21,0
424,170,0.0,26,0
424,176,0.0,24,0
425,176,0.0,18,0
425,118,2.0,14,0
425,123,6.0,8,0
425,119,0.0,22,0
425,170,0.0,26,0
425,156,0.0,24,0
425,185,4.0,10,0
425,137,1.0,16,0
425,184,0.0,28,0
425,95,5.0,9,0
425,183,0.0,29,0
425,177,12.0,5,1
425,110,3.0,11,0
425,182,3.0,12,0
425,77,0.0,23,0
425,102,9.0,7,1
425,158,0.0,20,0
425,94,0.0,27,0
425,181,0.0,25,0
425,160,0.0,19,0
425,112,0.0,21,0
425,84,0.0,17,0
425,140,13.0,4,0
425,172,2.0,15,0
425,175,10.0,6,0
425,173,24.0,2,1
425,163,3.0,13,0
425,105,31.0,1,1
425,117,22.0,3,2
426,176,0.0,17,0
426,170,0.0,26,0
426,156,0.0,24,0
426,185,4.0,11,0
426,137,10.0,7,1
426,184,0.0,28,0
426,95,5.0,10,0
426,183,0.0,29,0
426,119,0.0,22,0
426,110,3.0,12,0
426,182,3.0,13,0
426,158,0.0,19,0
426,102,9.0,8,1
426,77,0.0,23,0
426,160,0.0,20,0
426,118,2.0,15,0
426,84,0.0,18,0
426,175,11.0,6,0
426,163,3.0,14,0
426,105,31.0,1,1
426,112,0.0,21,0
426,181,0.0,25,0
426,172,2.0,16,0
426,140,16.0,5,0
426,117,26.0,2,2
426,177,18.0,4,1
426,94,0.0,27,0
426,173,26.0,3,1
426,123,6.0,9,0
427,117,35.0,2,3
427,105,37.0,1,1
427,173,26.0,3,1
427,163,3.0,16,0
427,175,11.0,7,0
427,172,6.0,10,0
427,140,16.0,5,0
427,84,0.0,18,0
427,112,0.0,23,0
427,118,4.0,13,0
427,123,6.0,9,0
427,160,0.0,22,0
427,181,0.0,25,0
427,77,0.0,19,0
427,102,9.0,8,1
427,158,0.0,21,0
427,94,0.0,27,0
427,182,3.0,15,0
427,110,3.0,14,0
427,119,0.0,20,0
427,177,18.0,4,1
427,183,0.0,29,0
427,95,5.0,11,0
427,184,0.0,28,0
427,137,13.0,6,1
427,185,4.0,12,0
427,156,0.0,24,0
427,170,0.0,26,0
427,176,1.0,17,0
428,117,41.0,2,3
428,105,46.0,1,2
428,173,26.0,3,1
428,163,3.0,16,0
428,175,11.0,7,0
428,172,10.0,8,0
428,140,16.0,5,0
428,84,0.0,18,0
428,112,0.0,23,0
428,118,4.0,14,0
428,123,9.0,10,0
428,160,0.0,22,0
428,181,0.0,26,0
428,77,0.0,19,0
428,102,9.0,9,1
428,158,0.0,21,0
428,94,0.0,24,0
428,182,5.0,12,0
428,110,3.0,15,0
428,119,0.0,20,0
428,177,18.0,4,1
428,183,0.0,30,0
428,95,6.0,11,0
428,184,0.0,29,0
428,137,13.0,6,1
428,185,4.0,13,0
428,156,0.0,25,0
428,170,0.0,27,0
428,176,1.0,17,0
428,179,0.0,28,0
429,117,50.0,1,4
429,105,50.0,2,2
429,173,28.0,3,1
429,163,3.0,16,0
429,175,11.0,8,0
429,172,10.0,9,0
429,140,19.0,4,0
429,84,0.0,18,0
429,112,0.0,23,0
429,118,4.0,14,0
429,123,9.0,10,0
429,160,0.0,22,0
429,181,0.0,27,0
429,77,0.0,19,0
429,102,15.0,6,1
429,158,0.0,21,0
429,94,0.0,25,0
429,182,5.0,12,0
429,110,3.0,15,0
429,119,0.0,20,0
429,177,18.0,5,1
429,183,0.0,31,0
429,95,6.0,11,0
429,184,0.0,30,0
429,137,13.0,7,1
429,185,4.0,13,0
429,156,0.0,26,0
429,170,0.0,28,0
429,176,2.0,17,0
429,179,0.0,24,0
429,186,0.0,29,0
430,117,56.0,1,4
430,105,53.0,2,2
430,173,30.0,3,1
430,163,3.0,16,0
430,175,11.0,9,0
430,172,10.0,10,0
430,140,19.0,5,0
430,84,0.0,18,0
430,112,0.0,24,0
430,118,4.0,14,0
430,123,9.0,11,0
430,160,0.0,22,0
430,181,0.0,27,0
430,77,0.0,19,0
430,102,19.0,4,1
430,158,0.0,21,0
430,94,0.0,25,0
430,182,14.0,7,1
430,110,3.0,15,0
430,119,0.0,20,0
430,177,18.0,6,1
430,183,0.0,31,0
430,95,7.0,12,0
430,184,0.0,30,0
430,137,13.0,8,1
430,185,4.0,13,0
430,156,0.0,26,0
430,170,0.0,28,0
430,176,2.0,17,0
430,179,0.0,23,0
430,186,0.0,29,0
431,117,65.0,1,5
431,105,53.0,2,2
431,173,31.0,3,1
431,163,3.0,17,0
431,175,11.0,9,0
431,172,10.0,10,0
431,140,21.0,5,0
431,84,0.0,18,0
431,112,0.0,24,0
431,118,4.0,15,0
431,123,9.0,11,0
431,160,0.0,22,0
431,181,0.0,28,0
431,77,0.0,19,0
431,102,23.0,4,1
431,158,0.0,21,0
431,94,0.0,26,0
431,182,14.0,8,1
431,110,3.0,16,0
431,119,0.0,20,0
431,177,18.0,7,1
431,183,0.0,32,0
431,95,7.0,12,0
431,184,0.0,31,0
431,137,19.0,6,1
431,185,4.0,14,0
431,156,0.0,27,0
431,170,0.0,29,0
431,176,5.0,13,0
431,179,0.0,23,0
431,186,0.0,30,0
431,166,0.0,25,0
431,178,0.0,33,0
432,117,69.0,1,5
432,105,53.0,2,2
432,173,31.0,4,1
432,163,3.0,17,0
432,175,11.0,10,0
432,172,10.0,11,0
432,140,21.0,7,0
432,84,0.0,18,0
432,112,0.0,25,0
432,118,5.0,14,0
432,123,9.0,12,0
432,160,0.0,23,0
432,181,0.0,28,0
432,77,0.0,19,0
432,102,32.0,3,2
432,158,0.0,21,0
432,94,0.0,26,0
432,182,14.0,8,1
432,110,3.0,16,0
432,119,0.0,20,0
432,177,21.0,5,1
432,183,0.0,33,0
432,95,13.0,9,0
432,184,0.0,31,0
432,137,21.0,6,1
432,185,4.0,15,0
432,156,0.0,27,0
432,170,0.0,29,0
432,176,5.0,13,0
432,179,0.0,24,0
432,186,0.0,30,0
432,166,0.0,22,0
432,178,0.0,34,0
432,157,0.0,32,0
433,117,72.0,1,5
433,105,53.0,2,2
433,173,33.0,4,1
433,163,3.0,17,0
433,175,11.0,10,0
433,172,10.0,12,0
433,140,21.0,8,0
433,84,0.0,18,0
433,112,0.0,26,0
433,118,5.0,14,0
433,123,10.0,11,0
433,160,0.0,24,0
433,181,0.0,29,0
433,77,0.0,19,0
433,102,38.0,3,2
433,158,0.0,23,0
433,94,0.0,27,0
433,182,14.0,9,1
433,110,3.0,16,0
433,119,0.0,22,0
433,177,25.0,5,1
433,183,0.0,35,0
433,95,22.0,6,1
433,184,0.0,34,0
433,137,21.0,7,1
433,185,4.0,15,0
433,156,0.0,28,0
433,170,0.0,30,0
433,176,5.0,13,0
433,179,0.0,25,0
433,186,0.0,32,0
433,166,0.0,21,0
433,178,0.0,36,0
433,157,0.0,31,0
433,187,0.0,20,0
433,122,0.0,33,0
434,117,73.0,1,5
434,105,53.0,2,2
434,173,33.0,4,1
434,163,3.0,17,0
434,175,11.0,11,0
434,172,10.0,12,0
434,140,24.0,7,0
434,84,0.0,19,0
434,112,0.0,26,0
434,118,5.0,14,0
434,123,11.0,10,0
434,160,0.0,24,0
434,181,0.0,29,0
434,77,2.0,18,0
434,102,38.0,3,2
434,158,0.0,23,0
434,94,0.0,27,0
434,182,14.0,9,1
434,110,3.0,16,0
434,119,0.0,22,0
434,177,31.0,6,1
434,183,0.0,36,0
434,95,31.0,5,2
434,184,0.0,34,0
434,137,21.0,8,1
434,185,4.0,15,0
434,156,0.0,28,0
434,170,0.0,30,0
434,176,5.0,13,0
434,179,0.0,25,0
434,186,0.0,32,0
434,166,0.0,21,0
434,178,0.0,35,0
434,157,0.0,31,0
434,187,0.0,20,0
434,122,0.0,33,0
435,117,73.0,1,5
435,105,53.0,2,2
435,173,33.0,5,1
435,163,3.0,19,0
435,175,11.0,12,0
435,172,16.0,9,0
435,140,26.0,7,0
435,84,0.0,21,0
435,112,0.0,28,0
435,118,5.0,14,0
435,123,11.0,11,0
435,160,0.0,27,0
435,181,0.0,30,0
435,77,3.0,20,0
435,102,38.0,4,2
435,158,0.0,26,0
435,94,0.0,24,0
435,182,14.0,10,1
435,110,3.0,17,0
435,119,0.0,25,0
435,177,40.0,3,2
435,183,0.0,36,0
435,95,31.0,6,2
435,184,0.0,34,0
435,137,21.0,8,1
435,185,4.0,16,0
435,156,0.0,29,0
435,170,0.0,31,0
435,176,5.0,13,0
435,179,0.0,22,0
435,186,0.0,33,0
435,166,4.0,15,0
435,178,0.0,35,0
435,157,0.0,32,0
435,187,0.0,23,0
435,122,3.0,18,0
436,117,9.0,1,1
436,177,6.0,2,0
436,173,4.0,3,0
436,158,3.0,4,0
436,175,2.0,5,0
436,123,1.0,6,0
436,176,0.0,7,0
436,156,0.0,8,0
436,118,0.0,9,0
436,110,0.0,10,0
436,119,0.0,11,0
436,182,0.0,12,0
436,95,0.0,13,0
436,137,0.0,14,0
436,170,0.0,15,0
436,163,0.0,16,0
436,160,0.0,17,0
436,183,0.0,18,0
436,112,0.0,19,0
436,188,0.0,20,0
436,172,0.0,21,0
436,105,0.0,22,0
436,184,0.0,23,0
436,102,0.0,24,0
437,117,15.0,1,1
437,177,6.0,3,0
437,173,4.0,4,0
437,158,3.0,7,0
437,175,2.0,9,0
437,123,1.0,10,0
437,176,0.0,12,0
437,156,0.0,14,0
437,118,4.0,5,0
437,110,2.0,8,0
437,119,3.0,6,0
437,182,9.0,2,1
437,95,0.0,18,0
437,137,0.0,19,0
437,170,0.0,22,0
437,163,0.0,23,0
437,160,0.0,25,0
437,183,0.0,15,0
437,112,0.0,26,0
437,188,0.0,27,0
437,172,0.0,21,0
437,105,0.0,16,0
437,184,0.0,13,0
437,102,1.0,11,0
437,84,0.0,17,0
437,185,0.0,20,0
437,181,0.0,24,0
438,117,15.0,1,1
438,177,9.0,5,0
438,173,6.0,6,0
438,158,3.0,9,0
438,175,2.0,10,0
438,123,1.0,13,0
438,176,0.0,14,0
438,156,0.0,15,0
438,118,10.0,2,0
438,110,2.0,11,0
438,119,3.0,8,0
438,182,9.0,4,1
438,95,0.0,20,0
438,137,0.0,17,0
438,170,0.0,21,0
438,163,4.0,7,0
438,160,0.0,25,0
438,183,0.0,18,0
438,112,0.0,26,0
438,188,0.0,27,0
438,172,0.0,24,0
438,105,9.0,3,1
438,184,0.0,16,0
438,102,2.0,12,0
438,84,0.0,19,0
438,185,0.0,22,0
438,181,0.0,23,0
439,189,0.0,27,0
439,185,0.0,24,0
439,102,2.0,13,0
439,105,9.0,5,1
439,172,0.0,26,0
439,112,0.0,19,0
439,160,0.0,28,0
439,163,10.0,3,0
439,170,0.0,23,0
439,95,0.0,22,0
439,182,9.0,6,1
439,119,3.0,9,0
439,110,3.0,11,0
439,118,13.0,2,0
439,176,0.0,14,0
439,123,3.0,10,0
439,175,2.0,12,0
439,158,3.0,8,0
439,177,9.0,7,0
439,181,0.0,25,0
439,184,0.0,15,0
439,84,0.0,21,0
439,156,0.0,16,0
439,188,0.0,20,0
439,137,0.0,17,0
439,183,0.0,18,0
439,173,10.0,4,0
439,117,24.0,1,2
440,117,24.0,1,2
440,177,10.0,6,0
440,173,12.0,5,0
440,158,3.0,10,0
440,175,8.0,8,0
440,123,3.0,13,0
440,176,0.0,15,0
440,156,0.0,17,0
440,118,13.0,3,0
440,110,3.0,12,0
440,119,3.0,11,0
440,182,18.0,2,2
440,95,4.0,9,0
440,137,0.0,19,0
440,170,0.0,20,0
440,163,13.0,4,0
440,160,0.0,22,0
440,183,0.0,21,0
440,112,0.0,23,0
440,188,0.0,24,0
440,172,0.0,18,0
440,105,9.0,7,1
440,184,0.0,16,0
440,102,2.0,14,0
440,84,0.0,25,0
440,185,0.0,26,0
440,181,0.0,27,0
440,189,0.0,28,0
441,117,28.5,1,3
441,177,11.5,6,0
441,173,13.0,5,0
441,158,3.0,11,0
441,175,8.0,8,0
441,123,3.0,14,0
441,176,0.0,15,0
441,156,0.0,19,0
441,118,13.0,4,0
441,110,3.0,13,0
441,119,3.0,12,0
441,182,18.0,2,2
441,95,4.0,10,0
441,137,0.0,20,0
441,170,0.0,21,0
441,163,15.0,3,0
441,160,0.0,16,0
441,183,0.0,22,0
441,112,0.0,24,0
441,188,0.0,25,0
441,172,0.0,18,0
441,105,9.5,7,1
441,184,0.0,17,0
441,102,5.0,9,0
441,84,0.0,26,0
441,185,0.0,27,0
441,181,0.0,23,0
441,189,0.0,29,0
441,190,0.0,28,0
442,117,32.5,1,3
442,177,11.5,6,0
442,173,16.0,4,0
442,158,3.0,12,0
442,175,8.0,9,0
442,123,3.0,15,0
442,176,0.0,16,0
442,156,0.0,20,0
442,118,13.0,5,0
442,110,3.0,14,0
442,119,3.0,13,0
442,182,24.0,2,2
442,95,5.0,11,0
442,137,9.0,8,1
442,170,0.0,23,0
442,163,17.0,3,0
442,160,0.0,17,0
442,183,0.0,25,0
442,112,0.0,24,0
442,188,0.0,22,0
442,172,0.0,19,0
442,105,9.5,7,1
442,184,0.0,18,0
442,102,5.0,10,0
442,84,0.0,26,0
442,185,0.0,27,0
442,181,0.0,21,0
442,189,0.0,30,0
442,190,0.0,29,0
442,179,0.0,28,0
442,191,0.0,31,0
443,117,35.5,1,3
443,177,11.5,7,0
443,173,22.0,3,0
443,158,3.0,13,0
443,175,8.0,9,0
443,123,3.0,16,0
443,176,0.0,18,0
443,156,0.0,21,0
443,118,13.0,6,0
443,110,3.0,15,0
443,119,3.0,14,0
443,182,24.0,2,2
443,95,5.0,11,0
443,137,18.0,4,2
443,170,4.0,12,0
443,163,17.0,5,0
443,160,0.0,19,0
443,183,0.0,25,0
443,112,0.0,24,0
443,188,0.0,23,0
443,172,2.0,17,0
443,105,9.5,8,1
443,184,0.0,20,0
443,102,5.0,10,0
443,84,0.0,26,0
443,185,0.0,28,0
443,181,0.0,22,0
443,189,0.0,30,0
443,190,0.0,29,0
443,179,0.0,27,0
443,191,0.0,31,0
444,117,35.5,1,3
444,177,20.5,5,1
444,173,26.0,2,0
444,158,3.0,14,0
444,175,8.0,9,0
444,123,3.0,17,0
444,176,0.0,19,0
444,156,0.0,23,0
444,118,13.0,7,0
444,110,3.0,16,0
444,119,3.0,15,0
444,182,24.0,3,2
444,95,6.0,10,0
444,137,18.0,6,2
444,170,4.0,13,0
444,163,23.0,4,0
444,160,2.0,18,0
444,183,0.0,26,0
444,112,0.0,25,0
444,188,0.0,24,0
444,172,5.0,12,0
444,105,9.5,8,1
444,184,0.0,21,0
444,102,5.0,11,0
444,84,0.0,27,0
444,185,0.0,29,0
444,181,0.0,22,0
444,189,0.0,30,0
444,190,0.0,20,0
444,179,0.0,28,0
444,191,0.0,31,0
445,117,35.5,1,3
445,177,20.5,5,1
445,173,29.0,3,0
445,158,3.0,14,0
445,175,8.0,10,0
445,123,3.0,17,0
445,176,0.0,19,0
445,156,0.0,23,0
445,118,19.0,6,0
445,110,3.0,16,0
445,119,3.0,15,0
445,182,33.0,2,3
445,95,6.0,11,0
445,137,18.0,7,2
445,170,4.0,13,0
445,163,24.0,4,0
445,160,2.0,18,0
445,183,0.0,26,0
445,112,0.0,25,0
445,188,0.0,24,0
445,172,5.0,12,0
445,105,11.5,8,1
445,184,0.0,21,0
445,102,9.0,9,0
445,84,0.0,27,0
445,185,0.0,29,0
445,181,0.0,22,0
445,189,0.0,30,0
445,190,0.0,20,0
445,179,0.0,28,0
445,191,0.0,31,0
446,117,44.5,1,4
446,177,20.5,6,1
446,173,29.0,3,0
446,158,3.0,14,0
446,175,10.0,9,0
446,123,3.0,17,0
446,176,0.0,19,0
446,156,0.0,23,0
446,118,23.0,5,0
446,110,3.0,16,0
446,119,3.0,15,0
446,182,39.0,2,3
446,95,9.0,11,0
446,137,18.0,7,2
446,170,4.0,13,0
446,163,25.0,4,0
446,160,2.0,18,0
446,183,0.0,24,0
446,112,0.0,27,0
446,188,0.0,25,0
446,172,5.0,12,0
446,105,11.5,8,1
446,184,0.0,22,0
446,102,9.0,10,0
446,84,0.0,28,0
446,185,0.0,29,0
446,181,0.0,21,0
446,189,0.0,30,0
446,190,0.0,20,0
446,179,0.0,26,0
446,191,0.0,31,0
447,117,44.5,2,4
447,177,20.5,7,1
447,173,29.0,3,0
447,158,3.0,15,0
447,175,10.0,9,0
447,123,5.0,14,0
447,176,1.0,19,0
447,156,0.0,24,0
447,118,23.0,6,0
447,110,3.0,17,0
447,119,3.0,16,0
447,182,48.0,1,4
447,95,9.0,11,0
447,137,24.0,5,2
447,170,7.0,12,0
447,163,25.0,4,0
447,160,2.0,18,0
447,183,0.0,21,0
447,112,0.0,27,0
447,188,0.0,25,0
447,172,5.0,13,0
447,105,15.5,8,1
447,184,0.0,23,0
447,102,9.0,10,0
447,84,0.0,29,0
447,185,0.0,30,0
447,181,0.0,22,0
447,189,0.0,31,0
447,190,0.0,20,0
447,179,0.0,26,0
447,191,0.0,32,0
447,77,0.0,28,0
447,140,0.0,33,0
448,117,53.5,2,5
448,177,20.5,7,1
448,173,32.0,3,0
448,158,3.0,15,0
448,175,11.0,10,0
448,123,5.0,14,0
448,176,1.0,19,0
448,156,0.0,24,0
448,118,23.0,6,0
448,110,3.0,17,0
448,119,3.0,16,0
448,182,54.0,1,4
448,95,13.0,9,0
448,137,24.0,5,2
448,170,9.0,12,0
448,163,25.0,4,0
448,160,2.0,18,0
448,183,0.0,20,0
448,112,0.0,27,0
448,188,0.0,25,0
448,172,5.0,13,0
448,105,15.5,8,1
448,184,0.0,23,0
448,102,9.0,11,0
448,84,0.0,30,0
448,185,0.0,31,0
448,181,0.0,22,0
448,189,0.0,28,0
448,190,0.0,21,0
448,179,0.0,26,0
448,191,0.0,32,0
448,77,0.0,29,0
448,140,0.0,33,0
449,94,0.0,34,0
449,140,3.0,17,0
449,77,0.0,22,0
449,191,0.0,33,0
449,179,0.0,28,0
449,190,0.0,24,0
449,189,0.0,21,0
449,185,0.0,32,0
449,84,0.0,31,0
449,102,9.0,11,0
449,105,21.5,7,1
449,172,5.0,14,0
449,188,0.0,29,0
449,112,0.0,30,0
449,183,0.0,23,0
449,163,25.0,4,0
449,170,9.0,12,0
449,137,24.0,5,2
449,110,3.0,18,0
449,118,23.0,6,0
449,176,1.0,20,0
449,123,5.0,15,0
449,175,11.0,10,0
449,173,32.0,3,0
449,184,0.0,26,0
449,181,0.0,25,0
449,95,13.0,9,0
449,160,2.0,19,0
449,177,20.5,8,1
449,158,3.0,16,0
449,156,0.0,27,0
449,182,63.0,1,5
449,119,7.0,13,0
449,117,53.5,2,5
450,117,62.5,2,6
450,177,20.5,8,1
450,173,32.0,3,0
450,158,3.0,16,0
450,175,11.0,10,0
450,123,5.0,15,0
450,176,1.0,20,0
450,156,0.0,27,0
450,118,23.0,7,0
450,110,3.0,18,0
450,119,8.0,13,0
450,182,66.0,1,5
450,95,13.0,9,0
450,137,28.0,4,2
450,170,9.0,12,0
450,163,27.0,6,0
450,160,2.0,19,0
450,183,0.0,23,0
450,112,0.0,30,0
450,188,0.0,29,0
450,172,5.0,14,0
450,105,27.5,5,1
450,184,0.0,25,0
450,102,9.0,11,0
450,84,0.0,31,0
450,185,0.0,32,0
450,181,0.0,26,0
450,189,0.0,21,0
450,190,0.0,24,0
450,179,0.0,28,0
450,191,0.0,33,0
450,77,0.0,22,0
450,140,3.0,17,0
450,94,0.0,34,0
451,117,71.5,2,7
451,177,20.5,8,1
451,173,34.0,3,0
451,158,3.0,16,0
451,175,11.0,11,0
451,123,5.0,15,0
451,176,1.0,20,0
451,156,0.0,27,0
451,118,23.0,7,0
451,110,3.0,18,0
451,119,8.0,13,0
451,182,72.0,1,5
451,95,13.0,10,0
451,137,29.0,5,2
451,170,9.0,12,0
451,163,27.0,6,0
451,160,2.0,19,0
451,183,0.0,23,0
451,112,0.0,30,0
451,188,0.0,29,0
451,172,5.0,14,0
451,105,30.5,4,1
451,184,0.0,25,0
451,102,13.0,9,0
451,84,0.0,31,0
451,185,0.0,32,0
451,181,0.0,26,0
451,189,0.0,21,0
451,190,0.0,24,0
451,179,0.0,28,0
451,191,0.0,34,0
451,77,0.0,22,0
451,140,3.0,17,0
451,94,0.0,35,0
451,166,0.0,33,0
452,137,9.0,1,1
452,182,4.0,2,0
452,172,3.0,3,0
452,175,2.0,4,0
452,176,1.0,5,0
452,117,0.0,6,0
452,118,0.0,7,0
452,192,0.0,8,0
452,163,0.0,9,0
452,193,0.0,10,0
452,95,0.0,11,0
452,188,0.0,12,0
452,194,0.0,13,0
452,181,0.0,14,0
452,195,0.0,15,0
452,158,0.0,16,0
452,187,0.0,17,0
452,196,0.0,18,0
452,184,0.0,19,0
452,197,0.0,20,0
452,119,0.0,21,0
452,190,0.0,22,0
452,152,0.0,23,0
452,105,0.0,24,0
452,110,0.0,25,0
452,160,0.0,26,0
453,137,9.0,2,1
453,182,10.0,1,0
453,172,6.0,4,0
453,175,2.0,7,0
453,176,3.0,6,0
453,117,0.0,9,0
453,118,0.0,12,0
453,192,0.0,14,0
453,163,4.0,5,0
453,193,0.0,11,0
453,95,0.0,16,0
453,188,1.0,8,0
453,194,0.0,18,0
453,181,0.0,19,0
453,195,0.0,22,0
453,158,0.0,17,0
453,187,9.0,3,1
453,196,0.0,10,0
453,184,0.0,26,0
453,197,0.0,24,0
453,119,0.0,15,0
453,190,0.0,28,0
453,152,0.0,25,0
453,105,0.0,13,0
453,110,0.0,21,0
453,160,0.0,29,0
453,178,0.0,20,0
453,173,0.0,23,0
453,177,0.0,27,0
454,137,15.0,1,1
454,182,10.0,2,0
454,172,7.0,5,0
454,175,5.0,6,0
454,176,3.0,9,0
454,117,9.0,3,1
454,118,0.0,15,0
454,192,0.0,17,0
454,163,4.0,7,0
454,193,0.0,14,0
454,95,0.0,19,0
454,188,1.0,11,0
454,194,0.0,22,0
454,181,0.0,23,0
454,195,0.0,26,0
454,158,4.0,8,0
454,187,9.0,4,1
454,196,0.0,12,0
454,184,0.0,28,0
454,197,0.0,16,0
454,119,0.0,18,0
454,190,0.0,25,0
454,152,0.0,21,0
454,105,0.0,13,0
454,110,0.0,20,0
454,160,0.0,29,0
454,178,0.0,24,0
454,173,0.0,27,0
454,177,2.0,10,0
454,168,0.0,30,0
455,137,15.0,2,1
455,182,10.0,5,0
455,172,7.0,7,0
455,175,14.0,3,1
455,176,4.0,10,0
455,117,15.0,1,1
455,118,0.0,16,0
455,192,0.0,13,0
455,163,8.0,6,0
455,193,0.0,15,0
455,95,0.0,21,0
455,188,1.0,11,0
455,194,0.0,24,0
455,181,0.0,20,0
455,195,0.0,28,0
455,158,4.0,9,0
455,187,11.0,4,1
455,196,0.0,12,0
455,184,0.0,19,0
455,197,0.0,17,0
455,119,0.0,18,0
455,190,0.0,27,0
455,152,0.0,23,0
455,105,0.0,14,0
455,110,0.0,22,0
455,160,0.0,29,0
455,178,0.0,25,0
455,173,0.0,26,0
455,177,5.0,8,0
455,168,0.0,30,0
456,137,21.0,1,1
456,182,10.0,6,0
456,172,7.0,8,0
456,175,17.0,3,1
456,176,4.0,10,0
456,117,19.0,2,1
456,118,0.0,17,0
456,192,0.0,14,0
456,163,8.0,7,0
456,193,2.0,11,0
456,95,0.0,21,0
456,188,1.0,13,0
456,194,0.0,24,0
456,181,0.0,20,0
456,195,0.0,28,0
456,158,4.0,9,0
456,187,11.0,5,1
456,196,0.0,15,0
456,184,1.0,12,0
456,197,0.0,18,0
456,119,0.0,19,0
456,190,0.0,27,0
456,152,0.0,23,0
456,105,0.0,16,0
456,110,0.0,22,0
456,160,0.0,29,0
456,178,0.0,26,0
456,173,0.0,25,0
456,177,14.0,4,1
456,168,0.0,30,0
457,137,24.0,2,1
457,182,10.0,6,0
457,172,8.0,9,0
457,175,23.0,3,1
457,176,4.0,10,0
457,117,28.0,1,2
457,118,0.0,15,0
457,192,0.0,14,0
457,163,8.0,7,0
457,193,2.0,11,0
457,95,0.0,23,0
457,188,1.0,12,0
457,194,0.0,25,0
457,181,0.0,22,0
457,195,0.0,28,0
457,158,8.0,8,0
457,187,11.0,5,1
457,196,0.0,16,0
457,184,1.0,13,0
457,197,0.0,20,0
457,119,0.0,21,0
457,190,0.0,27,0
457,152,0.0,18,0
457,105,0.0,17,0
457,110,0.0,24,0
457,160,0.0,30,0
457,178,0.0,26,0
457,173,0.0,19,0
457,177,16.0,4,1
457,168,0.0,31,0
457,123,0.0,29,0
458,137,27.0,2,1
458,182,10.0,6,0
458,172,10.0,7,0
458,175,23.0,3,1
458,176,4.0,11,0
458,117,28.0,1,2
458,118,0.0,17,0
458,192,0.0,16,0
458,163,8.0,9,0
458,193,2.0,12,0
458,95,1.0,15,0
458,188,1.0,13,0
458,194,0.0,26,0
458,181,0.0,24,0
458,195,0.0,27,0
458,158,8.0,10,0
458,187,15.0,5,1
458,196,0.0,18,0
458,184,1.0,14,0
458,197,0.0,22,0
458,119,0.0,23,0
458,190,0.0,29,0
458,152,0.0,20,0
458,105,9.0,8,1
458,110,0.0,25,0
458,160,0.0,30,0
458,178,0.0,28,0
458,173,0.0,21,0
458,177,22.0,4,1
458,168,0.0,31,0
458,123,0.0,19,0
459,137,27.0,2,1
459,182,10.0,8,0
459,172,10.0,9,0
459,175,27.0,3,1
459,176,4.0,11,0
459,117,30.0,1,2
459,118,0.0,18,0
459,192,0.0,17,0
459,163,17.0,5,1
459,193,2.0,12,0
459,95,1.0,15,0
459,188,1.0,14,0
459,194,0.0,26,0
459,181,0.0,21,0
459,195,0.0,27,0
459,158,14.0,7,0
459,187,16.0,6,1
459,196,0.0,19,0
459,184,1.0,13,0
459,197,0.0,23,0
459,119,0.0,24,0
459,190,0.0,29,0
459,152,0.0,20,0
459,105,9.0,10,1
459,110,0.0,25,0
459,160,0.0,30,0
459,178,0.0,28,0
459,173,0.0,22,0
459,177,25.0,4,1
459,168,0.0,32,0
459,123,0.0,16,0
459,198,0.0,31,0
460,137,33.0,2,1
460,182,11.0,8,0
460,172,10.0,9,0
460,175,31.0,3,1
460,176,4.0,12,0
460,117,39.0,1,3
460,118,0.0,18,0
460,192,0.0,17,0
460,163,19.0,5,1
460,193,2.0,13,0
460,95,4.0,11,0
460,188,1.0,15,0
460,194,0.0,26,0
460,181,0.0,23,0
460,195,0.0,27,0
460,158,14.0,7,0
460,187,16.0,6,1
460,196,0.0,19,0
460,184,1.0,14,0
460,197,0.0,22,0
460,119,0.0,25,0
460,190,0.0,29,0
460,152,0.0,20,0
460,105,9.0,10,1
460,110,0.0,21,0
460,160,0.0,30,0
460,178,0.0,28,0
460,173,0.0,24,0
460,177,25.0,4,1
460,168,0.0,34,0
460,123,0.0,16,0
460,198,0.0,32,0
460,140,0.0,31,0
460,186,0.0,33,0
461,137,33.0,2,1
461,182,11.0,8,0
461,172,11.0,9,0
461,175,31.0,3,1
461,176,4.0,14,0
461,117,42.0,1,3
461,118,0.0,20,0
461,192,0.0,19,0
461,163,28.0,4,2
461,193,2.0,15,0
461,95,4.0,13,0
461,188,1.0,17,0
461,194,0.0,26,0
461,181,0.0,24,0
461,195,0.0,27,0
461,158,14.0,7,0
461,187,18.0,6,1
461,196,0.0,21,0
461,184,1.0,16,0
461,197,0.0,22,0
461,119,4.0,12,0
461,190,0.0,29,0
461,152,0.0,23,0
461,105,9.0,10,1
461,110,6.0,11,0
461,160,0.0,30,0
461,178,0.0,28,0
461,173,0.0,25,0
461,177,25.0,5,1
461,168,0.0,34,0
461,123,0.0,18,0
461,198,0.0,33,0
461,140,0.0,31,0
461,186,0.0,32,0
462,137,37.0,2,1
462,182,12.0,8,0
462,172,11.0,9,0
462,175,31.0,4,1
462,176,4.0,14,0
462,117,51.0,1,4
462,118,0.0,21,0
462,192,0.0,20,0
462,163,34.0,3,2
462,193,2.0,15,0
462,95,6.0,12,0
462,188,1.0,17,0
462,194,0.0,29,0
462,181,0.0,24,0
462,195,0.0,30,0
462,158,17.0,7,0
462,187,18.0,6,1
462,196,0.0,22,0
462,184,1.0,16,0
462,197,0.0,19,0
462,119,4.0,13,0
462,190,0.0,26,0
462,152,0.0,23,0
462,105,9.0,10,1
462,110,6.0,11,0
462,160,0.0,27,0
462,178,0.0,31,0
462,173,0.0,25,0
462,177,25.0,5,1
462,168,0.0,34,0
462,123,0.0,18,0
462,198,0.0,33,0
462,140,0.0,28,0
462,186,0.0,32,0
463,137,37.0,3,1
463,182,12.0,8,0
463,172,11.0,9,0
463,175,37.0,4,1
463,176,4.0,14,0
463,117,51.0,1,4
463,118,3.0,15,0
463,192,0.0,21,0
463,163,43.0,2,3
463,193,2.0,17,0
463,95,6.0,12,0
463,188,1.0,18,0
463,194,0.0,30,0
463,181,0.0,25,0
463,195,0.0,29,0
463,158,17.0,7,0
463,187,22.0,6,1
463,196,0.0,22,0
463,184,3.0,16,0
463,197,0.0,20,0
463,119,4.0,13,0
463,190,0.0,27,0
463,152,0.0,24,0
463,105,10.0,10,1
463,110,6.0,11,0
463,160,0.0,28,0
463,178,0.0,31,0
463,173,0.0,26,0
463,177,25.0,5,1
463,168,0.0,34,0
463,123,0.0,19,0
463,198,0.0,33,0
463,140,0.0,23,0
463,186,0.0,32,0
464,137,46.0,3,2
464,182,12.0,8,0
464,172,11.0,9,0
464,175,40.0,4,1
464,176,4.0,15,0
464,117,51.0,1,4
464,118,4.0,14,0
464,192,0.0,23,0
464,163,49.0,2,3
464,193,2.0,17,0
464,95,6.0,12,0
464,188,1.0,19,0
464,194,0.0,30,0
464,181,0.0,26,0
464,195,0.0,29,0
464,158,21.0,7,0
464,187,22.0,6,1
464,196,0.0,24,0
464,184,3.0,16,0
464,197,0.0,21,0
464,119,4.0,13,0
464,190,0.0,27,0
464,152,0.0,22,0
464,105,10.0,10,1
464,110,6.0,11,0
464,160,0.0,28,0
464,178,0.0,31,0
464,173,2.0,18,0
464,177,25.0,5,1
464,168,0.0,34,0
464,123,0.0,20,0
464,198,0.0,33,0
464,140,0.0,25,0
464,186,0.0,32,0
465,156,0.0,30,0
465,186,0.0,33,0
465,140,0.0,25,0
465,198,0.0,34,0
465,123,0.0,21,0
465,168,0.0,35,0
465,177,25.0,5,1
465,178,0.0,32,0
465,160,0.0,28,0
465,110,9.0,12,0
465,152,1.0,19,0
465,190,0.0,27,0
465,119,4.0,14,0
465,196,0.0,24,0
465,187,22.0,6,1
465,118,6.0,13,0
465,176,4.0,15,0
465,175,40.0,4,1
465,182,12.0,8,0
465,192,0.0,23,0
465,163,49.0,3,3
465,193,2.0,17,0
465,95,10.0,11,0
465,188,1.0,20,0
465,194,0.0,31,0
465,181,0.0,26,0
465,195,0.0,29,0
465,158,21.0,7,0
465,117,57.0,1,4
465,173,2.0,18,0
465,105,10.0,10,1
465,197,0.0,22,0
465,137,55.0,2,3
465,184,3.0,16,0
465,172,11.0,9,0
466,137,59.0,1,3
466,182,12.0,10,0
466,172,11.0,11,0
466,175,40.0,4,1
466,176,4.0,15,0
466,117,57.0,2,4
466,118,9.0,14,0
466,192,0.0,23,0
466,163,49.0,3,3
466,193,2.0,17,0
466,95,10.0,13,0
466,188,1.0,20,0
466,194,0.0,32,0
466,181,0.0,26,0
466,195,0.0,29,0
466,158,22.0,7,0
466,187,22.0,6,1
466,196,0.0,24,0
466,184,3.0,16,0
466,197,0.0,22,0
466,119,13.0,9,1
466,190,0.0,27,0
466,152,1.0,19,0
466,105,10.0,12,1
466,110,15.0,8,0
466,160,0.0,28,0
466,178,0.0,33,0
466,173,2.0,18,0
466,177,27.0,5,1
466,168,0.0,35,0
466,123,0.0,21,0
466,198,0.0,34,0
466,140,0.0,25,0
466,186,0.0,30,0
466,156,0.0,31,0
467,117,9.0,1,1
467,199,6.0,2,0
467,163,4.0,3,0
467,182,3.0,4,0
467,177,2.0,5,0
467,187,1.0,6,0
467,105,0.0,7,0
467,173,0.0,8,0
467,194,0.0,9,0
467,181,0.0,10,0
467,152,0.0,11,0
467,200,0.0,12,0
467,110,0.0,13,0
467,206,0.0,14,0
467,196,0.0,15,0
467,201,0.0,16,0
467,192,0.0,17,0
467,202,0.0,18,0
467,172,0.0,19,0
467,118,0.0,20,0
467,119,0.0,21,0
467,158,0.0,22,0
467,203,0.0,23,0
467,137,0.0,24,0
467,95,0.0,25,0
467,197,0.0,26,0
467,184,0.0,27,0
467,204,0.0,28,0
467,205,0.0,29,0
467,195,0.0,30,0
467,170,0.0,31,0
468,117,18.0,1,2
468,199,6.0,3,0
468,163,4.0,4,0
468,182,3.0,7,0
468,177,2.0,9,0
468,187,7.0,2,0
468,105,3.0,6,0
468,173,0.0,13,0
468,194,0.0,14,0
468,181,2.0,8,0
468,152,0.0,17,0
468,200,0.0,12,0
468,110,0.0,18,0
468,206,0.0,19,0
468,196,0.0,20,0
468,201,0.0,11,0
468,192,0.0,21,0
468,202,1.0,10,0
468,172,0.0,24,0
468,118,0.0,25,0
468,119,0.0,22,0
468,158,0.0,26,0
468,203,0.0,23,0
468,137,0.0,27,0
468,95,4.0,5,0
468,197,0.0,15,0
468,184,0.0,16,0
468,204,0.0,30,0
468,205,0.0,29,0
468,195,0.0,31,0
468,170,0.0,28,0
469,117,18.0,1,2
469,199,6.0,5,0
469,163,4.0,9,0
469,182,12.0,2,1
469,177,8.0,3,0
469,187,8.0,4,0
469,105,6.0,6,0
469,173,2.0,10,0
469,194,0.0,16,0
469,181,2.0,11,0
469,152,0.0,19,0
469,200,0.0,14,0
469,110,0.0,20,0
469,206,0.0,21,0
469,196,0.0,15,0
469,201,0.0,13,0
469,192,0.0,22,0
469,202,1.0,12,0
469,172,0.0,26,0
469,118,0.0,29,0
469,119,4.0,8,0
469,158,0.0,23,0
469,203,0.0,27,0
469,137,0.0,28,0
469,95,4.0,7,0
469,197,0.0,17,0
469,184,0.0,18,0
469,204,0.0,32,0
469,205,0.0,24,0
469,195,0.0,25,0
469,170,0.0,31,0
469,207,0.0,30,0
470,117,18.0,1,2
470,199,6.0,8,0
470,163,4.0,10,0
470,182,12.0,2,1
470,177,8.0,5,0
470,187,8.0,6,0
470,105,10.0,4,0
470,173,2.0,13,0
470,194,2.0,14,0
470,181,2.0,15,0
470,152,0.0,20,0
470,200,0.0,17,0
470,110,0.0,21,0
470,206,0.0,22,0
470,196,0.0,18,0
470,201,0.0,16,0
470,192,0.0,23,0
470,202,10.0,3,1
470,172,0.0,30,0
470,118,0.0,28,0
470,119,4.0,11,0
470,158,0.0,26,0
470,203,6.0,7,0
470,137,0.0,31,0
470,95,4.0,9,0
470,197,3.0,12,0
470,184,0.0,19,0
470,204,0.0,25,0
470,205,0.0,27,0
470,195,0.0,29,0
470,170,0.0,24,0
470,207,0.0,32,0
471,117,18.0,1,2
471,199,6.0,8,0
471,163,4.0,11,0
471,182,12.0,4,1
471,177,14.0,3,0
471,187,17.0,2,1
471,105,10.0,6,0
471,173,5.0,9,0
471,194,2.0,15,0
471,181,2.0,16,0
471,152,0.0,25,0
471,200,0.0,21,0
471,110,0.0,26,0
471,206,0.0,27,0
471,196,0.0,22,0
471,201,0.0,19,0
471,192,1.0,18,0
471,202,10.0,5,1
471,172,0.0,23,0
471,118,0.0,31,0
471,119,4.0,13,0
471,158,4.0,12,0
471,203,6.0,7,0
471,137,2.0,17,0
471,95,4.0,10,0
471,197,3.0,14,0
471,184,0.0,24,0
471,204,0.0,29,0
471,205,0.0,30,0
471,195,0.0,32,0
471,170,0.0,28,0
471,207,0.0,33,0
471,176,0.0,20,0
471,136,0.0,34,0
471,208,0.0,35,0
472,117,18.0,1,2
472,199,6.0,11,0
472,163,4.0,13,0
472,182,12.0,6,1
472,177,14.0,4,0
472,187,17.0,2,1
472,105,10.0,7,0
472,173,7.0,9,0
472,194,2.0,16,0
472,181,2.0,17,0
472,152,0.0,28,0
472,200,0.0,23,0
472,110,4.0,12,0
472,206,1.0,19,0
472,196,0.0,24,0
472,201,0.0,22,0
472,192,1.0,20,0
472,202,16.0,3,1
472,172,0.0,26,0
472,118,0.0,31,0
472,119,13.0,5,1
472,158,4.0,14,0
472,203,6.0,10,0
472,137,2.0,18,0
472,95,7.0,8,0
472,197,3.0,15,0
472,184,0.0,27,0
472,204,0.0,30,0
472,205,0.0,25,0
472,195,0.0,32,0
472,170,0.0,29,0
472,207,0.0,33,0
472,176,0.0,21,0
472,136,0.0,34,0
472,208,0.0,35,0
473,117,18.0,3,2
473,199,6.0,12,0
473,163,4.0,13,0
473,182,12.0,6,1
473,177,17.0,4,0
473,187,26.0,1,2
473,105,10.0,8,0
473,173,7.0,10,0
473,194,2.0,17,0
473,181,2.0,18,0
473,152,0.0,28,0
473,200,0.0,22,0
473,110,4.0,14,0
473,206,3.0,16,0
473,196,0.0,25,0
473,201,0.0,24,0
473,192,1.0,21,0
473,202,20.0,2,1
473,172,1.0,20,0
473,118,0.0,31,0
473,119,13.0,5,1
473,158,10.0,7,0
473,203,6.0,11,0
473,137,2.0,19,0
473,95,7.0,9,0
473,197,3.0,15,0
473,184,0.0,27,0
473,204,0.0,30,0
473,205,0.0,26,0
473,195,0.0,32,0
473,170,0.0,29,0
473,207,0.0,33,0
473,176,0.0,23,0
473,136,0.0,34,0
473,208,0.0,35,0
474,117,18.0,4,2
474,199,6.0,13,0
474,163,4.0,15,0
474,182,12.0,6,1
474,177,17.0,5,0
474,187,30.0,1,2
474,105,10.0,9,0
474,173,10.0,10,0
474,194,2.0,19,0
474,181,2.0,20,0
474,152,0.0,28,0
474,200,0.0,23,0
474,110,5.0,14,0
474,206,3.0,17,0
474,196,0.0,25,0
474,201,0.0,24,0
474,192,1.0,22,0
474,202,20.0,2,1
474,172,1.0,21,0
474,118,0.0,31,0
474,119,19.0,3,1
474,158,10.0,8,0
474,203,6.0,12,0
474,137,11.0,7,1
474,95,7.0,11,0
474,197,3.0,16,0
474,184,0.0,27,0
474,204,0.0,30,0
474,205,0.0,26,0
474,195,0.0,32,0
474,170,0.0,29,0
474,207,0.0,33,0
474,176,2.0,18,0
474,136,0.0,34,0
474,208,0.0,36,0
474,209,0.0,35,0
475,117,18.0,5,2
475,199,6.0,13,0
475,163,4.0,16,0
475,182,15.0,7,1
475,177,21.0,3,0
475,187,30.0,1,2
475,105,10.0,9,0
475,173,10.0,10,0
475,194,2.0,19,0
475,181,2.0,20,0
475,152,0.0,29,0
475,200,0.0,24,0
475,110,5.0,14,0
475,206,5.0,15,0
475,196,0.0,26,0
475,201,0.0,25,0
475,192,1.0,23,0
475,202,29.0,2,2
475,172,1.0,22,0
475,118,0.0,32,0
475,119,19.0,4,1
475,158,10.0,8,0
475,203,6.0,12,0
475,137,17.0,6,1
475,95,7.0,11,0
475,197,3.0,17,0
475,184,1.0,21,0
475,204,0.0,31,0
475,205,0.0,27,0
475,195,0.0,33,0
475,170,0.0,30,0
475,207,0.0,35,0
475,176,2.0,18,0
475,136,0.0,34,0
475,208,0.0,37,0
475,209,0.0,36,0
475,175,0.0,28,0
475,90,0.0,38,0
476,117,19.0,5,2
476,199,6.0,14,0
476,163,4.0,17,0
476,182,24.0,3,2
476,177,21.0,4,0
476,187,30.0,2,2
476,105,10.0,10,0
476,173,13.0,8,0
476,194,2.0,20,0
476,181,2.0,21,0
476,152,0.0,27,0
476,200,0.0,25,0
476,110,5.0,15,0
476,206,7.0,12,0
476,196,0.0,29,0
476,201,0.0,26,0
476,192,1.0,24,0
476,202,35.0,1,2
476,172,1.0,23,0
476,118,0.0,32,0
476,119,19.0,6,1
476,158,10.0,9,0
476,203,6.0,13,0
476,137,17.0,7,1
476,95,7.0,11,0
476,197,3.0,18,0
476,184,1.0,22,0
476,204,0.0,31,0
476,205,0.0,28,0
476,195,0.0,33,0
476,170,0.0,30,0
476,207,0.0,35,0
476,176,2.0,19,0
476,136,0.0,34,0
476,208,0.0,37,0
476,209,0.0,36,0
476,175,4.0,16,0
476,90,0.0,38,0
477,117,25.0,3,2
477,199,6.0,16,0
477,163,13.0,8,1
477,182,24.0,4,2
477,177,23.0,5,0
477,187,30.0,2,2
477,105,11.0,10,0
477,173,13.0,9,0
477,194,2.0,20,0
477,181,2.0,21,0
477,152,0.0,26,0
477,200,0.0,25,0
477,110,5.0,17,0
477,206,7.0,14,0
477,196,0.0,29,0
477,201,0.0,27,0
477,192,1.0,24,0
477,202,39.0,1,2
477,172,1.0,23,0
477,118,0.0,31,0
477,119,19.0,6,1
477,158,10.0,11,0
477,203,6.0,15,0
477,137,17.0,7,1
477,95,7.0,12,0
477,197,3.0,18,0
477,184,1.0,22,0
477,204,0.0,33,0
477,205,0.0,28,0
477,195,0.0,34,0
477,170,0.0,32,0
477,207,0.0,36,0
477,176,2.0,19,0
477,136,0.0,35,0
477,208,0.0,37,0
477,209,0.0,30,0
477,175,7.0,13,0
477,90,0.0,38,0
478,117,25.0,4,2
478,199,6.0,16,0
478,163,19.0,6,1
478,182,24.0,5,2
478,177,27.0,3,0
478,187,30.0,2,2
478,105,14.0,10,0
478,173,13.0,11,0
478,194,2.0,21,0
478,181,2.0,22,0
478,152,2.0,20,0
478,200,0.0,27,0
478,110,5.0,17,0
478,206,7.0,14,0
478,196,0.0,29,0
478,201,0.0,28,0
478,192,1.0,25,0
478,202,39.0,1,2
478,172,1.0,24,0
478,118,0.0,31,0
478,119,19.0,7,1
478,158,10.0,12,0
478,203,6.0,15,0
478,137,17.0,8,1
478,95,7.0,13,0
478,197,3.0,18,0
478,184,1.0,23,0
478,204,0.0,34,0
478,205,0.0,26,0
478,195,0.0,30,0
478,170,0.0,33,0
478,207,0.0,36,0
478,176,3.0,19,0
478,136,0.0,35,0
478,208,0.0,37,0
478,209,0.0,32,0
478,175,16.0,9,1
478,90,0.0,40,0
478,210,0.0,38,0
478,211,0.0,39,0
479,117,25.0,5,2
479,199,6.0,16,0
479,163,19.0,7,1
479,182,26.0,4,2
479,177,33.0,2,0
479,187,30.0,3,2
479,105,14.0,11,0
479,173,22.0,6,1
479,194,2.0,22,0
479,181,2.0,23,0
479,152,2.0,21,0
479,200,0.0,27,0
479,110,5.0,18,0
479,206,7.0,14,0
479,196,0.0,29,0
479,201,0.0,28,0
479,192,1.0,25,0
479,202,39.0,1,2
479,172,5.0,17,0
479,118,0.0,31,0
479,119,19.0,8,1
479,158,10.0,12,0
479,203,6.0,15,0
479,137,17.0,10,1
479,95,7.0,13,0
479,197,3.0,19,0
479,184,2.0,24,0
479,204,0.0,34,0
479,205,0.0,26,0
479,195,0.0,30,0
479,170,0.0,33,0
479,207,0.0,37,0
479,176,3.0,20,0
479,136,0.0,36,0
479,208,0.0,39,0
479,209,0.0,32,0
479,175,19.0,9,1
479,90,0.0,40,0
479,210,0.0,35,0
479,211,0.0,38,0
480,117,31.0,3,2
480,199,6.0,16,0
480,163,19.0,9,1
480,182,30.0,5,2
480,177,42.0,1,1
480,187,30.0,4,2
480,105,14.0,11,0
480,173,23.0,6,1
480,194,2.0,22,0
480,181,2.0,23,0
480,152,2.0,21,0
480,200,0.0,27,0
480,110,5.0,18,0
480,206,7.0,14,0
480,196,0.0,29,0
480,201,0.0,28,0
480,192,1.0,25,0
480,202,39.0,2,2
480,172,5.0,17,0
480,118,0.0,31,0
480,119,21.0,7,1
480,158,10.0,12,0
480,203,6.0,15,0
480,137,20.0,8,1
480,95,7.0,13,0
480,197,3.0,19,0
480,184,2.0,24,0
480,204,0.0,34,0
480,205,0.0,26,0
480,195,0.0,30,0
480,170,0.0,33,0
480,207,0.0,37,0
480,176,3.0,20,0
480,136,0.0,36,0
480,208,0.0,39,0
480,209,0.0,32,0
480,175,19.0,10,1
480,90,0.0,40,0
480,210,0.0,35,0
480,211,0.0,38,0
481,117,31.0,4,2
481,199,6.0,16,0
481,163,28.0,6,2
481,182,30.0,5,2
481,177,42.0,1,1
481,187,33.0,3,2
481,105,16.0,11,0
481,173,23.0,8,1
481,194,2.0,23,0
481,181,2.0,24,0
481,152,2.0,22,0
481,200,0.0,28,0
481,110,5.0,18,0
481,206,7.0,14,0
481,196,0.0,30,0
481,201,0.0,29,0
481,192,1.0,26,0
481,202,39.0,2,2
481,172,5.0,17,0
481,118,0.0,32,0
481,119,21.0,9,1
481,158,11.0,12,0
481,203,6.0,15,0
481,137,20.0,10,1
481,95,7.0,13,0
481,197,3.0,20,0
481,184,2.0,25,0
481,204,0.0,35,0
481,205,0.0,27,0
481,195,0.0,31,0
481,170,0.0,34,0
481,207,4.0,19,0
481,176,3.0,21,0
481,136,0.0,37,0
481,208,0.0,39,0
481,209,0.0,33,0
481,175,25.0,7,1
481,90,0.0,40,0
481,210,0.0,36,0
481,211,0.0,38,0
483,178,9.0,1,1
482,202,39.0,2,2
482,172,5.0,18,0
482,210,0.0,37,0
482,176,3.0,21,0
482,136,0.0,38,0
482,197,3.0,20,0
483,175,1.0,6,0
483,158,2.0,5,0
483,207,3.0,4,0
483,137,4.0,3,0
483,199,6.0,2,0
482,211,0.0,33,0
482,90,0.0,40,0
482,175,25.0,7,1
482,209,0.0,34,0
482,208,0.0,39,0
482,207,4.0,19,0
482,170,0.0,35,0
482,195,0.0,31,0
482,205,0.0,27,0
482,204,0.0,36,0
482,184,2.0,25,0
482,95,7.0,14,0
482,119,21.0,10,1
482,158,15.0,12,0
482,203,6.0,15,0
482,137,20.0,11,1
482,118,0.0,32,0
482,192,1.0,26,0
482,201,0.0,29,0
482,196,0.0,30,0
482,206,8.0,13,0
482,152,2.0,22,0
482,200,0.0,28,0
482,110,5.0,17,0
482,181,2.0,24,0
482,194,2.0,23,0
482,105,25.0,8,1
482,173,23.0,9,1
482,187,39.0,3,2
482,177,44.0,1,1
482,182,30.0,5,2
482,117,34.0,4,2
482,199,6.0,16,0
482,163,28.0,6,2
483,192,0.0,7,0
483,163,0.0,8,0
483,176,0.0,9,0
483,202,0.0,10,0
483,197,0.0,11,0
483,212,0.0,12,0
483,152,0.0,13,0
483,172,0.0,14,0
483,177,0.0,15,0
483,136,0.0,16,0
483,119,0.0,17,0
483,213,0.0,18,0
483,95,0.0,19,0
483,203,0.0,20,0
483,187,0.0,21,0
483,173,0.0,22,0
483,117,0.0,23,0
483,110,0.0,24,0
483,214,0.0,25,0
483,206,0.0,26,0
483,215,0.0,27,0
483,216,0.0,28,0
483,194,0.0,29,0
484,178,15.0,1,1
484,199,15.0,2,1
484,137,4.0,3,0
484,207,3.0,6,0
484,158,2.0,7,0
484,175,1.0,9,0
484,192,0.0,12,0
484,163,0.0,14,0
484,176,3.0,5,0
484,202,0.0,18,0
484,197,0.0,11,0
484,212,0.0,19,0
484,152,0.0,20,0
484,172,1.0,10,0
484,177,0.0,15,0
484,136,0.0,22,0
484,119,4.0,4,0
484,213,0.0,24,0
484,95,0.0,16,0
484,203,0.0,21,0
484,187,0.0,13,0
484,173,2.0,8,0
484,117,0.0,23,0
484,110,0.0,26,0
484,214,0.0,27,0
484,206,0.0,28,0
484,215,0.0,29,0
484,216,0.0,25,0
484,194,0.0,30,0
484,217,0.0,17,0
484,218,0.0,31,0
485,178,18.0,2,1
485,199,21.0,1,1
485,137,13.0,3,1
485,207,3.0,6,0
485,158,2.0,10,0
485,175,1.0,11,0
485,192,0.0,14,0
485,163,2.0,9,0
485,176,3.0,7,0
485,202,0.0,23,0
485,197,0.0,13,0
485,212,0.0,24,0
485,152,0.0,18,0
485,172,1.0,12,0
485,177,0.0,16,0
485,136,0.0,21,0
485,119,4.0,4,0
485,213,0.0,26,0
485,95,0.0,19,0
485,203,0.0,25,0
485,187,0.0,15,0
485,173,3.0,8,0
485,117,4.0,5,0
485,110,0.0,20,0
485,214,0.0,28,0
485,206,0.0,29,0
485,215,0.0,27,0
485,216,0.0,17,0
485,194,0.0,30,0
485,217,0.0,22,0
485,218,0.0,32,0
485,219,0.0,31,0
486,178,18.0,3,1
486,199,25.0,1,1
486,137,22.0,2,2
486,207,3.0,6,0
486,158,2.0,12,0
486,175,1.0,13,0
486,192,0.0,18,0
486,163,2.0,10,0
486,176,3.0,7,0
486,202,2.0,11,0
486,197,0.0,16,0
486,212,3.0,8,0
486,152,0.0,22,0
486,172,1.0,15,0
486,177,0.0,20,0
486,136,0.0,24,0
486,119,10.0,4,0
486,213,0.0,30,0
486,95,0.0,23,0
486,203,0.0,17,0
486,187,0.0,19,0
486,173,3.0,9,0
486,117,4.0,5,0
486,110,1.0,14,0
486,214,0.0,32,0
486,206,0.0,33,0
486,215,0.0,31,0
486,216,0.0,21,0
486,194,0.0,28,0
486,217,0.0,25,0
486,218,0.0,36,0
486,219,0.0,27,0
486,201,0.0,26,0
486,105,0.0,29,0
486,118,0.0,34,0
486,205,0.0,35,0
487,178,18.0,3,1
487,199,34.0,1,2
487,137,22.0,2,2
487,207,3.0,10,0
487,158,3.0,13,0
487,175,1.0,16,0
487,192,0.0,20,0
487,163,2.0,14,0
487,176,3.0,11,0
487,202,2.0,15,0
487,197,0.0,19,0
487,212,3.0,12,0
487,152,0.0,21,0
487,172,7.0,5,0
487,177,0.0,22,0
487,136,0.0,24,0
487,119,10.0,4,0
487,213,0.0,31,0
487,95,4.0,7,0
487,203,3.0,9,0
487,187,0.0,18,0
487,173,5.0,6,0
487,117,4.0,8,0
487,110,1.0,17,0
487,214,0.0,34,0
487,206,0.0,33,0
487,215,0.0,32,0
487,216,0.0,23,0
487,194,0.0,30,0
487,217,0.0,26,0
487,218,0.0,37,0
487,219,0.0,29,0
487,201,0.0,27,0
487,105,0.0,25,0
487,118,0.0,35,0
487,205,0.0,36,0
487,160,0.0,28,0
488,178,24.0,2,1
488,199,34.0,1,2
488,137,22.0,3,2
488,207,3.0,13,0
488,158,5.0,8,0
488,175,1.0,16,0
488,192,0.0,20,0
488,163,2.0,15,0
488,176,4.0,12,0
488,202,5.0,7,0
488,197,0.0,19,0
488,212,3.0,14,0
488,152,0.0,21,0
488,172,11.0,5,0
488,177,0.0,22,0
488,136,0.0,25,0
488,119,10.0,6,0
488,213,0.0,31,0
488,95,4.0,10,0
488,203,12.0,4,1
488,187,0.0,18,0
488,173,5.0,9,0
488,117,4.0,11,0
488,110,1.0,17,0
488,214,0.0,34,0
488,206,0.0,33,0
488,215,0.0,32,0
488,216,0.0,23,0
488,194,0.0,30,0
488,217,0.0,26,0
488,218,0.0,37,0
488,219,0.0,29,0
488,201,0.0,28,0
488,105,0.0,24,0
488,118,0.0,35,0
488,205,0.0,36,0
488,160,0.0,27,0
489,178,24.0,2,1
489,199,37.0,1,2
489,137,22.0,3,2
489,207,3.0,14,0
489,158,5.0,10,0
489,175,1.0,17,0
489,192,0.0,19,0
489,163,2.0,16,0
489,176,4.0,13,0
489,202,5.0,9,0
489,197,0.0,20,0
489,212,3.0,15,0
489,152,0.0,21,0
489,172,17.0,5,0
489,177,0.0,22,0
489,136,0.0,25,0
489,119,10.0,6,0
489,213,0.0,32,0
489,95,5.0,8,0
489,203,21.0,4,2
489,187,4.0,11,0
489,173,7.0,7,0
489,117,4.0,12,0
489,110,1.0,18,0
489,214,0.0,34,0
489,206,0.0,30,0
489,215,0.0,33,0
489,216,0.0,23,0
489,194,0.0,29,0
489,217,0.0,26,0
489,218,0.0,38,0
489,219,0.0,31,0
489,201,0.0,28,0
489,105,0.0,24,0
489,118,0.0,36,0
489,205,0.0,35,0
489,160,0.0,27,0
489,220,0.0,37,0
490,178,24.0,3,1
490,199,37.0,1,2
490,137,26.0,2,2
490,207,3.0,15,0
490,158,5.0,13,0
490,175,1.0,17,0
490,192,0.0,19,0
490,163,5.0,12,0
490,176,4.0,14,0
490,202,7.0,10,0
490,197,0.0,20,0
490,212,3.0,16,0
490,152,0.0,21,0
490,172,17.0,5,0
490,177,0.0,22,0
490,136,0.0,25,0
490,119,10.0,8,0
490,213,0.0,32,0
490,95,5.0,11,0
490,203,21.0,4,2
490,187,10.0,7,0
490,173,8.0,9,0
490,117,13.0,6,1
490,110,1.0,18,0
490,214,0.0,34,0
490,206,0.0,30,0
490,215,0.0,33,0
490,216,0.0,23,0
490,194,0.0,29,0
490,217,0.0,26,0
490,218,0.0,38,0
490,219,0.0,31,0
490,201,0.0,28,0
490,105,0.0,24,0
490,118,0.0,36,0
490,205,0.0,35,0
490,160,0.0,27,0
490,220,0.0,37,0
491,178,24.0,3,1
491,199,43.0,1,2
491,137,26.0,2,2
491,207,3.0,16,0
491,158,8.0,9,0
491,175,1.0,17,0
491,192,0.0,21,0
491,163,5.0,13,0
491,176,4.0,15,0
491,202,7.0,11,0
491,197,0.0,20,0
491,212,5.0,14,0
491,152,0.0,23,0
491,172,21.0,5,0
491,177,0.0,24,0
491,136,0.0,27,0
491,119,10.0,8,0
491,213,0.0,32,0
491,95,5.0,12,0
491,203,21.0,4,2
491,187,19.0,6,1
491,173,8.0,10,0
491,117,13.0,7,1
491,110,1.0,18,0
491,214,0.0,34,0
491,206,0.0,22,0
491,215,0.0,33,0
491,216,0.0,25,0
491,194,0.0,30,0
491,217,0.0,28,0
491,218,0.0,38,0
491,219,0.0,31,0
491,201,1.0,19,0
491,105,0.0,26,0
491,118,0.0,36,0
491,205,0.0,35,0
491,160,0.0,29,0
491,220,0.0,37,0
492,160,0.0,29,0
492,205,0.0,35,0
492,105,0.0,26,0
492,201,1.0,19,0
492,219,0.0,31,0
492,218,0.0,38,0
492,217,0.0,28,0
492,216,0.0,25,0
492,206,0.0,22,0
492,110,1.0,18,0
492,173,8.0,11,0
492,203,21.0,5,2
492,95,5.0,13,0
492,213,0.0,32,0
492,119,10.0,8,0
492,177,0.0,24,0
492,172,25.0,3,0
492,152,0.0,23,0
492,212,8.0,10,0
492,197,0.0,20,0
492,176,4.0,15,0
492,192,0.0,21,0
492,158,10.0,9,0
492,207,3.0,16,0
492,199,43.0,1,2
492,118,0.0,36,0
492,215,0.0,33,0
492,214,0.0,34,0
492,187,20.0,6,1
492,220,0.0,37,0
492,117,19.0,7,1
492,194,0.0,30,0
492,163,5.0,14,0
492,175,1.0,17,0
492,137,35.0,2,3
492,202,7.0,12,0
492,136,0.0,27,0
492,178,24.0,4,1
493,178,27.0,4,1
493,199,45.0,1,2
493,137,39.0,2,3
493,207,3.0,16,0
493,158,10.0,10,0
493,175,1.0,17,0
493,192,0.0,22,0
493,163,11.0,8,0
493,176,4.0,15,0
493,202,7.0,13,0
493,197,0.0,20,0
493,212,8.0,11,0
493,152,0.0,23,0
493,172,34.0,3,1
493,177,0.0,24,0
493,136,0.0,27,0
493,119,10.0,9,0
493,213,0.0,32,0
493,95,5.0,14,0
493,203,21.0,5,2
493,187,21.0,6,1
493,173,8.0,12,0
493,117,19.0,7,1
493,110,1.0,18,0
493,214,0.0,34,0
493,206,0.0,21,0
493,215,0.0,33,0
493,216,0.0,25,0
493,194,0.0,30,0
493,217,0.0,28,0
493,218,0.0,38,0
493,219,0.0,31,0
493,201,1.0,19,0
493,105,0.0,26,0
493,118,0.0,36,0
493,205,0.0,35,0
493,160,0.0,29,0
493,220,0.0,37,0
494,178,31.0,4,1
494,199,45.0,2,2
494,137,45.0,1,3
494,207,3.0,16,0
494,158,10.0,11,0
494,175,1.0,17,0
494,192,0.0,24,0
494,163,11.0,8,0
494,176,4.0,15,0
494,202,7.0,13,0
494,197,0.0,21,0
494,212,11.0,9,0
494,152,0.0,25,0
494,172,34.0,3,1
494,177,0.0,27,0
494,136,0.0,28,0
494,119,10.0,10,0
494,213,0.0,32,0
494,95,5.0,14,0
494,203,21.0,6,2
494,187,21.0,7,1
494,173,10.0,12,0
494,117,28.0,5,2
494,110,1.0,18,0
494,214,0.0,34,0
494,206,0.0,23,0
494,215,0.0,33,0
494,216,0.0,22,0
494,194,1.0,20,0
494,217,0.0,29,0
494,218,0.0,38,0
494,219,0.0,31,0
494,201,1.0,19,0
494,105,0.0,26,0
494,118,0.0,36,0
494,205,0.0,35,0
494,160,0.0,30,0
494,220,0.0,37,0
495,178,37.0,4,1
495,199,49.0,1,2
495,137,46.0,2,3
495,207,3.0,16,0
495,158,10.0,12,0
495,175,1.0,18,0
495,192,0.0,24,0
495,163,11.0,9,0
495,176,4.0,15,0
495,202,9.0,13,0
495,197,0.0,21,0
495,212,11.0,10,0
495,152,0.0,25,0
495,172,34.0,5,1
495,177,0.0,27,0
495,136,0.0,29,0
495,119,10.0,11,0
495,213,0.0,33,0
495,95,5.0,14,0
495,203,21.0,6,2
495,187,21.0,7,1
495,173,13.0,8,0
495,117,37.0,3,3
495,110,1.0,17,0
495,214,0.0,35,0
495,206,0.0,23,0
495,215,0.0,34,0
495,216,0.0,22,0
495,194,1.0,20,0
495,217,0.0,30,0
495,218,0.0,38,0
495,219,0.0,32,0
495,201,1.0,19,0
495,105,0.0,26,0
495,118,0.0,36,0
495,205,0.0,28,0
495,160,0.0,31,0
495,220,0.0,37,0
496,178,37.0,5,1
496,199,49.0,1,2
496,137,48.0,2,3
496,207,3.0,16,0
496,158,10.0,12,0
496,175,1.0,19,0
496,192,0.0,25,0
496,163,11.0,9,0
496,176,4.0,15,0
496,202,9.0,13,0
496,197,0.0,22,0
496,212,11.0,10,0
496,152,3.0,17,0
496,172,43.0,3,2
496,177,0.0,27,0
496,136,0.0,29,0
496,119,10.0,11,0
496,213,0.0,33,0
496,95,5.0,14,0
496,203,25.0,7,2
496,187,27.0,6,1
496,173,14.0,8,0
496,117,37.0,4,3
496,110,1.0,18,0
496,214,0.0,35,0
496,206,0.0,23,0
496,215,0.0,34,0
496,216,0.0,24,0
496,194,1.0,21,0
496,217,0.0,30,0
496,218,0.0,39,0
496,219,0.0,32,0
496,201,1.0,20,0
496,105,0.0,26,0
496,118,0.0,36,0
496,205,0.0,28,0
496,160,0.0,31,0
496,220,0.0,38,0
496,198,0.0,37,0
497,178,46.0,3,2
497,199,49.0,2,2
497,137,50.0,1,3
497,207,3.0,17,0
497,158,10.0,12,0
497,175,1.0,19,0
497,192,0.0,25,0
497,163,11.0,9,0
497,176,4.0,16,0
497,202,9.0,13,0
497,197,0.0,22,0
497,212,11.0,10,0
497,152,7.0,15,0
497,172,44.0,4,2
497,177,0.0,26,0
497,136,0.0,29,0
497,119,10.0,11,0
497,213,0.0,34,0
497,95,8.0,14,0
497,203,25.0,7,2
497,187,27.0,6,1
497,173,14.0,8,0
497,117,43.0,5,3
497,110,1.0,18,0
497,214,0.0,36,0
497,206,0.0,23,0
497,215,0.0,35,0
497,216,0.0,24,0
497,194,1.0,21,0
497,217,0.0,30,0
497,218,0.0,39,0
497,219,0.0,32,0
497,201,1.0,20,0
497,105,0.0,27,0
497,118,0.0,33,0
497,205,0.0,28,0
497,160,0.0,31,0
497,220,0.0,38,0
497,198,0.0,37,0
498,158,0.0,28,0
498,136,0.0,27,0
498,140,0.0,26,0
498,225,0.0,25,0
498,197,0.0,24,0
498,202,0.0,23,0
498,163,0.0,22,0
498,219,0.0,21,0
498,187,0.0,20,0
498,173,0.0,19,0
498,199,0.0,18,0
498,200,0.0,17,0
498,207,0.0,16,0
498,176,0.0,15,0
498,119,0.0,14,0
498,172,0.0,13,0
498,203,0.0,12,0
498,224,0.0,11,0
498,223,0.0,10,0
498,222,0.0,9,0
498,221,0.0,8,0
498,217,0.0,7,0
498,117,1.0,6,0
498,152,2.0,5,0
498,206,3.0,4,0
498,177,4.0,3,0
498,137,6.0,2,0
498,178,9.0,1,1
499,158,0.0,28,0
499,136,0.0,26,0
499,140,0.0,27,0
499,225,0.0,25,0
499,197,0.0,15,0
499,202,3.0,7,0
499,163,9.0,2,1
499,219,0.0,23,0
499,187,0.0,14,0
499,173,6.0,3,0
499,199,0.0,24,0
499,200,0.0,13,0
499,207,0.0,22,0
499,176,0.0,12,0
499,119,1.0,10,0
499,172,0.0,21,0
499,203,0.0,17,0
499,224,0.0,16,0
499,223,0.0,20,0
499,222,0.0,19,0
499,221,0.0,18,0
499,217,0.0,11,0
499,117,3.0,8,0
499,152,2.0,9,0
499,206,3.0,6,0
499,177,4.0,5,0
499,137,6.0,4,0
499,178,13.0,1,1
500,209,0.0,21,0
500,158,0.0,26,0
500,136,0.0,28,0
500,140,0.0,29,0
500,225,0.0,27,0
500,197,0.0,15,0
500,202,7.0,4,0
500,163,18.0,1,2
500,219,0.0,25,0
500,187,0.0,19,0
500,173,6.0,6,0
500,199,2.0,11,0
500,200,1.0,12,0
500,207,0.0,20,0
500,176,0.0,16,0
500,119,1.0,13,0
500,172,6.0,5,0
500,203,0.0,22,0
500,224,0.0,17,0
500,223,0.0,18,0
500,222,0.0,24,0
500,221,0.0,23,0
500,217,0.0,14,0
500,117,3.0,9,0
500,152,2.0,10,0
500,206,3.0,8,0
500,177,4.0,7,0
500,137,9.0,3,0
500,178,13.0,2,1
501,226,0.0,30,0
501,209,0.0,23,0
501,158,0.0,26,0
501,136,0.0,27,0
501,140,0.0,29,0
501,225,0.0,28,0
501,197,0.0,18,0
501,202,8.0,4,0
501,163,18.0,1,2
501,219,0.0,21,0
501,187,3.0,11,0
501,173,6.0,7,0
501,199,2.0,15,0
501,200,1.0,16,0
501,207,0.0,22,0
501,176,0.0,19,0
501,119,7.0,5,0
501,172,6.0,6,0
501,203,0.0,24,0
501,224,4.0,8,0
501,223,0.0,20,0
501,222,2.0,14,0
501,221,0.0,25,0
501,217,0.0,17,0
501,117,3.0,12,0
501,152,2.0,13,0
501,206,3.0,10,0
501,177,4.0,9,0
501,137,18.0,2,1
501,178,13.0,3,1
502,227,0.0,28,0
502,226,0.0,31,0
502,209,0.0,25,0
502,158,0.0,27,0
502,136,0.0,24,0
502,140,0.0,30,0
502,225,0.0,29,0
502,197,2.0,14,0
502,202,17.0,4,1
502,163,21.0,1,2
502,219,0.0,22,0
502,187,3.0,12,0
502,173,6.0,6,0
502,199,6.0,8,0
502,200,1.0,17,0
502,207,0.0,23,0
502,176,0.0,20,0
502,119,7.0,5,0
502,172,6.0,7,0
502,203,1.0,18,0
502,224,4.0,10,0
502,223,0.0,21,0
502,222,2.0,15,0
502,221,0.0,26,0
502,217,0.0,19,0
502,117,3.0,13,0
502,152,2.0,16,0
502,206,3.0,11,0
502,177,4.0,9,0
502,137,18.0,3,1
502,178,19.0,2,1
503,227,0.0,28,0
503,226,0.0,31,0
503,209,0.0,25,0
503,158,0.0,27,0
503,136,0.0,24,0
503,140,0.0,30,0
503,225,0.0,29,0
503,197,2.0,16,0
503,202,17.0,4,1
503,163,21.0,2,2
503,219,0.0,23,0
503,187,3.0,13,0
503,173,6.0,8,0
503,199,15.0,5,1
503,200,4.0,11,0
503,207,0.0,20,0
503,176,0.0,21,0
503,119,7.0,7,0
503,172,12.0,6,0
503,203,3.0,14,0
503,224,5.0,9,0
503,223,0.0,22,0
503,222,2.0,17,0
503,221,0.0,26,0
503,217,0.0,19,0
503,117,3.0,15,0
503,152,2.0,18,0
503,206,3.0,12,0
503,177,4.0,10,0
503,137,22.0,1,1
503,178,19.0,3,1
504,227,0.0,28,0
504,226,0.0,31,0
504,209,0.0,25,0
504,158,0.0,27,0
504,136,0.0,24,0
504,140,0.0,30,0
504,225,0.0,29,0
504,197,2.0,16,0
504,202,23.0,4,1
504,163,23.0,3,2
504,219,0.0,23,0
504,187,3.0,12,0
504,173,6.0,8,0
504,199,16.0,5,1
504,200,4.0,11,0
504,207,0.0,20,0
504,176,0.0,21,0
504,119,7.0,7,0
504,172,16.0,6,0
504,203,3.0,14,0
504,224,5.0,9,0
504,223,0.0,22,0
504,222,2.0,17,0
504,221,0.0,26,0
504,217,0.0,19,0
504,117,3.0,15,0
504,152,2.0,18,0
504,206,3.0,13,0
504,177,4.0,10,0
504,137,25.0,2,1
504,178,28.0,1,2
505,228,0.0,34,0
505,211,0.0,25,0
505,212,0.0,22,0
505,227,0.0,30,0
505,226,0.0,33,0
505,209,0.0,27,0
505,158,0.0,29,0
505,136,0.0,26,0
505,140,0.0,32,0
505,225,0.0,31,0
505,197,4.0,13,0
505,202,23.0,4,1
505,163,23.0,3,2
505,219,0.0,24,0
505,187,3.0,15,0
505,173,6.0,8,0
505,199,20.0,5,1
505,200,4.0,12,0
505,207,0.0,20,0
505,176,0.0,21,0
505,119,7.0,7,0
505,172,16.0,6,0
505,203,3.0,16,0
505,224,5.0,10,0
505,223,0.0,23,0
505,222,2.0,17,0
505,221,0.0,28,0
505,217,0.0,19,0
505,117,4.0,14,0
505,152,2.0,18,0
505,206,6.0,9,0
505,177,4.0,11,0
505,137,31.0,2,1
505,178,37.0,1,3
506,229,0.0,33,0
506,228,0.0,35,0
506,211,0.0,25,0
506,212,0.0,22,0
506,227,0.0,30,0
506,226,0.0,34,0
506,209,0.0,27,0
506,158,0.0,29,0
506,136,0.0,26,0
506,140,0.0,32,0
506,225,0.0,31,0
506,197,4.0,13,0
506,202,23.0,6,1
506,163,23.0,5,2
506,219,0.0,24,0
506,187,3.0,17,0
506,173,6.0,8,0
506,199,26.0,3,1
506,200,4.0,12,0
506,207,0.0,19,0
506,176,0.0,21,0
506,119,7.0,7,0
506,172,25.0,4,1
506,203,4.0,15,0
506,224,5.0,10,0
506,223,0.0,23,0
506,222,2.0,18,0
506,221,0.0,28,0
506,217,0.0,20,0
506,117,4.0,16,0
506,152,4.0,14,0
506,206,6.0,9,0
506,177,4.0,11,0
506,137,34.0,2,1
506,178,41.0,1,3
507,95,0.0,30,0
507,229,0.0,34,0
507,228,0.0,36,0
507,211,0.0,25,0
507,212,0.0,22,0
507,227,0.0,31,0
507,226,0.0,35,0
507,209,0.0,27,0
507,158,0.0,29,0
507,136,0.0,26,0
507,140,0.0,33,0
507,225,0.0,32,0
507,197,4.0,14,0
507,202,23.0,6,1
507,163,23.0,5,2
507,219,9.0,7,1
507,187,3.0,18,0
507,173,7.0,9,0
507,199,30.0,3,1
507,200,4.0,13,0
507,207,0.0,20,0
507,176,0.0,23,0
507,119,7.0,8,0
507,172,28.0,4,1
507,203,4.0,17,0
507,224,5.0,11,0
507,223,0.0,24,0
507,222,2.0,19,0
507,221,0.0,28,0
507,217,0.0,21,0
507,117,4.0,16,0
507,152,4.0,15,0
507,206,6.0,10,0
507,177,4.0,12,0
507,137,36.0,2,1
507,178,47.0,1,3
508,191,0.0,37,0
508,230,0.0,31,0
508,95,0.0,30,0
508,229,0.0,35,0
508,228,0.0,38,0
508,211,0.0,25,0
508,212,0.0,23,0
508,227,0.0,32,0
508,226,0.0,36,0
508,209,0.0,27,0
508,158,0.0,29,0
508,136,0.0,26,0
508,140,0.0,34,0
508,225,0.0,33,0
508,197,6.0,11,0
508,202,23.0,6,1
508,163,29.0,5,2
508,219,9.0,7,1
508,187,3.0,18,0
508,173,7.0,9,0
508,199,33.0,3,1
508,200,4.0,15,0
508,207,0.0,20,0
508,176,0.0,22,0
508,119,7.0,8,0
508,172,32.0,4,1
508,203,4.0,17,0
508,224,5.0,12,0
508,223,0.0,24,0
508,222,2.0,19,0
508,221,0.0,28,0
508,217,0.0,21,0
508,117,5.0,13,0
508,152,4.0,16,0
508,206,6.0,10,0
508,177,4.0,14,0
508,137,45.0,2,2
508,178,47.0,1,3
509,181,0.0,36,0
509,191,0.0,38,0
509,230,0.0,31,0
509,95,0.0,30,0
509,229,0.0,35,0
509,228,0.0,39,0
509,211,0.0,25,0
509,212,0.0,23,0
509,227,0.0,32,0
509,226,0.0,37,0
509,209,0.0,28,0
509,158,0.0,27,0
509,136,0.0,26,0
509,140,0.0,34,0
509,225,0.0,33,0
509,197,6.0,12,0
509,202,24.0,6,1
509,163,29.0,5,2
509,219,9.0,8,1
509,187,3.0,18,0
509,173,10.0,7,0
509,199,37.0,3,1
509,200,4.0,15,0
509,207,0.0,20,0
509,176,0.0,22,0
509,119,7.0,9,0
509,172,32.0,4,1
509,203,4.0,17,0
509,224,5.0,13,0
509,223,0.0,24,0
509,222,2.0,19,0
509,221,0.0,29,0
509,217,0.0,21,0
509,117,5.0,14,0
509,152,4.0,16,0
509,206,6.0,11,0
509,177,6.0,10,0
509,137,54.0,1,3
509,178,53.0,2,3
510,214,0.0,41,0
510,110,0.0,32,0
510,181,0.0,38,0
510,191,0.0,34,0
510,230,0.0,31,0
510,95,0.0,30,0
510,229,0.0,37,0
510,228,0.0,40,0
510,211,0.0,25,0
510,212,1.0,20,0
510,227,0.0,33,0
510,226,0.0,39,0
510,209,0.0,28,0
510,158,0.0,27,0
510,136,0.0,26,0
510,140,0.0,36,0
510,225,0.0,35,0
510,197,6.0,13,0
510,202,28.0,6,1
510,163,29.0,5,2
510,219,9.0,8,1
510,187,6.0,11,0
510,173,10.0,7,0
510,199,40.0,3,1
510,200,4.0,17,0
510,207,0.0,21,0
510,176,0.0,23,0
510,119,7.0,9,0
510,172,32.0,4,1
510,203,6.0,14,0
510,224,5.0,15,0
510,223,0.0,24,0
510,222,2.0,19,0
510,221,0.0,29,0
510,217,0.0,22,0
510,117,5.0,16,0
510,152,4.0,18,0
510,206,6.0,12,0
510,177,6.0,10,0
510,137,54.0,2,3
510,178,62.0,1,4
511,214,0.0,41,0
511,110,0.0,32,0
511,181,0.0,38,0
511,191,0.0,34,0
511,230,0.0,31,0
511,95,0.0,30,0
511,229,0.0,37,0
511,228,0.0,40,0
511,211,0.0,24,0
511,212,1.0,21,0
511,227,0.0,33,0
511,226,0.0,39,0
511,209,0.0,28,0
511,158,0.0,27,0
511,136,0.0,26,0
511,140,0.0,36,0
511,225,0.0,35,0
511,197,6.0,13,0
511,202,32.0,5,1
511,163,29.0,6,2
511,219,9.0,8,1
511,187,6.0,11,0
511,173,13.0,7,0
511,199,42.0,3,1
511,200,4.0,17,0
511,207,1.0,20,0
511,176,0.0,22,0
511,119,7.0,9,0
511,172,34.0,4,1
511,203,6.0,14,0
511,224,5.0,15,0
511,223,0.0,25,0
511,222,2.0,19,0
511,221,0.0,29,0
511,217,0.0,23,0
511,117,5.0,16,0
511,152,4.0,18,0
511,206,6.0,12,0
511,177,6.0,10,0
511,137,54.0,2,3
511,178,67.0,1,5
512,233,0.0,26,0
512,119,0.0,25,0
512,232,0.0,24,0
512,137,0.0,23,0
512,175,0.0,22,0
512,202,0.0,21,0
512,222,0.0,20,0
512,163,0.0,19,0
512,182,0.0,18,0
512,219,0.0,17,0
512,197,0.0,16,0
512,231,0.0,15,0
512,136,0.0,14,0
512,212,0.0,13,0
512,203,0.0,12,0
512,206,0.0,11,0
512,223,0.0,10,0
512,178,0.0,9,0
512,200,0.0,8,0
512,173,0.0,7,0
512,224,1.0,6,0
512,207,2.0,5,0
512,221,3.0,4,0
512,187,4.0,3,0
512,199,6.0,2,0
512,172,9.0,1,1
513,233,0.0,21,0
513,119,0.0,13,0
513,232,0.0,26,0
513,137,0.0,25,0
513,175,0.0,24,0
513,202,3.0,5,0
513,222,1.0,9,0
513,163,0.0,22,0
513,182,0.0,23,0
513,219,0.0,15,0
513,197,0.0,20,0
513,231,0.0,19,0
513,136,0.0,17,0
513,212,0.0,18,0
513,203,2.0,6,0
513,206,0.0,16,0
513,223,0.0,14,0
513,178,0.0,12,0
513,200,0.0,10,0
513,173,0.0,11,0
513,224,1.0,8,0
513,207,2.0,7,0
513,221,9.0,3,0
513,187,4.0,4,0
513,199,10.0,2,0
513,172,18.0,1,2
514,233,0.0,25,0
514,119,0.0,17,0
514,232,0.0,26,0
514,137,0.0,14,0
514,175,0.0,20,0
514,202,3.0,9,0
514,222,7.0,5,0
514,163,0.0,24,0
514,182,1.0,11,0
514,219,0.0,19,0
514,197,4.0,8,0
514,231,0.0,15,0
514,136,0.0,22,0
514,212,0.0,23,0
514,203,11.0,3,1
514,206,0.0,21,0
514,223,0.0,16,0
514,178,0.0,18,0
514,200,0.0,12,0
514,173,0.0,13,0
514,224,1.0,10,0
514,207,5.0,6,0
514,221,9.0,4,0
514,187,4.0,7,0
514,199,12.0,2,0
514,172,18.0,1,2
515,233,0.0,25,0
515,119,0.0,18,0
515,232,0.0,26,0
515,137,0.0,15,0
515,175,0.0,20,0
515,202,3.0,10,0
515,222,13.0,3,0
515,163,0.0,24,0
515,182,1.0,12,0
515,219,0.0,19,0
515,197,5.0,7,0
515,231,0.0,16,0
515,136,0.0,22,0
515,212,0.0,23,0
515,203,20.0,1,2
515,206,0.0,21,0
515,223,0.0,17,0
515,178,4.0,9,0
515,200,0.0,14,0
515,173,0.0,13,0
515,224,1.0,11,0
515,207,8.0,6,0
515,221,11.0,5,0
515,187,4.0,8,0
515,199,12.0,4,0
515,172,18.0,2,2
516,234,0.0,27,0
516,233,0.0,24,0
516,119,0.0,17,0
516,232,0.0,26,0
516,137,0.0,15,0
516,175,0.0,20,0
516,202,4.0,10,0
516,222,16.0,5,0
516,163,0.0,19,0
516,182,1.0,12,0
516,219,0.0,21,0
516,197,7.0,7,0
516,231,0.0,16,0
516,136,0.0,23,0
516,212,0.0,25,0
516,203,20.0,1,2
516,206,0.0,22,0
516,223,0.0,18,0
516,178,4.0,9,0
516,200,0.0,14,0
516,173,0.0,13,0
516,224,1.0,11,0
516,207,12.0,6,0
516,221,20.0,2,1
516,187,4.0,8,0
516,199,18.0,4,0
516,172,18.0,3,2
517,152,0.0,26,0
517,234,0.0,28,0
517,233,0.0,17,0
517,119,2.0,11,0
517,232,0.0,27,0
517,137,0.0,16,0
517,175,0.0,22,0
517,202,8.0,7,0
517,222,24.0,2,1
517,163,0.0,20,0
517,182,1.0,13,0
517,219,0.0,23,0
517,197,7.0,8,0
517,231,0.0,18,0
517,136,0.0,21,0
517,212,0.0,25,0
517,203,20.0,3,2
517,206,0.0,24,0
517,223,0.0,19,0
517,178,4.0,10,0
517,200,0.0,15,0
517,173,0.0,14,0
517,224,1.0,12,0
517,207,12.0,6,0
517,221,20.0,4,1
517,187,5.0,9,0
517,199,19.0,5,0
517,172,24.0,1,2
518,152,0.0,26,0
518,234,0.0,28,0
518,233,0.0,18,0
518,119,2.0,12,0
518,232,0.0,27,0
518,137,0.0,17,0
518,175,0.0,22,0
518,202,8.0,8,0
518,222,30.0,1,2
518,163,0.0,20,0
518,182,1.0,15,0
518,219,0.0,23,0
518,197,7.0,9,0
518,231,0.0,19,0
518,136,0.0,21,0
518,212,0.0,25,0
518,203,20.0,3,2
518,206,0.0,24,0
518,223,6.0,10,0
518,178,4.0,11,0
518,200,1.0,13,0
518,173,0.0,16,0
518,224,1.0,14,0
518,207,12.0,6,0
518,221,20.0,4,1
518,187,8.0,7,0
518,199,20.0,5,0
518,172,24.0,2,2
519,236,0.0,31,0
519,235,0.0,29,0
519,177,0.0,22,0
519,152,0.0,27,0
519,234,0.0,30,0
519,233,0.0,20,0
519,119,2.0,14,0
519,232,0.0,28,0
519,137,0.0,19,0
519,175,0.0,23,0
519,202,8.0,10,0
519,222,30.0,1,2
519,163,4.0,13,0
519,182,1.0,17,0
519,219,9.0,7,1
519,197,9.0,8,0
519,231,0.0,21,0
519,136,0.0,24,0
519,212,0.0,26,0
519,203,26.0,2,2
519,206,0.0,25,0
519,223,7.0,11,0
519,178,7.0,12,0
519,200,1.0,15,0
519,173,0.0,18,0
519,224,1.0,16,0
519,207,12.0,6,0
519,221,20.0,4,1
519,187,8.0,9,0
519,199,20.0,5,0
519,172,24.0,3,2
520,236,0.0,28,0
520,235,1.0,18,0
520,177,0.0,25,0
520,152,0.0,29,0
520,234,0.0,31,0
520,233,0.0,22,0
520,119,2.0,14,0
520,232,0.0,30,0
520,137,0.0,20,0
520,175,0.0,21,0
520,202,8.0,12,0
520,222,32.0,1,2
520,163,10.0,10,0
520,182,1.0,17,0
520,219,9.0,11,1
520,197,13.0,7,0
520,231,0.0,23,0
520,136,0.0,26,0
520,212,0.0,24,0
520,203,26.0,2,2
520,206,0.0,27,0
520,223,16.0,6,1
520,178,7.0,13,0
520,200,1.0,15,0
520,173,0.0,19,0
520,224,1.0,16,0
520,207,12.0,8,0
520,221,20.0,4,1
520,187,11.0,9,0
520,199,20.0,5,0
520,172,24.0,3,2
521,209,0.0,22,0
521,236,0.0,29,0
521,235,1.0,18,0
521,177,0.0,26,0
521,152,0.0,30,0
521,234,0.0,32,0
521,233,0.0,23,0
521,119,2.0,14,0
521,232,0.0,31,0
521,137,0.0,20,0
521,175,0.0,21,0
521,202,8.0,13,0
521,222,35.0,1,2
521,163,10.0,11,0
521,182,1.0,17,0
521,219,9.0,12,1
521,197,13.0,8,0
521,231,0.0,24,0
521,136,0.0,27,0
521,212,0.0,25,0
521,203,26.0,3,2
521,206,0.0,28,0
521,223,22.0,4,1
521,178,16.0,7,1
521,200,2.0,15,0
521,173,0.0,19,0
521,224,1.0,16,0
521,207,12.0,10,0
521,221,20.0,5,1
521,187,13.0,9,0
521,199,20.0,6,0
521,172,28.0,2,2
522,209,0.0,22,0
522,236,0.0,29,0
522,235,1.0,18,0
522,177,0.0,27,0
522,152,0.0,30,0
522,234,0.0,32,0
522,233,0.0,24,0
522,119,2.0,14,0
522,232,0.0,31,0
522,137,0.0,20,0
522,175,0.0,21,0
522,202,8.0,13,0
522,222,38.0,1,2
522,163,11.0,11,0
522,182,1.0,17,0
522,219,9.0,12,1
522,197,13.0,8,0
522,231,0.0,25,0
522,136,0.0,28,0
522,212,0.0,26,0
522,203,32.0,2,2
522,206,0.0,23,0
522,223,24.0,5,1
522,178,25.0,4,2
522,200,2.0,15,0
522,173,0.0,19,0
522,224,1.0,16,0
522,207,12.0,10,0
522,221,20.0,6,1
522,187,13.0,9,0
522,199,20.0,7,0
522,172,32.0,3,2
523,209,0.0,23,0
523,236,0.0,29,0
523,235,3.0,15,0
523,177,0.0,27,0
523,152,0.0,30,0
523,234,0.0,32,0
523,233,0.0,25,0
523,119,2.0,17,0
523,232,0.0,31,0
523,137,3.0,14,0
523,175,0.0,22,0
523,202,8.0,13,0
523,222,44.0,1,2
523,163,11.0,11,0
523,182,1.0,19,0
523,219,9.0,12,1
523,197,13.0,8,0
523,231,0.0,26,0
523,136,0.0,28,0
523,212,0.0,21,0
523,203,32.0,4,2
523,206,0.0,24,0
523,223,24.0,5,1
523,178,34.0,3,3
523,200,3.0,16,0
523,173,0.0,20,0
523,224,1.0,18,0
523,207,12.0,10,0
523,221,20.0,6,1
523,187,13.0,9,0
523,199,20.0,7,0
523,172,36.0,2,2
524,176,0.0,34,0
524,230,0.0,29,0
524,209,0.0,23,0
524,236,0.0,30,0
524,235,3.0,16,0
524,177,0.0,27,0
524,152,0.0,31,0
524,234,0.0,33,0
524,233,0.0,25,0
524,119,2.0,18,0
524,232,0.0,32,0
524,137,3.0,15,0
524,175,0.0,22,0
524,202,8.0,13,0
524,222,51.0,1,3
524,163,11.0,11,0
524,182,4.0,14,0
524,219,9.0,12,1
524,197,14.0,8,0
524,231,0.0,26,0
524,136,0.0,28,0
524,212,0.0,21,0
524,203,38.0,2,2
524,206,0.0,24,0
524,223,27.0,5,1
524,178,34.0,4,3
524,200,3.0,17,0
524,173,0.0,20,0
524,224,1.0,19,0
524,207,14.0,9,0
524,221,20.0,6,1
524,187,13.0,10,0
524,199,20.0,7,0
524,172,36.0,3,2
525,237,0.0,36,0
525,217,0.0,24,0
525,176,0.0,35,0
525,230,0.0,30,0
525,209,0.0,23,0
525,236,0.0,31,0
525,235,3.0,16,0
525,177,0.0,29,0
525,152,0.0,32,0
525,234,0.0,34,0
525,233,0.0,26,0
525,119,2.0,18,0
525,232,0.0,33,0
525,137,3.0,15,0
525,175,0.0,22,0
525,202,10.0,12,0
525,222,51.0,1,3
525,163,11.0,11,0
525,182,4.0,14,0
525,219,9.0,13,1
525,197,14.0,8,0
525,231,0.0,27,0
525,136,0.0,28,0
525,212,0.0,21,0
525,203,44.0,2,2
525,206,0.0,25,0
525,223,29.0,5,1
525,178,40.0,3,4
525,200,3.0,17,0
525,173,0.0,20,0
525,224,1.0,19,0
525,207,14.0,9,0
525,221,20.0,6,1
525,187,14.0,10,0
525,199,20.0,7,0
525,172,36.0,4,2
526,237,0.0,36,0
526,217,0.0,24,0
526,176,0.0,33,0
526,230,0.0,30,0
526,209,0.0,25,0
526,236,0.0,31,0
526,235,3.0,17,0
526,177,0.0,29,0
526,152,0.0,32,0
526,234,0.0,35,0
526,233,2.0,19,0
526,119,2.0,20,0
526,232,0.0,34,0
526,137,3.0,16,0
526,175,0.0,23,0
526,202,14.0,10,0
526,222,51.0,1,3
526,163,17.0,8,0
526,182,4.0,14,0
526,219,9.0,13,1
526,197,14.0,11,0
526,231,0.0,27,0
526,136,0.0,28,0
526,212,0.0,22,0
526,203,47.0,2,3
526,206,0.0,26,0
526,223,29.0,5,1
526,178,40.0,3,4
526,200,3.0,18,0
526,173,3.0,15,0
526,224,1.0,21,0
526,207,14.0,12,0
526,221,20.0,6,1
526,187,15.0,9,0
526,199,20.0,7,0
526,172,36.0,4,2
527,242,0.0,27,0
527,158,0.0,26,0
527,212,0.0,25,0
527,211,0.0,24,0
527,232,0.0,23,0
527,241,0.0,22,0
527,240,0.0,21,0
527,178,0.0,20,0
527,187,0.0,19,0
527,230,0.0,18,0
527,233,0.0,17,0
527,172,0.0,16,0
527,223,0.0,15,0
527,202,0.0,14,0
527,239,0.0,13,0
527,197,0.0,12,0
527,200,0.0,11,0
527,222,0.0,10,0
527,224,0.0,9,0
527,203,0.0,8,0
527,199,0.0,7,0
527,175,1.0,6,0
527,238,2.0,5,0
527,231,3.0,4,0
527,221,4.0,3,0
527,182,6.0,2,0
527,207,9.0,1,1
528,119,0.0,16,0
528,242,0.0,28,0
528,158,0.0,27,0
528,212,0.0,22,0
528,211,0.0,25,0
528,232,0.0,26,0
528,241,0.0,24,0
528,240,0.0,23,0
528,178,0.0,17,0
528,187,0.0,13,0
528,230,0.0,21,0
528,233,0.0,20,0
528,172,0.0,14,0
528,223,2.0,7,0
528,202,1.0,9,0
528,239,0.0,19,0
528,197,0.0,18,0
528,200,0.0,11,0
528,222,0.0,15,0
528,224,6.0,4,0
528,203,0.0,12,0
528,199,9.0,3,1
528,175,1.0,10,0
528,238,2.0,8,0
528,231,3.0,6,0
528,221,4.0,5,0
528,182,10.0,2,0
528,207,12.0,1,1
529,163,0.0,32,0
529,177,0.0,29,0
529,219,0.0,28,0
529,243,0.0,17,0
529,119,0.0,19,0
529,242,0.0,31,0
529,158,0.0,30,0
529,212,0.0,18,0
529,211,0.0,25,0
529,232,0.0,26,0
529,241,0.0,27,0
529,240,0.0,24,0
529,178,3.0,8,0
529,187,4.0,7,0
529,230,0.0,22,0
529,233,0.0,23,0
529,172,2.0,10,0
529,223,2.0,11,0
529,202,2.0,12,0
529,239,0.0,21,0
529,197,0.0,15,0
529,200,0.0,14,0
529,222,0.0,20,0
529,224,6.0,6,0
529,203,0.0,16,0
529,199,9.0,5,1
529,175,1.0,13,0
529,238,11.0,2,1
529,231,3.0,9,0
529,221,10.0,4,0
529,182,10.0,3,0
529,207,12.0,1,1
530,206,0.0,33,0
530,163,0.0,32,0
530,177,0.0,29,0
530,219,0.0,24,0
530,243,0.0,18,0
530,119,1.0,13,0
530,242,0.0,31,0
530,158,0.0,30,0
530,212,0.0,19,0
530,211,0.0,27,0
530,232,0.0,25,0
530,241,0.0,28,0
530,240,0.0,26,0
530,178,3.0,9,0
530,187,4.0,7,0
530,230,0.0,22,0
530,233,0.0,23,0
530,172,4.0,8,0
530,223,2.0,11,0
530,202,2.0,12,0
530,239,0.0,21,0
530,197,0.0,16,0
530,200,0.0,15,0
530,222,0.0,20,0
530,224,6.0,6,0
530,203,0.0,17,0
530,199,18.0,1,2
530,175,1.0,14,0
530,238,14.0,3,1
530,231,3.0,10,0
530,221,14.0,4,0
530,182,10.0,5,0
530,207,18.0,2,1
531,235,0.0,25,0
531,206,0.0,32,0
531,163,0.0,33,0
531,177,0.0,30,0
531,219,0.0,21,0
531,243,0.0,19,0
531,119,2.0,14,0
531,242,0.0,34,0
531,158,0.0,31,0
531,212,0.0,20,0
531,211,0.0,26,0
531,232,0.0,27,0
531,241,0.0,29,0
531,240,0.0,28,0
531,178,3.0,11,0
531,187,7.0,6,0
531,230,0.0,23,0
531,233,0.0,24,0
531,172,4.0,9,0
531,223,2.0,13,0
531,202,4.0,10,0
531,239,0.0,22,0
531,197,0.0,17,0
531,200,0.0,16,0
531,222,4.0,8,0
531,224,6.0,7,0
531,203,0.0,18,0
531,199,18.0,2,2
531,175,1.0,15,0
531,238,14.0,5,1
531,231,3.0,12,0
531,221,23.0,1,1
531,182,16.0,4,0
531,207,18.0,3,1
532,244,0.0,36,0
532,152,0.0,20,0
532,235,0.0,26,0
532,206,0.0,34,0
532,163,0.0,22,0
532,177,0.0,32,0
532,219,0.0,24,0
532,243,0.0,21,0
532,119,2.0,15,0
532,242,0.0,35,0
532,158,0.0,33,0
532,212,0.0,23,0
532,211,0.0,28,0
532,232,0.0,29,0
532,241,0.0,31,0
532,240,0.0,30,0
532,178,3.0,11,0
532,187,7.0,6,0
532,230,0.0,25,0
532,233,0.0,27,0
532,172,6.0,8,0
532,223,2.0,14,0
532,202,5.0,9,0
532,239,0.0,18,0
532,197,0.0,19,0
532,200,0.0,17,0
532,222,4.0,10,0
532,224,6.0,7,0
532,203,3.0,12,0
532,199,22.0,3,2
532,175,1.0,16,0
532,238,20.0,4,1
532,231,3.0,13,0
532,221,23.0,2,1
532,182,16.0,5,0
532,207,27.0,1,2
533,208,0.0,36,0
533,244,0.0,37,0
533,152,0.0,21,0
533,235,0.0,27,0
533,206,0.0,34,0
533,163,0.0,23,0
533,177,0.0,32,0
533,219,0.0,24,0
533,243,0.0,22,0
533,119,2.0,15,0
533,242,0.0,35,0
533,158,0.0,33,0
533,212,0.0,25,0
533,211,0.0,26,0
533,232,0.0,29,0
533,241,0.0,31,0
533,240,0.0,30,0
533,178,3.0,12,0
533,187,9.0,7,0
533,230,0.0,19,0
533,233,0.0,28,0
533,172,10.0,6,0
533,223,2.0,14,0
533,202,5.0,10,0
533,239,0.0,18,0
533,197,0.0,20,0
533,200,0.0,17,0
533,222,7.0,8,0
533,224,6.0,9,0
533,203,3.0,13,0
533,199,22.0,4,2
533,175,1.0,16,0
533,238,26.0,2,1
533,231,4.0,11,0
533,221,23.0,3,1
533,182,16.0,5,0
533,207,36.0,1,3
534,208,0.0,36,0
534,244,0.0,37,0
534,152,0.0,21,0
534,235,0.0,28,0
534,206,0.0,34,0
534,163,0.0,23,0
534,177,0.0,29,0
534,219,0.0,25,0
534,243,0.0,22,0
534,119,8.0,8,0
534,242,0.0,35,0
534,158,0.0,33,0
534,212,0.0,24,0
534,211,0.0,27,0
534,232,0.0,30,0
534,241,0.0,32,0
534,240,0.0,31,0
534,178,3.0,15,0
534,187,9.0,7,0
534,230,0.0,19,0
534,233,0.0,26,0
534,172,10.0,6,0
534,223,4.0,14,0
534,202,5.0,11,0
534,239,0.0,18,0
534,197,0.0,20,0
534,200,0.0,17,0
534,222,7.0,10,0
534,224,7.0,9,0
534,203,3.0,16,0
534,199,22.0,5,2
534,175,4.0,12,0
534,238,30.0,2,1
534,231,4.0,13,0
534,221,23.0,4,1
534,182,25.0,3,1
534,207,36.0,1,3
535,208,0.0,36,0
535,244,0.0,37,0
535,152,0.0,21,0
535,235,0.0,28,0
535,206,0.0,34,0
535,163,0.0,23,0
535,177,0.0,29,0
535,219,0.0,25,0
535,243,0.0,22,0
535,119,8.0,8,0
535,242,0.0,35,0
535,158,0.0,33,0
535,212,0.0,24,0
535,211,0.0,27,0
535,232,0.0,30,0
535,241,0.0,32,0
535,240,0.0,31,0
535,178,5.0,12,0
535,187,12.0,6,0
535,230,0.0,19,0
535,233,0.0,26,0
535,172,10.0,7,0
535,223,4.0,15,0
535,202,5.0,13,0
535,239,0.0,18,0
535,197,0.0,20,0
535,200,0.0,17,0
535,222,8.0,10,0
535,224,7.0,11,0
535,203,3.0,16,0
535,199,22.0,5,2
535,175,4.0,14,0
535,238,36.0,2,1
535,231,8.0,9,0
535,221,23.0,4,1
535,182,25.0,3,1
535,207,45.0,1,4
536,245,0.0,39,0
536,209,0.0,38,0
536,208,0.0,36,0
536,244,0.0,37,0
536,152,0.0,19,0
536,235,0.0,28,0
536,206,0.0,32,0
536,163,0.0,24,0
536,177,0.0,29,0
536,219,0.0,26,0
536,243,0.0,23,0
536,119,8.0,8,0
536,242,0.0,35,0
536,158,0.0,34,0
536,212,0.0,25,0
536,211,0.0,27,0
536,232,0.0,30,0
536,241,0.0,33,0
536,240,0.0,31,0
536,178,5.0,12,0
536,187,16.0,6,0
536,230,0.0,21,0
536,233,2.0,17,0
536,172,10.0,7,0
536,223,4.0,15,0
536,202,5.0,14,0
536,239,0.0,18,0
536,197,0.0,22,0
536,200,0.0,20,0
536,222,8.0,10,0
536,224,7.0,11,0
536,203,3.0,16,0
536,199,31.0,3,3
536,175,5.0,13,0
536,238,36.0,2,1
536,231,8.0,9,0
536,221,26.0,5,1
536,182,31.0,4,1
536,207,45.0,1,4
537,137,0.0,32,0
537,229,0.0,29,0
537,245,0.0,41,0
537,209,0.0,40,0
537,208,0.0,38,0
537,244,0.0,39,0
537,152,0.0,20,0
537,235,0.0,30,0
537,206,0.0,34,0
537,163,0.0,25,0
537,177,0.0,27,0
537,219,0.0,26,0
537,243,0.0,24,0
537,119,8.0,10,0
537,242,0.0,37,0
537,158,0.0,36,0
537,212,1.0,18,0
537,211,0.0,28,0
537,232,0.0,31,0
537,241,0.0,35,0
537,240,0.0,33,0
537,178,5.0,13,0
537,187,16.0,6,0
537,230,0.0,22,0
537,233,2.0,17,0
537,172,14.0,8,0
537,223,4.0,15,0
537,202,7.0,12,0
537,239,0.0,19,0
537,197,0.0,23,0
537,200,0.0,21,0
537,222,14.0,7,0
537,224,10.0,9,0
537,203,3.0,16,0
537,199,31.0,3,3
537,175,5.0,14,0
537,238,36.0,2,1
537,231,8.0,11,0
537,221,26.0,5,1
537,182,31.0,4,1
537,207,54.0,1,5
538,246,0.0,41,0
538,137,0.0,32,0
538,229,0.0,29,0
538,245,0.0,42,0
538,209,0.0,40,0
538,208,0.0,38,0
538,244,0.0,39,0
538,152,0.0,21,0
538,235,0.0,30,0
538,206,0.0,34,0
538,163,0.0,25,0
538,177,0.0,27,0
538,219,0.0,26,0
538,243,0.0,24,0
538,119,8.0,10,0
538,242,0.0,37,0
538,158,0.0,36,0
538,212,1.0,19,0
538,211,0.0,28,0
538,232,0.0,31,0
538,241,0.0,35,0
538,240,0.0,33,0
538,178,5.0,14,0
538,187,16.0,6,0
538,230,1.0,18,0
538,233,2.0,17,0
538,172,16.0,7,0
538,223,4.0,16,0
538,202,7.0,13,0
538,239,0.0,20,0
538,197,0.0,23,0
538,200,0.0,22,0
538,222,14.0,8,0
538,224,13.0,9,0
538,203,7.0,12,0
538,199,31.0,4,3
538,175,5.0,15,0
538,238,45.0,2,2
538,231,8.0,11,0
538,221,32.0,3,1
538,182,31.0,5,1
538,207,54.0,1,5
539,247,0.0,40,0
539,246,0.0,42,0
539,137,0.0,32,0
539,229,0.0,29,0
539,245,0.0,43,0
539,209,0.0,41,0
539,208,0.0,38,0
539,244,0.0,39,0
539,152,0.0,21,0
539,235,0.0,30,0
539,206,0.0,34,0
539,163,0.0,25,0
539,177,0.0,27,0
539,219,0.0,26,0
539,243,0.0,24,0
539,119,8.0,10,0
539,242,0.0,37,0
539,158,0.0,36,0
539,212,1.0,19,0
539,211,0.0,28,0
539,232,0.0,31,0
539,241,0.0,35,0
539,240,0.0,33,0
539,178,5.0,14,0
539,187,19.0,6,0
539,230,1.0,18,0
539,233,2.0,17,0
539,172,16.0,7,0
539,223,4.0,16,0
539,202,7.0,13,0
539,239,0.0,20,0
539,197,0.0,23,0
539,200,0.0,22,0
539,222,14.0,9,0
539,224,15.0,8,0
539,203,8.0,11,0
539,199,31.0,5,3
539,175,5.0,15,0
539,238,51.0,2,2
539,231,8.0,12,0
539,221,32.0,4,1
539,182,35.0,3,1
539,207,63.0,1,6
540,248,0.0,41,0
540,247,0.0,38,0
540,246,0.0,43,0
540,137,0.0,26,0
540,229,0.0,31,0
540,245,0.0,44,0
540,209,0.0,42,0
540,208,0.0,39,0
540,244,0.0,40,0
540,152,0.0,21,0
540,235,0.0,32,0
540,206,0.0,29,0
540,163,0.0,25,0
540,177,0.0,28,0
540,219,0.0,27,0
540,243,0.0,24,0
540,119,8.0,10,0
540,242,0.0,37,0
540,158,0.0,36,0
540,212,1.0,19,0
540,211,0.0,30,0
540,232,0.0,33,0
540,241,0.0,35,0
540,240,0.0,34,0
540,178,5.0,15,0
540,187,25.0,6,0
540,230,1.0,18,0
540,233,2.0,17,0
540,172,19.0,7,0
540,223,4.0,16,0
540,202,7.0,14,0
540,239,0.0,20,0
540,197,0.0,23,0
540,200,0.0,22,0
540,222,14.0,9,0
540,224,15.0,8,0
540,203,8.0,11,0
540,199,35.0,4,3
540,175,7.0,13,0
540,238,51.0,2,2
540,231,8.0,12,0
540,221,32.0,5,1
540,182,44.0,3,2
540,207,64.0,1,6
541,213,0.0,41,0
541,249,0.0,33,0
541,248,0.0,43,0
541,247,0.0,35,0
541,246,0.0,45,0
541,137,0.0,28,0
541,229,0.0,31,0
541,245,0.0,46,0
541,209,0.0,44,0
541,208,0.0,40,0
541,244,0.0,42,0
541,152,0.0,22,0
541,235,0.0,32,0
541,206,0.0,24,0
541,163,0.0,26,0
541,177,0.0,29,0
541,219,3.0,17,0
541,243,0.0,27,0
541,119,8.0,11,0
541,242,0.0,39,0
541,158,0.0,38,0
541,212,1.0,20,0
541,211,0.0,30,0
541,232,0.0,34,0
541,241,0.0,37,0
541,240,0.0,36,0
541,178,11.0,10,0
541,187,25.0,6,0
541,230,1.0,19,0
541,233,2.0,18,0
541,172,19.0,7,0
541,223,4.0,16,0
541,202,7.0,15,0
541,239,0.0,21,0
541,197,0.0,25,0
541,200,0.0,23,0
541,222,18.0,8,0
541,224,17.0,9,0
541,203,8.0,12,0
541,199,44.0,3,4
541,175,8.0,14,0
541,238,51.0,2,2
541,231,8.0,13,0
541,221,32.0,5,1
541,182,44.0,4,2
541,207,64.0,1,6
542,213,0.0,38,0
542,249,0.0,33,0
542,248,0.0,43,0
542,247,0.0,35,0
542,246,0.0,45,0
542,137,0.0,28,0
542,229,0.0,31,0
542,245,0.0,46,0
542,209,0.0,44,0
542,208,0.0,41,0
542,244,0.0,42,0
542,152,0.0,23,0
542,235,0.0,32,0
542,206,1.0,20,0
542,163,0.0,26,0
542,177,0.0,29,0
542,219,3.0,17,0
542,243,0.0,27,0
542,119,11.0,12,0
542,242,0.0,40,0
542,158,0.0,39,0
542,212,1.0,21,0
542,211,0.0,30,0
542,232,0.0,34,0
542,241,0.0,37,0
542,240,0.0,36,0
542,178,11.0,11,0
542,187,25.0,6,0
542,230,1.0,19,0
542,233,2.0,18,0
542,172,19.0,8,0
542,223,4.0,16,0
542,202,7.0,15,0
542,239,0.0,22,0
542,197,0.0,25,0
542,200,0.0,24,0
542,222,24.0,7,0
542,224,17.0,10,0
542,203,17.0,9,1
542,199,48.0,3,4
542,175,8.0,14,0
542,238,51.0,2,2
542,231,8.0,13,0
542,221,34.0,5,1
542,182,44.0,4,2
542,207,64.0,1,6
543,255,0.0,21,0
543,254,0.0,20,0
543,246,0.0,19,0
543,182,0.0,18,0
543,253,0.0,17,0
543,238,0.0,16,0
543,200,0.0,15,0
543,231,0.0,14,0
543,221,0.0,13,0
543,172,0.0,12,0
543,237,0.0,11,0
543,187,0.0,10,0
543,252,0.0,9,0
543,251,0.0,8,0
543,230,0.0,7,0
543,223,1.0,6,0
543,207,2.0,5,0
543,224,3.0,4,0
543,199,4.0,3,0
543,250,6.0,2,0
543,222,9.0,1,1
544,256,0.0,22,0
544,255,2.0,8,0
544,254,1.0,10,0
544,246,0.0,16,0
544,182,4.0,6,0
544,253,0.0,11,0
544,238,0.0,21,0
544,200,0.0,20,0
544,231,6.0,4,0
544,221,0.0,19,0
544,172,0.0,18,0
544,237,0.0,17,0
544,187,0.0,15,0
544,252,0.0,14,0
544,251,0.0,13,0
544,230,0.0,12,0
544,223,1.0,9,0
544,207,2.0,7,0
544,224,6.0,5,0
544,199,13.0,1,1
544,250,6.0,3,0
544,222,9.0,2,1
545,257,0.0,25,0
545,233,0.0,24,0
545,239,0.0,17,0
545,256,0.0,18,0
545,255,2.0,8,0
545,254,1.0,13,0
545,246,0.0,16,0
545,182,13.0,3,1
545,253,0.0,15,0
545,238,0.0,23,0
545,200,2.0,10,0
545,231,9.0,4,0
545,221,4.0,7,0
545,172,0.0,22,0
545,237,0.0,21,0
545,187,1.0,12,0
545,252,0.0,20,0
545,251,0.0,19,0
545,230,0.0,14,0
545,223,1.0,11,0
545,207,2.0,9,0
545,224,6.0,6,0
545,199,13.0,2,1
545,250,6.0,5,0
545,222,15.0,1,1
546,178,0.0,27,0
546,205,0.0,18,0
546,197,1.0,14,0
546,257,0.0,28,0
546,233,0.0,26,0
546,239,0.0,20,0
546,256,0.0,21,0
546,255,2.0,9,0
546,254,1.0,13,0
546,246,0.0,19,0
546,182,19.0,1,1
546,253,0.0,16,0
546,238,0.0,25,0
546,200,2.0,10,0
546,231,9.0,5,0
546,221,7.0,7,0
546,172,0.0,17,0
546,237,0.0,24,0
546,187,1.0,12,0
546,252,0.0,23,0
546,251,0.0,22,0
546,230,0.0,15,0
546,223,1.0,11,0
546,207,11.0,4,1
546,224,8.0,6,0
546,199,13.0,3,1
546,250,6.0,8,0
546,222,19.0,2,1
547,260,0.0,35,0
547,259,0.0,34,0
547,232,0.0,33,0
547,229,0.0,31,0
547,211,0.0,30,0
547,208,0.0,25,0
547,258,0.0,24,0
547,178,0.0,29,0
547,205,0.0,22,0
547,197,1.0,15,0
547,257,0.0,32,0
547,233,1.0,13,0
547,239,0.0,21,0
547,256,0.0,26,0
547,255,4.0,10,0
547,254,1.0,14,0
547,246,0.0,20,0
547,182,19.0,4,1
547,253,0.0,18,0
547,238,0.0,19,0
547,200,5.0,9,0
547,231,9.0,5,0
547,221,7.0,7,0
547,172,0.0,17,0
547,237,0.0,28,0
547,187,1.0,12,0
547,252,0.0,27,0
547,251,0.0,23,0
547,230,0.0,16,0
547,223,1.0,11,0
547,207,20.0,2,2
547,224,8.0,6,0
547,199,19.0,3,1
547,250,6.0,8,0
547,222,23.0,1,1
548,235,0.0,25,0
548,119,0.0,22,0
548,260,0.0,37,0
548,259,0.0,36,0
548,232,0.0,35,0
548,229,0.0,33,0
548,211,0.0,27,0
548,208,0.0,29,0
548,258,0.0,28,0
548,178,1.0,15,0
548,205,0.0,24,0
548,197,1.0,12,0
548,257,0.0,34,0
548,233,1.0,14,0
548,239,0.0,23,0
548,256,0.0,30,0
548,255,4.0,10,0
548,254,1.0,16,0
548,246,0.0,21,0
548,182,25.0,2,1
548,253,0.0,19,0
548,238,0.0,20,0
548,200,8.0,7,0
548,231,9.0,5,0
548,221,7.0,8,0
548,172,0.0,18,0
548,237,0.0,32,0
548,187,1.0,13,0
548,252,0.0,31,0
548,251,0.0,26,0
548,230,0.0,17,0
548,223,1.0,11,0
548,207,22.0,4,2
548,224,8.0,6,0
548,199,23.0,3,1
548,250,6.0,9,0
548,222,32.0,1,2
549,212,0.0,39,0
549,261,0.0,38,0
549,235,0.0,27,0
549,119,0.0,23,0
549,260,0.0,37,0
549,259,0.0,32,0
549,232,0.0,33,0
549,229,0.0,22,0
549,211,0.0,30,0
549,208,0.0,31,0
549,258,0.0,24,0
549,178,3.0,13,0
549,205,0.0,26,0
549,197,1.0,16,0
549,257,0.0,36,0
549,233,2.0,14,0
549,239,0.0,25,0
549,256,0.0,29,0
549,255,13.0,5,1
549,254,1.0,18,0
549,246,0.0,21,0
549,182,31.0,2,1
549,253,0.0,20,0
549,238,4.0,11,0
549,200,8.0,8,0
549,231,9.0,6,0
549,221,7.0,9,0
549,172,0.0,19,0
549,237,0.0,35,0
549,187,1.0,17,0
549,252,0.0,34,0
549,251,0.0,28,0
549,230,3.0,12,0
549,223,1.0,15,0
549,207,22.0,4,2
549,224,8.0,7,0
549,199,23.0,3,1
549,250,6.0,10,0
549,222,32.0,1,2
550,263,0.0,41,0
550,262,0.0,24,0
550,212,0.0,39,0
550,261,0.0,40,0
550,235,0.0,28,0
550,119,0.0,23,0
550,260,0.0,38,0
550,259,0.0,32,0
550,232,0.0,34,0
550,229,0.0,22,0
550,211,0.0,30,0
550,208,0.0,33,0
550,258,0.0,26,0
550,178,3.0,14,0
550,205,0.0,27,0
550,197,1.0,18,0
550,257,0.0,37,0
550,233,2.0,16,0
550,239,0.0,25,0
550,256,0.0,31,0
550,255,13.0,6,1
550,254,1.0,19,0
550,246,0.0,21,0
550,182,31.0,2,1
550,253,0.0,20,0
550,238,4.0,12,0
550,200,14.0,5,0
550,231,9.0,9,0
550,221,10.0,7,0
550,172,9.0,8,1
550,237,0.0,36,0
550,187,3.0,15,0
550,252,0.0,35,0
550,251,0.0,29,0
550,230,3.0,13,0
550,223,1.0,17,0
550,207,23.0,4,2
550,224,8.0,10,0
550,199,27.0,3,1
550,250,6.0,11,0
550,222,32.0,1,2
551,175,0.0,40,0
551,263,0.0,42,0
551,262,0.0,24,0
551,212,0.0,38,0
551,261,0.0,41,0
551,235,0.0,29,0
551,119,0.0,23,0
551,260,0.0,39,0
551,259,0.0,32,0
551,232,0.0,34,0
551,229,0.0,22,0
551,211,0.0,26,0
551,208,0.0,33,0
551,258,0.0,27,0
551,178,3.0,15,0
551,205,0.0,28,0
551,197,1.0,18,0
551,257,0.0,37,0
551,233,2.0,16,0
551,239,0.0,25,0
551,256,0.0,31,0
551,255,16.0,5,1
551,254,1.0,19,0
551,246,0.0,21,0
551,182,33.0,1,1
551,253,0.0,20,0
551,238,4.0,13,0
551,200,14.0,6,0
551,231,13.0,7,0
551,221,10.0,8,0
551,172,9.0,9,1
551,237,0.0,36,0
551,187,9.0,10,0
551,252,0.0,35,0
551,251,0.0,30,0
551,230,3.0,14,0
551,223,1.0,17,0
551,207,32.0,2,3
551,224,8.0,11,0
551,199,28.0,4,1
551,250,6.0,12,0
551,222,32.0,3,2
552,266,0.0,49,0
552,245,0.0,48,0
552,265,0.0,47,0
552,264,0.0,46,0
552,219,0.0,40,0
552,267,0.0,33,0
552,203,0.0,31,0
552,175,0.0,41,0
552,263,0.0,45,0
552,262,0.0,24,0
552,212,0.0,42,0
552,261,0.0,44,0
552,235,0.0,29,0
552,119,0.0,23,0
552,260,0.0,43,0
552,259,0.0,34,0
552,232,0.0,36,0
552,229,0.0,22,0
552,211,0.0,27,0
552,208,0.0,35,0
552,258,0.0,25,0
552,178,3.0,16,0
552,205,0.0,28,0
552,197,1.0,18,0
552,257,0.0,39,0
552,233,4.0,14,0
552,239,0.0,26,0
552,256,0.0,32,0
552,255,20.0,6,1
552,254,1.0,19,0
552,246,0.0,21,0
552,182,39.0,1,1
552,253,0.0,20,0
552,238,4.0,13,0
552,200,17.0,7,0
552,231,22.0,5,1
552,221,10.0,9,0
552,172,10.0,8,1
552,237,0.0,38,0
552,187,9.0,10,0
552,252,0.0,37,0
552,251,0.0,30,0
552,230,3.0,15,0
552,223,1.0,17,0
552,207,32.0,2,3
552,224,8.0,11,0
552,199,28.0,4,1
552,250,6.0,12,0
552,222,32.0,3,2
553,269,0.0,45,0
553,268,0.0,43,0
553,266,0.0,51,0
553,245,0.0,50,0
553,265,0.0,49,0
553,264,0.0,48,0
553,219,0.0,42,0
553,267,0.0,21,0
553,203,0.0,34,0
553,175,1.0,20,0
553,263,0.0,47,0
553,262,0.0,27,0
553,212,0.0,41,0
553,261,0.0,46,0
553,235,0.0,32,0
553,119,0.0,24,0
553,260,0.0,44,0
553,259,0.0,36,0
553,232,0.0,38,0
553,229,0.0,26,0
553,211,0.0,30,0
553,208,0.0,37,0
553,258,0.0,28,0
553,178,3.0,16,0
553,205,0.0,31,0
553,197,1.0,18,0
553,257,0.0,40,0
553,233,8.0,11,0
553,239,0.0,29,0
553,256,0.0,35,0
553,255,20.0,6,1
553,254,1.0,19,0
553,246,0.0,25,0
553,182,48.0,1,2
553,253,0.0,22,0
553,238,4.0,15,0
553,200,17.0,7,0
553,231,22.0,5,1
553,221,10.0,9,0
553,172,10.0,8,1
553,237,0.0,23,0
553,187,9.0,10,0
553,252,0.0,39,0
553,251,0.0,33,0
553,230,5.0,14,0
553,223,1.0,17,0
553,207,32.0,3,3
553,224,8.0,12,0
553,199,31.0,4,1
553,250,6.0,13,0
553,222,38.0,2,2
554,270,0.0,44,0
554,269,0.0,46,0
554,268,0.0,43,0
554,266,0.0,52,0
554,245,0.0,51,0
554,265,0.0,50,0
554,264,0.0,49,0
554,219,0.0,42,0
554,267,0.0,22,0
554,203,0.0,34,0
554,175,1.0,20,0
554,263,0.0,48,0
554,262,0.0,29,0
554,212,0.0,41,0
554,261,0.0,47,0
554,235,0.0,32,0
554,119,0.0,26,0
554,260,0.0,45,0
554,259,0.0,36,0
554,232,0.0,38,0
554,229,0.0,28,0
554,211,0.0,21,0
554,208,0.0,37,0
554,258,0.0,25,0
554,178,12.0,8,1
554,205,0.0,31,0
554,197,1.0,18,0
554,257,0.0,40,0
554,233,12.0,9,0
554,239,0.0,30,0
554,256,0.0,35,0
554,255,20.0,6,1
554,254,1.0,19,0
554,246,0.0,27,0
554,182,54.0,1,2
554,253,0.0,23,0
554,238,6.0,15,0
554,200,18.0,7,0
554,231,22.0,5,1
554,221,10.0,11,0
554,172,10.0,10,1
554,237,0.0,24,0
554,187,9.0,12,0
554,252,0.0,39,0
554,251,0.0,33,0
554,230,5.0,16,0
554,223,1.0,17,0
554,207,32.0,4,3
554,224,8.0,13,0
554,199,34.0,3,1
554,250,6.0,14,0
554,222,38.0,2,2
555,247,0.0,51,0
555,270,0.0,44,0
555,269,0.0,46,0
555,268,0.0,43,0
555,266,0.0,53,0
555,245,0.0,52,0
555,265,0.0,50,0
555,264,0.0,49,0
555,219,0.0,41,0
555,267,0.0,22,0
555,203,0.0,34,0
555,175,3.0,17,0
555,263,0.0,48,0
555,262,0.0,30,0
555,212,0.0,42,0
555,261,0.0,47,0
555,235,0.0,33,0
555,119,0.0,28,0
555,260,0.0,45,0
555,259,0.0,36,0
555,232,0.0,38,0
555,229,0.0,29,0
555,211,0.0,21,0
555,208,0.0,37,0
555,258,0.0,27,0
555,178,12.0,9,1
555,205,0.0,32,0
555,197,1.0,19,0
555,257,0.0,40,0
555,233,12.0,10,0
555,239,0.0,26,0
555,256,0.0,35,0
555,255,20.0,6,1
555,254,1.0,20,0
555,246,0.0,24,0
555,182,63.0,1,3
555,253,0.0,23,0
555,238,6.0,15,0
555,200,18.0,7,0
555,231,22.0,5,1
555,221,10.0,12,0
555,172,16.0,8,1
555,237,0.0,25,0
555,187,9.0,13,0
555,252,0.0,39,0
555,251,0.0,31,0
555,230,5.0,16,0
555,223,1.0,18,0
555,207,32.0,4,3
555,224,11.0,11,0
555,199,35.0,3,1
555,250,6.0,14,0
555,222,42.0,2,2
556,220,0.0,55,0
556,271,0.0,53,0
556,241,0.0,45,0
556,152,0.0,40,0
556,247,0.0,54,0
556,270,0.0,46,0
556,269,0.0,48,0
556,268,0.0,44,0
556,266,0.0,57,0
556,245,0.0,56,0
556,265,0.0,52,0
556,264,0.0,51,0
556,219,0.0,41,0
556,267,0.0,23,0
556,203,0.0,34,0
556,175,3.0,18,0
556,263,0.0,50,0
556,262,0.0,30,0
556,212,0.0,43,0
556,261,0.0,49,0
556,235,0.0,33,0
556,119,0.0,28,0
556,260,0.0,47,0
556,259,0.0,36,0
556,232,0.0,38,0
556,229,0.0,29,0
556,211,0.0,22,0
556,208,0.0,37,0
556,258,0.0,21,0
556,178,16.0,9,1
556,205,0.0,32,0
556,197,1.0,19,0
556,257,0.0,42,0
556,233,12.0,10,0
556,239,0.0,27,0
556,256,0.0,35,0
556,255,20.0,7,1
556,254,1.0,20,0
556,246,0.0,25,0
556,182,69.0,1,3
556,253,0.0,24,0
556,238,7.0,14,0
556,200,21.0,6,0
556,231,22.0,5,1
556,221,10.0,12,0
556,172,16.0,8,1
556,237,0.0,26,0
556,187,9.0,13,0
556,252,0.0,39,0
556,251,0.0,31,0
556,230,5.0,16,0
557,240,0.0,46,0
557,220,0.0,56,0
557,271,0.0,54,0
557,241,0.0,47,0
557,152,0.0,41,0
557,247,0.0,55,0
557,270,0.0,39,0
557,269,0.0,49,0
557,268,0.0,45,0
557,266,0.0,58,0
557,245,0.0,57,0
557,265,0.0,53,0
557,264,0.0,52,0
557,219,0.0,42,0
557,267,0.0,23,0
557,203,0.0,34,0
557,175,3.0,18,0
557,263,0.0,51,0
557,262,0.0,30,0
557,212,0.0,44,0
557,261,0.0,50,0
557,235,0.0,33,0
557,119,0.0,28,0
557,260,0.0,48,0
557,259,0.0,36,0
557,232,0.0,38,0
557,229,0.0,29,0
557,211,0.0,21,0
557,208,0.0,37,0
557,258,0.0,22,0
557,178,16.0,9,1
557,205,0.0,32,0
557,197,1.0,19,0
557,257,0.0,43,0
557,233,12.0,10,0
557,239,0.0,27,0
557,256,0.0,35,0
557,255,20.0,7,1
557,254,1.0,20,0
557,246,0.0,25,0
557,182,72.0,1,3
557,253,0.0,24,0
557,238,7.0,14,0
557,200,21.0,6,0
557,231,31.0,5,2
557,221,10.0,12,0
557,172,16.0,8,1
557,237,0.0,26,0
557,187,9.0,13,0
557,252,0.0,40,0
557,251,0.0,31,0
557,230,5.0,16,0
557,223,5.0,17,0
557,207,47.0,2,4
557,224,11.0,11,0
557,199,36.0,4,1
557,250,6.0,15,0
557,222,46.0,3,2
558,240,0.0,25,0
558,220,0.0,56,0
558,271,0.0,54,0
558,241,0.0,47,0
558,152,0.0,42,0
558,247,0.0,55,0
558,270,0.0,40,0
558,269,0.0,49,0
558,268,0.0,46,0
558,266,0.0,58,0
558,245,0.0,57,0
558,265,0.0,53,0
558,264,0.0,52,0
558,219,0.0,43,0
558,267,0.0,23,0
558,203,0.0,35,0
558,175,5.0,18,0
558,263,0.0,51,0
558,262,0.0,31,0
558,212,0.0,45,0
558,261,0.0,50,0
558,235,0.0,34,0
558,119,0.0,29,0
558,260,0.0,48,0
558,259,0.0,37,0
558,232,0.0,39,0
558,229,0.0,30,0
558,211,0.0,21,0
558,208,0.0,38,0
558,258,0.0,22,0
558,178,19.0,8,1
558,205,0.0,33,0
558,197,1.0,19,0
558,257,0.0,44,0
558,233,12.0,11,0
558,239,0.0,28,0
558,256,0.0,36,0
558,255,20.0,7,1
558,254,1.0,20,0
558,246,0.0,27,0
558,182,72.0,1,3
558,253,0.0,24,0
558,238,7.0,14,0
558,200,25.0,6,0
558,231,31.0,5,2
558,221,16.0,10,0
558,172,16.0,9,1
558,237,0.0,26,0
558,187,9.0,13,0
558,252,0.0,41,0
558,251,0.0,32,0
558,230,6.0,16,0
558,223,5.0,17,0
558,207,47.0,3,4
558,224,11.0,12,0
558,199,36.0,4,1
558,250,6.0,15,0
558,222,55.0,2,3
559,274,0.0,48,0
559,273,0.0,37,0
559,272,0.0,32,0
559,240,0.0,26,0
559,220,0.0,59,0
559,271,0.0,57,0
559,241,0.0,50,0
559,152,0.0,44,0
559,247,0.0,58,0
559,270,0.0,42,0
559,269,0.0,52,0
559,268,0.0,49,0
559,266,0.0,61,0
559,245,0.0,60,0
559,265,0.0,56,0
559,264,0.0,55,0
559,219,0.0,45,0
559,267,0.0,24,0
559,203,0.0,36,0
559,175,5.0,18,0
559,263,0.0,54,0
559,262,0.0,31,0
559,212,0.0,47,0
559,261,0.0,53,0
559,235,0.0,35,0
559,119,1.0,20,0
559,260,0.0,51,0
559,259,0.0,39,0
559,232,0.0,41,0
559,229,0.0,30,0
559,211,0.0,22,0
559,208,0.0,40,0
559,258,0.0,23,0
559,178,22.0,7,1
559,205,0.0,34,0
559,197,1.0,19,0
559,257,0.0,46,0
559,233,12.0,11,0
559,239,0.0,29,0
559,256,0.0,38,0
559,255,20.0,8,1
559,254,1.0,21,0
559,246,0.0,28,0
559,182,72.0,1,3
559,253,0.0,25,0
559,238,7.0,14,0
559,200,25.0,6,0
559,231,40.0,5,3
559,221,20.0,9,0
559,172,18.0,10,1
559,237,0.0,27,0
559,187,9.0,13,0
559,252,0.0,43,0
559,251,0.0,33,0
559,230,6.0,16,0
559,223,5.0,17,0
559,207,47.0,3,4
559,224,11.0,12,0
559,199,42.0,4,1
559,250,6.0,15,0
559,222,55.0,2,3
556,223,3.0,17,0
556,207,41.0,3,4
556,224,11.0,11,0
556,199,35.0,4,1
556,250,6.0,15,0
556,222,42.0,2,2
560,270,0.0,22,0
560,187,0.0,21,0
560,207,0.0,20,0
560,238,0.0,19,0
560,172,0.0,18,0
560,230,0.0,17,0
560,231,0.0,16,0
560,197,0.0,15,0
560,275,0.0,14,0
560,224,0.0,13,0
560,199,0.0,12,0
560,253,0.0,11,0
560,250,0.0,10,0
560,254,0.0,9,0
560,235,0.0,8,0
560,223,0.0,7,0
560,200,1.0,6,0
560,222,2.0,5,0
560,233,3.0,4,0
560,252,4.0,3,0
560,221,6.0,2,0
560,182,9.0,1,1
561,251,0.0,29,0
561,255,0.0,28,0
561,229,0.0,23,0
561,278,0.0,21,0
561,277,0.0,20,0
561,239,0.0,17,0
561,276,0.0,15,0
561,270,0.0,27,0
561,187,2.0,8,0
561,207,1.0,9,0
561,238,0.0,26,0
561,172,0.0,25,0
561,230,0.0,12,0
561,231,6.0,3,0
561,197,0.0,24,0
561,275,0.0,22,0
561,224,0.0,19,0
561,199,0.0,18,0
561,253,0.0,16,0
561,250,0.0,14,0
561,254,0.0,13,0
561,235,0.0,11,0
561,223,0.0,10,0
561,200,5.0,4,0
561,222,5.0,5,0
561,233,3.0,7,0
561,252,4.0,6,0
561,221,6.0,2,0
561,182,18.0,1,2
562,232,0.0,30,0
562,178,0.0,27,0
562,251,0.0,31,0
562,255,0.0,28,0
562,229,0.0,26,0
562,278,0.0,14,0
562,277,0.0,24,0
562,239,0.0,22,0
562,276,0.0,20,0
562,270,0.0,29,0
562,187,2.0,10,0
562,207,1.0,12,0
562,238,0.0,19,0
562,172,3.0,9,0
562,230,0.0,16,0
562,231,6.0,5,0
562,197,0.0,13,0
562,275,0.0,25,0
562,224,1.0,11,0
562,199,0.0,23,0
562,253,0.0,21,0
562,250,0.0,17,0
562,254,0.0,18,0
562,235,0.0,15,0
562,223,9.0,3,1
562,200,7.0,4,0
562,222,5.0,6,0
562,233,3.0,8,0
562,252,4.0,7,0
562,221,10.0,2,0
562,182,24.0,1,2
563,208,0.0,35,0
563,279,0.0,34,0
563,271,0.0,33,0
563,256,0.0,27,0
563,232,0.0,30,0
563,178,0.0,20,0
563,251,0.0,32,0
563,255,4.0,8,0
563,229,0.0,29,0
563,278,2.0,12,0
563,277,0.0,22,0
563,239,0.0,26,0
563,276,0.0,24,0
563,270,0.0,31,0
563,187,2.0,13,0
563,207,1.0,16,0
563,238,0.0,23,0
563,172,3.0,10,0
563,230,0.0,19,0
563,231,15.0,2,1
563,197,0.0,18,0
563,275,0.0,28,0
563,224,1.0,15,0
563,199,3.0,11,0
563,253,0.0,25,0
563,250,1.0,14,0
563,254,0.0,21,0
563,235,0.0,17,0
563,223,9.0,4,1
563,200,7.0,5,0
563,222,5.0,6,0
563,233,3.0,9,0
563,252,4.0,7,0
563,221,10.0,3,0
563,182,30.0,1,2
564,265,0.0,37,0
564,258,0.0,32,0
564,208,0.0,36,0
564,279,0.0,35,0
564,271,0.0,28,0
564,256,0.0,20,0
564,232,0.0,31,0
564,178,2.0,14,0
564,251,0.0,34,0
564,255,4.0,9,0
564,229,0.0,30,0
564,278,2.0,13,0
564,277,0.0,23,0
564,239,0.0,26,0
564,276,0.0,25,0
564,270,0.0,33,0
564,187,2.0,12,0
564,207,1.0,17,0
564,238,0.0,24,0
564,172,7.0,7,0
564,230,0.0,21,0
564,231,15.0,3,1
564,197,0.0,19,0
564,275,0.0,29,0
564,224,1.0,16,0
564,199,3.0,11,0
564,253,0.0,27,0
564,250,1.0,15,0
564,254,0.0,22,0
564,235,0.0,18,0
564,223,15.0,2,1
564,200,8.0,5,0
564,222,8.0,6,0
564,233,3.0,10,0
564,252,4.0,8,0
564,221,10.0,4,0
564,182,39.0,1,3
565,280,0.0,34,0
565,265,0.0,38,0
565,258,0.0,32,0
565,208,0.0,37,0
565,279,0.0,36,0
565,271,0.0,28,0
565,256,0.0,20,0
565,232,0.0,31,0
565,178,2.0,14,0
565,251,0.0,35,0
565,255,4.0,10,0
565,229,0.0,30,0
565,278,2.0,13,0
565,277,0.0,23,0
565,239,0.0,26,0
565,276,0.0,25,0
565,270,0.0,33,0
565,187,2.0,12,0
565,207,1.0,17,0
565,238,0.0,24,0
565,172,7.0,7,0
565,230,0.0,21,0
565,231,15.0,3,1
565,197,0.0,18,0
565,275,0.0,29,0
565,224,2.0,15,0
565,199,3.0,11,0
565,253,0.0,27,0
565,250,1.0,16,0
565,254,0.0,22,0
565,235,0.0,19,0
565,223,15.0,2,1
565,200,10.0,6,0
565,222,14.0,5,0
565,233,6.0,8,0
565,252,4.0,9,0
565,221,14.0,4,0
565,182,48.0,1,4
566,281,0.0,36,0
566,280,0.0,34,0
566,265,0.0,39,0
566,258,0.0,32,0
566,208,0.0,38,0
566,279,0.0,37,0
566,271,0.0,28,0
566,256,0.0,22,0
566,232,0.0,29,0
566,178,2.0,14,0
566,251,0.0,35,0
566,255,4.0,10,0
566,229,0.0,31,0
566,278,2.0,13,0
566,277,0.0,24,0
566,239,0.0,26,0
566,276,0.0,25,0
566,270,0.0,33,0
566,187,2.0,12,0
566,207,1.0,17,0
566,238,0.0,20,0
566,172,10.0,6,0
566,230,0.0,21,0
566,231,17.0,4,1
566,197,0.0,18,0
566,275,0.0,30,0
566,224,2.0,15,0
566,199,3.0,11,0
566,253,0.0,27,0
566,250,1.0,16,0
566,254,0.0,23,0
566,235,0.0,19,0
566,223,16.0,5,1
566,200,10.0,7,0
566,222,23.0,2,1
566,233,6.0,8,0
566,252,4.0,9,0
566,221,20.0,3,0
566,182,52.0,1,4
567,282,0.0,40,0
567,281,0.0,37,0
567,280,0.0,34,0
567,265,0.0,32,0
567,258,0.0,33,0
567,208,0.0,39,0
567,279,0.0,38,0
567,271,0.0,29,0
567,256,0.0,22,0
567,232,0.0,23,0
567,178,2.0,16,0
567,251,0.0,36,0
567,255,4.0,11,0
567,229,0.0,31,0
567,278,2.0,15,0
567,277,0.0,25,0
567,239,0.0,27,0
567,276,0.0,26,0
567,270,0.0,35,0
567,187,6.0,8,0
567,207,3.0,14,0
567,238,0.0,20,0
567,172,10.0,6,0
567,230,0.0,21,0
567,231,26.0,2,2
567,197,0.0,18,0
567,275,0.0,30,0
567,224,2.0,17,0
567,199,3.0,13,0
567,253,0.0,28,0
567,250,4.0,12,0
567,254,0.0,24,0
567,235,0.0,19,0
567,223,16.0,5,1
567,200,10.0,7,0
567,222,24.0,4,1
567,233,6.0,9,0
567,252,4.0,10,0
567,221,26.0,3,0
567,182,52.0,1,4
568,283,0.0,42,0
568,242,0.0,40,0
568,282,0.0,41,0
568,281,0.0,37,0
568,280,0.0,34,0
568,265,0.0,32,0
568,258,0.0,33,0
568,208,0.0,39,0
568,279,0.0,38,0
568,271,0.0,30,0
568,256,0.0,23,0
568,232,0.0,24,0
568,178,4.0,13,0
568,251,0.0,36,0
568,255,4.0,11,0
568,229,0.0,21,0
568,278,2.0,17,0
568,277,0.0,26,0
568,239,0.0,28,0
568,276,0.0,27,0
568,270,0.0,35,0
568,187,10.0,6,0
568,207,3.0,15,0
568,238,0.0,20,0
568,172,10.0,7,0
568,230,0.0,22,0
568,231,26.0,3,2
568,197,0.0,18,0
568,275,0.0,31,0
568,224,3.0,16,0
568,199,3.0,14,0
568,253,0.0,29,0
568,250,4.0,12,0
568,254,0.0,25,0
568,235,0.0,19,0
568,223,16.0,5,1
568,200,10.0,8,0
568,222,30.0,2,1
568,233,6.0,10,0
568,252,7.0,9,0
568,221,26.0,4,0
568,182,61.0,1,5
569,284,0.0,33,0
569,243,1.0,18,0
569,283,0.0,44,0
569,242,0.0,42,0
569,282,0.0,43,0
569,281,0.0,39,0
569,280,0.0,36,0
569,265,0.0,34,0
569,258,0.0,35,0
569,208,0.0,41,0
569,279,0.0,40,0
569,271,0.0,31,0
569,256,0.0,24,0
569,232,0.0,25,0
569,178,4.0,13,0
569,251,0.0,38,0
569,255,6.0,11,0
569,229,0.0,22,0
569,278,2.0,17,0
569,277,0.0,27,0
569,239,0.0,29,0
569,276,0.0,28,0
569,270,0.0,37,0
569,187,10.0,7,0
569,207,3.0,15,0
569,238,0.0,21,0
569,172,10.0,8,0
569,230,0.0,23,0
569,231,35.0,3,3
569,197,0.0,19,0
569,275,0.0,32,0
569,224,3.0,16,0
569,199,3.0,14,0
569,253,0.0,30,0
569,250,7.0,10,0
569,254,0.0,26,0
569,235,0.0,20,0
569,223,16.0,5,1
569,200,14.0,6,0
569,222,36.0,2,1
569,233,6.0,12,0
569,252,7.0,9,0
569,221,26.0,4,0
569,182,61.0,1,5
570,246,0.0,37,0
570,284,0.0,31,0
570,243,1.0,19,0
570,283,0.0,45,0
570,242,0.0,43,0
570,282,0.0,44,0
570,281,0.0,40,0
570,280,0.0,26,0
570,265,0.0,35,0
570,258,0.0,36,0
570,208,0.0,42,0
570,279,0.0,41,0
570,271,0.0,34,0
570,256,0.0,24,0
570,232,0.0,25,0
570,178,4.0,14,0
570,251,0.0,39,0
570,255,10.0,9,0
570,229,0.0,22,0
570,278,2.0,17,0
570,277,0.0,28,0
570,239,0.0,29,0
570,276,0.0,30,0
570,270,0.0,38,0
570,187,19.0,5,1
570,207,5.0,13,0
570,238,1.0,18,0
570,172,16.0,7,0
570,230,0.0,23,0
570,231,38.0,2,3
570,197,0.0,20,0
570,275,0.0,33,0
570,224,3.0,16,0
570,199,3.0,15,0
570,253,0.0,32,0
570,250,7.0,11,0
570,254,0.0,27,0
570,235,0.0,21,0
570,223,16.0,6,1
570,200,14.0,8,0
570,222,36.0,3,1
570,233,6.0,12,0
570,252,7.0,10,0
570,221,26.0,4,0
570,182,61.0,1,5
571,260,0.0,40,0
571,257,0.0,38,0
571,246,0.0,37,0
571,284,0.0,31,0
571,243,1.0,20,0
571,283,0.0,47,0
571,242,0.0,45,0
571,282,0.0,46,0
571,281,0.0,42,0
571,280,0.0,25,0
571,265,0.0,35,0
571,258,0.0,36,0
571,208,0.0,44,0
571,279,0.0,43,0
571,271,0.0,34,0
571,256,0.0,24,0
571,232,0.0,26,0
571,178,4.0,14,0
571,251,0.0,41,0
571,255,10.0,9,0
571,229,0.0,23,0
571,278,2.0,17,0
571,277,0.0,28,0
571,239,0.0,29,0
571,276,0.0,30,0
571,270,0.0,39,0
571,187,19.0,6,1
571,207,9.0,11,0
571,238,1.0,18,0
571,172,16.0,7,0
571,230,1.0,19,0
571,231,47.0,2,4
571,197,0.0,21,0
571,275,0.0,33,0
571,224,3.0,16,0
571,199,3.0,15,0
571,253,0.0,32,0
571,250,7.0,12,0
571,254,0.0,27,0
571,235,0.0,22,0
571,223,22.0,5,1
571,200,14.0,8,0
571,222,38.0,3,1
571,233,6.0,13,0
571,252,10.0,10,0
571,221,26.0,4,0
571,182,61.0,1,5
572,285,0.0,47,0
572,260,0.0,40,0
572,257,0.0,38,0
572,246,0.0,37,0
572,284,0.0,31,0
572,243,1.0,20,0
572,283,0.0,48,0
572,242,0.0,45,0
572,282,0.0,46,0
572,281,0.0,42,0
572,280,0.0,25,0
572,265,0.0,35,0
572,258,0.0,36,0
572,208,0.0,44,0
572,279,0.0,43,0
572,271,0.0,34,0
572,256,0.0,24,0
572,232,0.0,26,0
572,178,4.0,15,0
572,251,0.0,41,0
572,255,10.0,10,0
572,229,0.0,23,0
572,278,2.0,18,0
572,277,0.0,28,0
572,239,0.0,29,0
572,276,0.0,30,0
572,270,0.0,39,0
572,187,19.0,7,1
572,207,9.0,12,0
572,238,10.0,9,1
572,172,20.0,6,0
572,230,1.0,19,0
572,231,47.0,2,4
572,197,0.0,21,0
572,275,0.0,33,0
572,224,3.0,17,0
572,199,3.0,16,0
572,253,0.0,32,0
572,250,7.0,13,0
572,254,0.0,27,0
572,235,0.0,22,0
572,223,28.0,4,1
572,200,14.0,8,0
572,222,40.0,3,1
572,233,6.0,14,0
572,252,10.0,11,0
572,221,27.0,5,0
572,182,64.0,1,5
573,285,0.0,42,0
573,260,0.0,40,0
573,257,0.0,38,0
573,246,0.0,37,0
573,284,0.0,31,0
573,243,1.0,20,0
573,283,0.0,48,0
573,242,0.0,46,0
573,282,0.0,47,0
573,281,0.0,43,0
573,280,0.0,25,0
573,265,0.0,35,0
573,258,0.0,36,0
573,208,0.0,45,0
573,279,0.0,44,0
573,271,0.0,34,0
573,256,0.0,24,0
573,232,0.0,26,0
573,178,4.0,15,0
573,251,0.0,41,0
573,255,10.0,11,0
573,229,0.0,23,0
573,278,2.0,18,0
573,277,0.0,28,0
573,239,0.0,29,0
573,276,0.0,30,0
573,270,0.0,39,0
573,187,19.0,7,1
573,207,13.0,9,0
573,238,10.0,10,1
573,172,20.0,6,0
573,230,1.0,19,0
573,231,56.0,2,5
573,197,0.0,21,0
573,275,0.0,33,0
573,224,3.0,17,0
573,199,3.0,16,0
573,253,0.0,32,0
573,250,7.0,13,0
573,254,0.0,27,0
573,235,0.0,22,0
573,223,29.0,5,1
573,200,16.0,8,0
573,222,43.0,3,1
573,233,6.0,14,0
573,252,10.0,12,0
573,221,33.0,4,0
573,182,64.0,1,5
574,286,0.0,36,0
574,237,0.0,35,0
574,285,0.0,44,0
574,260,0.0,42,0
574,257,0.0,40,0
574,246,0.0,39,0
574,284,0.0,31,0
574,243,1.0,20,0
574,283,0.0,50,0
574,242,0.0,48,0
574,282,0.0,49,0
574,281,0.0,45,0
574,280,0.0,25,0
574,265,0.0,37,0
574,258,0.0,38,0
574,208,0.0,47,0
574,279,0.0,46,0
574,271,0.0,34,0
574,256,0.0,24,0
574,232,0.0,26,0
574,178,4.0,15,0
574,251,0.0,43,0
574,255,10.0,11,0
574,229,0.0,23,0
574,278,2.0,18,0
574,277,0.0,28,0
574,239,0.0,29,0
574,276,0.0,30,0
574,270,0.0,41,0
574,187,20.0,6,1
574,207,13.0,9,0
574,238,10.0,10,1
574,172,20.0,7,0
574,230,1.0,19,0
574,231,65.0,2,6
574,197,0.0,21,0
574,275,0.0,33,0
574,224,3.0,17,0
574,199,3.0,16,0
574,253,0.0,32,0
574,250,7.0,14,0
574,254,0.0,27,0
574,235,0.0,22,0
574,223,29.0,5,1
574,200,19.0,8,0
574,222,49.0,3,1
574,233,8.0,13,0
574,252,10.0,12,0
574,221,33.0,4,0
574,182,68.0,1,5
575,245,0.0,47,0
575,273,0.0,43,0
575,287,0.0,34,0
575,274,0.0,27,0
575,286,0.0,38,0
575,237,0.0,37,0
575,285,0.0,48,0
575,260,0.0,45,0
575,257,0.0,42,0
575,246,0.0,41,0
575,284,0.0,32,0
575,243,1.0,20,0
575,283,0.0,54,0
575,242,0.0,52,0
575,282,0.0,53,0
575,281,0.0,49,0
575,280,0.0,25,0
575,265,0.0,39,0
575,258,0.0,40,0
575,208,0.0,51,0
575,279,0.0,50,0
575,271,0.0,36,0
575,256,0.0,24,0
575,232,0.0,26,0
575,178,7.0,15,0
575,251,0.0,46,0
575,255,11.0,10,0
575,229,0.0,21,0
575,278,2.0,18,0
575,277,0.0,29,0
575,239,0.0,30,0
575,276,0.0,31,0
575,270,0.0,44,0
575,187,20.0,7,1
575,207,22.0,6,1
575,238,10.0,11,1
575,172,20.0,8,0
575,230,1.0,19,0
575,231,69.0,1,6
575,197,0.0,22,0
575,275,0.0,35,0
575,224,3.0,17,0
575,199,3.0,16,0
575,253,0.0,33,0
575,250,7.0,14,0
575,254,0.0,28,0
575,235,0.0,23,0
575,223,31.0,5,1
575,200,19.0,9,0
575,222,49.0,3,1
575,233,8.0,13,0
575,252,10.0,12,0
575,221,39.0,4,0
575,182,68.0,2,5
576,197,0.0,22,0
576,290,0.0,21,0
576,172,0.0,20,0
576,238,0.0,19,0
576,283,0.0,18,0
576,207,0.0,17,0
576,232,0.0,16,0
576,250,0.0,15,0
576,200,0.0,14,0
576,243,0.0,13,0
576,252,0.0,12,0
576,222,0.0,11,0
576,289,0.0,10,0
576,230,0.0,9,0
576,235,0.0,8,0
576,288,0.0,7,0
576,182,1.0,6,0
576,221,2.0,5,0
576,223,3.0,4,0
576,199,4.0,3,0
576,231,6.0,2,0
576,224,9.0,1,1
577,187,0.0,14,0
577,197,0.0,22,0
577,290,0.0,19,0
577,172,0.0,15,0
577,238,0.0,20,0
577,283,0.0,23,0
577,207,0.0,9,0
577,232,0.0,21,0
577,250,9.0,2,1
577,200,4.0,6,0
577,243,0.0,18,0
577,252,0.0,17,0
577,222,0.0,16,0
577,289,0.0,13,0
577,230,0.0,12,0
577,235,0.0,11,0
577,288,0.0,10,0
577,182,3.0,7,0
577,221,2.0,8,0
577,223,6.0,4,0
577,199,4.0,5,0
577,231,7.0,3,0
577,224,15.0,1,1
578,275,0.0,29,0
578,251,0.0,28,0
578,276,0.0,24,0
578,293,0.0,23,0
578,292,0.0,22,0
578,291,0.0,20,0
578,187,0.0,18,0
578,197,0.0,26,0
578,290,0.0,21,0
578,172,0.0,19,0
578,238,0.0,17,0
578,283,0.0,27,0
578,207,0.0,12,0
578,232,0.0,25,0
578,250,12.0,2,1
578,200,5.0,8,0
578,243,0.0,11,0
578,252,0.0,14,0
578,222,9.0,4,1
578,289,0.0,16,0
578,230,0.0,15,0
578,235,0.0,13,0
578,288,0.0,10,0
578,182,5.0,9,0
578,221,6.0,6,0
578,223,6.0,7,0
578,199,10.0,3,0
578,231,7.0,5,0
578,224,15.0,1,1
579,178,0.0,33,0
579,296,0.0,29,0
579,295,0.0,28,0
579,294,0.0,17,0
579,275,0.5,13,0
579,251,0.0,32,0
579,276,0.0,27,0
579,293,0.0,26,0
579,292,0.0,25,0
579,291,0.0,23,0
579,187,0.0,18,0
579,197,1.5,11,0
579,290,0.0,24,0
579,172,0.0,22,0
579,238,0.0,21,0
579,283,0.0,31,0
579,207,0.0,16,0
579,232,0.0,30,0
579,250,12.0,2,1
579,200,9.5,4,1
579,243,0.0,15,0
579,252,0.0,19,0
579,222,9.0,5,1
579,289,0.0,20,0
579,230,1.0,12,0
579,235,3.0,10,0
579,288,0.0,14,0
579,182,5.0,9,0
579,221,6.0,7,0
579,223,6.0,8,0
579,199,12.0,3,0
579,231,7.0,6,0
579,224,15.0,1,1
580,297,0.0,34,0
580,178,0.0,28,0
580,296,0.0,30,0
580,295,0.0,29,0
580,294,0.0,18,0
580,275,0.5,14,0
580,251,0.0,33,0
580,276,0.0,27,0
580,293,0.0,26,0
580,292,0.0,25,0
580,291,0.0,23,0
580,187,0.0,19,0
580,197,1.5,12,0
580,290,0.0,24,0
580,172,0.0,22,0
580,238,3.0,11,0
580,283,0.0,32,0
580,207,0.0,17,0
580,232,0.0,31,0
580,250,16.0,2,1
580,200,10.5,5,1
580,243,0.0,16,0
580,252,0.0,20,0
580,222,9.0,6,1
580,289,0.0,21,0
580,230,1.0,13,0
580,235,3.0,10,0
580,288,0.0,15,0
580,182,14.0,3,1
580,221,8.0,7,0
580,223,6.0,9,0
580,199,12.0,4,0
580,231,7.0,8,0
580,224,21.0,1,1
581,297,0.0,34,0
581,178,0.0,28,0
581,296,0.0,29,0
581,295,0.0,30,0
581,294,0.0,19,0
581,275,0.5,15,0
581,251,0.0,33,0
581,276,0.0,21,0
581,293,0.0,27,0
581,292,0.0,26,0
581,291,0.0,24,0
581,187,0.0,20,0
581,197,1.5,12,0
581,290,0.0,25,0
581,172,0.0,23,0
581,238,3.0,11,0
581,283,0.0,32,0
581,207,0.0,18,0
581,232,0.0,31,0
581,250,16.0,3,1
581,200,10.5,7,1
581,243,0.0,17,0
581,252,1.0,14,0
581,222,15.0,5,1
581,289,0.0,22,0
581,230,1.0,13,0
581,235,3.0,10,0
581,288,0.0,16,0
581,182,23.0,1,2
581,221,11.0,6,0
581,223,8.0,8,0
581,199,16.0,4,0
581,231,7.0,9,0
581,224,21.0,2,1
582,267,0.0,36,0
582,282,0.0,30,0
582,297,0.0,23,0
582,178,0.0,24,0
582,296,0.0,31,0
582,295,0.0,32,0
582,294,1.0,16,0
582,275,0.5,18,0
582,251,0.0,35,0
582,276,0.0,21,0
582,293,0.0,29,0
582,292,0.0,28,0
582,291,0.0,26,0
582,187,0.0,20,0
582,197,1.5,14,0
582,290,0.0,27,0
582,172,0.0,25,0
582,238,3.0,12,0
582,283,0.0,34,0
582,207,3.0,11,0
582,232,0.0,33,0
582,250,16.0,4,1
582,200,10.5,8,1
582,243,0.0,19,0
582,252,1.0,17,0
582,222,15.0,5,1
582,289,0.0,22,0
582,230,1.0,15,0
582,235,3.0,10,0
582,288,2.0,13,0
582,182,32.0,1,3
582,221,11.0,7,0
582,223,12.0,6,0
582,199,22.0,2,0
582,231,7.0,9,0
582,224,21.0,3,1
583,299,0.0,38,0
583,298,0.0,24,0
583,267,0.0,37,0
583,282,0.0,32,0
583,297,0.0,23,0
583,178,0.0,26,0
583,296,0.0,33,0
583,295,0.0,34,0
583,294,1.0,17,0
583,275,0.5,18,0
583,251,0.0,29,0
583,276,0.0,21,0
583,293,0.0,31,0
583,292,0.0,30,0
583,291,0.0,28,0
583,187,0.0,20,0
583,197,1.5,15,0
583,290,0.0,25,0
583,172,0.0,27,0
583,238,3.0,12,0
583,283,0.0,36,0
583,207,3.0,11,0
583,232,0.0,35,0
583,250,18.0,4,1
583,200,10.5,9,1
583,243,0.0,19,0
583,252,2.0,14,0
583,222,15.0,7,1
583,289,0.0,22,0
583,230,1.0,16,0
583,235,3.0,10,0
583,288,2.0,13,0
583,182,38.0,1,3
583,221,11.0,8,0
583,223,16.0,6,0
583,199,25.0,2,0
583,231,16.0,5,1
583,224,21.0,3,1
584,219,0.0,30,0
584,299,0.0,39,0
584,298,0.0,23,0
584,267,0.0,38,0
584,282,0.0,33,0
584,297,0.0,24,0
584,178,0.0,27,0
584,296,0.0,34,0
584,295,0.0,35,0
584,294,1.0,17,0
584,275,0.5,18,0
584,251,0.0,29,0
584,276,0.0,21,0
584,293,0.0,32,0
584,292,0.0,31,0
584,291,0.0,28,0
584,187,0.0,20,0
584,197,1.5,15,0
584,290,0.0,26,0
584,172,0.0,25,0
584,238,3.0,12,0
584,283,0.0,37,0
584,207,5.0,10,0
584,232,0.0,36,0
584,250,18.0,5,1
584,200,14.5,8,1
584,243,0.0,19,0
584,252,2.0,14,0
584,222,15.0,7,1
584,289,0.0,22,0
584,230,1.0,16,0
584,235,3.0,11,0
584,288,2.0,13,0
584,182,47.0,1,4
584,221,12.0,9,0
584,223,16.0,6,0
584,199,25.0,2,0
584,231,22.0,4,1
584,224,24.0,3,1
585,302,0.0,43,0
585,233,0.0,42,0
585,301,0.0,36,0
585,300,0.0,35,0
585,205,0.0,34,0
585,219,0.0,30,0
585,299,0.0,44,0
585,298,0.0,24,0
585,267,0.0,41,0
585,282,0.0,33,0
585,297,0.0,25,0
585,178,0.0,22,0
585,296,0.0,37,0
585,295,0.0,38,0
585,294,1.0,17,0
585,275,0.5,18,0
585,251,0.0,29,0
585,276,0.0,21,0
585,293,0.0,32,0
585,292,0.0,31,0
585,291,0.0,28,0
585,187,0.0,20,0
585,197,1.5,16,0
585,290,0.0,27,0
585,172,0.0,26,0
585,238,3.0,13,0
585,283,0.0,40,0
585,207,5.0,10,0
585,232,0.0,39,0
585,250,24.0,5,1
585,200,14.5,8,1
585,243,0.0,19,0
585,252,2.0,15,0
585,222,19.0,6,1
585,289,0.0,23,0
585,230,2.0,14,0
585,235,3.0,12,0
585,288,4.0,11,0
585,182,47.0,1,4
585,221,12.0,9,0
585,223,16.0,7,0
585,199,25.0,4,0
585,231,25.0,3,1
585,224,33.0,2,2
586,245,0.0,47,0
586,270,0.0,46,0
586,229,0.0,24,0
586,302,0.0,44,0
586,233,0.0,41,0
586,301,0.0,37,0
586,300,0.0,36,0
586,205,0.0,35,0
586,219,0.0,31,0
586,299,0.0,45,0
586,298,1.0,20,0
586,267,0.0,43,0
586,282,0.0,34,0
586,297,0.0,27,0
586,178,2.0,17,0
586,296,0.0,38,0
586,295,0.0,39,0
586,294,1.0,19,0
586,275,0.5,21,0
586,251,0.0,30,0
586,276,0.0,25,0
586,293,0.0,33,0
586,292,0.0,32,0
586,291,0.0,29,0
586,187,0.0,23,0
586,197,1.5,18,0
586,290,0.0,28,0
586,172,6.0,10,0
586,238,3.0,15,0
586,283,0.0,42,0
586,207,5.0,11,0
586,232,0.0,40,0
586,250,24.0,5,1
586,200,14.5,8,1
586,243,0.0,22,0
586,252,5.0,12,0
586,222,19.0,6,1
586,289,0.0,26,0
586,230,2.0,16,0
586,235,3.0,14,0
586,288,4.0,13,0
586,182,51.0,1,4
586,221,12.0,9,0
586,223,16.0,7,0
586,199,34.0,2,1
586,231,25.0,4,1
586,224,33.0,3,2
587,303,0.0,47,0
587,239,0.0,34,0
587,278,0.0,31,0
587,245,0.0,50,0
587,270,0.0,49,0
587,229,0.0,24,0
587,302,0.0,46,0
587,233,0.0,43,0
587,301,0.0,39,0
587,300,0.0,38,0
587,205,0.0,37,0
587,219,0.0,32,0
587,299,0.0,48,0
587,298,1.0,20,0
587,267,0.0,45,0
587,282,0.0,36,0
587,297,0.0,27,0
587,178,2.0,17,0
587,296,0.0,40,0
587,295,0.0,41,0
587,294,1.0,19,0
587,275,0.5,21,0
587,251,0.0,30,0
587,276,0.0,25,0
587,293,0.0,35,0
587,292,0.0,33,0
587,291,0.0,29,0
587,187,0.0,23,0
587,197,1.5,18,0
587,290,0.0,28,0
587,172,6.0,12,0
587,238,4.0,14,0
587,283,0.0,44,0
587,207,5.0,13,0
587,232,0.0,42,0
587,250,24.0,5,1
587,200,16.0,7,1
587,243,0.0,22,0
587,252,7.0,10,0
587,222,19.0,6,1
587,289,0.0,26,0
587,230,6.5,11,1
587,235,3.0,16,0
587,288,4.0,15,0
587,182,51.5,1,4
587,221,12.0,9,0
587,223,16.0,8,0
587,199,34.0,2,1
587,231,28.0,4,1
587,224,33.0,3,2
588,254,0.0,39,0
588,303,0.0,48,0
588,239,0.0,27,0
588,278,0.0,32,0
588,245,0.0,51,0
588,270,0.0,50,0
588,229,0.0,23,0
588,302,0.0,35,0
588,233,0.0,45,0
588,301,0.0,42,0
588,300,0.0,41,0
588,205,0.0,40,0
588,219,0.0,34,0
588,299,0.0,49,0
588,298,1.0,20,0
588,267,0.0,47,0
588,282,0.0,38,0
588,297,0.0,28,0
588,178,2.0,17,0
588,296,0.0,43,0
588,295,0.0,44,0
588,294,1.0,19,0
588,275,0.5,21,0
588,251,0.0,33,0
588,276,0.0,25,0
588,293,0.0,37,0
588,292,0.0,36,0
588,291,0.0,31,0
588,187,0.0,24,0
588,197,1.5,18,0
588,290,0.0,29,0
588,172,6.0,12,0
588,238,4.0,14,0
588,283,0.0,46,0
588,207,5.0,13,0
588,232,0.0,30,0
588,250,24.0,6,1
588,200,16.0,8,1
588,243,0.0,22,0
588,252,8.0,10,0
588,222,19.0,7,1
588,289,0.0,26,0
588,230,6.5,11,1
588,235,3.0,16,0
588,288,4.0,15,0
588,182,55.5,1,4
588,221,12.0,9,0
588,223,25.0,5,1
588,199,37.0,3,1
588,231,30.0,4,1
588,224,39.0,2,2
589,277,0.0,47,0
589,254,0.0,40,0
589,303,0.0,49,0
589,239,0.0,29,0
589,278,0.0,33,0
589,245,0.0,52,0
589,270,0.0,51,0
589,229,0.0,24,0
589,302,0.0,36,0
589,233,0.0,25,0
589,301,0.0,43,0
589,300,0.0,42,0
589,205,0.0,41,0
589,219,0.0,35,0
589,299,0.0,50,0
589,298,1.0,20,0
589,267,0.0,48,0
589,282,0.0,39,0
589,297,0.0,30,0
589,178,2.0,17,0
589,296,0.0,44,0
589,295,0.0,45,0
589,294,1.0,19,0
589,275,0.5,21,0
589,251,0.0,34,0
589,276,0.0,26,0
589,293,0.0,38,0
589,292,0.0,37,0
589,291,0.0,32,0
589,187,0.0,23,0
589,197,1.5,18,0
589,290,0.0,27,0
589,172,6.0,12,0
589,238,6.0,13,0
589,283,0.0,46,0
589,207,5.0,14,0
589,232,0.0,31,0
589,250,24.0,6,1
589,200,20.0,8,1
589,243,0.0,22,0
589,252,8.0,10,0
589,222,20.0,7,1
589,289,0.0,28,0
589,230,6.5,11,1
589,235,3.0,16,0
589,288,4.0,15,0
589,182,64.5,1,5
589,221,12.0,9,0
589,223,25.0,5,1
589,199,37.0,3,1
589,231,33.0,4,1
589,224,45.0,2,2
590,197,0.0,25,0
590,309,0.0,24,0
590,200,0.0,23,0
590,231,0.0,22,0
590,232,0.0,21,0
590,250,0.0,20,0
590,222,0.0,19,0
590,296,0.0,18,0
590,233,0.0,17,0
590,308,0.0,16,0
590,235,0.0,15,0
590,289,0.0,14,0
590,238,0.0,13,0
590,187,0.0,12,0
590,265,0.0,11,0
590,224,0.0,10,0
590,280,0.0,9,0
590,307,0.0,8,0
590,199,0.0,7,0
590,221,1.0,6,0
590,306,2.0,5,0
590,305,3.0,4,0
590,223,4.0,3,0
590,182,6.0,2,0
590,304,9.0,1,1
591,197,0.0,23,0
591,309,0.0,25,0
591,200,0.0,21,0
591,231,0.0,14,0
591,232,0.0,24,0
591,250,3.0,7,0
591,222,0.0,18,0
591,296,0.0,20,0
591,233,0.0,22,0
591,308,0.0,19,0
591,235,4.0,6,0
591,289,0.0,15,0
591,238,1.0,10,0
591,187,0.0,17,0
591,265,0.0,16,0
591,224,9.0,2,1
591,280,0.0,13,0
591,307,0.0,12,0
591,199,0.0,11,0
591,221,1.0,9,0
591,306,2.0,8,0
591,305,5.0,5,0
591,223,10.0,1,0
591,182,6.0,4,0
591,304,9.0,3,1
592,311,0.0,31,0
592,310,0.0,30,0
592,293,0.0,27,0
592,292,0.0,23,0
592,251,0.0,22,0
592,230,0.0,18,0
592,197,0.0,28,0
592,309,0.0,29,0
592,200,0.0,26,0
592,231,0.0,17,0
592,232,1.0,13,0
592,250,3.0,10,0
592,222,0.0,14,0
592,296,0.0,24,0
592,233,2.0,11,0
592,308,0.0,25,0
592,235,4.0,8,0
592,289,0.0,19,0
592,238,1.0,12,0
592,187,0.0,21,0
592,265,0.0,20,0
592,224,9.0,3,1
592,280,0.0,16,0
592,307,0.0,15,0
592,199,9.0,2,1
592,221,4.0,9,0
592,306,8.0,6,0
592,305,9.0,5,0
592,223,10.0,1,0
592,182,6.0,7,0
592,304,9.0,4,1
593,313,0.0,33,0
593,278,0.0,32,0
593,314,0.0,25,0
593,312,0.0,15,0
593,311,0.0,35,0
593,310,0.0,34,0
593,293,0.0,29,0
593,292,0.0,24,0
593,251,0.0,23,0
593,230,0.0,19,0
593,197,0.0,30,0
593,309,0.0,31,0
593,200,0.0,28,0
593,231,0.0,17,0
593,232,1.0,14,0
593,250,3.0,11,0
593,222,2.0,12,0
593,296,0.0,26,0
593,233,5.0,8,0
593,308,0.0,27,0
593,235,4.0,9,0
593,289,0.0,20,0
593,238,1.0,13,0
593,187,0.0,21,0
593,265,0.0,22,0
593,224,13.0,3,1
593,280,0.0,18,0
593,307,0.0,16,0
593,199,9.0,5,1
593,221,4.0,10,0
593,306,8.0,7,0
593,305,9.0,6,0
593,223,16.0,1,0
593,182,15.0,2,1
593,304,10.0,4,1
594,316,0.0,41,0
594,315,0.0,39,0
594,252,0.0,34,0
594,269,0.0,32,0
594,267,0.0,30,0
594,298,0.0,27,0
594,313,0.0,37,0
594,278,0.0,36,0
594,314,0.0,21,0
594,312,0.0,15,0
594,311,0.0,40,0
594,310,0.0,38,0
594,293,0.0,33,0
594,292,0.0,26,0
594,251,0.0,25,0
594,230,0.0,19,0
594,197,0.0,24,0
594,309,0.0,35,0
594,200,0.0,31,0
594,231,0.0,18,0
594,232,1.0,14,0
594,250,3.0,12,0
594,222,6.0,8,0
594,296,0.0,28,0
594,233,5.0,9,0
594,308,0.0,29,0
594,235,4.0,10,0
594,289,0.0,16,0
594,238,1.0,13,0
594,187,0.0,22,0
594,265,0.0,23,0
594,224,22.0,1,2
594,280,0.0,20,0
594,307,0.0,17,0
594,199,9.0,6,1
594,221,4.0,11,0
594,306,10.0,5,0
594,305,9.0,7,0
594,223,19.0,3,0
594,182,21.0,2,1
594,304,11.0,4,1
595,316,0.0,41,0
595,315,0.0,39,0
595,252,0.0,34,0
595,269,0.0,32,0
595,267,0.0,30,0
595,298,0.0,27,0
595,313,0.0,37,0
595,278,0.0,36,0
595,314,0.0,24,0
595,312,0.0,18,0
595,311,0.0,40,0
595,310,0.0,38,0
595,293,0.0,33,0
595,292,0.0,26,0
595,251,0.0,25,0
595,230,0.0,22,0
595,197,4.0,11,0
595,309,0.0,35,0
595,200,0.0,31,0
595,231,0.0,21,0
595,232,1.0,16,0
595,250,3.0,14,0
595,222,12.0,4,0
595,296,0.0,28,0
595,233,5.0,10,0
595,308,0.0,29,0
595,235,4.0,12,0
595,289,0.0,17,0
595,238,10.0,6,1
595,187,1.0,15,0
595,265,0.0,19,0
595,224,24.0,1,2
595,280,0.0,23,0
595,307,0.0,20,0
595,199,9.0,8,1
595,221,4.0,13,0
595,306,10.0,7,0
595,305,9.0,9,0
595,223,22.0,2,0
595,182,21.0,3,1
595,304,11.0,5,1
596,318,0.0,43,0
596,317,0.0,36,0
596,316,0.0,40,0
596,315,0.0,42,0
596,252,0.0,37,0
596,269,0.0,34,0
596,267,0.0,32,0
596,298,0.0,29,0
596,313,0.0,25,0
596,278,0.0,39,0
596,314,0.0,26,0
596,312,0.0,20,0
596,311,0.0,22,0
596,310,0.0,41,0
596,293,0.0,35,0
596,292,0.0,28,0
596,251,0.0,27,0
596,230,0.0,23,0
596,197,6.0,11,0
596,309,0.0,38,0
596,200,0.0,33,0
596,231,4.0,13,0
596,232,1.0,18,0
596,250,3.0,15,0
596,222,21.0,4,1
596,296,0.0,30,0
596,233,5.0,12,0
596,308,0.0,31,0
596,235,4.0,14,0
596,289,1.0,16,0
596,238,10.0,6,1
596,187,1.0,17,0
596,265,0.0,19,0
596,224,27.0,1,2
596,280,0.0,24,0
596,307,0.0,21,0
596,199,9.0,9,1
596,221,10.0,7,0
596,306,10.0,8,0
596,305,9.0,10,0
596,223,22.0,2,0
596,182,21.0,3,1
596,304,11.0,5,1
597,318,0.0,43,0
597,317,0.0,36,0
597,316,0.0,40,0
597,315,0.0,42,0
597,252,0.0,37,0
597,269,0.0,34,0
597,267,0.0,32,0
597,298,0.0,28,0
597,313,0.0,23,0
597,278,0.0,39,0
597,314,0.0,26,0
597,312,0.0,20,0
597,311,0.0,22,0
597,310,0.0,41,0
597,293,0.0,35,0
597,292,0.0,29,0
597,251,0.0,27,0
597,230,0.0,24,0
597,197,6.0,11,0
597,309,0.0,38,0
597,200,0.0,33,0
597,231,4.0,13,0
597,232,1.0,18,0
597,250,3.0,15,0
597,222,23.0,4,1
597,296,0.0,30,0
597,233,5.0,12,0
597,308,0.0,31,0
597,235,4.0,14,0
597,289,1.0,16,0
597,238,10.0,8,1
597,187,1.0,17,0
597,265,0.0,19,0
597,224,31.0,1,2
597,280,0.0,25,0
597,307,0.0,21,0
597,199,9.0,10,1
597,221,11.0,7,0
597,306,10.0,9,0
597,305,12.0,5,0
597,223,28.0,3,0
597,182,30.0,2,2
597,304,11.0,6,1
598,319,0.0,45,0
598,219,0.0,44,0
598,318,0.0,43,0
598,317,0.0,36,0
598,316,0.0,40,0
598,315,0.0,41,0
598,252,0.0,37,0
598,269,0.0,34,0
598,267,0.0,32,0
598,298,0.0,29,0
598,313,0.0,23,0
598,278,0.0,39,0
598,314,0.0,26,0
598,312,0.0,20,0
598,311,0.0,22,0
598,310,0.0,42,0
598,293,0.0,35,0
598,292,0.0,30,0
598,251,0.0,27,0
598,230,0.0,24,0
598,197,6.0,12,0
598,309,0.0,38,0
598,200,0.0,33,0
598,231,4.0,14,0
598,232,1.0,18,0
598,250,3.0,15,0
598,222,26.0,4,1
598,296,0.0,28,0
598,233,5.0,13,0
598,308,0.0,31,0
598,235,6.0,11,0
598,289,1.0,16,0
598,238,19.0,5,2
598,187,1.0,17,0
598,265,0.0,19,0
598,224,31.0,3,2
598,280,0.0,25,0
598,307,0.0,21,0
598,199,9.0,10,1
598,221,11.0,8,0
598,306,10.0,9,0
598,305,12.0,7,0
598,223,32.0,2,0
598,182,36.0,1,2
598,304,12.0,6,1
599,283,0.0,51,0
599,300,0.0,50,0
599,275,0.0,49,0
599,321,0.0,47,0
599,259,0.0,46,0
599,320,0.0,43,0
599,319,0.0,48,0
599,219,0.0,45,0
599,318,0.0,44,0
599,317,0.0,37,0
599,316,0.0,40,0
599,315,0.0,41,0
599,252,0.0,21,0
599,269,0.0,35,0
599,267,0.0,34,0
599,298,0.0,31,0
599,313,0.0,24,0
599,278,0.0,39,0
599,314,0.0,27,0
599,312,0.0,20,0
599,311,0.0,23,0
599,310,0.0,42,0
599,293,0.0,36,0
599,292,0.0,32,0
599,251,0.0,28,0
599,230,0.0,25,0
599,197,6.0,12,0
599,309,0.0,38,0
599,200,0.0,30,0
599,231,4.0,14,0
599,232,1.0,18,0
599,250,3.0,15,0
599,222,35.0,3,2
599,296,0.0,29,0
599,233,5.0,13,0
599,308,0.0,33,0
599,235,10.0,11,0
599,289,1.0,16,0
599,238,19.0,5,2
599,187,1.0,17,0
599,265,0.0,19,0
599,224,37.0,2,2
599,280,0.0,26,0
599,307,0.0,22,0
599,199,10.0,9,1
599,221,11.0,8,0
599,306,10.0,10,0
599,305,12.0,7,0
599,223,35.0,4,0
599,182,38.0,1,2
599,304,12.0,6,1
600,256,0.0,52,0
600,172,0.0,43,0
600,270,0.0,33,0
600,283,0.0,54,0
600,300,0.0,53,0
600,275,0.0,51,0
600,321,0.0,28,0
600,259,0.0,49,0
600,320,0.0,46,0
600,319,0.0,50,0
600,219,0.0,48,0
600,318,0.0,47,0
600,317,0.0,39,0
600,316,0.0,42,0
600,315,0.0,44,0
600,252,1.0,18,0
600,269,0.0,37,0
600,267,0.0,36,0
600,298,0.0,32,0
600,313,0.0,24,0
600,278,0.0,41,0
600,314,0.0,27,0
600,312,0.0,21,0
600,311,0.0,23,0
600,310,0.0,45,0
600,293,0.0,38,0
600,292,0.0,34,0
600,251,0.0,29,0
600,230,0.0,25,0
600,197,6.0,12,0
600,309,0.0,40,0
600,200,0.0,31,0
600,231,4.0,14,0
600,232,1.0,19,0
600,250,3.0,15,0
600,222,41.0,2,2
600,296,0.0,30,0
600,233,5.0,13,0
600,308,0.0,35,0
600,235,12.0,8,0
600,289,1.0,16,0
600,238,22.0,5,2
600,187,1.0,17,0
600,265,0.0,20,0
600,224,37.0,4,2
600,280,0.0,26,0
600,307,0.0,22,0
600,199,14.0,6,1
600,221,11.0,10,0
600,306,10.0,11,0
600,305,12.0,9,0
600,223,44.0,1,1
600,182,38.0,3,2
600,304,12.0,7,1
601,324,0.0,57,0
601,243,0.0,46,0
601,323,0.0,28,0
601,322,0.0,23,0
601,256,0.0,56,0
601,172,0.0,42,0
601,270,0.0,34,0
601,283,0.0,54,0
601,300,0.0,58,0
601,275,0.0,55,0
601,321,0.0,30,0
601,259,0.0,52,0
601,320,0.0,49,0
601,319,0.0,53,0
601,219,0.0,51,0
601,318,0.0,50,0
601,317,0.0,41,0
601,316,0.0,44,0
601,315,0.0,47,0
601,252,1.0,18,0
601,269,0.0,39,0
601,267,0.0,38,0
601,298,0.0,35,0
601,313,0.0,26,0
601,278,0.0,45,0
601,314,0.0,29,0
601,312,0.0,22,0
601,311,0.0,25,0
601,310,0.0,48,0
601,293,0.0,40,0
601,292,0.0,36,0
601,251,0.0,31,0
601,230,1.0,19,0
601,197,6.0,13,0
601,309,0.0,43,0
601,200,0.0,33,0
601,231,8.0,12,0
601,232,1.0,20,0
601,250,3.0,16,0
601,222,41.0,2,2
601,296,0.0,32,0
601,233,5.0,14,0
601,308,0.0,37,0
601,235,12.0,8,0
601,289,1.0,17,0
601,238,22.0,6,2
601,187,4.0,15,0
601,265,0.0,21,0
601,224,37.0,4,2
601,280,0.0,27,0
601,307,0.0,24,0
601,199,23.0,5,2
601,221,11.0,10,0
601,306,10.0,11,0
601,305,12.0,9,0
601,223,46.0,1,1
601,182,38.0,3,2
601,304,18.0,7,1
602,325,0.0,54,0
602,324,0.0,58,0
602,243,0.0,42,0
602,323,0.0,28,0
602,322,0.0,22,0
602,256,0.0,57,0
602,172,0.0,43,0
602,270,0.0,34,0
602,283,0.0,55,0
602,300,0.0,59,0
602,275,0.0,56,0
602,321,0.0,30,0
602,259,0.0,53,0
602,320,0.0,49,0
602,319,0.0,51,0
602,219,0.0,52,0
602,318,0.0,50,0
602,317,0.0,41,0
602,316,0.0,45,0
602,315,0.0,47,0
602,252,1.0,19,0
602,269,0.0,39,0
602,267,0.0,38,0
602,298,0.0,35,0
602,313,0.0,26,0
602,278,0.0,46,0
602,314,0.0,29,0
602,312,0.0,23,0
602,311,0.0,25,0
602,310,0.0,48,0
602,293,0.0,40,0
602,292,0.0,36,0
602,251,0.0,31,0
602,230,1.0,20,0
602,197,6.0,13,0
602,309,0.0,44,0
602,200,0.0,33,0
602,231,8.0,12,0
602,232,4.0,17,0
602,250,5.0,15,0
602,222,45.0,2,2
602,296,0.0,32,0
602,233,5.0,14,0
602,308,0.0,37,0
602,235,12.0,8,0
602,289,1.0,18,0
602,238,31.0,5,3
602,187,4.0,16,0
602,265,0.0,21,0
602,224,43.0,3,2
602,280,0.0,27,0
602,307,0.0,24,0
602,199,23.0,6,2
602,221,11.0,10,0
602,306,10.0,11,0
602,305,12.0,9,0
602,223,46.0,1,1
602,182,38.0,4,2
602,304,19.0,7,1
603,326,0.0,54,0
603,288,0.0,34,0
603,207,0.0,24,0
603,325,0.0,58,0
603,324,0.0,31,0
603,243,0.0,32,0
603,323,0.0,29,0
603,322,0.0,22,0
603,256,0.0,61,0
603,172,0.0,42,0
603,270,0.0,38,0
603,283,0.0,59,0
603,300,0.0,62,0
603,275,0.0,60,0
603,321,0.0,33,0
603,259,0.0,57,0
603,320,0.0,52,0
603,319,0.0,55,0
603,219,0.0,56,0
603,318,0.0,53,0
603,317,0.0,46,0
603,316,0.0,49,0
603,315,0.0,50,0
603,252,1.0,19,0
603,269,0.0,44,0
603,267,0.0,43,0
603,298,0.0,39,0
603,313,0.0,27,0
603,278,0.0,47,0
603,314,0.0,30,0
603,312,0.0,23,0
603,311,0.0,26,0
603,310,0.0,51,0
603,293,0.0,45,0
603,292,0.0,40,0
603,251,0.0,35,0
603,230,1.0,20,0
603,197,6.0,13,0
603,309,0.0,48,0
603,200,0.0,37,0
603,231,11.0,11,0
603,232,4.0,17,0
603,250,5.0,15,0
603,222,45.0,3,2
603,296,0.0,36,0
603,233,5.0,14,0
603,308,0.0,41,0
603,235,12.0,9,0
603,289,1.0,18,0
603,238,35.0,5,3
603,187,4.0,16,0
603,265,0.0,21,0
603,224,52.0,1,3
603,280,0.0,28,0
603,307,0.0,25,0
603,199,23.0,6,2
603,221,13.0,8,0
603,306,10.0,12,0
603,305,12.0,10,0
603,223,52.0,2,1
603,182,38.0,4,2
603,304,20.0,7,1
604,326,0.0,56,0
604,288,0.0,36,0
604,207,0.0,25,0
604,325,0.0,59,0
604,324,0.0,33,0
604,243,0.0,34,0
604,323,0.0,31,0
604,322,0.0,22,0
604,256,0.0,61,0
604,172,0.0,43,0
604,270,0.0,39,0
604,283,0.0,47,0
604,300,0.0,62,0
604,275,0.0,60,0
604,321,0.0,35,0
604,259,0.0,58,0
604,320,0.0,54,0
604,319,0.0,49,0
604,219,0.0,57,0
604,318,0.0,55,0
604,317,0.0,48,0
604,316,0.0,51,0
604,315,0.0,52,0
604,252,1.0,19,0
604,269,0.0,45,0
604,267,0.0,44,0
604,298,0.0,40,0
604,313,0.0,28,0
604,278,0.0,30,0
604,314,0.0,32,0
604,312,0.0,24,0
604,311,0.0,27,0
604,310,0.0,53,0
604,293,0.0,46,0
604,292,0.0,41,0
604,251,0.0,37,0
604,230,1.0,20,0
604,197,6.0,14,0
604,309,0.0,50,0
604,200,0.0,23,0
604,231,15.0,8,0
604,232,4.0,17,0
604,250,11.0,12,0
604,222,45.0,3,2
604,296,0.0,38,0
604,233,5.0,16,0
604,308,0.0,42,0
604,235,12.0,10,0
604,289,1.0,18,0
604,238,35.0,5,3
604,187,6.0,15,0
604,265,0.0,21,0
604,224,55.0,1,3
604,280,0.0,29,0
604,307,0.0,26,0
604,199,32.0,6,3
604,221,14.0,9,0
604,306,10.0,13,0
604,305,12.0,11,0
604,223,52.0,2,1
604,182,38.0,4,2
604,304,20.0,7,1
605,330,0.0,19,0
605,250,0.0,18,0
605,305,0.0,17,0
605,199,0.0,16,0
605,182,0.0,15,0
605,238,0.0,14,0
605,307,0.0,13,0
605,306,0.0,12,0
605,197,0.0,11,0
605,329,0.0,10,0
605,232,0.0,9,0
605,309,0.0,8,0
605,223,0.0,7,0
605,290,1.0,6,0
605,304,2.0,5,0
605,235,3.0,4,0
605,328,4.0,3,0
605,327,6.0,2,0
605,224,9.0,1,1
606,331,0.0,15,0
606,330,0.0,12,0
606,250,0.0,19,0
606,305,0.0,20,0
606,199,0.0,14,0
606,182,0.0,10,0
606,238,0.0,18,0
606,307,0.0,9,0
606,306,0.0,17,0
606,197,0.0,16,0
606,329,0.0,13,0
606,232,3.0,6,0
606,309,0.0,11,0
606,223,1.0,7,0
606,290,1.0,8,0
606,304,6.0,4,0
606,235,5.0,5,0
606,328,10.0,2,0
606,327,6.0,3,0
606,224,18.0,1,2
607,293,0.0,27,0
607,262,0.0,26,0
607,334,0.0,25,0
607,292,0.0,23,0
607,222,0.0,16,0
607,333,0.0,14,0
607,332,1.0,10,0
607,331,0.0,19,0
607,330,0.0,15,0
607,250,0.0,22,0
607,305,0.0,24,0
607,199,0.0,12,0
607,182,0.0,13,0
607,238,0.0,18,0
607,307,0.0,11,0
607,306,0.0,21,0
607,197,0.0,20,0
607,329,0.0,17,0
607,232,6.0,6,0
607,309,6.0,4,0
607,223,1.0,8,0
607,290,1.0,9,0
607,304,8.0,3,0
607,235,5.0,7,0
607,328,19.0,2,1
607,327,6.0,5,0
607,224,22.0,1,2
608,289,0.0,26,0
608,280,0.0,17,0
608,293,0.0,29,0
608,262,0.0,28,0
608,334,0.0,27,0
608,292,0.0,24,0
608,222,0.0,19,0
608,333,0.0,16,0
608,332,5.0,7,0
608,331,0.0,21,0
608,330,0.0,18,0
608,250,0.0,23,0
608,305,0.0,25,0
608,199,0.0,14,0
608,182,0.0,15,0
608,238,0.0,20,0
608,307,0.0,12,0
608,306,2.0,9,0
608,197,0.0,22,0
608,329,0.0,13,0
608,232,6.0,6,0
608,309,9.0,4,0
608,223,1.0,10,0
608,290,1.0,11,0
608,304,9.0,5,0
608,235,5.0,8,0
608,328,19.0,2,1
608,327,12.0,3,0
608,224,31.0,1,3
609,278,1.0,14,0
609,289,0.0,21,0
609,280,0.0,19,0
609,293,0.0,30,0
609,262,0.0,29,0
609,334,0.0,28,0
609,292,0.0,26,0
609,222,0.0,22,0
609,333,3.0,9,0
609,332,5.0,7,0
609,331,0.0,24,0
609,330,0.0,20,0
609,250,0.0,18,0
609,305,0.0,27,0
609,199,0.0,17,0
609,182,2.0,10,0
609,238,0.0,23,0
609,307,0.0,16,0
609,306,2.0,11,0
609,197,0.0,25,0
609,329,0.0,15,0
609,232,6.0,6,0
609,309,9.0,4,0
609,223,1.0,12,0
609,290,1.0,13,0
609,304,9.0,5,0
609,235,5.0,8,0
609,328,28.0,2,2
609,327,18.0,3,0
609,224,35.0,1,3
610,259,0.0,31,0
610,231,0.0,24,0
610,278,1.0,15,0
610,289,0.0,23,0
610,280,0.0,21,0
610,293,0.0,32,0
610,262,0.0,26,0
610,334,0.0,30,0
610,292,0.0,29,0
610,222,0.0,25,0
610,333,3.0,10,0
610,332,5.0,7,0
610,331,0.0,27,0
610,330,0.0,22,0
610,250,0.0,19,0
610,305,0.0,20,0
610,199,0.0,18,0
610,182,2.0,11,0
610,238,4.0,9,0
610,307,0.0,17,0
610,306,2.0,12,0
610,197,0.0,28,0
610,329,0.0,16,0
610,232,6.0,6,0
610,309,11.0,4,0
610,223,1.0,13,0
610,290,1.0,14,0
610,304,10.0,5,0
610,235,5.0,8,0
610,328,37.0,2,3
610,327,21.0,3,0
610,224,41.0,1,3
611,317,0.0,32,0
611,259,0.0,31,0
611,231,0.0,24,0
611,278,1.0,16,0
611,289,0.0,23,0
611,280,0.0,21,0
611,293,0.0,33,0
611,262,0.0,26,0
611,334,0.0,30,0
611,292,0.0,29,0
611,222,0.0,25,0
611,333,3.0,10,0
611,332,5.0,9,0
611,331,0.0,27,0
611,330,0.0,22,0
611,250,0.0,19,0
611,305,0.0,20,0
611,199,3.0,11,0
611,182,2.0,12,0
611,238,10.0,6,0
611,307,0.0,18,0
611,306,2.0,13,0
611,197,0.0,28,0
611,329,0.0,17,0
611,232,6.0,7,0
611,309,11.0,5,0
611,223,1.0,14,0
611,290,1.0,15,0
611,304,19.0,4,1
611,235,6.0,8,0
611,328,39.0,2,3
611,327,25.0,3,0
611,224,41.0,1,3
612,313,0.0,28,0
612,317,0.0,33,0
612,259,0.0,32,0
612,231,1.0,15,0
612,278,1.0,17,0
612,289,0.0,23,0
612,280,0.0,22,0
612,293,0.0,34,0
612,262,0.0,26,0
612,334,0.0,31,0
612,292,0.0,30,0
612,222,0.0,25,0
612,333,3.0,11,0
612,332,5.0,10,0
612,331,0.0,27,0
612,330,0.0,24,0
612,250,0.0,20,0
612,305,0.0,21,0
612,199,7.0,8,0
612,182,2.0,12,0
612,238,19.0,4,1
612,307,0.0,19,0
612,306,2.0,13,0
612,197,0.0,29,0
612,329,0.0,18,0
612,232,6.0,9,0
612,309,11.0,6,0
612,223,1.0,14,0
612,290,1.0,16,0
612,304,19.0,5,1
612,235,8.0,7,0
612,328,42.0,1,3
612,327,31.0,3,0
612,224,41.0,2,3
613,336,0.0,38,0
613,335,0.0,37,0
613,200,0.0,35,0
613,187,0.0,31,0
613,313,0.0,28,0
613,317,0.0,34,0
613,259,0.0,33,0
613,231,4.0,11,0
613,278,1.0,17,0
613,289,0.0,23,0
613,280,0.0,22,0
613,293,0.0,36,0
613,262,0.0,26,0
613,334,0.0,32,0
613,292,0.0,30,0
613,222,0.0,25,0
613,333,3.0,12,0
613,332,5.0,10,0
613,331,0.0,27,0
613,330,0.0,24,0
613,250,0.0,20,0
613,305,0.0,21,0
613,199,8.0,7,0
613,182,2.0,13,0
613,238,25.0,4,1
613,307,0.0,19,0
613,306,2.0,14,0
613,197,0.0,29,0
613,329,0.0,18,0
613,232,6.0,9,0
613,309,20.0,6,1
613,223,1.0,15,0
613,290,1.0,16,0
613,304,23.0,5,1
613,235,8.0,8,0
613,328,42.0,1,3
613,327,33.0,3,0
613,224,41.0,2,3
614,298,1.0,18,0
614,336,0.0,39,0
614,335,0.0,35,0
614,200,0.0,37,0
614,187,0.0,32,0
614,313,0.0,29,0
614,317,0.0,36,0
614,259,0.0,34,0
614,231,8.0,8,0
614,278,1.0,17,0
614,289,0.0,24,0
614,280,0.0,23,0
614,293,0.0,38,0
614,262,0.0,27,0
614,334,0.0,33,0
614,292,0.0,31,0
614,222,0.0,26,0
614,333,3.0,13,0
614,332,5.0,11,0
614,331,0.0,28,0
614,330,0.0,25,0
614,250,0.0,20,0
614,305,0.0,22,0
614,199,8.0,7,0
614,182,2.0,14,0
614,238,25.0,4,1
614,307,0.0,21,0
614,306,4.0,12,0
614,197,0.0,30,0
614,329,0.0,19,0
614,232,6.0,10,0
614,309,23.0,5,1
614,223,1.0,15,0
614,290,1.0,16,0
614,304,23.0,6,1
614,235,8.0,9,0
614,328,51.0,1,4
614,327,39.0,3,0
614,224,41.0,2,3
615,243,0.0,29,0
615,298,1.0,19,0
615,336,0.0,40,0
615,335,0.0,37,0
615,200,0.0,22,0
615,187,0.0,35,0
615,313,0.0,31,0
615,317,0.0,38,0
615,259,0.0,32,0
615,231,8.0,9,0
615,278,1.0,18,0
615,289,0.0,26,0
615,280,0.0,24,0
615,293,0.0,39,0
615,262,0.0,23,0
615,334,0.0,36,0
615,292,0.0,34,0
615,222,0.0,28,0
615,333,3.0,14,0
615,332,5.0,11,0
615,331,0.0,30,0
615,330,0.0,27,0
615,250,3.0,13,0
615,305,0.0,25,0
615,199,8.0,8,0
615,182,2.0,16,0
615,238,25.0,4,1
615,307,0.0,21,0
615,306,4.0,12,0
615,197,0.0,33,0
615,329,0.0,20,0
615,232,6.0,10,0
615,309,23.0,5,1
615,223,1.0,17,0
615,290,3.0,15,0
615,304,23.0,6,1
615,235,12.0,7,0
615,328,60.0,1,5
615,327,45.0,2,0
615,224,42.0,3,3
616,243,0.0,29,0
616,298,1.0,18,0
616,336,0.0,40,0
616,335,0.0,37,0
616,200,0.0,22,0
616,187,0.0,35,0
616,313,0.0,31,0
616,317,0.0,38,0
616,259,0.0,32,0
616,231,8.0,9,0
616,278,1.0,19,0
616,289,0.0,26,0
616,280,0.0,25,0
616,293,0.0,39,0
616,262,0.0,24,0
616,334,0.0,36,0
616,292,0.0,34,0
616,222,0.0,28,0
616,333,3.0,14,0
616,332,5.0,13,0
616,331,0.0,30,0
616,330,0.0,27,0
616,250,7.0,10,0
616,305,0.0,23,0
616,199,11.0,8,0
616,182,2.0,16,0
616,238,34.0,4,2
616,307,0.0,21,0
616,306,6.0,12,0
616,197,0.0,33,0
616,329,0.0,20,0
616,232,6.0,11,0
616,309,23.0,5,1
616,223,2.0,17,0
616,290,3.0,15,0
616,304,23.0,6,1
616,235,12.0,7,0
616,328,66.0,1,5
616,327,45.0,2,0
616,224,42.0,3,3
617,243,0.0,30,0
617,298,1.0,18,0
617,336,0.0,40,0
617,335,0.0,37,0
617,200,0.0,23,0
617,187,0.0,35,0
617,313,0.0,32,0
617,317,0.0,38,0
617,259,0.0,28,0
617,231,8.0,9,0
617,278,1.0,19,0
617,289,0.0,26,0
617,280,0.0,25,0
617,293,0.0,39,0
617,262,0.0,24,0
617,334,0.0,36,0
617,292,0.0,34,0
617,222,0.0,29,0
617,333,3.0,14,0
617,332,5.0,13,0
617,331,0.0,31,0
617,330,0.0,27,0
617,250,7.0,10,0
617,305,0.0,21,0
617,199,12.0,7,0
617,182,2.0,16,0
617,238,43.0,4,3
617,307,0.0,22,0
617,306,6.0,12,0
617,197,0.0,33,0
617,329,0.0,20,0
617,232,6.0,11,0
617,309,27.0,5,1
617,223,2.0,17,0
617,290,3.0,15,0
617,304,23.0,6,1
617,235,12.0,8,0
617,328,69.0,1,5
617,327,47.0,3,0
617,224,48.0,2,3
618,320,0.0,41,0
618,314,0.0,33,0
618,243,0.0,30,0
618,298,1.0,20,0
618,336,0.0,42,0
618,335,0.0,38,0
618,200,0.0,24,0
618,187,0.0,36,0
618,313,0.0,32,0
618,317,0.0,39,0
618,259,0.0,28,0
618,231,8.0,10,0
618,278,1.0,21,0
618,289,0.0,26,0
618,280,0.0,25,0
618,293,0.0,40,0
618,262,4.0,14,0
618,334,0.0,37,0
618,292,0.0,35,0
618,222,0.0,29,0
618,333,3.0,15,0
618,332,5.0,13,0
618,331,0.0,31,0
618,330,0.0,27,0
618,250,7.0,11,0
618,305,0.0,22,0
618,199,12.0,7,0
618,182,2.0,17,0
618,238,43.0,4,3
618,307,1.0,19,0
618,306,9.0,9,0
618,197,0.0,34,0
618,329,0.0,23,0
618,232,6.0,12,0
618,309,36.0,5,2
618,223,2.0,18,0
618,290,3.0,16,0
618,304,23.0,6,1
618,235,12.0,8,0
618,328,71.0,1,5
618,327,47.0,3,0
618,224,54.0,2,3
619,320,0.0,41,0
619,314,0.0,34,0
619,243,0.0,30,0
619,298,1.0,20,0
619,336,0.0,42,0
619,335,0.0,38,0
619,200,0.0,24,0
619,187,0.0,36,0
619,313,0.0,33,0
619,317,0.0,39,0
619,259,0.0,28,0
619,231,14.0,8,0
619,278,1.0,21,0
619,289,0.0,26,0
619,280,0.0,25,0
619,293,0.0,40,0
619,262,4.0,14,0
619,334,0.0,37,0
619,292,0.0,35,0
619,222,0.0,29,0
619,333,3.0,15,0
619,332,5.0,13,0
619,331,0.0,32,0
619,330,0.0,27,0
619,250,7.0,11,0
619,305,0.0,22,0
619,199,16.0,7,0
619,182,2.0,17,0
619,238,52.0,3,4
619,307,1.0,19,0
619,306,9.0,10,0
619,197,0.0,31,0
619,329,0.0,23,0
619,232,6.0,12,0
619,309,38.0,5,2
619,223,2.0,18,0
619,290,3.0,16,0
619,304,26.0,6,1
619,235,12.0,9,0
619,328,71.0,1,5
619,327,47.0,4,0
619,224,55.0,2,3
620,278,0.0,21,0
620,339,0.0,20,0
620,320,0.0,19,0
620,289,0.0,18,0
620,333,0.0,17,0
620,207,0.0,16,0
620,309,0.0,15,0
620,317,0.0,14,0
620,327,0.0,13,0
620,224,0.0,12,0
620,182,0.0,11,0
620,337,0.0,10,0
620,307,0.0,9,0
620,280,0.0,8,0
620,199,0.0,7,0
620,238,1.0,6,0
620,314,2.0,5,0
620,223,3.0,4,0
620,235,4.0,3,0
620,304,6.0,2,0
620,328,9.0,1,1
621,293,0.0,28,0
621,305,0.0,27,0
621,306,0.0,25,0
621,250,0.0,21,0
621,340,0.0,20,0
621,243,0.0,18,0
621,338,0.0,17,0
621,278,0.0,19,0
621,339,0.0,26,0
621,320,0.0,24,0
621,289,1.0,10,0
621,333,0.0,23,0
621,207,3.0,7,0
621,309,4.0,5,0
621,317,0.0,22,0
621,327,0.0,14,0
621,224,6.0,3,0
621,182,0.0,11,0
621,337,0.0,16,0
621,307,0.0,15,0
621,280,0.0,13,0
621,199,0.0,12,0
621,238,3.0,8,0
621,314,2.0,9,0
621,223,3.0,6,0
621,235,4.0,4,0
621,304,15.0,1,1
621,328,9.0,2,1
622,329,0.0,29,0
622,290,0.0,15,0
622,293,0.0,30,0
622,305,0.0,26,0
622,306,0.0,27,0
622,250,1.0,12,0
622,340,0.0,23,0
622,243,0.0,21,0
622,338,0.0,17,0
622,278,0.0,22,0
622,339,0.0,28,0
622,320,0.0,25,0
622,289,1.0,11,0
622,333,3.0,8,0
622,207,3.0,7,0
622,309,6.0,6,0
622,317,0.0,24,0
622,327,0.0,18,0
622,224,15.0,1,1
622,182,0.0,13,0
622,337,0.0,20,0
622,307,0.0,19,0
622,280,0.0,16,0
622,199,0.0,14,0
622,238,3.0,9,0
622,314,2.0,10,0
622,223,7.0,5,0
622,235,10.0,3,0
622,304,15.0,2,1
622,328,9.0,4,1
623,312,2.0,12,0
623,329,0.0,25,0
623,290,0.0,16,0
623,293,0.0,31,0
623,305,0.0,29,0
623,306,9.0,5,1
623,250,1.0,15,0
623,340,0.0,26,0
623,243,0.0,24,0
623,338,0.0,21,0
623,278,1.0,14,0
623,339,0.0,30,0
623,320,0.0,28,0
623,289,1.0,13,0
623,333,3.0,8,0
623,207,3.0,9,0
623,309,6.0,7,0
623,317,0.0,27,0
623,327,0.0,22,0
623,224,19.0,1,1
623,182,0.0,17,0
623,337,0.0,19,0
623,307,0.0,23,0
623,280,0.0,20,0
623,199,0.0,18,0
623,238,3.0,10,0
623,314,2.0,11,0
623,223,7.0,6,0
623,235,16.0,2,0
623,304,15.0,3,1
623,328,12.0,4,1
624,330,0.0,30,0
624,312,2.0,15,0
624,329,0.0,26,0
624,290,0.0,18,0
624,293,0.0,32,0
624,305,3.0,11,0
624,306,9.0,5,1
624,250,3.0,13,0
624,340,0.0,27,0
624,243,0.0,25,0
624,338,0.0,24,0
624,278,2.0,16,0
624,339,0.0,31,0
624,320,0.0,29,0
624,289,1.0,17,0
624,333,3.0,9,0
624,207,3.0,10,0
624,309,6.0,8,0
624,317,0.0,28,0
624,327,6.0,7,0
624,224,28.0,1,2
624,182,0.0,19,0
624,337,0.0,22,0
624,307,0.0,21,0
624,280,0.0,23,0
624,199,0.0,20,0
624,238,3.0,12,0
624,314,2.0,14,0
624,223,7.0,6,0
624,235,16.0,3,0
624,304,19.0,2,1
624,328,12.0,4,1
625,221,0.0,31,0
625,330,0.0,27,0
625,312,2.0,16,0
625,329,0.0,26,0
625,290,0.0,18,0
625,293,0.0,33,0
625,305,4.0,11,0
625,306,9.0,5,1
625,250,3.0,14,0
625,340,0.0,28,0
625,243,0.0,25,0
625,338,0.0,24,0
625,278,6.0,9,0
625,339,0.0,32,0
625,320,0.0,30,0
625,289,1.0,17,0
625,333,3.0,12,0
625,207,3.0,13,0
625,309,6.0,8,0
625,317,0.0,29,0
625,327,9.0,6,0
625,224,34.0,1,2
625,182,0.0,19,0
625,337,0.0,22,0
625,307,0.0,21,0
625,280,0.0,23,0
625,199,0.0,20,0
625,238,5.0,10,0
625,314,2.0,15,0
625,223,7.0,7,0
625,235,16.0,4,0
625,304,19.0,3,1
625,328,21.0,2,2
626,262,0.0,33,0
626,232,1.0,18,0
626,221,0.0,32,0
626,330,0.0,28,0
626,312,2.0,16,0
626,329,0.0,27,0
626,290,0.0,19,0
626,293,0.0,35,0
626,305,4.0,11,0
626,306,9.0,6,1
626,250,3.0,14,0
626,340,0.0,29,0
626,243,0.0,26,0
626,338,0.0,25,0
626,278,9.0,8,0
626,339,0.0,34,0
626,320,0.0,31,0
626,289,1.0,17,0
626,333,3.0,12,0
626,207,3.0,13,0
626,309,10.0,5,0
626,317,0.0,30,0
626,327,9.0,7,0
626,224,43.0,1,3
626,182,0.0,21,0
626,337,0.0,23,0
626,307,0.0,22,0
626,280,0.0,24,0
626,199,0.0,20,0
626,238,5.0,10,0
626,314,2.0,15,0
626,223,7.0,9,0
626,235,16.0,4,0
626,304,21.0,3,1
626,328,27.0,2,2
627,321,0.0,36,0
627,262,0.0,33,0
627,232,1.0,19,0
627,221,0.0,32,0
627,330,0.0,28,0
627,312,4.0,12,0
627,329,0.0,25,0
627,290,0.0,20,0
627,293,0.0,35,0
627,305,4.0,11,0
627,306,9.0,7,1
627,250,3.0,16,0
627,340,0.0,29,0
627,243,0.0,27,0
627,338,0.0,26,0
627,278,9.0,9,0
627,339,0.0,34,0
627,320,0.0,31,0
627,289,2.0,18,0
627,333,3.0,13,0
627,207,3.0,15,0
627,309,10.0,6,0
627,317,0.0,30,0
627,327,9.0,8,0
627,224,43.0,1,3
627,182,0.0,22,0
627,337,0.0,23,0
627,307,3.0,14,0
627,280,0.0,24,0
627,199,0.0,21,0
627,238,9.0,10,0
627,314,2.0,17,0
627,223,13.0,5,0
627,235,25.0,3,1
627,304,21.0,4,1
627,328,27.0,2,2
628,296,0.0,35,0
628,321,0.0,37,0
628,262,0.0,33,0
628,232,1.0,19,0
628,221,0.0,32,0
628,330,0.0,29,0
628,312,4.0,13,0
628,329,0.0,25,0
628,290,0.0,20,0
628,293,0.0,36,0
628,305,7.0,11,0
628,306,9.0,8,1
628,250,3.0,16,0
628,340,0.0,30,0
628,243,0.0,27,0
628,338,0.0,26,0
628,278,11.0,7,0
628,339,0.0,34,0
628,320,0.0,28,0
628,289,2.0,18,0
628,333,3.0,14,0
628,207,3.0,15,0
628,309,14.0,5,0
628,317,0.0,31,0
628,327,9.0,9,0
628,224,52.0,1,4
628,182,0.0,22,0
628,337,0.0,23,0
628,307,4.0,12,0
628,280,0.0,24,0
628,199,0.0,21,0
628,238,9.0,10,0
628,314,2.0,17,0
628,223,13.0,6,0
628,235,25.0,4,1
628,304,27.0,3,1
628,328,27.0,2,2
629,341,0.0,32,0
629,296,0.0,36,0
629,321,0.0,38,0
629,262,0.0,34,0
629,232,1.0,19,0
629,221,0.0,33,0
629,330,0.0,30,0
629,312,4.0,13,0
629,329,0.0,25,0
629,290,0.0,21,0
629,293,0.0,37,0
629,305,13.0,7,0
629,306,9.0,9,1
629,250,3.0,17,0
629,340,0.0,31,0
629,243,0.0,28,0
629,338,0.0,27,0
629,278,11.0,8,0
629,339,0.0,35,0
629,320,1.0,20,0
629,289,4.0,14,0
629,333,3.0,15,0
629,207,3.0,16,0
629,309,17.0,5,0
629,317,0.0,29,0
629,327,9.0,10,0
629,224,61.0,1,5
629,182,0.0,23,0
629,337,0.0,24,0
629,307,4.0,12,0
629,280,0.0,26,0
629,199,0.0,22,0
629,238,9.0,11,0
629,314,2.0,18,0
629,223,13.0,6,0
629,235,25.0,4,1
629,304,31.0,2,1
629,328,27.0,3,2
630,343,0.0,39,0
630,342,0.0,33,0
630,341,0.0,32,0
630,296,0.0,37,0
630,321,0.0,40,0
630,262,0.0,35,0
630,232,1.0,20,0
630,221,0.0,34,0
630,330,0.0,30,0
630,312,4.0,13,0
630,329,0.0,25,0
630,290,0.0,22,0
630,293,0.0,38,0
630,305,13.0,7,0
630,306,9.0,9,1
630,250,3.0,18,0
630,340,0.0,31,0
630,243,0.0,28,0
630,338,0.0,27,0
630,278,12.0,8,0
630,339,0.0,36,0
630,320,1.0,21,0
630,289,4.0,14,0
630,333,3.0,16,0
630,207,3.0,17,0
630,309,23.0,5,0
630,317,0.0,29,0
630,327,9.0,10,0
630,224,61.0,1,5
630,182,0.0,23,0
630,337,0.0,24,0
630,307,4.0,12,0
630,280,0.0,26,0
630,199,3.0,15,0
630,238,9.0,11,0
630,314,2.0,19,0
630,223,15.0,6,0
630,235,25.0,4,1
630,304,35.0,3,1
630,328,36.0,2,3
631,344,0.0,32,0
631,222,0.0,29,0
631,343,0.0,41,0
631,342,0.0,34,0
631,341,0.0,36,0
631,296,0.0,39,0
631,321,0.0,42,0
631,262,0.0,37,0
631,232,1.0,20,0
631,221,0.0,24,0
631,330,0.0,33,0
631,312,4.0,14,0
631,329,0.0,26,0
631,290,0.0,22,0
631,293,0.0,40,0
631,305,13.0,8,0
631,306,9.0,11,1
631,250,3.0,18,0
631,340,0.0,35,0
631,243,0.0,30,0
631,338,0.0,28,0
631,278,12.0,10,0
631,339,0.0,38,0
631,320,1.0,21,0
631,289,4.0,15,0
631,333,3.0,17,0
631,207,4.0,12,0
631,309,23.0,5,0
631,317,0.0,31,0
631,327,15.0,6,0
631,224,61.0,1,5
631,182,0.0,23,0
631,337,0.0,25,0
631,307,4.0,13,0
631,280,0.0,27,0
631,199,3.0,16,0
631,238,12.0,9,0
631,314,2.0,19,0
631,223,15.0,7,0
631,235,27.0,4,1
631,304,39.0,3,1
631,328,45.0,2,4
632,339,0.0,25,0
632,347,0.0,24,0
632,320,0.0,23,0
632,334,0.0,22,0
632,340,0.0,21,0
632,346,0.0,20,0
632,293,0.0,19,0
632,345,0.0,18,0
632,307,0.0,17,0
632,327,0.0,16,0
632,341,0.0,15,0
632,224,0.0,14,0
632,333,0.0,13,0
632,243,0.0,12,0
632,280,0.0,11,0
632,238,0.0,10,0
632,289,0.0,9,0
632,235,0.0,8,0
632,312,0.0,7,0
632,304,1.0,6,0
632,278,2.0,5,0
632,317,3.0,4,0
632,223,4.0,3,0
632,328,6.0,2,0
632,207,9.0,1,1
633,314,0.0,14,0
633,306,1.0,9,0
633,339,0.0,22,0
633,347,0.0,27,0
633,320,0.0,12,0
633,334,0.0,26,0
633,340,0.0,25,0
633,346,0.0,24,0
633,293,0.0,23,0
633,345,3.0,7,0
633,307,0.0,15,0
633,327,0.0,10,0
633,341,0.0,18,0
633,224,0.0,21,0
633,333,0.0,20,0
633,243,0.0,19,0
633,280,0.0,17,0
633,238,0.0,16,0
633,289,0.0,13,0
633,235,6.0,3,0
633,312,0.0,11,0
633,304,3.0,8,0
633,278,6.0,4,0
633,317,3.0,6,0
633,223,4.0,5,0
633,328,15.0,1,1
633,207,9.0,2,1
634,342,0.0,26,0
634,314,0.0,18,0
634,306,1.0,12,0
634,339,0.0,23,0
634,347,0.0,28,0
634,320,0.0,17,0
634,334,0.0,27,0
634,340,0.0,25,0
634,346,0.0,22,0
634,293,0.0,24,0
634,345,3.0,8,0
634,307,0.0,20,0
634,327,0.0,14,0
634,341,0.0,13,0
634,224,2.0,10,0
634,333,0.0,21,0
634,243,1.0,11,0
634,280,0.0,16,0
634,238,6.0,4,0
634,289,0.0,19,0
634,235,10.0,2,0
634,312,0.0,15,0
634,304,6.0,6,0
634,278,6.0,5,0
634,317,3.0,9,0
634,223,4.0,7,0
634,328,24.0,1,2
634,207,9.0,3,1
635,338,0.0,29,0
635,298,0.0,20,0
635,342,0.0,24,0
635,314,0.0,21,0
635,306,1.0,12,0
635,339,0.0,25,0
635,347,0.0,30,0
635,320,0.0,19,0
635,334,0.0,28,0
635,340,0.0,27,0
635,346,1.0,14,0
635,293,0.0,26,0
635,345,9.0,4,0
635,307,0.0,15,0
635,327,0.0,16,0
635,341,2.0,10,0
635,224,2.0,11,0
635,333,0.0,23,0
635,243,1.0,13,0
635,280,0.0,18,0
635,238,9.0,5,0
635,289,0.0,22,0
635,235,19.0,2,1
635,312,0.0,17,0
635,304,6.0,8,0
635,278,6.0,7,0
635,317,3.0,9,0
635,223,8.0,6,0
635,328,24.0,1,2
635,207,9.0,3,1
636,349,0.0,26,0
636,348,0.0,24,0
636,338,0.0,31,0
636,298,0.0,20,0
636,342,0.0,25,0
636,314,0.0,21,0
636,306,1.0,14,0
636,339,0.0,27,0
636,347,0.0,32,0
636,320,0.0,18,0
636,334,0.0,30,0
636,340,0.0,29,0
636,346,4.0,11,0
636,293,0.0,28,0
636,345,9.0,4,0
636,307,0.0,16,0
636,327,6.0,8,0
636,341,2.0,13,0
636,224,6.0,9,0
636,333,0.0,23,0
636,243,1.0,15,0
636,280,0.0,19,0
636,238,9.0,5,0
636,289,0.0,22,0
636,235,19.0,2,1
636,312,0.0,17,0
636,304,6.0,10,0
636,278,8.0,7,0
636,317,4.0,12,0
636,223,8.0,6,0
636,328,33.0,1,3
636,207,9.0,3,1
637,262,0.0,36,0
637,329,0.0,31,0
637,321,0.0,30,0
637,330,0.0,23,0
637,349,0.0,27,0
637,348,0.0,25,0
637,338,0.0,34,0
637,298,0.0,20,0
637,342,0.0,26,0
637,314,0.0,21,0
637,306,1.0,16,0
637,339,0.0,28,0
637,347,0.0,35,0
637,320,0.0,19,0
637,334,0.0,33,0
637,340,0.0,32,0
637,346,4.0,11,0
637,293,0.0,29,0
637,345,9.0,6,0
637,307,0.0,17,0
637,327,6.0,9,0
637,341,3.0,14,0
637,224,10.0,4,0
637,333,0.0,24,0
637,243,3.0,15,0
637,280,3.0,13,0
637,238,15.0,3,0
637,289,0.0,22,0
637,235,19.0,2,1
637,312,0.0,18,0
637,304,6.0,10,0
637,278,8.0,8,0
637,317,4.0,12,0
637,223,8.0,7,0
637,328,42.0,1,4
637,207,9.0,5,1
638,350,0.0,24,0
638,262,0.0,37,0
638,329,0.0,32,0
638,321,0.0,31,0
638,330,0.0,23,0
638,349,0.0,28,0
638,348,0.0,26,0
638,338,0.0,35,0
638,298,0.0,21,0
638,342,0.0,27,0
638,314,1.0,17,0
638,306,1.0,16,0
638,339,0.0,29,0
638,347,0.0,36,0
638,320,0.0,20,0
638,334,0.0,34,0
638,340,0.0,33,0
638,346,4.0,12,0
638,293,0.0,30,0
638,345,9.0,8,0
638,307,0.0,18,0
638,327,12.0,5,0
638,341,3.0,14,0
638,224,10.0,7,0
638,333,0.0,25,0
638,243,3.0,15,0
638,280,3.0,13,0
638,238,17.0,3,0
638,289,0.0,22,0
638,235,19.0,2,1
638,312,0.0,19,0
638,304,6.0,10,0
638,278,8.0,9,0
638,317,4.0,11,0
638,223,12.0,6,0
638,328,51.0,1,5
638,207,12.0,4,1
639,182,0.0,33,0
639,337,0.0,26,0
639,350,0.0,25,0
639,262,0.0,23,0
639,329,0.0,29,0
639,321,0.0,35,0
639,330,0.0,24,0
639,349,0.0,31,0
639,348,0.0,28,0
639,338,0.0,39,0
639,298,0.0,22,0
639,342,0.0,30,0
639,314,5.0,13,0
639,306,1.0,18,0
639,339,0.0,32,0
639,347,0.0,37,0
639,320,0.0,21,0
639,334,0.0,38,0
639,340,0.0,36,0
639,346,13.0,5,1
639,293,0.0,34,0
639,345,9.0,9,0
639,307,0.0,19,0
639,327,12.0,7,0
639,341,3.0,15,0
639,224,16.0,4,0
639,333,0.0,27,0
639,243,3.0,16,0
639,280,4.0,14,0
639,238,17.0,3,0
639,289,2.0,17,0
639,235,19.0,2,1
639,312,0.0,20,0
639,304,6.0,12,0
639,278,8.0,10,0
639,317,7.0,11,0
639,223,12.0,8,0
639,328,51.0,1,5
639,207,12.0,6,1
640,351,0.0,40,0
640,197,0.0,31,0
640,305,3.0,16,0
640,182,0.0,36,0
640,337,0.0,27,0
640,350,0.0,28,0
640,262,0.0,22,0
640,329,0.0,32,0
640,321,0.0,38,0
640,330,0.0,26,0
640,349,0.0,34,0
640,348,0.0,30,0
640,338,0.0,42,0
640,298,0.0,24,0
640,342,0.0,33,0
640,314,5.0,14,0
640,306,1.0,21,0
640,339,0.0,35,0
640,347,0.0,25,0
640,320,9.0,9,1
640,334,0.0,41,0
640,340,0.0,39,0
640,346,13.0,6,1
640,293,0.0,37,0
640,345,9.0,10,0
640,307,2.0,19,0
640,327,16.0,4,0
640,341,3.0,17,0
640,224,16.0,5,0
640,333,0.0,29,0
640,243,3.0,18,0
640,280,4.0,15,0
640,238,23.0,2,0
640,289,2.0,20,0
640,235,19.0,3,1
640,312,0.0,23,0
640,304,6.0,13,0
640,278,9.0,11,0
640,317,7.0,12,0
640,223,12.0,8,0
640,328,51.0,1,5
640,207,12.0,7,1
641,354,0.0,46,0
641,353,0.0,39,0
641,352,0.0,32,0
641,288,4.0,15,0
641,351,0.0,43,0
641,197,0.0,33,0
641,305,3.0,17,0
641,182,0.0,38,0
641,337,0.0,28,0
641,350,0.0,29,0
641,262,0.0,23,0
641,329,0.0,34,0
641,321,0.0,41,0
641,330,0.0,27,0
641,349,0.0,36,0
641,348,0.0,31,0
641,338,0.0,45,0
641,298,0.0,25,0
641,342,0.0,35,0
641,314,5.0,14,0
641,306,1.0,22,0
641,339,0.0,37,0
641,347,0.0,26,0
641,320,9.0,9,1
641,334,0.0,44,0
641,340,0.0,42,0
641,346,13.0,6,1
641,293,0.0,40,0
641,345,9.0,10,0
641,307,2.0,20,0
641,327,17.0,4,0
641,341,3.0,18,0
641,224,16.0,5,0
641,333,0.0,30,0
641,243,3.0,19,0
641,280,4.0,16,0
641,238,29.0,2,0
641,289,2.0,21,0
641,235,19.0,3,1
641,312,0.0,24,0
641,304,9.0,13,0
641,278,9.0,11,0
641,317,9.0,12,0
641,223,12.0,8,0
641,328,60.0,1,6
641,207,12.0,7,1
642,309,0.0,50,0
642,344,0.0,49,0
642,355,0.0,33,0
642,322,0.0,27,0
642,354,0.0,48,0
642,353,0.0,41,0
642,352,0.0,34,0
642,288,4.0,16,0
642,351,0.0,45,0
642,197,0.0,35,0
642,305,3.0,18,0
642,182,0.0,40,0
642,337,0.0,29,0
642,350,0.0,31,0
642,262,0.0,23,0
642,329,0.0,36,0
642,321,0.0,43,0
642,330,0.0,28,0
642,349,0.0,38,0
642,348,0.0,32,0
642,338,0.0,47,0
642,298,0.0,25,0
642,342,0.0,37,0
642,314,5.0,14,0
642,306,1.0,22,0
642,339,0.0,39,0
642,347,0.0,26,0
642,320,9.0,9,1
642,334,0.0,46,0
642,340,0.0,44,0
642,346,19.0,5,1
642,293,0.0,42,0
642,345,9.0,10,0
642,307,5.0,15,0
642,327,26.0,3,1
642,341,3.0,19,0
642,224,16.0,6,0
642,333,0.0,30,0
642,243,3.0,20,0
642,280,4.0,17,0
642,238,33.0,2,0
642,289,2.0,21,0
642,235,19.0,4,1
642,312,0.0,24,0
642,304,9.0,13,0
642,278,9.0,11,0
642,317,9.0,12,0
642,223,13.0,7,0
642,328,62.0,1,6
642,207,12.0,8,1
643,278,0.0,23,0
643,262,0.0,22,0
643,243,0.0,21,0
643,207,0.0,20,0
643,361,0.0,19,0
643,360,0.0,18,0
643,359,0.0,17,0
643,352,0.0,16,0
643,341,0.0,15,0
643,235,0.0,14,0
643,358,0.0,13,0
643,293,0.0,12,0
643,362,0.0,11,0
643,346,0.0,10,0
643,345,0.0,9,0
643,340,0.0,8,0
643,280,0.0,7,0
643,289,1.0,6,0
643,357,2.0,5,0
643,306,3.0,4,0
643,328,4.0,3,0
643,304,6.0,2,0
643,356,9.0,1,1
644,339,0.0,25,0
644,333,0.0,24,0
644,278,0.0,19,0
644,262,0.0,22,0
644,243,0.0,18,0
644,207,4.0,5,0
644,361,0.0,23,0
644,360,6.0,4,0
644,359,2.0,8,0
644,352,0.0,21,0
644,341,0.0,17,0
644,235,0.0,20,0
644,358,0.0,16,0
644,293,0.0,15,0
644,362,0.0,14,0
644,346,0.0,13,0
644,345,0.0,12,0
644,340,0.0,11,0
644,280,0.0,10,0
644,289,4.0,6,0
644,357,2.0,9,0
644,306,3.0,7,0
644,328,13.0,1,1
644,304,6.0,3,0
644,356,9.0,2,1
645,238,0.0,13,0
645,339,0.0,26,0
645,333,0.0,25,0
645,278,0.0,20,0
645,262,0.0,22,0
645,243,0.0,19,0
645,207,4.0,8,0
645,361,0.0,21,0
645,360,6.0,5,0
645,359,2.0,10,0
645,352,0.0,24,0
645,341,0.0,18,0
645,235,0.0,23,0
645,358,9.0,3,1
645,293,0.0,17,0
645,362,0.0,16,0
645,346,0.0,14,0
645,345,1.0,12,0
645,340,0.0,15,0
645,280,4.0,7,0
645,289,6.0,6,0
645,357,2.0,11,0
645,306,3.0,9,0
645,328,13.0,2,1
645,304,9.0,4,0
645,356,15.0,1,1
646,321,0.0,27,0
646,363,3.0,12,0
646,238,0.0,17,0
646,339,0.0,28,0
646,333,0.0,26,0
646,278,6.0,7,0
646,262,0.0,24,0
646,243,2.0,13,0
646,207,4.0,11,0
646,361,0.0,23,0
646,360,6.0,8,0
646,359,2.0,15,0
646,352,0.0,25,0
646,341,0.0,22,0
646,235,0.0,18,0
646,358,9.0,4,1
646,293,0.0,21,0
646,362,0.0,20,0
646,346,0.0,16,0
646,345,10.0,3,1
646,340,0.0,19,0
646,280,5.0,10,0
646,289,6.0,9,0
646,357,2.0,14,0
646,306,7.0,6,0
646,328,13.0,2,1
646,304,9.0,5,0
646,356,15.0,1,1
647,351,0.0,34,0
647,353,0.0,33,0
647,364,0.0,31,0
647,320,0.0,30,0
647,327,0.0,26,0
647,223,3.0,14,0
647,321,0.0,29,0
647,363,3.0,13,0
647,238,0.0,20,0
647,339,0.0,32,0
647,333,0.0,28,0
647,278,6.0,7,0
647,262,0.0,25,0
647,243,2.0,16,0
647,207,4.0,12,0
647,361,0.0,24,0
647,360,6.0,8,0
647,359,2.0,17,0
647,352,0.0,27,0
647,341,1.0,18,0
647,235,4.0,11,0
647,358,18.0,2,2
647,293,0.0,23,0
647,362,0.0,22,0
647,346,0.0,19,0
647,345,10.0,4,1
647,340,0.0,21,0
647,280,5.0,10,0
647,289,6.0,9,0
647,357,2.0,15,0
647,306,9.0,6,0
647,328,19.0,1,1
647,304,9.0,5,0
647,356,15.0,3,1
648,351,0.0,32,0
648,353,0.0,34,0
648,364,1.0,19,0
648,320,0.0,31,0
648,327,0.0,23,0
648,223,3.0,14,0
648,321,0.0,30,0
648,363,3.0,13,0
648,238,0.0,21,0
648,339,0.0,33,0
648,333,0.0,29,0
648,278,12.0,4,0
648,262,0.0,28,0
648,243,2.0,16,0
648,207,4.0,12,0
648,361,0.0,27,0
648,360,6.0,9,0
648,359,2.0,17,0
648,352,0.0,25,0
648,341,1.0,18,0
648,235,4.0,11,0
648,358,27.0,1,3
648,293,0.0,26,0
648,362,0.0,24,0
648,346,0.0,20,0
648,345,10.0,6,1
648,340,0.0,22,0
648,280,7.0,8,0
648,289,6.0,10,0
648,357,2.0,15,0
648,306,9.0,7,0
648,328,19.0,2,1
648,304,12.0,5,0
648,356,19.0,3,1
649,224,0.0,23,0
649,351,0.0,34,0
649,353,0.0,29,0
649,364,1.0,19,0
649,320,0.0,33,0
649,327,0.0,22,0
649,223,6.0,11,0
649,321,0.0,32,0
649,363,3.0,14,0
649,238,0.0,21,0
649,339,0.0,35,0
649,333,0.0,31,0
649,278,14.0,5,0
649,262,0.0,30,0
649,243,2.0,16,0
649,207,4.0,13,0
649,361,0.0,28,0
649,360,6.0,10,0
649,359,2.0,17,0
649,352,0.0,26,0
649,341,1.0,18,0
649,235,4.0,12,0
649,358,36.0,1,4
649,293,0.0,27,0
649,362,0.0,25,0
649,346,0.0,20,0
649,345,10.0,6,1
649,340,0.0,24,0
649,280,7.0,8,0
649,289,7.0,9,0
649,357,2.0,15,0
649,306,9.0,7,0
649,328,19.0,3,1
649,304,16.0,4,0
649,356,25.0,2,1
650,365,0.0,37,0
650,312,0.0,36,0
650,224,3.0,15,0
650,351,0.0,34,0
650,353,0.0,29,0
650,364,1.0,20,0
650,320,0.0,33,0
650,327,0.0,21,0
650,223,6.0,12,0
650,321,0.0,32,0
650,363,3.0,16,0
650,238,0.0,23,0
650,339,0.0,35,0
650,333,0.0,31,0
650,278,14.0,5,0
650,262,0.0,30,0
650,243,4.0,14,0
650,207,4.0,13,0
650,361,0.0,28,0
650,360,6.0,11,0
650,359,2.0,18,0
650,352,0.0,26,0
650,341,1.0,19,0
650,235,10.0,7,0
650,358,45.0,1,5
650,293,0.0,27,0
650,362,0.0,25,0
650,346,0.0,22,0
650,345,10.0,6,1
650,340,0.0,24,0
650,280,8.0,9,0
650,289,7.0,10,0
650,357,2.0,17,0
650,306,9.0,8,0
650,328,19.0,4,1
650,304,20.0,3,0
650,356,25.0,2,1
17,18,95.0,1,6
17,22,77.0,3,2
17,15,32.5,8,0
17,10,24.0,10,0
17,4,26.0,9,0
17,3,34.5,7,0
17,67,6.0,16,0
17,7,2.0,19,0
17,16,5.0,17,0
17,2,19.0,13,0
17,21,8.0,15,0
17,17,69.5,4,2
17,20,84.0,2,4
17,9,17.0,14,0
17,8,48.0,6,1
17,13,22.0,11,0
17,12,0.0,21,0
17,6,0.0,20,0
17,5,22.0,12,0
17,1,49.0,5,2
17,153,0.0,24,0
17,154,0.0,23,0
17,69,0.0,25,0
17,24,0.0,22,0
17,155,3.0,18,0
651,314,0.0,34,0
651,365,0.0,38,0
651,312,0.0,37,0
651,224,3.0,16,0
651,351,0.0,35,0
651,353,0.0,32,0
651,364,1.0,21,0
651,320,0.0,26,0
651,327,0.0,22,0
651,223,12.0,8,0
651,321,0.0,33,0
651,363,3.0,15,0
651,238,0.0,24,0
651,339,0.0,36,0
651,333,0.0,29,0
651,278,14.0,6,0
651,262,2.0,18,0
651,243,8.0,10,0
651,207,4.0,14,0
651,361,0.0,31,0
651,360,6.0,13,0
651,359,2.0,19,0
651,352,0.0,27,0
651,341,1.0,20,0
651,235,19.0,4,1
651,358,45.0,1,5
651,293,0.0,30,0
651,362,0.0,28,0
651,346,0.0,23,0
651,345,13.0,7,1
651,340,0.0,25,0
651,280,8.0,11,0
651,289,7.0,12,0
651,357,2.0,17,0
651,306,10.0,9,0
651,328,19.0,5,1
651,304,20.0,3,0
651,356,25.0,2,1
652,330,0.0,40,0
652,347,0.0,38,0
652,314,0.0,33,0
652,365,0.0,39,0
652,312,0.0,37,0
652,224,3.0,16,0
652,351,0.0,35,0
652,353,0.0,32,0
652,364,1.0,22,0
652,320,0.0,27,0
652,327,1.0,20,0
652,223,21.0,5,1
652,321,0.0,34,0
652,363,3.0,15,0
652,238,0.0,24,0
652,339,0.0,36,0
652,333,0.0,25,0
652,278,14.0,7,0
652,262,2.0,18,0
652,243,10.0,10,0
652,207,4.0,14,0
652,361,0.0,31,0
652,360,6.0,13,0
652,359,2.0,19,0
652,352,0.0,28,0
652,341,1.0,21,0
652,235,19.0,6,1
652,358,45.0,1,5
652,293,0.0,30,0
652,362,0.0,29,0
652,346,0.0,23,0
652,345,13.0,9,1
652,340,0.0,26,0
652,280,8.0,11,0
652,289,7.0,12,0
652,357,2.0,17,0
652,306,14.0,8,0
652,328,25.0,2,1
652,304,23.0,4,0
652,356,25.0,3,1
653,330,0.0,40,0
653,347,0.0,38,0
653,314,0.0,33,0
653,365,0.0,39,0
653,312,0.0,37,0
653,224,3.0,16,0
653,351,0.0,35,0
653,353,0.0,32,0
653,364,1.0,23,0
653,320,1.0,22,0
653,327,1.0,21,0
653,223,27.0,3,1
653,321,0.0,34,0
653,363,3.0,15,0
653,238,0.0,25,0
653,339,0.0,36,0
653,333,0.0,26,0
653,278,18.0,7,0
653,262,2.0,19,0
653,243,10.0,10,0
653,207,4.0,14,0
653,361,0.0,31,0
653,360,6.0,13,0
653,359,2.0,20,0
653,352,0.0,28,0
653,341,3.0,17,0
653,235,28.0,2,2
653,358,45.0,1,5
653,293,0.0,30,0
653,362,0.0,29,0
653,346,0.0,24,0
653,345,16.0,8,1
653,340,0.0,27,0
653,280,8.0,11,0
653,289,7.0,12,0
653,357,2.0,18,0
653,306,14.0,9,0
653,328,25.0,4,1
653,304,23.0,6,0
653,356,25.0,5,1
654,367,0.0,42,0
654,366,0.0,38,0
654,317,4.0,16,0
654,330,0.0,43,0
654,347,0.0,36,0
654,314,0.0,35,0
654,365,0.0,41,0
654,312,0.0,40,0
654,224,12.0,10,1
654,351,0.0,37,0
654,353,0.0,34,0
654,364,1.0,24,0
654,320,1.0,23,0
654,327,1.0,22,0
654,223,27.0,3,1
654,321,1.0,25,0
654,363,3.0,17,0
654,238,0.0,27,0
654,339,0.0,39,0
654,333,0.0,28,0
654,278,20.0,8,0
654,262,2.0,20,0
654,243,10.0,11,0
654,207,4.0,15,0
654,361,0.0,33,0
654,360,6.0,14,0
654,359,2.0,21,0
654,352,0.0,30,0
654,341,3.0,18,0
654,235,31.0,2,2
654,358,45.0,1,5
654,293,0.0,32,0
654,362,0.0,31,0
654,346,0.0,26,0
654,345,22.0,7,1
654,340,0.0,29,0
654,280,8.0,12,0
654,289,7.0,13,0
654,357,2.0,19,0
654,306,14.0,9,0
654,328,25.0,4,1
654,304,23.0,6,0
654,356,25.0,5,1
655,367,0.0,42,0
655,366,0.0,38,0
655,317,4.0,15,0
655,330,0.0,43,0
655,347,0.0,36,0
655,314,0.0,35,0
655,365,0.0,41,0
655,312,0.0,40,0
655,224,12.0,10,1
655,351,0.0,37,0
655,353,0.0,34,0
655,364,1.0,24,0
655,320,1.0,23,0
655,327,1.0,22,0
655,223,33.0,3,1
655,321,1.0,25,0
655,363,3.0,17,0
655,238,0.0,27,0
655,339,0.0,39,0
655,333,0.0,28,0
655,278,23.0,8,0
655,262,2.0,20,0
655,243,10.0,11,0
655,207,4.0,16,0
655,361,0.0,33,0
655,360,6.0,14,0
655,359,2.0,21,0
655,352,0.0,30,0
655,341,3.0,18,0
655,235,40.0,2,3
655,358,45.0,1,5
655,293,0.0,32,0
655,362,0.0,31,0
655,346,0.0,26,0
655,345,23.0,7,1
655,340,0.0,29,0
655,280,8.0,12,0
655,289,7.0,13,0
655,357,2.0,19,0
655,306,16.0,9,0
655,328,25.0,5,1
655,304,27.0,4,0
655,356,25.0,6,1
656,369,0.0,18,0
656,235,0.0,17,0
656,340,0.0,16,0
656,207,0.0,15,0
656,356,0.0,14,0
656,278,0.0,13,0
656,345,0.0,12,0
656,341,0.0,11,0
656,358,0.0,10,0
656,362,0.0,9,0
656,368,0.0,8,0
656,262,0.0,7,0
656,306,1.0,6,0
656,360,2.0,5,0
656,346,3.0,4,0
656,304,4.0,3,0
656,289,6.0,2,0
656,328,9.0,1,1
657,361,0.0,16,0
657,369,0.0,19,0
657,235,1.0,8,0
657,340,0.0,18,0
657,207,0.0,17,0
657,356,0.0,13,0
657,278,0.0,12,0
657,345,0.0,11,0
657,341,2.0,7,0
657,358,0.0,15,0
657,362,0.0,14,0
657,368,0.0,10,0
657,262,0.0,9,0
657,306,5.0,5,0
657,360,8.0,2,0
657,346,3.0,6,0
657,304,7.0,3,0
657,289,6.0,4,0
657,328,18.0,1,2
658,351,0.0,19,0
658,350,0.0,12,0
658,370,3.0,8,0
658,361,6.0,6,0
658,369,0.0,22,0
658,235,1.0,10,0
658,340,0.0,21,0
658,207,0.0,20,0
658,356,0.0,16,0
658,278,0.0,15,0
658,345,0.0,14,0
658,341,2.0,9,0
658,358,0.0,18,0
658,362,0.0,17,0
658,368,0.0,13,0
658,262,0.0,11,0
658,306,5.0,7,0
658,360,10.0,3,0
658,346,7.0,5,0
658,304,8.0,4,0
658,289,15.0,2,1
658,328,18.0,1,2
659,351,0.0,19,0
659,350,0.0,13,0
659,370,3.0,9,0
659,361,6.0,6,0
659,369,0.0,22,0
659,235,3.0,10,0
659,340,0.0,21,0
659,207,0.0,20,0
659,356,1.0,12,0
659,278,4.0,8,0
659,345,0.0,16,0
659,341,2.0,11,0
659,358,0.0,18,0
659,362,0.0,17,0
659,368,0.0,15,0
659,262,0.0,14,0
659,306,5.0,7,0
659,360,10.0,5,0
659,346,13.0,3,0
659,304,11.0,4,0
659,289,15.0,2,1
659,328,27.0,1,3
660,357,0.0,20,0
660,351,0.0,14,0
660,350,2.0,11,0
660,370,3.0,10,0
660,361,6.0,8,0
660,369,0.0,23,0
660,235,7.0,7,0
660,340,0.0,22,0
660,207,0.0,21,0
660,356,1.0,13,0
660,278,4.0,9,0
660,345,0.0,17,0
660,341,2.0,12,0
660,358,0.0,19,0
660,362,0.0,18,0
660,368,0.0,16,0
660,262,0.0,15,0
660,306,11.0,5,0
660,360,13.0,4,0
660,346,13.0,3,0
660,304,11.0,6,0
660,289,16.0,2,1
660,328,36.0,1,4
661,321,0.0,23,0
661,347,0.0,22,0
661,357,0.0,18,0
661,351,0.0,15,0
661,350,3.0,12,0
661,370,3.0,11,0
661,361,8.0,8,0
661,369,0.0,25,0
661,235,13.0,5,0
661,340,0.0,24,0
661,207,0.0,21,0
661,356,1.0,14,0
661,278,4.0,9,0
661,345,0.0,19,0
661,341,2.0,13,0
661,358,3.0,10,0
661,362,0.0,20,0
661,368,0.0,17,0
661,262,0.0,16,0
661,306,11.0,6,0
661,360,17.0,2,0
661,346,13.0,4,0
661,304,11.0,7,0
661,289,16.0,3,1
661,328,45.0,1,5
662,321,0.0,23,0
662,347,0.0,21,0
662,357,0.0,18,0
662,351,0.0,16,0
662,350,3.0,12,0
662,370,3.0,11,0
662,361,8.0,8,0
662,369,0.0,25,0
662,235,22.0,2,1
662,340,0.0,24,0
662,207,0.0,22,0
662,356,1.0,14,0
662,278,4.0,9,0
662,345,0.0,19,0
662,341,2.0,13,0
662,358,3.0,10,0
662,362,0.0,20,0
662,368,0.0,17,0
662,262,0.0,15,0
662,306,12.0,6,0
662,360,21.0,3,0
662,346,15.0,5,0
662,304,11.0,7,0
662,289,19.0,4,1
662,328,51.0,1,5
663,321,0.0,23,0
663,347,0.0,21,0
663,357,0.0,19,0
663,351,0.0,17,0
663,350,3.0,12,0
663,370,3.0,11,0
663,361,10.0,8,0
663,369,0.0,25,0
663,235,22.0,3,1
663,340,0.0,24,0
663,207,0.0,22,0
663,356,1.0,15,0
663,278,4.0,10,0
663,345,1.0,14,0
663,341,2.0,13,0
663,358,9.0,9,0
663,362,0.0,20,0
663,368,0.0,18,0
663,262,0.0,16,0
663,306,16.0,5,0
663,360,24.0,2,0
663,346,15.0,6,0
663,304,11.0,7,0
663,289,19.0,4,1
663,328,60.0,1,6
664,372,0.0,28,0
664,343,0.0,22,0
664,353,0.0,19,0
664,359,1.0,16,0
664,321,0.0,26,0
664,347,0.0,24,0
664,357,0.0,21,0
664,351,0.0,18,0
664,350,3.0,13,0
664,370,3.0,12,0
664,361,10.0,9,0
664,369,0.0,29,0
664,235,31.0,2,2
664,340,0.0,27,0
664,207,0.0,25,0
664,356,7.0,10,0
664,278,4.0,11,0
664,345,1.0,15,0
664,341,2.0,14,0
664,358,13.0,7,0
664,362,0.0,23,0
664,368,0.0,20,0
664,262,0.0,17,0
664,306,19.0,5,0
664,360,26.0,3,0
664,346,15.0,6,0
664,304,11.0,8,0
664,289,19.0,4,1
664,328,60.0,1,6
665,352,0.0,25,0
665,372,0.0,29,0
665,343,0.0,22,0
665,353,0.0,19,0
665,359,1.0,17,0
665,321,0.0,27,0
665,347,0.0,24,0
665,357,0.0,21,0
665,351,1.0,16,0
665,350,3.0,14,0
665,370,3.0,13,0
665,361,16.0,7,0
665,369,0.0,30,0
665,235,31.0,2,2
665,340,0.0,28,0
665,207,0.0,26,0
665,356,10.0,10,0
665,278,4.0,12,0
665,345,3.0,15,0
665,341,6.0,11,0
665,358,22.0,4,1
665,362,0.0,23,0
665,368,0.0,20,0
665,262,0.0,18,0
665,306,19.0,6,0
665,360,26.0,3,0
665,346,15.0,8,0
665,304,11.0,9,0
665,289,19.0,5,1
665,328,60.0,1,6
666,352,0.0,24,0
666,372,0.0,29,0
666,343,0.0,22,0
666,353,0.0,19,0
666,359,1.0,18,0
666,321,0.0,27,0
666,347,0.0,25,0
666,357,0.0,21,0
666,351,1.0,16,0
666,350,3.0,14,0
666,370,3.0,13,0
666,361,16.0,8,0
666,369,0.0,30,0
666,235,37.0,2,2
666,340,0.0,28,0
666,207,0.0,26,0
666,356,14.0,10,0
666,278,4.0,12,0
666,345,3.0,15,0
666,341,6.0,11,0
666,358,22.0,4,1
666,362,0.0,23,0
666,368,0.0,20,0
666,262,1.0,17,0
666,306,21.0,5,0
666,360,26.0,3,0
666,346,15.0,9,0
666,304,20.0,6,1
666,289,19.0,7,1
666,328,63.0,1,6
667,375,0.0,23,0
667,293,0.0,22,0
667,312,0.0,21,0
667,374,0.0,20,0
667,333,0.0,19,0
667,356,0.0,18,0
667,345,0.0,17,0
667,369,0.0,16,0
667,368,0.0,15,0
667,328,0.0,14,0
667,347,0.0,13,0
667,235,0.0,12,0
667,364,0.0,11,0
667,334,0.0,10,0
667,340,0.0,9,0
667,341,0.0,8,0
667,346,0.0,7,0
667,306,1.0,6,0
667,304,2.0,5,0
667,278,3.0,4,0
667,358,4.0,3,0
667,289,6.0,2,0
667,373,9.0,1,1
668,361,0.0,13,0
668,360,0.0,12,0
668,375,3.0,7,0
668,293,0.0,25,0
668,312,4.0,5,0
668,374,0.0,24,0
668,333,0.0,23,0
668,356,0.0,19,0
668,345,0.0,15,0
668,369,0.0,22,0
668,368,0.0,21,0
668,328,0.0,20,0
668,347,0.0,18,0
668,235,0.0,17,0
668,364,0.0,16,0
668,334,0.0,14,0
668,340,0.0,11,0
668,341,0.0,10,0
668,346,0.0,9,0
668,306,3.0,8,0
668,304,8.0,3,0
668,278,3.0,6,0
668,358,4.0,4,0
668,289,15.0,1,1
668,373,9.0,2,1
669,351,0.0,27,0
669,262,0.0,25,0
669,359,0.0,22,0
669,376,4.0,8,0
669,370,6.0,4,0
669,361,0.0,16,0
669,360,0.0,14,0
669,375,6.0,5,0
669,293,0.0,30,0
669,312,4.0,7,0
669,374,0.0,29,0
669,333,0.0,28,0
669,356,0.0,20,0
669,345,0.0,15,0
669,369,0.0,26,0
669,368,0.0,24,0
669,328,0.0,23,0
669,347,0.0,21,0
669,235,0.0,19,0
669,364,0.0,18,0
669,334,0.0,17,0
669,340,0.0,13,0
669,341,0.0,12,0
669,346,0.0,11,0
669,306,3.0,10,0
669,304,10.0,2,0
669,278,3.0,9,0
669,358,4.0,6,0
669,289,24.0,1,2
669,373,9.0,3,1
670,351,0.0,27,0
670,262,2.0,15,0
670,359,0.0,24,0
670,376,5.0,8,0
670,370,6.0,6,0
670,361,0.0,19,0
670,360,9.0,3,1
670,375,6.0,7,0
670,293,0.0,30,0
670,312,4.0,11,0
670,374,0.0,29,0
670,333,0.0,28,0
670,356,0.0,22,0
670,345,6.0,5,0
670,369,0.0,26,0
670,368,0.0,25,0
670,328,3.0,13,0
670,347,0.0,23,0
670,235,4.0,9,0
670,364,0.0,21,0
670,334,0.0,20,0
670,340,0.0,18,0
670,341,0.0,17,0
670,346,0.0,16,0
670,306,3.0,14,0
670,304,10.0,2,0
670,278,3.0,12,0
670,358,4.0,10,0
670,289,24.0,1,2
670,373,9.0,4,1
671,351,2.0,16,0
671,262,2.0,15,0
671,359,0.0,25,0
671,376,5.0,11,0
671,370,6.0,9,0
671,361,0.0,21,0
671,360,9.0,5,1
671,375,6.0,10,0
671,293,0.0,30,0
671,312,4.0,13,0
671,374,0.0,29,0
671,333,0.0,28,0
671,356,0.0,24,0
671,345,10.0,3,0
671,369,0.0,27,0
671,368,0.0,26,0
671,328,12.0,2,1
671,347,0.0,19,0
671,235,7.0,8,0
671,364,0.0,23,0
671,334,0.0,22,0
671,340,0.0,20,0
671,341,0.0,18,0
671,346,0.0,17,0
671,306,9.0,7,0
671,304,10.0,4,0
671,278,4.0,14,0
671,358,4.0,12,0
671,289,24.0,1,2
671,373,9.0,6,1
672,377,0.0,29,0
672,350,3.0,16,0
672,351,2.0,18,0
672,262,2.0,17,0
672,359,0.0,26,0
672,376,5.0,12,0
672,370,6.0,9,0
672,361,1.0,19,0
672,360,9.0,6,1
672,375,6.0,11,0
672,293,0.0,32,0
672,312,4.0,14,0
672,374,0.0,31,0
672,333,0.0,30,0
672,356,0.0,25,0
672,345,10.0,5,0
672,369,0.0,28,0
672,368,0.0,27,0
672,328,16.0,3,1
672,347,0.0,21,0
672,235,16.0,2,1
672,364,0.0,24,0
672,334,0.0,23,0
672,340,0.0,22,0
672,341,6.0,10,0
672,346,0.0,20,0
672,306,9.0,8,0
672,304,12.0,4,0
672,278,4.0,15,0
672,358,4.0,13,0
672,289,24.0,1,2
672,373,9.0,7,1
673,378,0.0,26,0
673,377,0.0,30,0
673,350,3.0,17,0
673,351,2.0,19,0
673,262,2.0,18,0
673,359,0.0,27,0
673,376,5.0,14,0
673,370,6.0,12,0
673,361,1.0,20,0
673,360,9.0,8,1
673,375,6.0,13,0
673,293,0.0,33,0
673,312,4.0,16,0
673,374,0.0,32,0
673,333,0.0,31,0
673,356,0.0,25,0
673,345,10.0,5,0
673,369,0.0,29,0
673,368,0.0,28,0
673,328,17.0,3,1
673,347,0.0,21,0
673,235,20.0,2,1
673,364,0.0,24,0
673,334,0.0,23,0
673,340,0.0,22,0
673,341,8.0,11,0
673,346,9.0,7,1
673,306,9.0,10,0
673,304,15.0,4,0
673,278,10.0,6,0
673,358,4.0,15,0
673,289,24.0,1,2
673,373,9.0,9,1
674,379,0.0,26,0
674,365,0.0,25,0
674,378,0.0,28,0
674,377,0.0,32,0
674,350,3.0,17,0
674,351,2.0,19,0
674,262,2.0,18,0
674,359,0.0,29,0
674,376,5.0,15,0
674,370,6.0,13,0
674,361,1.0,21,0
674,360,9.0,8,1
674,375,6.0,14,0
674,293,0.0,35,0
674,312,4.0,16,0
674,374,0.0,34,0
674,333,0.0,33,0
674,356,2.0,20,0
674,345,11.0,5,0
674,369,0.0,31,0
674,368,0.0,30,0
674,328,26.0,2,2
674,347,0.0,22,0
674,235,23.0,3,1
674,364,0.0,23,0
674,334,0.0,27,0
674,340,0.0,24,0
674,341,8.0,11,0
674,346,9.0,7,1
674,306,9.0,10,0
674,304,15.0,4,0
674,278,10.0,6,0
674,358,8.0,12,0
674,289,30.0,1,2
674,373,9.0,9,1
675,380,0.0,37,0
675,321,0.0,34,0
675,322,0.0,28,0
675,379,0.0,27,0
675,365,0.0,26,0
675,378,0.0,30,0
675,377,0.0,33,0
675,350,3.0,19,0
675,351,2.0,22,0
675,262,2.0,20,0
675,359,6.0,14,0
675,376,5.0,16,0
675,370,6.0,13,0
675,361,4.0,18,0
675,360,9.0,9,1
675,375,6.0,15,0
675,293,0.0,38,0
675,312,4.0,17,0
675,374,0.0,36,0
675,333,0.0,35,0
675,356,2.0,21,0
675,345,11.0,5,0
675,369,0.0,32,0
675,368,0.0,31,0
675,328,26.0,3,2
675,347,1.0,23,0
675,235,27.0,2,1
675,364,0.0,24,0
675,334,0.0,29,0
675,340,0.0,25,0
675,341,8.0,11,0
675,346,9.0,8,1
675,306,11.0,6,0
675,304,24.0,4,1
675,278,10.0,7,0
675,358,8.0,12,0
675,289,30.0,1,2
675,373,9.0,10,1
676,343,0.0,35,0
676,280,0.0,30,0
676,380,0.0,39,0
676,321,0.0,36,0
676,322,0.0,28,0
676,379,0.0,27,0
676,365,0.0,26,0
676,378,0.0,31,0
676,377,0.0,34,0
676,350,5.0,17,0
676,351,2.0,22,0
676,262,2.0,20,0
676,359,6.0,14,0
676,376,5.0,16,0
676,370,6.0,13,0
676,361,4.0,19,0
676,360,15.0,5,1
676,375,6.0,15,0
676,293,0.0,40,0
676,312,4.0,18,0
676,374,0.0,38,0
676,333,0.0,37,0
676,356,2.0,21,0
676,345,15.0,6,0
676,369,0.0,33,0
676,368,0.0,32,0
676,328,27.0,3,2
676,347,1.0,23,0
676,235,27.0,4,1
676,364,0.0,24,0
676,334,0.0,29,0
676,340,0.0,25,0
676,341,8.0,11,0
676,346,9.0,9,1
676,306,11.0,7,0
676,304,33.0,2,2
676,278,10.0,8,0
676,358,8.0,12,0
676,289,33.0,1,2
676,373,9.0,10,1
677,207,0.0,36,0
677,381,0.0,35,0
677,343,0.0,37,0
677,280,0.0,30,0
677,380,0.0,41,0
677,321,0.0,38,0
677,322,0.0,28,0
677,379,0.0,27,0
677,365,0.0,26,0
677,378,0.0,31,0
677,377,0.0,34,0
677,350,5.0,17,0
677,351,2.0,23,0
677,262,2.0,21,0
677,359,6.0,14,0
677,376,5.0,16,0
677,370,6.0,13,0
677,361,4.0,19,0
677,360,16.0,5,1
677,375,6.0,15,0
677,293,0.0,42,0
677,312,4.0,18,0
677,374,0.0,40,0
677,333,0.0,39,0
677,356,2.0,22,0
677,345,15.0,6,0
677,369,0.0,33,0
677,368,0.0,32,0
677,328,36.0,2,3
677,347,1.0,24,0
677,235,27.0,4,1
677,364,3.0,20,0
677,334,0.0,29,0
677,340,0.0,25,0
677,341,12.0,7,0
677,346,11.0,8,1
677,306,11.0,9,0
677,304,33.0,3,2
677,278,10.0,10,0
677,358,8.0,12,0
677,289,39.0,1,2
677,373,9.0,11,1
678,382,0.0,35,0
678,207,0.0,37,0
678,381,0.0,36,0
678,343,0.0,38,0
678,280,0.0,25,0
678,380,0.0,42,0
678,321,0.0,39,0
678,322,0.0,29,0
678,379,0.0,28,0
678,365,0.0,27,0
678,378,0.0,31,0
678,377,0.0,34,0
678,350,5.0,18,0
678,351,2.0,24,0
678,262,6.0,15,0
678,359,6.0,14,0
678,376,5.0,17,0
678,370,6.0,13,0
678,361,4.0,20,0
678,360,22.0,5,1
678,375,6.0,16,0
678,293,0.0,43,0
678,312,4.0,19,0
678,374,0.0,41,0
678,333,0.0,40,0
678,356,2.0,23,0
678,345,18.0,6,0
678,369,0.0,33,0
678,368,0.0,32,0
678,328,36.0,2,3
678,347,3.0,22,0
678,235,27.0,4,1
678,364,3.0,21,0
678,334,0.0,30,0
678,340,0.0,26,0
678,341,12.0,8,0
678,346,12.0,7,1
678,306,11.0,9,0
678,304,33.0,3,2
678,278,10.0,10,0
678,358,8.0,12,0
678,289,48.0,1,3
678,373,9.0,11,1
679,328,0.0,18,0
679,289,0.0,17,0
679,373,0.0,16,0
679,347,0.0,15,0
679,374,0.0,14,0
679,358,0.0,13,0
679,346,0.0,12,0
679,364,0.0,11,0
679,361,0.0,10,0
679,368,0.0,9,0
679,384,0.0,8,0
679,293,0.0,7,0
679,304,3.0,4,0
679,340,6.0,2,0
680,386,0.0,24,0
680,306,0.0,23,0
680,359,0.0,22,0
680,385,0.0,11,0
680,360,3.0,7,0
680,278,4.0,6,0
680,328,0.0,19,0
680,289,6.0,3,0
680,373,0.0,15,0
680,347,0.0,21,0
680,374,1.0,9,0
680,358,0.0,20,0
680,346,0.0,17,0
680,364,0.0,18,0
680,361,0.0,13,0
680,368,0.0,16,0
680,384,0.0,14,0
680,293,0.0,12,0
680,383,2.0,8,0
680,304,12.0,1,1
680,340,6.0,4,0
681,388,0.0,14,0
681,375,1.0,13,0
681,387,2.0,11,0
681,386,0.0,27,0
681,306,0.0,26,0
681,359,0.0,25,0
681,385,0.0,16,0
681,360,3.0,9,0
681,328,0.0,22,0
681,289,6.0,6,0
681,373,9.0,3,1
681,347,0.0,24,0
681,374,1.0,12,0
681,358,0.0,23,0
681,346,0.0,15,0
681,364,0.0,21,0
681,361,0.0,18,0
681,368,0.0,20,0
681,384,0.0,19,0
681,304,16.0,1,1
681,341,4.0,8,0
681,340,6.0,7,0
682,389,0.0,19,0
682,388,0.0,18,0
682,375,1.0,16,0
682,387,2.0,15,0
682,386,0.0,28,0
682,306,0.0,27,0
682,359,0.0,26,0
682,360,3.0,12,0
682,328,6.0,7,0
682,289,6.0,8,0
682,373,10.0,4,1
682,374,3.0,13,0
682,358,3.0,11,0
682,346,0.0,17,0
682,364,9.0,5,1
682,361,0.0,22,0
682,384,0.0,23,0
682,383,2.0,14,0
682,304,16.0,1,1
682,340,6.0,9,0
683,389,0.0,19,0
683,388,2.0,15,0
683,375,1.0,18,0
683,387,2.0,17,0
683,386,0.0,28,0
683,306,0.0,27,0
683,359,0.0,26,0
683,385,0.0,20,0
683,278,11.0,4,0
683,289,6.0,8,0
683,373,10.0,5,1
683,347,0.0,25,0
683,358,3.0,12,0
683,346,3.0,11,0
683,364,9.0,7,1
683,361,0.0,22,0
683,368,0.0,24,0
683,384,0.0,23,0
683,356,16.0,2,1
683,304,22.0,1,1
683,341,4.0,10,0
683,340,6.0,9,0
684,351,0.0,28,0
684,390,0.0,20,0
684,322,0.0,19,0
684,389,0.0,21,0
684,388,2.0,15,0
684,375,1.0,18,0
684,387,2.0,17,0
684,386,0.0,31,0
684,306,0.0,30,0
684,359,0.0,29,0
684,385,0.0,22,0
684,360,3.0,13,0
684,278,15.0,4,0
684,328,10.0,6,0
684,289,6.0,8,0
684,373,19.0,2,2
684,347,0.0,27,0
684,374,3.0,14,0
684,358,3.0,12,0
684,346,3.0,11,0
684,364,9.0,7,1
684,361,0.0,24,0
684,368,0.0,26,0
684,384,0.0,25,0
684,293,0.0,23,0
684,383,2.0,16,0
684,304,28.0,1,1
684,340,6.0,9,0
685,377,0.0,37,0
685,379,0.0,36,0
685,365,0.0,33,0
685,391,0.0,30,0
685,235,0.0,29,0
685,262,0.0,21,0
685,351,0.0,31,0
685,390,0.0,22,0
685,322,0.0,23,0
685,389,1.0,20,0
685,388,2.0,15,0
685,375,1.0,19,0
685,387,2.0,17,0
685,386,0.0,35,0
685,306,0.0,34,0
685,359,0.0,32,0
685,385,0.0,24,0
685,360,3.0,13,0
685,278,19.0,4,0
685,328,10.0,6,0
685,289,6.0,9,0
685,373,19.0,3,2
685,347,2.0,18,0
685,374,3.0,14,0
685,358,3.0,12,0
685,346,3.0,11,0
685,364,9.0,7,1
685,361,0.0,26,0
685,384,0.0,27,0
685,356,25.0,2,1
685,304,37.0,1,2
685,340,6.0,10,0
686,393,0.0,38,0
686,371,0.0,34,0
686,392,0.0,25,0
686,370,0.0,24,0
686,377,0.0,41,0
686,379,0.0,40,0
686,365,0.0,36,0
686,391,0.0,32,0
686,235,0.0,31,0
686,262,0.0,21,0
686,351,0.0,33,0
686,390,0.0,22,0
686,322,0.0,23,0
686,389,1.0,20,0
686,388,2.0,15,0
686,375,1.0,19,0
686,387,2.0,17,0
686,386,0.0,39,0
686,306,0.0,37,0
686,359,0.0,35,0
686,385,0.0,26,0
686,278,20.0,3,0
686,328,10.0,7,0
686,373,19.0,4,2
686,347,2.0,18,0
686,374,5.0,11,0
686,358,3.0,14,0
686,346,3.0,12,0
686,364,13.0,6,1
686,361,0.0,28,0
686,368,0.0,30,0
686,293,0.0,27,0
686,304,43.0,1,2
686,340,6.0,10,0
687,394,0.0,32,0
687,393,0.0,39,0
687,371,0.0,35,0
687,392,0.0,26,0
687,370,0.0,25,0
687,377,0.0,42,0
687,379,0.0,41,0
687,365,0.0,37,0
687,391,0.0,33,0
687,235,1.0,20,0
687,262,0.0,22,0
687,351,0.0,34,0
687,390,0.0,23,0
687,322,0.0,24,0
687,389,1.0,21,0
687,388,2.0,15,0
687,375,1.0,19,0
687,387,2.0,17,0
687,386,0.0,40,0
687,306,0.0,38,0
687,359,0.0,36,0
687,385,0.0,27,0
687,360,3.0,14,0
687,278,20.0,4,0
687,328,10.0,8,0
687,373,23.0,3,2
687,347,2.0,18,0
687,374,7.0,10,0
687,358,6.0,12,0
687,346,3.0,13,0
687,364,13.0,7,1
687,361,0.0,29,0
687,384,0.0,30,0
687,304,43.0,1,2
687,340,6.0,11,0
688,382,0.0,40,0
688,394,0.0,33,0
688,393,0.0,39,0
688,371,0.0,36,0
688,392,0.0,27,0
688,370,0.0,26,0
688,377,0.0,43,0
688,379,0.0,42,0
688,365,0.0,38,0
688,391,0.0,34,0
688,235,1.0,19,0
688,262,0.0,22,0
688,351,0.0,35,0
688,390,0.0,23,0
688,322,0.0,25,0
688,389,1.0,21,0
688,388,2.0,16,0
688,375,1.0,20,0
688,387,2.0,18,0
688,386,0.0,41,0
688,306,0.0,24,0
688,359,0.0,37,0
688,385,0.0,28,0
688,360,3.0,14,0
688,278,20.0,4,0
688,328,10.0,9,0
688,289,15.0,6,0
688,373,32.0,3,3
688,347,3.0,15,0
688,374,7.0,10,0
688,358,6.0,13,0
688,346,6.0,12,0
688,364,13.0,8,1
688,361,0.0,30,0
688,384,0.0,31,0
688,383,2.0,17,0
688,340,6.0,11,0
689,395,0.0,26,0
689,382,0.0,39,0
689,394,0.0,34,0
689,393,0.0,41,0
689,371,0.0,37,0
689,392,0.0,28,0
689,370,0.0,27,0
689,377,0.0,44,0
689,379,0.0,43,0
689,365,0.0,40,0
689,391,0.0,35,0
689,235,1.0,19,0
689,262,0.0,22,0
689,351,0.0,36,0
689,390,0.0,24,0
689,322,0.0,25,0
689,389,1.0,21,0
689,388,2.0,16,0
689,375,1.0,20,0
689,387,2.0,18,0
689,386,0.0,42,0
689,306,0.0,23,0
689,359,0.0,38,0
689,385,0.0,29,0
689,360,3.0,14,0
689,278,20.0,5,0
689,328,10.0,9,0
689,289,15.0,7,0
689,373,41.0,3,4
689,347,3.0,15,0
689,374,9.0,10,0
689,358,6.0,13,0
689,346,6.0,12,0
689,364,13.0,8,1
689,361,0.0,31,0
689,368,0.0,33,0
689,293,0.0,30,0
689,304,51.0,1,2
689,340,6.0,11,0
690,383,0.0,16,0
690,360,0.0,15,0
690,304,0.0,14,0
690,341,0.0,13,0
690,356,0.0,12,0
690,374,0.0,11,0
690,346,0.0,10,0
690,358,0.0,9,0
690,373,0.0,8,0
690,347,0.0,7,0
690,389,0.0,6,0
690,386,0.0,5,0
690,396,3.0,4,0
690,289,4.0,3,0
690,385,6.0,2,0
690,328,9.0,1,1
691,398,0.0,19,0
691,397,0.0,18,0
691,364,0.0,11,0
691,383,0.0,17,0
691,360,0.0,16,0
691,304,0.0,15,0
691,341,9.0,3,1
691,356,3.0,6,0
691,374,0.0,13,0
691,346,0.0,14,0
691,358,6.0,4,0
691,373,0.0,12,0
691,347,0.0,10,0
691,389,0.0,9,0
691,386,2.0,8,0
691,396,3.0,7,0
691,289,4.0,5,0
691,385,10.0,1,0
691,328,9.0,2,1
692,345,0.0,20,0
692,278,0.0,14,0
692,399,1.0,12,0
692,387,6.0,6,0
692,398,0.0,23,0
692,397,0.0,22,0
692,364,2.0,11,0
692,383,0.0,13,0
692,360,0.0,21,0
692,304,4.0,8,0
692,341,9.0,4,1
692,356,12.0,1,1
692,374,0.0,18,0
692,346,0.0,19,0
692,358,9.0,5,0
692,373,0.0,17,0
692,347,0.0,16,0
692,389,0.0,15,0
692,386,2.0,10,0
692,396,3.0,9,0
692,289,4.0,7,0
692,385,10.0,2,0
692,328,9.0,3,1
693,401,0.0,26,0
693,400,0.0,19,0
693,388,0.0,16,0
693,345,0.0,23,0
693,278,0.0,17,0
693,399,1.0,13,0
693,387,6.0,8,0
693,398,0.0,25,0
693,397,0.0,24,0
693,364,2.0,12,0
693,383,0.0,15,0
693,360,1.0,14,0
693,304,10.0,4,0
693,341,9.0,6,1
693,356,21.0,1,2
693,374,0.0,21,0
693,346,0.0,22,0
693,358,11.0,2,0
693,373,3.0,10,0
693,347,0.0,20,0
693,389,0.0,18,0
693,386,2.0,11,0
693,396,3.0,9,0
693,289,8.0,7,0
693,385,10.0,3,0
693,328,9.0,5,1
694,401,0.0,26,0
694,400,0.0,21,0
694,388,0.0,18,0
694,345,0.0,23,0
694,278,0.0,19,0
694,399,1.0,14,0
694,387,6.0,9,0
694,398,0.0,25,0
694,397,0.0,24,0
694,364,2.0,12,0
694,383,0.0,17,0
694,360,1.0,15,0
694,304,10.0,6,0
694,341,9.0,7,1
694,356,30.0,1,3
694,374,2.0,13,0
694,346,0.0,22,0
694,358,11.0,5,0
694,373,7.0,8,0
694,347,0.0,16,0
694,389,0.0,20,0
694,386,2.0,11,0
694,396,3.0,10,0
694,289,14.0,2,0
694,385,11.0,4,0
694,328,12.0,3,1
695,375,0.0,25,0
695,401,0.0,27,0
695,400,0.0,22,0
695,388,0.0,18,0
695,345,0.0,24,0
695,278,0.0,20,0
695,399,1.0,14,0
695,387,6.0,9,0
695,398,0.0,26,0
695,397,0.0,19,0
695,364,2.0,11,0
695,383,0.0,17,0
695,360,1.0,15,0
695,304,10.0,7,0
695,341,15.0,3,1
695,356,39.0,1,4
695,374,2.0,13,0
695,346,0.0,23,0
695,358,15.0,4,0
695,373,7.0,8,0
695,347,0.0,16,0
695,389,0.0,21,0
695,386,2.0,12,0
695,396,3.0,10,0
695,289,17.0,2,0
695,385,12.0,6,0
695,328,14.0,5,1
696,403,0.0,30,0
696,394,0.0,26,0
696,402,0.0,23,0
696,375,9.0,9,1
696,401,0.0,29,0
696,400,0.0,24,0
696,388,0.0,19,0
696,345,0.0,27,0
696,278,0.0,21,0
696,399,1.0,16,0
696,387,12.0,7,0
696,398,0.0,28,0
696,397,0.0,20,0
696,364,2.0,13,0
696,383,1.0,15,0
696,360,1.0,17,0
696,304,14.0,6,0
696,341,15.0,4,1
696,356,39.0,1,4
696,374,4.0,11,0
696,346,0.0,25,0
696,358,18.0,2,0
696,373,7.0,10,0
696,347,0.0,18,0
696,389,0.0,22,0
696,386,2.0,14,0
696,396,3.0,12,0
696,289,17.0,3,0
696,385,12.0,8,0
696,328,14.0,5,1
697,405,0.0,29,0
697,404,0.0,26,0
697,403,0.0,32,0
697,394,0.0,28,0
697,402,0.0,24,0
697,375,9.0,10,1
697,401,0.0,31,0
697,400,0.0,25,0
697,388,0.0,21,0
697,345,0.0,27,0
697,278,0.0,22,0
697,399,1.0,19,0
697,387,12.0,8,0
697,398,0.0,30,0
697,397,1.0,18,0
697,364,2.0,15,0
697,383,1.0,17,0
697,360,3.0,14,0
697,304,14.0,7,0
697,341,19.0,3,1
697,356,39.0,1,4
697,374,4.0,11,0
697,346,3.0,13,0
697,358,22.0,2,0
697,373,16.0,5,1
697,347,0.0,20,0
697,389,0.0,23,0
697,386,2.0,16,0
697,396,3.0,12,0
697,289,17.0,4,0
697,385,12.0,9,0
697,328,14.0,6,1
698,382,0.0,30,0
698,405,0.0,22,0
698,404,0.0,27,0
698,403,0.0,33,0
698,394,0.0,29,0
698,402,0.0,25,0
698,375,9.0,10,1
698,401,0.0,32,0
698,400,0.0,26,0
698,388,0.0,21,0
698,345,0.0,28,0
698,278,0.0,23,0
698,399,1.0,20,0
698,387,12.0,8,0
698,398,0.0,31,0
698,397,1.0,17,0
698,364,4.0,12,0
698,383,1.0,19,0
698,360,3.0,16,0
698,304,18.0,4,0
698,341,28.0,2,2
698,356,42.0,1,4
698,374,4.0,13,0
698,346,3.0,15,0
698,358,22.0,3,0
698,373,16.0,6,1
698,347,1.0,18,0
698,389,0.0,24,0
698,386,5.0,11,0
698,396,3.0,14,0
698,289,17.0,5,0
698,385,12.0,9,0
698,328,14.0,7,1
699,417,0.0,31,0
699,416,0.0,30,0
699,415,0.0,29,0
699,293,0.0,28,0
699,334,0.0,27,0
699,414,0.0,26,0
699,413,0.0,25,0
699,412,0.0,24,0
699,411,0.0,23,0
699,410,0.0,22,0
699,409,0.0,21,0
699,364,0.0,20,0
699,340,0.0,19,0
699,358,0.0,18,0
699,347,0.0,17,0
699,383,0.0,16,0
699,385,0.0,15,0
699,407,0.0,14,0
699,368,0.0,13,0
699,380,0.0,12,0
699,408,0.0,11,0
699,362,0.0,10,0
699,406,0.0,9,0
699,356,0.0,8,0
699,346,0.0,7,0
699,328,1.0,6,0
699,360,2.0,5,0
699,374,3.0,4,0
699,289,4.0,3,0
699,341,6.0,2,0
699,373,9.0,1,1
700,386,0.0,22,0
700,305,0.0,21,0
700,405,0.0,20,0
700,370,0.0,19,0
700,304,0.0,11,0
700,417,0.0,36,0
700,416,0.0,35,0
700,415,0.0,34,0
700,293,0.0,33,0
700,334,0.0,32,0
700,414,0.0,31,0
700,413,0.0,30,0
700,412,0.0,29,0
700,411,0.0,28,0
700,410,0.0,27,0
700,409,0.0,26,0
700,364,0.0,25,0
700,340,0.0,24,0
700,358,0.0,23,0
700,347,0.0,9,0
700,383,0.0,13,0
700,385,6.0,4,0
700,407,0.0,18,0
700,368,0.0,17,0
700,380,0.0,16,0
700,408,0.0,15,0
700,362,0.0,14,0
700,406,0.0,12,0
700,356,0.0,10,0
700,346,1.0,8,0
700,328,5.0,5,0
700,360,4.0,6,0
700,374,3.0,7,0
700,289,13.0,1,1
700,341,9.0,3,0
700,373,9.0,2,1
701,418,0.0,26,0
701,404,0.0,21,0
701,376,0.0,20,0
701,386,1.0,10,0
701,305,0.0,27,0
701,405,0.0,25,0
701,370,0.0,23,0
701,304,0.0,12,0
701,417,0.0,39,0
701,416,0.0,38,0
701,415,0.0,37,0
701,293,0.0,36,0
701,334,0.0,35,0
701,414,0.0,34,0
701,413,0.0,33,0
701,412,0.0,32,0
701,411,0.0,31,0
701,410,0.0,30,0
701,409,0.0,29,0
701,364,0.0,15,0
701,340,0.0,28,0
701,358,0.0,17,0
701,347,0.0,11,0
701,383,0.0,14,0
701,385,6.0,6,0
701,407,0.0,24,0
701,368,0.0,22,0
701,380,0.0,19,0
701,408,0.0,18,0
701,362,0.0,16,0
701,406,0.0,13,0
701,356,3.0,8,0
701,346,1.0,9,0
701,328,11.0,3,0
701,360,8.0,5,0
701,374,3.0,7,0
701,289,15.0,2,1
701,341,9.0,4,0
701,373,18.0,1,2
702,278,0.0,25,0
702,418,0.0,27,0
702,404,0.0,21,0
702,376,0.0,20,0
702,386,1.0,11,0
702,305,0.0,28,0
702,405,0.0,26,0
702,370,0.0,23,0
702,304,3.0,9,0
702,417,0.0,40,0
702,416,0.0,39,0
702,415,0.0,38,0
702,293,0.0,37,0
702,334,0.0,36,0
702,414,0.0,35,0
702,413,0.0,34,0
702,412,0.0,33,0
702,411,0.0,32,0
702,410,0.0,31,0
702,409,0.0,30,0
702,364,0.0,15,0
702,340,0.0,29,0
702,358,0.0,17,0
702,347,0.0,12,0
702,383,0.0,13,0
702,385,6.0,6,0
702,407,0.0,24,0
702,368,0.0,22,0
702,380,0.0,19,0
702,408,0.0,18,0
702,362,0.0,16,0
702,406,0.0,14,0
702,356,3.0,8,0
702,346,2.0,10,0
702,328,17.0,3,0
702,360,8.0,5,0
702,374,3.0,7,0
702,289,17.0,2,1
702,341,13.0,4,0
702,373,27.0,1,3
703,422,0.0,35,0
703,421,0.0,34,0
703,419,0.0,30,0
703,420,0.0,20,0
703,278,0.0,27,0
703,418,0.0,21,0
703,404,0.0,24,0
703,376,0.0,22,0
703,386,1.0,12,0
703,305,0.0,29,0
703,405,0.0,28,0
703,370,0.0,23,0
703,304,3.0,9,0
703,417,0.0,44,0
703,416,0.0,43,0
703,415,0.0,42,0
703,293,0.0,41,0
703,334,0.0,40,0
703,414,0.0,39,0
703,413,0.0,38,0
703,412,0.0,37,0
703,411,0.0,36,0
703,410,0.0,33,0
703,409,0.0,32,0
703,364,1.0,11,0
703,340,0.0,31,0
703,358,0.0,18,0
703,347,0.0,13,0
703,383,0.0,15,0
703,385,6.0,6,0
703,407,0.0,26,0
703,368,0.0,25,0
703,380,0.0,14,0
703,408,0.0,19,0
703,362,0.0,17,0
703,406,0.0,16,0
703,356,3.0,8,0
703,346,2.0,10,0
703,328,19.0,3,0
703,360,8.0,5,0
703,374,6.0,7,0
703,289,23.0,2,1
703,341,17.0,4,0
703,373,36.0,1,4
704,422,0.0,35,0
704,421,0.0,34,0
704,419,0.0,30,0
704,420,0.0,21,0
704,278,0.0,27,0
704,418,0.0,23,0
704,404,0.0,17,0
704,376,0.0,24,0
704,386,2.0,12,0
704,305,0.0,29,0
704,405,0.0,28,0
704,370,0.0,22,0
704,304,5.0,9,0
704,417,0.0,44,0
704,416,0.0,43,0
704,415,0.0,42,0
704,293,0.0,41,0
704,334,0.0,40,0
704,414,0.0,39,0
704,413,0.0,38,0
704,412,0.0,37,0
704,411,0.0,36,0
704,410,0.0,33,0
704,409,0.0,32,0
704,364,5.0,8,0
704,340,0.0,31,0
704,358,0.0,19,0
704,347,0.0,13,0
704,383,0.0,15,0
704,385,6.0,6,0
704,407,0.0,26,0
704,368,0.0,25,0
704,380,0.0,14,0
704,408,0.0,20,0
704,362,0.0,18,0
704,406,0.0,16,0
704,356,3.0,10,0
704,346,2.0,11,0
704,328,25.0,3,0
704,360,8.0,5,0
704,374,6.0,7,0
704,289,26.0,2,1
704,341,17.0,4,0
704,373,45.0,1,5
705,424,0.0,33,0
705,423,0.0,28,0
705,422,0.0,37,0
705,421,0.0,36,0
705,419,0.0,31,0
705,420,0.0,21,0
705,278,0.0,27,0
705,418,0.0,16,0
705,404,0.0,19,0
705,376,0.0,24,0
705,386,2.0,13,0
705,305,0.0,30,0
705,405,0.0,29,0
705,370,0.0,23,0
705,304,5.0,10,0
705,417,0.0,46,0
705,416,0.0,45,0
705,415,0.0,44,0
705,293,0.0,43,0
705,334,0.0,42,0
705,414,0.0,41,0
705,413,0.0,40,0
705,412,0.0,39,0
705,411,0.0,38,0
705,410,0.0,35,0
705,409,0.0,34,0
705,364,9.0,5,0
705,340,0.0,32,0
705,358,3.0,11,0
705,347,0.0,14,0
705,383,0.0,17,0
705,385,7.0,7,0
705,407,0.0,26,0
705,368,0.0,25,0
705,380,0.0,15,0
705,408,0.0,22,0
705,362,0.0,20,0
705,406,0.0,18,0
705,356,5.0,9,0
705,346,2.0,12,0
705,328,25.0,3,0
705,360,8.0,6,0
705,374,6.0,8,0
705,289,30.0,2,1
705,341,17.0,4,0
705,373,54.0,1,6
706,426,0.0,40,0
706,394,0.0,37,0
706,402,0.0,34,0
706,425,0.0,25,0
706,424,0.0,26,0
706,423,0.0,30,0
706,422,0.0,41,0
706,421,0.0,39,0
706,419,0.0,33,0
706,420,0.0,22,0
706,278,0.0,29,0
706,418,0.0,17,0
706,404,0.0,19,0
706,376,0.0,24,0
706,386,2.0,13,0
706,305,0.0,32,0
706,405,0.0,31,0
706,370,1.0,14,0
706,304,5.0,10,0
706,417,0.0,50,0
706,416,0.0,49,0
706,415,0.0,48,0
706,293,0.0,47,0
706,334,0.0,46,0
706,414,0.0,45,0
706,413,0.0,44,0
706,412,0.0,43,0
706,411,0.0,42,0
706,410,0.0,38,0
706,409,0.0,36,0
706,364,13.0,5,0
706,340,0.0,35,0
706,358,3.0,11,0
706,347,0.0,15,0
706,383,0.0,18,0
706,385,10.0,6,0
706,407,0.0,28,0
706,368,0.0,27,0
706,380,0.0,16,0
706,408,0.0,23,0
706,362,0.0,21,0
706,406,0.0,20,0
706,356,5.0,9,0
706,346,2.0,12,0
706,328,33.0,3,1
706,360,10.0,7,0
706,374,6.0,8,0
706,289,34.0,2,1
706,341,17.0,4,0
706,373,54.0,1,6
707,382,0.0,27,0
707,396,0.0,22,0
707,345,2.0,12,0
707,426,0.0,43,0
707,394,0.0,40,0
707,402,0.0,37,0
707,425,0.0,28,0
707,424,0.0,30,0
707,423,0.0,34,0
707,422,0.0,44,0
707,421,0.0,42,0
707,419,0.0,36,0
707,420,0.0,24,0
707,278,0.0,33,0
707,418,0.0,18,0
707,404,0.0,20,0
707,376,0.0,26,0
707,386,2.0,14,0
707,305,0.0,35,0
707,405,0.0,29,0
707,370,1.0,15,0
707,304,5.0,10,0
707,417,0.0,53,0
707,416,0.0,52,0
707,415,0.0,51,0
707,293,0.0,50,0
707,334,0.0,49,0
707,414,0.0,48,0
707,413,0.0,47,0
707,412,0.0,46,0
707,411,0.0,45,0
707,410,0.0,41,0
707,409,0.0,39,0
707,364,19.0,4,0
707,340,0.0,38,0
707,358,4.0,11,0
707,347,0.0,16,0
707,383,0.0,19,0
707,385,13.0,6,0
707,407,0.0,32,0
707,368,0.0,31,0
707,380,0.0,17,0
707,408,0.0,25,0
707,362,0.0,23,0
707,406,0.0,21,0
707,356,9.0,8,0
707,346,2.0,13,0
707,328,33.0,3,1
707,360,10.0,7,0
707,374,6.0,9,0
707,289,40.0,2,2
707,341,17.0,5,0
707,373,54.0,1,6
708,375,0.0,39,0
708,382,0.0,27,0
708,396,0.0,23,0
708,345,2.0,14,0
708,426,0.0,44,0
708,394,0.0,41,0
708,402,0.0,37,0
708,425,0.0,29,0
708,424,0.0,30,0
708,423,0.0,34,0
708,422,0.0,45,0
708,421,0.0,43,0
708,419,0.0,36,0
708,420,0.0,25,0
708,278,0.0,33,0
708,418,0.0,19,0
708,404,0.0,21,0
708,376,0.0,28,0
708,386,11.0,7,1
708,305,0.0,35,0
708,405,2.0,15,0
708,370,2.0,16,0
708,304,5.0,11,0
708,417,0.0,54,0
708,416,0.0,53,0
708,415,0.0,52,0
708,293,0.0,51,0
708,334,0.0,50,0
708,414,0.0,49,0
708,413,0.0,48,0
708,412,0.0,47,0
708,411,0.0,46,0
708,410,0.0,42,0
708,409,0.0,40,0
708,364,25.0,4,0
708,340,0.0,38,0
708,358,4.0,13,0
708,347,0.0,17,0
708,383,0.0,20,0
708,385,13.0,6,0
708,407,0.0,32,0
708,368,0.0,31,0
708,380,0.0,18,0
708,408,0.0,26,0
708,362,0.0,24,0
708,406,0.0,22,0
708,356,9.0,10,0
708,346,5.0,12,0
708,328,33.0,3,1
708,360,10.0,9,0
708,374,10.0,8,0
708,289,40.0,2,2
708,341,17.0,5,0
708,373,54.0,1,6
709,408,0.0,23,0
709,394,0.0,22,0
709,429,0.0,21,0
709,404,0.0,20,0
709,428,0.0,19,0
709,309,0.0,18,0
709,278,0.0,17,0
709,401,0.0,16,0
709,341,0.0,15,0
709,360,0.0,14,0
709,356,0.0,13,0
709,427,0.0,12,0
709,364,0.0,11,0
709,385,0.0,10,0
709,403,0.0,9,0
709,346,0.0,8,0
709,383,0.0,7,0
709,305,1.0,6,0
709,347,2.0,5,0
709,373,3.0,4,0
709,397,4.0,3,0
709,386,6.0,2,0
709,289,9.0,1,1
710,430,0.0,19,0
710,408,0.0,20,0
710,394,0.0,14,0
710,429,0.0,24,0
710,404,0.0,23,0
710,428,0.0,22,0
710,309,0.0,21,0
710,278,2.0,7,0
710,401,0.0,18,0
710,341,6.0,5,0
710,360,0.0,10,0
710,356,0.0,17,0
710,427,0.0,16,0
710,364,0.0,15,0
710,385,0.0,13,0
710,403,0.0,11,0
710,346,0.0,12,0
710,383,1.0,8,0
710,305,1.0,9,0
710,347,2.0,6,0
710,373,12.0,1,1
710,397,8.0,3,0
710,386,6.0,4,0
710,289,12.0,2,1
711,430,0.0,21,0
711,408,0.0,22,0
711,394,0.0,15,0
711,429,0.0,20,0
711,404,0.0,18,0
711,428,0.0,24,0
711,309,0.0,23,0
711,278,2.0,9,0
711,401,0.0,13,0
711,341,6.0,6,0
711,360,6.0,5,0
711,356,4.0,7,0
711,427,0.0,19,0
711,364,1.0,12,0
711,385,0.0,17,0
711,403,0.0,14,0
711,346,0.0,16,0
711,383,1.0,10,0
711,305,1.0,11,0
711,347,2.0,8,0
711,373,21.0,1,2
711,397,8.0,4,0
711,386,9.0,3,0
711,289,14.0,2,1
712,430,0.0,21,0
712,408,0.0,22,0
712,394,0.0,15,0
712,429,0.0,20,0
712,404,0.0,18,0
712,428,0.0,24,0
712,309,0.0,23,0
712,278,2.0,10,0
712,401,0.0,14,0
712,341,6.0,8,0
712,360,7.0,7,0
712,356,8.0,6,0
712,427,0.0,19,0
712,364,10.0,5,1
712,385,0.0,17,0
712,403,0.0,13,0
712,346,0.0,16,0
712,383,1.0,11,0
712,305,1.0,12,0
712,347,2.0,9,0
712,373,21.0,1,2
712,397,11.0,4,0
712,386,11.0,3,0
712,289,20.0,2,1
713,370,0.0,29,0
713,380,0.0,28,0
713,420,0.0,26,0
713,399,0.0,21,0
713,374,0.0,18,0
713,430,0.0,25,0
713,408,0.0,24,0
713,394,0.0,16,0
713,429,0.0,22,0
713,404,0.0,19,0
713,428,0.0,27,0
713,309,0.0,23,0
713,278,2.0,11,0
713,401,0.0,15,0
713,341,10.0,7,0
713,360,7.0,8,0
713,356,11.0,5,0
713,427,0.0,20,0
713,364,10.0,6,1
713,385,2.0,9,0
713,403,1.0,13,0
713,346,0.0,17,0
713,383,1.0,12,0
713,305,1.0,14,0
713,347,2.0,10,0
713,373,30.0,1,3
713,397,11.0,4,0
713,386,11.0,3,0
713,289,26.0,2,1
714,431,0.0,28,0
714,405,0.0,23,0
714,423,0.0,21,0
714,370,0.0,32,0
714,380,0.0,31,0
714,420,0.0,29,0
714,399,0.0,25,0
714,374,0.0,19,0
714,430,0.0,27,0
714,408,1.0,17,0
714,394,0.0,20,0
714,429,0.0,26,0
714,404,0.0,22,0
714,428,0.0,30,0
714,309,0.0,24,0
714,278,2.0,12,0
714,401,0.0,18,0
714,341,19.0,3,1
714,360,7.0,8,0
714,356,11.0,6,0
714,427,2.0,13,0
714,364,10.0,7,1
714,385,6.0,9,0
714,403,1.0,15,0
714,346,3.0,10,0
714,383,1.0,14,0
714,305,1.0,16,0
714,347,2.0,11,0
714,373,30.0,2,3
714,397,11.0,5,0
714,386,11.0,4,0
714,289,32.0,1,1
715,358,0.0,26,0
715,431,0.0,29,0
715,405,0.0,23,0
715,423,0.0,22,0
715,370,0.0,33,0
715,380,0.0,32,0
715,420,0.0,30,0
715,399,0.0,25,0
715,374,0.0,21,0
715,430,0.0,28,0
715,408,4.0,11,0
715,394,0.0,19,0
715,429,0.0,27,0
715,404,2.0,14,0
715,428,0.0,31,0
715,309,0.0,24,0
715,278,2.0,15,0
715,401,0.0,20,0
715,341,19.0,3,1
715,360,7.0,9,0
715,356,11.0,6,0
715,427,2.0,16,0
715,364,10.0,8,1
715,385,15.0,5,1
715,403,1.0,17,0
715,346,3.0,12,0
715,383,5.0,10,0
715,305,1.0,18,0
715,347,3.0,13,0
715,373,30.0,2,3
715,397,11.0,7,0
715,386,17.0,4,0
715,289,32.0,1,1
716,340,0.0,36,0
716,402,0.0,34,0
716,432,0.0,29,0
716,375,0.0,23,0
716,358,0.0,27,0
716,431,0.0,32,0
716,405,0.0,25,0
716,423,0.0,22,0
716,370,0.0,37,0
716,380,0.0,35,0
716,420,0.0,31,0
716,399,0.0,26,0
716,374,1.0,19,0
716,430,0.0,30,0
716,408,4.0,11,0
716,394,0.0,20,0
716,429,0.0,28,0
716,404,4.0,12,0
716,428,0.0,33,0
716,309,0.0,24,0
716,278,2.0,15,0
716,401,0.0,21,0
716,341,28.0,3,2
716,360,13.0,6,0
716,356,11.0,7,0
716,427,2.0,16,0
716,364,10.0,9,1
716,385,19.0,5,1
716,403,1.0,17,0
716,346,3.0,13,0
716,383,5.0,10,0
716,305,1.0,18,0
716,347,3.0,14,0
716,373,30.0,2,3
716,397,11.0,8,0
716,386,20.0,4,0
716,289,32.0,1,1
717,434,0.0,29,0
717,433,2.0,17,0
717,340,0.0,38,0
717,402,0.0,36,0
717,432,0.0,31,0
717,375,0.0,24,0
717,358,0.0,28,0
717,431,0.0,34,0
717,405,0.0,26,0
717,423,0.0,23,0
717,370,0.0,39,0
717,380,0.0,37,0
717,420,0.0,33,0
717,399,0.0,27,0
717,374,1.0,21,0
717,430,0.0,32,0
717,408,4.0,12,0
717,394,0.0,22,0
717,429,0.0,30,0
717,404,4.0,13,0
717,428,0.0,35,0
717,309,0.0,25,0
717,278,2.0,15,0
717,401,1.0,19,0
717,341,34.0,2,2
717,360,13.0,6,0
717,356,11.0,7,0
717,427,2.0,16,0
717,364,10.0,9,1
717,385,19.0,5,1
717,403,1.0,18,0
717,346,7.0,10,0
717,383,5.0,11,0
717,305,1.0,20,0
717,347,3.0,14,0
717,373,30.0,3,3
717,397,11.0,8,0
717,386,23.0,4,0
717,289,39.0,1,2
718,382,0.0,26,0
718,345,1.0,22,0
718,434,0.0,28,0
718,433,2.0,18,0
718,340,0.0,40,0
718,402,0.0,38,0
718,432,0.0,33,0
718,375,0.0,25,0
718,358,0.0,31,0
718,431,0.0,36,0
718,405,0.0,29,0
718,423,0.0,24,0
718,370,0.0,41,0
718,380,0.0,39,0
718,420,0.0,35,0
718,399,0.0,30,0
718,374,4.0,12,0
718,430,0.0,34,0
718,408,4.0,13,0
718,394,0.0,23,0
718,429,0.0,32,0
718,404,4.0,14,0
718,428,0.0,37,0
718,309,0.0,27,0
718,278,2.0,16,0
718,401,1.0,20,0
718,341,40.0,1,2
718,360,13.0,7,0
718,356,11.0,8,0
718,427,2.0,17,0
718,364,19.0,6,2
718,385,23.0,4,1
718,403,1.0,19,0
718,346,7.0,10,0
718,383,5.0,11,0
718,305,1.0,21,0
718,347,3.0,15,0
718,373,32.0,3,3
718,397,11.0,9,0
718,386,23.0,5,0
718,289,39.0,2,2
719,430,0.0,25,0
719,385,0.0,24,0
719,439,0.0,23,0
719,438,0.0,22,0
719,437,0.0,21,0
719,436,0.0,20,0
719,394,0.0,19,0
719,403,0.0,18,0
719,428,0.0,17,0
719,278,0.0,16,0
719,346,0.0,15,0
719,440,0.0,14,0
719,364,0.0,13,0
719,427,0.0,12,0
719,435,0.0,11,0
719,404,0.0,10,0
719,356,0.0,9,0
719,373,0.0,8,0
719,347,0.0,7,0
719,401,1.0,6,0
719,408,2.0,5,0
719,341,3.0,4,0
719,360,4.0,3,0
719,386,6.0,2,0
719,289,9.0,1,1
720,375,0.0,26,0
720,397,0.0,25,0
720,408,2.0,8,0
720,347,2.0,7,0
720,376,0.0,15,0
720,430,1.0,10,0
720,385,0.0,27,0
720,438,0.0,11,0
720,437,0.0,24,0
720,436,0.0,23,0
720,394,0.0,22,0
720,403,0.0,19,0
720,428,0.0,21,0
720,278,0.0,20,0
720,346,0.0,18,0
720,440,0.0,16,0
720,364,4.0,5,0
720,427,0.0,17,0
720,435,0.0,14,0
720,404,0.0,13,0
720,356,0.0,12,0
720,373,9.0,2,1
720,401,1.0,9,0
721,423,0.0,24,0
721,375,1.0,12,0
721,397,0.0,27,0
721,376,0.0,18,0
721,430,1.0,10,0
721,385,0.0,28,0
721,439,0.0,29,0
721,438,0.0,15,0
721,437,0.0,26,0
721,436,0.0,25,0
721,394,0.0,22,0
721,403,0.0,21,0
721,428,0.0,23,0
721,278,0.0,20,0
721,346,0.0,13,0
721,440,0.0,14,0
721,364,10.0,3,0
721,427,0.0,19,0
721,435,0.0,17,0
721,408,2.0,9,0
721,289,9.0,5,1
721,386,11.0,2,0
722,418,0.0,24,0
722,423,0.0,26,0
722,397,0.0,29,0
722,375,1.0,14,0
722,356,3.0,9,0
722,376,0.0,21,0
722,430,1.0,12,0
722,385,0.0,19,0
722,439,0.0,30,0
722,438,0.0,18,0
722,437,0.0,28,0
722,436,0.0,27,0
722,394,0.0,23,0
722,403,0.0,22,0
722,428,0.0,25,0
722,278,0.0,15,0
722,346,1.0,11,0
722,440,0.0,16,0
722,364,12.0,2,0
722,427,0.0,17,0
722,404,3.0,8,0
722,373,27.0,1,3
722,347,2.0,10,0
723,373,36.0,1,4
723,356,3.0,9,0
723,404,3.0,8,0
723,435,0.0,24,0
723,427,0.0,18,0
723,364,12.0,5,0
723,440,1.0,13,0
723,346,1.0,12,0
723,278,0.0,17,0
723,428,0.0,28,0
723,403,0.0,26,0
723,394,0.0,27,0
723,436,0.0,23,0
723,437,0.0,30,0
723,420,0.0,29,0
723,383,0.0,22,0
723,305,0.0,20,0
723,418,0.0,21,0
723,423,0.0,31,0
723,375,1.0,16,0
723,397,0.0,32,0
723,376,0.0,25,0
723,385,2.0,11,0
723,439,0.0,33,0
724,442,0.0,37,0
724,435,0.0,26,0
724,427,0.0,19,0
724,364,12.0,5,0
724,440,3.0,12,0
724,346,1.0,14,0
724,278,0.0,18,0
724,428,0.0,22,0
724,403,0.0,28,0
724,394,0.0,31,0
724,436,0.0,25,0
724,437,0.0,30,0
724,438,0.0,20,0
724,439,0.0,34,0
724,385,2.0,13,0
724,430,1.0,16,0
724,441,0.0,36,0
724,429,0.0,35,0
724,432,0.0,29,0
724,420,0.0,32,0
724,383,0.0,24,0
724,305,0.0,21,0
724,418,0.0,23,0
724,423,3.0,10,0
724,375,1.0,17,0
724,397,0.0,33,0
724,347,3.0,11,0
724,373,42.0,1,4
725,447,0.0,43,0
725,446,0.0,42,0
725,444,0.0,40,0
725,445,0.0,41,0
725,427,0.0,19,0
725,443,0.0,38,0
725,374,0.0,27,0
725,442,0.0,39,0
725,441,0.0,37,0
725,429,0.0,36,0
725,432,0.0,31,0
725,420,0.0,33,0
725,383,0.0,25,0
725,305,0.0,20,0
725,418,0.0,24,0
725,423,3.0,10,0
725,375,1.0,17,0
725,397,0.0,34,0
725,376,0.0,30,0
725,289,13.0,5,1
725,430,1.0,16,0
725,385,2.0,13,0
725,439,0.0,35,0
725,438,0.0,21,0
725,437,0.0,32,0
725,436,0.0,26,0
725,394,0.0,28,0
725,403,0.0,23,0
725,428,0.0,22,0
725,278,0.0,18,0
725,346,1.0,14,0
725,364,12.0,6,0
725,435,0.0,29,0
725,404,6.0,8,0
725,356,5.0,9,0
725,373,51.0,1,5
725,347,3.0,11,0
725,401,1.0,15,0
726,450,0.0,42,0
726,435,0.0,30,0
726,427,0.0,20,0
726,364,12.0,6,0
726,440,3.0,13,0
726,346,1.0,15,0
726,278,0.0,18,0
726,428,0.0,23,0
726,433,0.0,39,0
726,434,0.0,37,0
726,345,0.0,35,0
726,449,0.0,33,0
726,448,0.0,19,0
726,447,0.0,49,0
726,446,0.0,48,0
726,445,0.0,47,0
726,444,0.0,46,0
726,443,0.0,44,0
726,374,0.0,28,0
726,442,0.0,45,0
726,441,0.0,43,0
726,432,0.0,32,0
726,420,0.0,36,0
726,383,0.0,26,0
726,305,0.0,21,0
726,418,0.0,25,0
726,423,3.0,11,0
726,375,1.0,17,0
726,397,0.0,38,0
726,376,0.0,31,0
726,430,2.0,14,0
726,385,4.0,10,0
726,373,51.0,1,5
726,356,8.0,8,0
726,438,0.0,22,0
726,436,0.0,27,0
726,394,0.0,29,0
727,435,0.0,32,0
727,427,0.0,21,0
727,364,13.0,7,0
727,440,3.0,13,0
727,346,1.0,15,0
727,278,0.0,18,0
727,428,0.0,24,0
727,356,14.0,6,0
727,452,0.0,45,0
727,451,0.0,41,0
727,382,0.0,27,0
727,450,0.0,44,0
727,433,0.0,40,0
727,434,0.0,19,0
727,345,0.0,36,0
727,449,0.0,35,0
727,448,0.0,20,0
727,447,0.0,52,0
727,446,0.0,51,0
727,445,0.0,50,0
727,444,0.0,49,0
727,443,0.0,47,0
727,374,0.0,30,0
727,442,0.0,48,0
727,441,0.0,46,0
727,429,0.0,43,0
727,432,0.0,34,0
727,420,0.0,38,0
727,383,0.0,28,0
727,305,0.0,22,0
727,418,0.0,26,0
727,375,1.0,17,0
727,397,0.0,39,0
727,376,0.0,33,0
727,430,2.0,14,0
727,385,4.0,11,0
727,439,0.0,42,0
727,438,0.0,23,0
727,437,0.0,37,0
727,394,0.0,31,0
729,427,0.0,22,0
729,458,0.0,21,0
729,457,0.0,20,0
729,356,0.0,19,0
729,341,0.0,18,0
729,456,0.0,17,0
729,360,0.0,16,0
729,364,0.0,15,0
729,455,0.0,14,0
729,418,0.0,13,0
729,404,0.0,12,0
729,386,0.0,11,0
729,454,0.0,10,0
729,373,0.0,9,0
729,453,0.0,8,0
729,347,0.0,7,0
729,430,1.0,6,0
729,408,2.0,5,0
729,394,3.0,4,0
729,403,4.0,3,0
729,401,6.0,2,0
729,289,9.0,1,1
730,459,0.0,28,0
730,424,0.0,27,0
730,425,0.0,26,0
730,346,0.0,23,0
730,435,0.0,11,0
730,385,4.0,5,0
730,427,0.0,22,0
730,458,0.0,25,0
730,457,0.0,24,0
730,356,0.0,13,0
730,341,3.0,6,0
730,456,0.0,18,0
730,360,9.0,3,1
730,364,0.0,20,0
730,455,0.0,21,0
730,418,0.0,19,0
730,404,0.0,15,0
730,386,0.0,17,0
730,454,0.0,16,0
730,373,0.0,14,0
730,453,0.0,12,0
730,347,2.0,8,0
730,430,1.0,10,0
730,408,2.0,9,0
730,394,3.0,7,0
730,403,10.0,2,0
730,401,6.0,4,0
730,289,10.0,1,1
731,461,0.0,32,0
731,460,0.0,30,0
731,436,0.0,19,0
731,376,0.0,17,0
731,459,0.0,27,0
731,424,0.0,31,0
731,425,0.0,29,0
731,346,0.0,18,0
731,435,0.0,14,0
731,385,4.0,7,0
731,427,0.0,15,0
731,458,0.0,28,0
731,457,0.0,26,0
731,356,1.0,13,0
731,341,5.0,6,0
731,456,0.0,22,0
731,360,9.0,4,1
731,364,0.0,24,0
731,455,0.0,25,0
731,418,0.0,23,0
731,404,0.0,20,0
731,386,0.0,21,0
731,454,3.0,8,0
731,373,9.0,3,1
731,453,0.0,16,0
731,347,2.0,10,0
731,430,1.0,12,0
731,408,2.0,11,0
731,394,3.0,9,0
731,403,14.0,2,0
731,401,6.0,5,0
731,289,16.0,1,1
732,437,0.0,33,0
732,446,0.0,30,0
732,462,0.0,28,0
732,397,0.0,26,0
732,461,0.0,36,0
732,460,0.0,34,0
732,436,0.0,21,0
732,376,0.0,19,0
732,459,0.0,27,0
732,424,0.0,35,0
732,425,0.0,32,0
732,346,0.0,20,0
732,435,0.0,17,0
732,385,4.0,10,0
732,427,0.0,16,0
732,458,0.0,31,0
732,457,0.0,29,0
732,356,1.0,15,0
732,341,7.0,7,0
732,456,0.0,23,0
732,360,12.0,3,1
732,364,9.0,5,1
732,455,0.0,25,0
732,418,0.0,24,0
732,404,0.0,22,0
732,386,4.0,9,0
732,454,3.0,11,0
732,373,9.0,4,1
732,453,0.0,18,0
732,347,2.0,13,0
732,430,2.0,14,0
732,408,8.0,6,0
732,394,3.0,12,0
732,403,14.0,2,0
732,401,6.0,8,0
732,289,16.0,1,1
733,465,0.0,37,0
733,464,0.0,34,0
733,463,0.0,25,0
733,438,0.0,23,0
733,437,0.0,24,0
733,446,0.0,33,0
733,462,0.0,31,0
733,397,0.0,29,0
733,461,0.0,40,0
733,460,0.0,38,0
733,436,0.0,22,0
733,376,0.0,20,0
733,459,0.0,30,0
733,424,0.0,39,0
733,425,0.0,36,0
733,346,0.0,21,0
733,435,0.0,18,0
733,385,4.0,10,0
733,427,0.0,16,0
733,458,0.0,35,0
733,457,0.0,32,0
733,356,3.0,13,0
733,341,13.0,5,0
733,456,0.0,27,0
733,360,16.0,3,1
733,364,9.0,6,1
733,455,0.0,28,0
733,418,0.0,17,0
733,404,0.0,26,0
733,386,4.0,9,0
733,454,3.0,11,0
733,373,18.0,2,2
733,453,0.0,19,0
733,347,2.0,14,0
733,430,2.0,15,0
733,408,9.0,7,0
733,394,3.0,12,0
733,403,14.0,4,0
733,401,6.0,8,0
733,289,19.0,1,1
734,445,0.0,43,0
734,428,0.0,42,0
734,466,0.0,25,0
734,465,0.0,33,0
734,464,0.0,36,0
734,463,0.0,27,0
734,438,0.0,24,0
734,437,0.0,22,0
734,446,0.0,37,0
734,462,0.0,34,0
734,397,0.0,31,0
734,461,0.0,41,0
734,460,0.0,39,0
734,436,0.0,23,0
734,376,0.0,20,0
734,459,0.0,32,0
734,424,0.0,40,0
734,425,0.0,26,0
734,346,0.0,21,0
734,435,0.0,18,0
734,385,4.0,10,0
734,427,0.0,16,0
734,458,0.0,38,0
734,457,0.0,35,0
734,356,3.0,13,0
734,341,19.0,3,0
734,456,0.0,29,0
734,360,18.0,4,1
734,364,13.0,6,1
734,455,0.0,30,0
734,418,0.0,17,0
734,404,0.0,28,0
734,386,4.0,9,0
734,454,4.0,11,0
734,373,21.0,2,2
734,453,0.0,19,0
734,347,2.0,14,0
734,430,2.0,15,0
734,408,9.0,7,0
734,394,3.0,12,0
734,403,14.0,5,0
734,401,6.0,8,0
734,289,28.0,1,2
735,442,0.0,47,0
735,439,0.0,45,0
735,444,0.0,44,0
735,467,0.0,43,0
735,445,0.0,46,0
735,428,0.0,42,0
735,466,0.0,26,0
735,465,0.0,33,0
735,464,0.0,36,0
735,463,0.0,27,0
735,438,0.0,24,0
735,437,0.0,23,0
735,446,0.0,37,0
735,462,0.0,34,0
735,397,0.0,31,0
735,461,0.0,41,0
735,460,0.0,39,0
735,436,0.0,25,0
735,376,0.0,21,0
735,459,0.0,32,0
735,424,0.0,40,0
735,425,0.0,20,0
735,346,0.0,22,0
735,435,3.0,13,0
735,385,4.0,11,0
735,427,0.0,17,0
735,458,0.0,38,0
735,457,0.0,35,0
735,356,3.0,15,0
735,341,19.0,4,0
735,456,0.0,29,0
735,360,22.0,2,1
735,364,13.0,6,1
735,455,0.0,30,0
735,418,0.0,18,0
735,404,0.0,28,0
735,386,10.0,7,0
735,454,4.0,12,0
735,373,21.0,3,2
735,453,0.0,19,0
735,347,3.0,14,0
735,430,2.0,16,0
735,408,9.0,8,0
735,394,5.0,10,0
735,403,14.0,5,0
735,401,6.0,9,0
735,289,36.0,1,3
736,440,0.0,39,0
736,470,0.0,34,0
736,434,0.0,29,0
736,469,0.0,25,0
736,468,0.0,23,0
736,442,0.0,52,0
736,439,0.0,50,0
736,444,0.0,49,0
736,467,0.0,48,0
736,445,0.0,51,0
736,428,0.0,47,0
736,466,0.0,30,0
736,465,0.0,37,0
736,464,0.0,41,0
736,463,0.0,31,0
736,438,0.0,27,0
736,437,0.0,26,0
736,446,0.0,42,0
736,462,0.0,38,0
736,397,0.0,35,0
736,461,0.0,46,0
736,460,0.0,44,0
736,436,0.0,28,0
736,376,0.0,22,0
736,459,0.0,36,0
736,424,0.0,45,0
736,425,0.0,21,0
736,346,0.0,24,0
736,435,3.0,14,0
736,385,4.0,12,0
736,427,0.0,18,0
736,458,0.0,43,0
736,457,0.0,40,0
736,356,6.0,10,0
736,341,19.0,4,0
736,456,0.0,32,0
736,360,24.0,3,1
736,364,15.0,5,1
736,455,0.0,33,0
736,418,1.0,17,0
736,404,0.0,20,0
736,386,10.0,7,0
736,454,4.0,13,0
736,373,30.0,2,3
736,453,0.0,19,0
736,347,3.0,15,0
736,430,2.0,16,0
736,408,9.0,8,0
736,394,5.0,11,0
736,403,14.0,6,0
736,401,6.0,9,0
736,289,39.0,1,3
737,368,0.0,52,0
737,474,0.0,44,0
737,473,0.0,42,0
737,472,0.0,39,0
737,411,0.0,37,0
737,413,0.0,28,0
737,471,0.0,25,0
737,340,0.0,22,0
737,410,1.0,19,0
737,440,0.0,47,0
737,470,0.0,40,0
737,434,0.0,33,0
737,469,0.0,29,0
737,468,0.0,26,0
737,442,0.0,61,0
737,439,0.0,59,0
737,444,0.0,58,0
737,467,0.0,57,0
737,445,0.0,60,0
737,428,0.0,56,0
737,466,0.0,34,0
737,465,0.0,45,0
737,464,0.0,49,0
737,463,0.0,35,0
737,438,0.0,31,0
737,437,0.0,30,0
737,446,0.0,50,0
737,462,0.0,46,0
737,397,0.0,41,0
737,461,0.0,55,0
737,460,0.0,53,0
737,436,0.0,32,0
737,376,0.0,24,0
737,459,0.0,43,0
737,424,0.0,54,0
737,425,0.0,23,0
737,346,0.0,27,0
737,435,3.0,14,0
737,385,4.0,12,0
737,427,0.0,20,0
737,458,0.0,51,0
737,457,0.0,48,0
737,356,9.0,9,0
737,341,19.0,4,0
737,456,0.0,36,0
737,360,27.0,3,1
737,364,15.0,5,1
737,455,0.0,38,0
737,418,1.0,18,0
737,404,2.0,16,0
737,386,10.0,8,0
737,454,4.0,13,0
737,373,30.0,2,3
737,453,0.0,21,0
737,347,3.0,15,0
737,430,2.0,17,0
737,408,13.0,7,0
737,394,5.0,11,0
737,403,14.0,6,0
737,401,6.0,10,0
737,289,42.0,1,4
738,482,0.0,21,0
738,376,0.0,20,0
738,418,0.0,19,0
738,481,0.0,18,0
738,404,0.0,17,0
738,289,0.0,16,0
738,356,0.0,15,0
738,480,0.0,14,0
738,479,0.0,13,0
738,347,0.0,12,0
738,341,0.0,11,0
738,373,0.0,10,0
738,478,0.0,9,0
738,477,0.0,8,0
738,427,0.0,7,0
738,360,1.0,6,0
738,364,2.0,5,0
738,476,3.0,4,0
738,403,4.0,3,0
738,386,6.0,2,0
738,475,9.0,1,1
739,437,0.0,20,0
739,430,0.0,17,0
739,401,0.0,16,0
739,482,0.0,24,0
739,376,0.0,23,0
739,418,0.0,19,0
739,481,0.0,22,0
739,404,0.0,21,0
739,289,0.0,11,0
739,356,1.0,8,0
739,480,0.0,18,0
739,479,0.0,13,0
739,347,0.0,15,0
739,341,0.0,9,0
739,373,4.0,5,0
739,478,0.0,14,0
739,477,0.0,12,0
739,427,0.0,10,0
739,360,1.0,7,0
739,364,2.0,6,0
739,476,12.0,2,1
739,403,10.0,3,0
739,386,8.0,4,0
739,475,12.0,1,1
740,455,0.0,29,0
740,459,0.0,28,0
740,435,0.0,27,0
740,385,0.0,22,0
740,453,0.0,17,0
740,437,0.0,24,0
740,430,0.0,19,0
740,401,0.0,20,0
740,482,3.0,6,0
740,376,0.0,26,0
740,418,0.0,18,0
740,481,0.0,25,0
740,404,0.0,23,0
740,289,0.0,13,0
740,356,1.0,10,0
740,480,0.0,21,0
740,479,0.0,15,0
740,347,0.0,11,0
740,341,2.0,8,0
740,373,4.0,5,0
740,478,0.0,16,0
740,477,0.0,14,0
740,427,0.0,12,0
740,360,1.0,9,0
740,364,3.0,7,0
740,476,18.0,2,1
740,403,19.0,1,1
740,386,12.0,4,0
740,475,12.0,3,1
741,484,0.0,35,0
741,485,0.0,34,0
741,428,0.0,33,0
741,483,0.0,30,0
741,456,0.0,17,0
741,394,9.0,5,1
741,455,0.0,32,0
741,459,0.0,31,0
741,435,0.0,28,0
741,385,0.0,27,0
741,453,0.0,20,0
741,437,0.0,26,0
741,430,0.0,23,0
741,401,0.0,25,0
741,482,3.0,9,0
741,376,0.0,29,0
741,418,0.0,21,0
741,481,0.0,22,0
741,404,3.0,8,0
741,289,1.0,12,0
741,356,1.0,13,0
741,480,0.0,24,0
741,479,0.0,18,0
741,347,0.0,14,0
741,341,2.0,11,0
741,373,8.0,7,0
741,478,0.0,19,0
741,477,0.0,16,0
741,427,0.0,15,0
741,360,3.0,10,0
741,364,9.0,6,0
741,476,18.0,2,1
741,403,19.0,1,1
741,386,12.0,4,0
741,475,12.0,3,1
742,487,0.0,39,0
742,460,0.0,37,0
742,441,0.0,36,0
742,465,0.0,29,0
742,408,0.0,26,0
742,484,0.0,40,0
742,485,0.0,38,0
742,428,0.0,35,0
742,483,0.0,33,0
742,456,1.0,15,0
742,394,9.0,5,1
742,455,0.0,30,0
742,459,0.0,34,0
742,435,0.0,31,0
742,385,0.0,25,0
742,453,0.0,20,0
742,437,0.0,28,0
742,430,0.0,23,0
742,401,0.0,27,0
742,482,3.0,10,0
742,376,0.0,32,0
742,418,0.0,21,0
742,481,0.0,22,0
742,404,3.0,9,0
742,289,1.0,14,0
742,356,4.0,8,0
742,480,0.0,24,0
742,479,0.0,18,0
742,347,2.0,12,0
742,341,2.0,13,0
742,373,8.0,7,0
742,478,0.0,19,0
742,477,0.0,17,0
742,427,0.0,16,0
742,360,3.0,11,0
742,364,9.0,6,0
742,476,27.0,1,2
742,403,25.0,2,1
742,386,16.0,3,0
742,475,12.0,4,1
743,436,0.0,45,0
743,490,0.0,44,0
743,489,0.0,43,0
743,488,0.0,40,0
743,431,0.0,38,0
743,487,0.0,41,0
743,460,0.0,31,0
743,441,0.0,37,0
743,465,0.0,30,0
743,408,0.0,23,0
743,484,0.0,42,0
743,485,0.0,39,0
743,428,0.0,35,0
743,483,0.0,36,0
743,456,1.0,14,0
743,394,9.0,6,1
743,455,0.0,32,0
743,459,0.0,29,0
743,435,0.0,33,0
743,385,0.0,27,0
743,453,0.0,19,0
743,437,0.0,26,0
743,430,0.0,24,0
743,401,0.0,28,0
743,482,3.0,12,0
743,376,0.0,34,0
743,418,0.0,21,0
743,481,0.0,22,0
743,404,3.0,11,0
743,289,1.0,15,0
743,356,4.0,8,0
743,480,0.0,25,0
743,479,0.0,18,0
743,347,2.0,13,0
743,341,4.0,9,0
743,373,11.0,5,0
743,478,0.0,20,0
743,477,0.0,17,0
743,427,0.0,16,0
743,360,4.0,10,0
743,364,9.0,7,0
743,476,33.0,1,2
743,403,29.0,2,1
743,386,16.0,4,0
743,475,21.0,3,2
744,492,0.0,55,0
744,467,0.0,54,0
744,491,0.0,53,0
744,429,0.0,52,0
744,444,0.0,49,0
744,424,0.0,46,0
744,486,0.0,43,0
744,425,0.0,40,0
744,454,0.0,37,0
744,447,0.0,35,0
744,436,0.0,51,0
744,490,0.0,50,0
744,489,0.0,29,0
744,488,0.0,48,0
744,431,0.0,44,0
744,487,0.0,47,0
744,460,0.0,33,0
744,441,0.0,25,0
744,465,0.0,32,0
744,408,0.0,26,0
744,484,0.0,42,0
744,485,0.0,45,0
744,428,0.0,39,0
744,483,0.0,41,0
744,456,2.0,16,0
744,394,9.0,7,1
744,455,0.0,34,0
744,459,0.0,31,0
744,435,0.0,36,0
744,385,0.0,20,0
744,453,3.0,11,0
744,437,0.0,28,0
744,430,0.0,19,0
744,401,0.0,30,0
744,482,3.0,13,0
744,376,0.0,38,0
744,418,0.0,23,0
744,481,0.0,24,0
744,404,3.0,12,0
744,289,1.0,17,0
744,356,4.0,9,0
744,480,0.0,27,0
744,479,2.0,15,0
744,347,2.0,14,0
744,341,4.0,10,0
744,373,11.0,6,0
744,478,0.0,22,0
744,477,0.0,21,0
744,427,0.0,18,0
744,360,8.0,8,0
744,364,15.0,5,0
744,476,33.0,2,2
744,403,34.0,1,2
744,386,16.0,4,0
744,475,21.0,3,2
745,495,0.0,47,0
745,433,0.0,43,0
745,494,0.0,39,0
745,440,0.0,38,0
745,434,0.0,28,0
745,493,0.0,24,0
745,468,0.0,22,0
745,492,0.0,62,0
745,467,0.0,61,0
745,491,0.0,60,0
745,429,0.0,59,0
745,444,0.0,56,0
745,424,0.0,53,0
745,486,0.0,50,0
745,425,0.0,46,0
745,454,0.0,42,0
745,447,0.0,40,0
745,436,0.0,58,0
745,490,0.0,57,0
745,489,0.0,32,0
745,488,0.0,55,0
745,431,0.0,51,0
745,487,0.0,54,0
745,460,0.0,36,0
745,441,0.0,27,0
745,465,0.0,35,0
745,408,0.0,29,0
745,484,0.0,49,0
745,485,0.0,52,0
745,428,0.0,45,0
745,483,0.0,48,0
745,456,2.0,17,0
745,394,9.0,9,1
745,455,0.0,37,0
745,459,0.0,34,0
745,435,0.0,41,0
745,385,0.0,20,0
745,453,3.0,13,0
745,437,0.0,31,0
745,430,0.0,19,0
745,401,0.0,33,0
745,482,3.0,14,0
745,376,0.0,44,0
745,418,0.0,25,0
745,481,0.0,26,0
745,404,12.0,6,1
745,289,3.0,16,0
745,356,4.0,11,0
745,480,0.0,30,0
745,479,6.0,10,0
745,347,3.0,15,0
745,341,4.0,12,0
745,373,11.0,7,0
745,478,0.0,23,0
745,477,0.0,21,0
745,427,0.0,18,0
745,360,11.0,8,0
745,364,21.0,4,0
745,476,33.0,2,2
745,403,34.0,1,2
745,386,16.0,5,0
745,475,21.0,3,2
746,483,0.0,22,0
746,504,0.0,21,0
746,503,0.0,20,0
746,502,0.0,19,0
746,289,0.0,18,0
746,356,0.0,17,0
746,501,0.0,16,0
746,439,0.0,15,0
746,500,0.0,14,0
746,418,0.0,13,0
746,499,0.0,12,0
746,498,0.0,11,0
746,497,0.0,10,0
746,403,0.0,9,0
746,347,0.0,8,0
746,404,1.0,5,0
746,476,2.0,4,0
746,496,3.0,3,0
746,475,0.0,6,0
746,477,6.0,2,0
746,360,8.0,1,1
747,437,0.0,33,0
747,508,0.0,32,0
747,507,0.0,30,0
747,484,0.0,27,0
747,506,0.0,26,0
747,427,0.0,11,0
747,341,0.0,24,0
747,505,0.0,22,0
747,456,0.0,20,0
747,364,0.0,19,0
747,386,1.0,10,0
747,479,3.0,5,0
747,483,0.0,31,0
747,504,0.0,29,0
747,503,0.0,28,0
747,502,0.0,21,0
747,289,0.0,12,0
747,356,0.0,25,0
747,501,0.0,23,0
747,439,0.0,18,0
747,500,0.0,17,0
747,418,0.0,16,0
747,499,0.0,15,0
747,498,0.0,14,0
747,497,0.0,13,0
747,403,4.0,4,0
747,347,2.0,7,0
747,404,1.0,9,0
747,476,2.0,8,0
747,496,3.0,6,0
747,475,8.0,2,1
747,477,6.0,3,0
747,360,14.0,1,1
748,539,0.0,51,0
748,538,0.0,50,0
748,537,0.0,49,0
748,536,0.0,48,0
748,535,0.0,47,0
748,534,0.0,46,0
748,533,0.0,45,0
748,532,0.0,44,0
748,531,0.0,43,0
748,530,0.0,42,0
748,529,0.0,41,0
748,528,0.0,40,0
748,527,0.0,39,0
748,526,0.0,38,0
748,525,0.0,37,0
748,524,0.0,36,0
748,523,0.0,35,0
748,522,0.0,34,0
748,521,0.0,33,0
748,520,0.0,32,0
748,519,0.0,29,0
748,518,0.0,28,0
748,517,0.0,25,0
748,516,0.0,23,0
748,515,0.0,22,0
748,514,0.0,20,0
748,494,0.0,19,0
748,513,1.0,16,0
748,512,2.0,13,0
748,511,3.0,8,0
748,510,4.0,7,0
748,449,6.0,5,0
748,509,8.0,3,1
748,437,0.0,66,0
748,508,0.0,65,0
748,507,0.0,63,0
748,484,0.0,60,0
748,506,0.0,59,0
748,427,0.0,17,0
748,341,0.0,57,0
748,505,0.0,55,0
748,456,0.0,53,0
748,364,0.0,52,0
748,386,1.0,15,0
748,479,3.0,9,0
748,483,0.0,64,0
748,504,0.0,62,0
748,503,0.0,61,0
748,502,0.0,54,0
748,289,0.0,18,0
748,356,0.0,58,0
748,501,0.0,56,0
748,439,0.0,31,0
748,500,0.0,30,0
748,418,0.0,27,0
748,499,0.0,26,0
748,498,0.0,24,0
748,497,0.0,21,0
748,403,4.0,6,0
748,347,2.0,11,0
748,404,1.0,14,0
748,476,2.0,12,0
748,496,3.0,10,0
748,475,8.0,2,1
748,477,6.0,4,0
748,360,14.0,1,1
749,373,0.0,58,0
749,430,0.0,22,0
749,481,0.0,21,0
749,539,0.0,54,0
749,538,0.0,53,0
749,537,0.0,52,0
749,536,0.0,51,0
749,535,0.0,50,0
749,534,0.0,49,0
749,533,0.0,48,0
749,532,0.0,47,0
749,531,0.0,46,0
749,530,0.0,45,0
749,529,0.0,44,0
749,528,0.0,43,0
749,527,0.0,42,0
749,526,0.0,41,0
749,525,0.0,40,0
749,524,0.0,39,0
749,523,0.0,38,0
749,522,0.0,37,0
749,521,0.0,36,0
749,520,0.0,35,0
749,519,0.0,32,0
749,518,0.0,31,0
749,517,0.0,28,0
749,516,0.0,26,0
749,515,0.0,25,0
749,514,0.0,23,0
749,494,0.0,20,0
749,513,1.0,18,0
749,512,2.0,16,0
749,511,3.0,13,0
749,510,4.0,10,0
749,449,6.0,7,0
749,509,8.0,4,1
749,437,0.0,69,0
749,508,0.0,64,0
749,507,0.0,66,0
749,484,0.0,63,0
749,506,0.0,62,0
749,427,0.0,19,0
749,341,0.0,61,0
749,505,0.0,59,0
749,456,0.0,57,0
749,364,0.0,56,0
749,386,2.0,17,0
749,479,3.0,12,0
749,483,0.0,68,0
749,504,0.0,67,0
749,503,0.0,65,0
749,502,0.0,55,0
749,289,4.0,8,0
749,356,8.0,3,1
749,501,0.0,60,0
749,439,0.0,34,0
749,500,0.0,33,0
749,418,0.0,30,0
749,499,0.0,29,0
749,498,0.0,27,0
749,497,0.0,24,0
749,403,4.0,9,0
749,347,2.0,15,0
749,404,7.0,5,0
749,476,4.0,11,0
749,496,3.0,14,0
749,475,11.0,2,1
749,477,6.0,6,0
749,360,14.0,1,1
750,540,0.0,69,0
750,435,0.0,59,0
750,376,1.0,20,0
750,482,4.0,10,0
750,373,2.0,17,0
750,430,0.0,25,0
750,481,0.0,24,0
750,539,0.0,57,0
750,538,0.0,56,0
750,537,0.0,55,0
750,536,0.0,54,0
750,535,0.0,53,0
750,534,0.0,52,0
750,533,0.0,51,0
750,532,0.0,50,0
750,531,0.0,49,0
750,530,0.0,48,0
750,529,0.0,47,0
750,528,0.0,46,0
750,527,0.0,45,0
750,526,0.0,44,0
750,525,0.0,43,0
750,524,0.0,42,0
750,523,0.0,41,0
750,522,0.0,40,0
750,521,0.0,39,0
750,520,0.0,38,0
750,519,0.0,35,0
750,518,0.0,34,0
750,517,0.0,31,0
750,516,0.0,29,0
750,515,0.0,28,0
750,514,0.0,26,0
750,494,0.0,23,0
750,513,1.0,21,0
750,512,2.0,18,0
750,511,3.0,14,0
750,510,4.0,11,0
750,449,6.0,8,0
750,509,8.0,4,1
750,437,0.0,73,0
750,508,0.0,66,0
750,507,0.0,63,0
750,484,0.0,68,0
750,506,0.0,67,0
750,427,0.0,22,0
750,341,0.0,65,0
750,505,0.0,61,0
750,456,0.0,62,0
750,364,0.0,60,0
750,386,2.0,19,0
750,479,3.0,13,0
750,483,0.0,72,0
750,504,0.0,71,0
750,503,0.0,70,0
750,502,0.0,58,0
750,289,4.0,9,0
750,356,16.0,2,2
750,501,0.0,64,0
750,439,0.0,37,0
750,500,0.0,36,0
750,418,0.0,33,0
750,499,0.0,32,0
750,498,0.0,30,0
750,497,0.0,27,0
750,403,7.0,6,0
750,347,2.0,16,0
750,404,7.0,5,0
750,476,4.0,12,0
750,496,3.0,15,0
750,475,11.0,3,1
750,477,6.0,7,0
750,360,20.0,1,1
751,542,0.0,75,0
751,541,1.0,22,0
751,540,0.0,71,0
751,435,0.0,62,0
751,376,1.0,21,0
751,482,10.0,4,0
751,373,4.0,13,0
751,430,0.0,27,0
751,481,3.0,14,0
751,539,0.0,60,0
751,538,0.0,59,0
751,537,0.0,58,0
751,536,0.0,57,0
751,535,0.0,56,0
751,534,0.0,55,0
751,533,0.0,54,0
751,532,0.0,53,0
751,531,0.0,52,0
751,530,0.0,51,0
751,529,0.0,50,0
751,528,0.0,49,0
751,527,0.0,48,0
751,526,0.0,47,0
751,525,0.0,46,0
751,524,0.0,45,0
751,523,0.0,44,0
751,522,0.0,43,0
751,521,0.0,42,0
751,520,0.0,41,0
751,519,0.0,39,0
751,518,0.0,37,0
751,517,0.0,35,0
751,516,0.0,33,0
751,515,0.0,31,0
751,514,0.0,28,0
751,494,0.0,25,0
751,513,1.0,23,0
751,512,2.0,19,0
751,511,3.0,16,0
751,510,4.0,11,0
751,449,6.0,9,0
751,509,8.0,5,1
751,437,0.0,32,0
751,508,0.0,69,0
751,507,0.0,66,0
751,484,0.0,70,0
751,506,0.0,26,0
751,427,0.0,24,0
751,341,0.0,68,0
751,505,0.0,64,0
751,456,0.0,65,0
751,364,0.0,63,0
751,386,2.0,20,0
751,479,3.0,15,0
751,483,0.0,74,0
751,504,0.0,73,0
751,503,0.0,72,0
751,502,0.0,61,0
751,289,4.0,10,0
751,356,24.0,1,3
751,501,0.0,67,0
751,439,0.0,40,0
751,500,0.0,38,0
751,418,0.0,29,0
751,499,0.0,36,0
751,498,0.0,34,0
751,497,0.0,30,0
751,403,7.0,7,0
751,347,2.0,18,0
751,404,7.0,6,0
751,476,4.0,12,0
751,496,3.0,17,0
751,475,11.0,3,1
751,477,6.0,8,0
751,360,24.0,2,1
752,465,0.0,77,0
752,486,0.0,76,0
752,542,0.0,39,0
752,541,1.0,23,0
752,540,0.0,72,0
752,435,0.0,66,0
752,376,1.0,22,0
752,482,10.0,5,0
752,373,4.0,15,0
752,430,0.0,28,0
752,481,3.0,16,0
752,539,0.0,64,0
752,538,0.0,63,0
752,537,0.0,62,0
752,536,0.0,61,0
752,535,0.0,60,0
752,534,0.0,59,0
752,533,0.0,58,0
752,532,0.0,57,0
752,531,0.0,56,0
752,530,0.0,55,0
752,529,0.0,54,0
752,528,0.0,53,0
752,527,0.0,52,0
752,526,0.0,51,0
752,525,0.0,50,0
752,524,0.0,49,0
752,523,0.0,48,0
752,522,0.0,47,0
752,521,0.0,46,0
752,520,0.0,45,0
752,519,0.0,43,0
752,518,0.0,40,0
752,517,0.0,37,0
752,516,0.0,35,0
752,515,0.0,32,0
752,514,0.0,29,0
752,494,0.0,26,0
752,513,1.0,24,0
752,512,2.0,20,0
752,511,3.0,17,0
752,510,4.0,14,0
752,449,6.0,10,0
752,509,8.0,6,1
752,437,0.0,34,0
752,508,0.0,71,0
752,507,0.0,69,0
752,484,0.0,42,0
752,506,0.0,27,0
752,427,0.0,25,0
752,341,6.0,8,0
752,505,0.0,67,0
752,456,0.0,68,0
752,364,0.0,33,0
752,386,2.0,21,0
752,479,5.0,11,0
752,483,0.0,75,0
752,504,0.0,74,0
752,503,0.0,73,0
752,502,0.0,65,0
752,289,4.0,13,0
752,356,32.0,1,4
752,501,0.0,70,0
752,439,0.0,44,0
752,500,0.0,41,0
752,418,0.0,30,0
752,499,0.0,38,0
752,498,0.0,36,0
752,497,0.0,31,0
752,403,7.0,7,0
752,347,2.0,19,0
752,404,11.0,4,0
752,476,5.0,12,0
752,496,3.0,18,0
752,475,11.0,3,1
752,477,6.0,9,0
752,360,27.0,2,1
753,432,0.0,67,0
753,465,0.0,78,0
753,486,0.0,77,0
753,542,0.0,39,0
753,541,1.0,23,0
753,540,0.0,73,0
753,435,0.0,66,0
753,376,1.0,22,0
753,482,10.0,5,0
753,373,8.0,7,0
753,430,0.0,28,0
753,481,3.0,16,0
753,539,0.0,64,0
753,538,0.0,63,0
753,537,0.0,62,0
753,536,0.0,61,0
753,535,0.0,60,0
753,534,0.0,59,0
753,533,0.0,58,0
753,532,0.0,57,0
753,531,0.0,56,0
753,530,0.0,55,0
753,529,0.0,54,0
753,528,0.0,53,0
753,527,0.0,52,0
753,526,0.0,51,0
753,525,0.0,50,0
753,524,0.0,49,0
753,523,0.0,48,0
753,522,0.0,47,0
753,521,0.0,46,0
753,520,0.0,45,0
753,519,0.0,43,0
753,518,0.0,40,0
753,517,0.0,37,0
753,516,0.0,35,0
753,515,0.0,32,0
753,514,0.0,29,0
753,494,0.0,26,0
753,513,1.0,24,0
753,512,2.0,20,0
753,511,3.0,17,0
753,510,4.0,15,0
753,449,6.0,13,0
753,509,8.0,6,1
753,437,0.0,34,0
753,508,0.0,72,0
753,507,0.0,70,0
753,484,0.0,42,0
753,506,0.0,27,0
753,427,0.0,25,0
753,341,6.0,11,0
753,505,0.0,68,0
753,456,0.0,69,0
753,364,0.0,33,0
753,386,2.0,21,0
753,479,7.0,10,0
753,483,0.0,76,0
753,504,0.0,75,0
753,503,0.0,74,0
753,502,0.0,65,0
753,289,4.0,14,0
753,356,40.0,1,5
753,501,0.0,71,0
753,439,0.0,44,0
753,500,0.0,41,0
753,418,0.0,30,0
753,499,0.0,38,0
753,498,0.0,36,0
753,497,0.0,31,0
753,403,7.0,9,0
753,347,2.0,19,0
753,404,12.0,3,0
753,476,8.0,8,0
753,496,3.0,18,0
753,475,11.0,4,1
753,477,6.0,12,0
753,360,33.0,2,1
754,547,0.0,83,0
754,546,0.0,81,0
754,398,0.0,80,0
754,491,0.0,77,0
754,545,0.0,42,0
754,455,0.0,37,0
754,544,0.0,33,0
754,431,0.0,29,0
754,478,1.0,26,0
754,543,3.0,20,0
754,432,0.0,73,0
754,465,0.0,88,0
754,486,0.0,87,0
754,542,0.0,46,0
754,541,1.0,25,0
754,540,0.0,84,0
754,435,4.0,16,0
754,376,1.0,24,0
754,482,10.0,6,0
754,373,8.0,10,0
754,430,0.0,32,0
754,481,3.0,18,0
754,539,0.0,71,0
754,538,0.0,70,0
754,537,0.0,69,0
754,536,0.0,68,0
754,535,0.0,67,0
754,534,0.0,66,0
754,533,0.0,65,0
754,532,0.0,64,0
754,531,0.0,63,0
754,530,0.0,62,0
754,529,0.0,61,0
754,528,0.0,60,0
754,527,0.0,59,0
754,526,0.0,58,0
754,525,0.0,57,0
754,524,0.0,56,0
754,523,0.0,55,0
754,522,0.0,54,0
754,521,0.0,53,0
754,520,0.0,52,0
754,519,0.0,50,0
754,518,0.0,47,0
754,517,0.0,44,0
754,516,0.0,41,0
754,515,0.0,38,0
754,514,0.0,34,0
754,494,0.0,30,0
754,513,1.0,27,0
754,512,2.0,23,0
754,511,3.0,19,0
754,510,4.0,17,0
754,449,6.0,14,0
754,509,8.0,8,1
754,437,0.0,40,0
754,508,0.0,82,0
754,507,0.0,76,0
754,484,0.0,49,0
754,506,0.0,31,0
754,427,0.0,28,0
754,341,6.0,12,0
754,505,0.0,74,0
754,456,0.0,75,0
754,364,0.0,39,0
754,386,8.0,9,0
754,479,7.0,11,0
754,483,0.0,78,0
754,504,0.0,86,0
754,503,0.0,85,0
754,502,0.0,72,0
754,289,4.0,15,0
754,356,40.0,1,5
754,501,0.0,79,0
754,439,0.0,51,0
754,500,0.0,48,0
754,418,0.0,35,0
754,499,0.0,45,0
754,498,0.0,43,0
754,497,0.0,36,0
754,403,15.0,3,1
754,347,2.0,22,0
754,404,12.0,4,0
754,476,10.0,7,0
754,496,3.0,21,0
754,475,11.0,5,1
754,477,6.0,13,0
754,360,33.0,2,1
755,548,0.0,54,0
755,353,0.0,49,0
755,440,0.0,30,0
755,547,0.0,86,0
755,546,0.0,84,0
755,398,0.0,83,0
755,491,0.0,80,0
755,545,0.0,45,0
755,455,0.0,39,0
755,544,0.0,35,0
755,431,0.0,29,0
755,478,1.0,26,0
755,543,3.0,21,0
755,432,0.0,78,0
755,465,0.0,91,0
755,486,0.0,90,0
755,542,0.0,50,0
755,541,1.0,25,0
755,540,0.0,87,0
755,435,4.0,16,0
755,376,1.0,24,0
755,482,10.0,6,0
755,373,8.0,10,0
755,430,0.0,34,0
755,481,3.0,19,0
755,539,0.0,76,0
755,538,0.0,75,0
755,537,0.0,74,0
755,536,0.0,73,0
755,535,0.0,72,0
755,534,0.0,71,0
755,533,0.0,70,0
755,532,0.0,69,0
755,531,0.0,68,0
755,530,0.0,67,0
755,529,0.0,66,0
755,528,0.0,65,0
755,527,0.0,64,0
755,526,0.0,63,0
755,525,0.0,62,0
755,524,0.0,61,0
755,523,0.0,60,0
755,522,0.0,59,0
755,521,0.0,58,0
755,520,0.0,57,0
755,519,0.0,55,0
755,518,0.0,51,0
755,517,0.0,47,0
755,516,0.0,44,0
755,515,0.0,40,0
755,514,0.0,36,0
755,494,0.0,31,0
755,513,1.0,27,0
755,512,2.0,23,0
755,511,3.0,20,0
755,510,4.0,17,0
755,449,6.0,14,0
755,509,8.0,8,1
755,437,0.0,43,0
755,508,0.0,85,0
755,507,0.0,42,0
755,484,0.0,53,0
755,506,0.0,33,0
755,427,0.0,28,0
755,341,6.0,12,0
755,505,0.0,79,0
755,456,0.0,32,0
755,364,0.0,41,0
755,386,8.0,9,0
755,479,7.0,11,0
755,483,0.0,81,0
755,504,0.0,89,0
755,503,0.0,88,0
755,502,0.0,77,0
755,289,4.0,15,0
755,356,43.0,1,5
755,501,0.0,82,0
755,439,0.0,56,0
755,500,0.0,52,0
755,418,0.0,37,0
755,499,0.0,48,0
755,498,0.0,46,0
755,497,0.0,38,0
755,403,16.0,5,1
755,347,4.0,18,0
755,404,18.0,4,0
755,476,10.0,7,0
755,496,3.0,22,0
755,475,19.0,3,2
755,477,6.0,13,0
755,360,34.0,2,1
756,553,0.0,24,0
756,552,0.0,23,0
756,353,0.0,22,0
756,551,0.0,21,0
756,376,0.0,20,0
756,550,0.0,19,0
756,483,0.0,18,0
756,549,0.0,17,0
756,506,0.0,16,0
756,477,0.0,15,0
756,476,0.0,14,0
756,418,0.0,13,0
756,289,0.0,12,0
756,554,0.0,11,0
756,347,0.0,10,0
756,501,0.0,9,0
756,541,0.0,8,0
756,475,0.0,7,0
756,456,0.0,6,0
757,356,9.0,1,1
757,479,6.0,3,0
757,427,4.0,6,0
757,403,3.0,8,0
757,360,2.0,10,0
757,456,0.0,12,0
757,475,0.0,23,0
757,541,0.0,24,0
757,501,0.0,25,0
757,347,0.0,26,0
757,554,0.0,27,0
757,289,0.0,28,0
757,418,0.0,29,0
757,476,0.0,30,0
757,477,0.0,31,0
757,506,0.0,32,0
757,549,0.0,33,0
757,483,0.0,36,0
757,550,0.0,37,0
757,376,0.0,39,0
757,525,0.0,57,0
757,536,0.0,56,0
757,517,0.0,55,0
757,565,0.0,54,0
757,564,0.0,53,0
757,563,0.0,52,0
757,562,0.0,51,0
757,522,0.0,50,0
757,516,0.0,49,0
757,511,0.0,47,0
757,561,0.0,45,0
757,528,0.0,43,0
757,560,0.0,41,0
757,537,0.0,40,0
757,559,0.0,38,0
757,558,0.0,35,0
757,527,0.0,34,0
757,535,0.0,22,0
757,557,0.0,21,0
757,556,0.0,20,0
757,538,0.0,19,0
757,514,0.0,18,0
757,520,0.0,17,0
757,531,0.0,16,0
757,555,0.0,15,0
757,513,0.0,14,0
757,518,0.0,13,0
757,533,0.0,11,0
757,510,2.0,9,0
758,566,0.0,33,0
758,430,0.0,23,0
758,525,0.0,60,0
758,404,3.0,11,0
759,509,6.0,6,0
758,536,0.0,59,0
758,553,0.0,51,0
758,449,8.0,3,1
758,509,6.0,5,0
758,512,5.0,6,0
758,529,3.0,10,0
758,510,2.0,13,0
758,533,0.0,17,0
758,517,0.0,58,0
758,565,0.0,57,0
758,564,0.0,56,0
758,563,0.0,55,0
758,562,0.0,54,0
758,522,0.0,53,0
758,516,0.0,52,0
758,511,0.0,50,0
758,561,0.0,48,0
758,528,0.0,46,0
758,560,0.0,44,0
758,537,0.0,43,0
758,559,0.0,41,0
758,558,0.0,38,0
758,527,0.0,37,0
758,535,0.0,30,0
758,557,0.0,29,0
758,556,0.0,28,0
758,538,0.0,27,0
758,514,0.0,26,0
758,520,0.0,25,0
758,531,0.0,24,0
758,555,0.0,22,0
758,513,0.0,20,0
758,518,0.0,19,0
758,552,0.0,49,0
758,551,0.0,45,0
758,376,0.0,42,0
758,550,0.0,40,0
758,483,0.0,39,0
758,549,0.0,36,0
758,506,0.0,35,0
758,477,0.0,21,0
758,476,0.0,34,0
758,418,4.0,8,0
758,289,0.0,18,0
758,554,2.0,12,0
759,553,0.0,57,0
759,479,14.0,2,1
759,427,4.0,8,0
759,568,0.0,51,0
759,462,0.0,47,0
759,437,0.0,41,0
759,364,0.0,38,0
759,567,0.0,28,0
759,482,3.0,13,0
759,566,0.0,36,0
759,430,0.0,25,0
759,404,3.0,11,0
759,525,0.0,66,0
759,536,0.0,65,0
759,517,0.0,64,0
759,565,0.0,63,0
759,564,0.0,62,0
759,563,0.0,61,0
759,562,0.0,60,0
759,522,0.0,59,0
759,516,0.0,58,0
759,511,0.0,56,0
759,561,0.0,54,0
759,528,0.0,52,0
759,560,0.0,49,0
759,537,0.0,48,0
759,559,0.0,45,0
759,558,0.0,43,0
759,527,0.0,42,0
759,535,0.0,35,0
759,557,0.0,34,0
759,556,0.0,33,0
759,538,0.0,32,0
759,514,0.0,31,0
759,520,0.0,30,0
759,531,0.0,29,0
759,555,0.0,27,0
759,513,0.0,24,0
759,518,0.0,22,0
759,533,0.0,19,0
759,510,2.0,15,0
759,512,5.0,7,0
759,449,8.0,5,1
759,552,0.0,55,0
759,353,0.0,53,0
759,551,0.0,50,0
759,376,0.0,46,0
759,550,0.0,44,0
759,483,0.0,23,0
759,549,0.0,40,0
759,506,0.0,39,0
759,477,0.0,26,0
759,476,0.0,37,0
760,552,0.0,63,0
760,553,0.0,66,0
760,449,8.0,7,1
760,456,0.0,18,0
760,475,8.5,4,0
760,541,0.0,19,0
760,501,3.0,12,0
760,347,8.0,6,1
760,554,2.0,16,0
760,289,0.0,21,0
760,418,4.0,11,0
760,441,0.0,78,0
760,401,0.0,76,0
760,571,0.0,73,0
760,387,0.0,71,0
760,570,0.0,70,0
760,465,0.0,68,0
760,540,0.0,64,0
760,484,0.0,61,0
760,542,0.0,57,0
760,478,0.0,53,0
760,486,0.0,46,0
760,569,0.0,34,0
760,481,0.0,33,0
760,505,0.0,30,0
760,568,0.0,58,0
760,462,0.0,52,0
760,437,0.0,45,0
760,364,0.0,43,0
760,567,0.0,29,0
760,482,3.0,15,0
760,566,0.0,41,0
760,430,0.0,26,0
760,404,3.0,13,0
760,525,0.0,81,0
760,536,0.0,80,0
760,517,0.0,79,0
760,565,0.0,77,0
760,564,0.0,75,0
760,563,0.0,74,0
760,562,0.0,72,0
760,522,0.0,69,0
760,516,0.0,67,0
760,511,0.0,65,0
760,561,0.0,62,0
760,528,0.0,59,0
760,560,0.0,55,0
760,537,0.0,54,0
760,559,0.0,50,0
760,558,0.0,48,0
760,527,0.0,47,0
760,535,0.0,40,0
760,557,0.0,39,0
760,538,0.0,37,0
760,356,27.0,1,2
760,479,14.0,2,1
760,520,0.0,32,0
760,531,0.0,31,0
760,555,0.0,28,0
760,513,0.0,24,0
760,518,0.0,22,0
760,533,0.0,20,0
760,510,2.0,17,0
760,529,3.0,14,0
760,512,5.0,10,0
760,509,6.0,8,0
761,441,0.0,78,0
761,401,0.0,76,0
761,571,0.0,73,0
761,387,0.0,71,0
761,570,0.0,70,0
761,465,0.0,68,0
761,540,0.0,64,0
761,484,0.0,61,0
761,542,0.0,57,0
761,478,0.0,43,0
761,486,0.0,47,0
761,569,0.0,36,0
761,481,0.0,35,0
761,505,0.0,32,0
761,502,0.0,27,0
761,568,0.0,58,0
761,462,0.0,53,0
761,437,0.0,21,0
761,364,6.0,9,0
761,567,0.0,31,0
762,555,0.0,31,0
761,403,13.0,3,0
761,356,27.0,1,2
761,482,3.0,16,0
761,566,0.0,44,0
761,430,0.0,28,0
761,404,3.0,14,0
761,525,0.0,81,0
761,536,0.0,80,0
761,517,0.0,79,0
761,565,0.0,77,0
761,564,0.0,75,0
761,563,0.0,74,0
761,562,0.0,72,0
761,522,0.0,69,0
761,516,0.0,67,0
761,511,0.0,65,0
761,561,0.0,62,0
761,528,0.0,59,0
761,560,0.0,55,0
761,537,0.0,54,0
761,559,0.0,51,0
761,558,0.0,49,0
761,527,0.0,48,0
761,535,0.0,42,0
761,557,0.0,41,0
761,556,0.0,40,0
761,538,0.0,39,0
761,514,0.0,37,0
761,520,0.0,34,0
761,531,0.0,33,0
761,555,0.0,30,0
761,513,0.0,26,0
761,518,0.0,24,0
761,533,0.0,22,0
761,510,2.0,18,0
761,529,3.0,15,0
761,512,5.0,11,0
761,509,6.0,10,0
761,449,8.0,8,1
761,553,0.0,66,0
761,552,0.0,63,0
761,353,0.0,60,0
761,551,0.0,56,0
761,376,0.0,52,0
761,550,0.0,50,0
761,483,0.0,25,0
762,502,0.0,28,0
762,505,0.0,33,0
762,481,0.0,37,0
762,569,0.0,38,0
762,486,0.0,48,0
762,567,0.0,32,0
762,513,0.0,27,0
762,533,0.0,22,0
762,418,10.0,7,0
762,476,0.0,46,0
762,477,0.0,30,0
762,506,0.0,47,0
762,549,0.0,40,0
762,483,0.0,26,0
762,432,0.0,34,0
762,441,0.0,79,0
762,401,0.0,77,0
762,571,0.0,74,0
762,387,0.0,72,0
762,570,0.0,71,0
762,465,0.0,69,0
762,540,0.0,65,0
762,484,0.0,62,0
762,542,0.0,58,0
762,478,0.0,45,0
762,568,0.0,59,0
762,462,0.0,54,0
762,437,0.0,21,0
762,364,10.0,8,0
762,482,3.0,16,0
762,566,0.0,25,0
762,430,0.0,29,0
762,404,3.0,14,0
762,525,0.0,82,0
762,536,0.0,81,0
762,517,0.0,80,0
762,565,0.0,78,0
762,564,0.0,76,0
762,563,0.0,75,0
762,562,0.0,73,0
762,522,0.0,70,0
762,516,0.0,68,0
762,511,0.0,66,0
762,561,0.0,63,0
762,528,0.0,60,0
762,560,0.0,56,0
762,537,0.0,55,0
762,559,0.0,52,0
762,558,0.0,50,0
762,527,0.0,49,0
762,535,0.0,44,0
762,557,0.0,43,0
762,556,0.0,42,0
762,538,0.0,41,0
762,514,0.0,39,0
762,520,0.0,36,0
762,531,0.0,35,0
762,518,0.0,24,0
762,510,2.0,18,0
762,529,3.0,15,0
762,512,5.0,12,0
762,509,6.0,11,0
762,449,8.0,10,1
762,553,0.0,67,0
762,552,0.0,64,0
762,353,0.0,61,0
762,551,0.0,57,0
762,376,0.0,53,0
762,550,0.0,51,0
762,289,0.0,23,0
763,511,0.0,67,0
763,418,10.0,8,0
763,476,0.0,48,0
763,477,2.0,17,0
763,506,0.0,49,0
763,549,0.0,41,0
763,483,0.0,27,0
763,550,0.0,53,0
763,376,0.0,55,0
763,551,0.0,58,0
763,353,0.0,62,0
763,552,0.0,65,0
763,553,0.0,68,0
763,449,8.0,10,1
763,509,6.0,11,0
763,512,5.0,12,0
763,529,3.0,16,0
763,510,2.0,19,0
763,533,0.0,23,0
763,518,0.0,25,0
763,513,0.0,28,0
763,555,0.0,31,0
763,531,0.0,35,0
763,520,0.0,37,0
763,543,0.0,45,0
763,441,0.0,80,0
763,401,0.0,78,0
763,571,0.0,75,0
763,387,0.0,73,0
763,570,0.0,72,0
763,465,0.0,70,0
763,540,0.0,66,0
763,484,0.0,63,0
763,542,0.0,59,0
763,478,0.0,47,0
763,486,0.0,50,0
763,569,0.0,39,0
763,481,0.0,38,0
763,505,0.0,33,0
763,502,0.0,29,0
763,568,0.0,60,0
763,462,0.0,36,0
763,437,0.0,22,0
763,364,13.0,5,0
763,567,0.0,32,0
763,482,3.0,14,0
763,566,0.0,26,0
763,430,0.0,30,0
763,404,3.0,15,0
763,525,0.0,83,0
763,536,0.0,82,0
763,517,0.0,81,0
763,565,0.0,79,0
763,563,0.0,76,0
763,562,0.0,74,0
763,516,0.0,69,0
763,561,0.0,64,0
763,528,0.0,61,0
763,560,0.0,57,0
763,537,0.0,56,0
763,559,0.0,54,0
763,558,0.0,52,0
763,527,0.0,51,0
763,535,0.0,46,0
763,557,0.0,44,0
763,556,0.0,43,0
763,514,0.0,40,0
764,576,0.0,57,0
764,575,0.0,56,0
764,574,0.0,51,0
764,573,0.0,50,0
764,572,0.0,26,0
764,543,0.0,47,0
764,432,0.0,36,0
764,441,0.0,85,0
764,401,0.0,83,0
764,571,0.0,80,0
764,387,0.0,78,0
764,570,0.0,77,0
764,465,0.0,75,0
764,456,0.0,20,0
764,475,25.5,3,2
764,541,0.0,21,0
764,501,5.0,13,0
764,347,10.0,8,1
764,554,2.0,18,0
764,289,0.0,25,0
764,418,10.0,9,0
764,476,0.0,23,0
764,477,2.0,17,0
764,506,0.0,52,0
764,549,0.0,43,0
764,540,0.0,71,0
764,484,0.0,68,0
764,542,0.0,64,0
764,478,0.0,49,0
764,486,0.0,53,0
764,569,0.0,41,0
764,481,0.0,40,0
764,505,0.0,35,0
764,502,0.0,30,0
764,568,0.0,65,0
764,462,0.0,38,0
764,437,0.0,22,0
764,364,13.0,7,0
764,567,0.0,34,0
764,482,3.0,15,0
764,566,0.0,28,0
764,430,0.0,32,0
764,404,5.0,14,0
764,525,0.0,88,0
764,536,0.0,87,0
764,517,0.0,86,0
764,565,0.0,84,0
764,564,0.0,82,0
764,563,0.0,81,0
764,562,0.0,79,0
764,522,0.0,76,0
764,516,0.0,74,0
764,511,0.0,72,0
764,561,0.0,69,0
764,528,0.0,66,0
764,560,0.0,62,0
764,537,0.0,61,0
764,559,0.0,59,0
764,558,0.0,55,0
764,527,0.0,54,0
764,535,0.0,48,0
764,557,0.0,46,0
764,556,0.0,45,0
764,538,0.0,44,0
764,514,0.0,42,0
764,520,0.0,39,0
764,531,0.0,37,0
764,555,0.0,33,0
764,513,0.0,31,0
764,518,0.0,27,0
764,533,0.0,24,0
764,510,2.0,19,0
764,529,3.0,16,0
764,512,5.0,12,0
765,581,0.0,10,0
765,547,0.0,9,0
765,580,0.0,8,0
765,496,0.0,7,0
765,501,0.0,6,0
765,554,2.0,5,0
765,579,4.0,4,0
765,578,4.0,3,0
765,577,6.0,2,0
765,475,8.0,1,1
766,589,0.0,32,0
766,588,0.0,31,0
766,587,0.0,30,0
766,586,0.0,29,0
766,543,0.0,28,0
766,553,0.0,27,0
766,551,0.0,26,0
766,585,0.0,25,0
766,584,0.0,24,0
766,583,0.0,23,0
766,582,0.0,22,0
766,541,0.0,21,0
766,590,0.0,20,0
766,479,0.0,19,0
766,483,0.0,18,0
766,456,0.0,17,0
766,289,0.0,16,0
766,347,0.0,15,0
766,476,0.0,14,0
766,477,0.0,10,0
766,356,3.0,7,0
766,427,8.0,3,1
766,581,4.0,5,0
766,547,0.0,13,0
766,580,0.0,12,0
766,496,0.0,11,0
766,501,2.0,8,0
766,554,2.0,9,0
766,579,4.0,6,0
766,578,5.0,4,0
766,577,12.0,1,0
766,475,8.0,2,1
767,418,0.0,22,0
767,430,0.0,16,0
767,589,0.0,34,0
767,588,0.0,33,0
767,587,0.0,32,0
767,586,0.0,31,0
767,543,0.0,30,0
767,553,0.0,29,0
767,551,0.0,28,0
767,585,0.0,27,0
767,584,0.0,26,0
767,583,0.0,25,0
767,582,0.0,24,0
767,541,0.0,23,0
767,590,0.0,20,0
767,479,0.0,21,0
767,483,0.0,19,0
767,456,3.0,10,0
767,289,0.0,18,0
767,347,0.0,15,0
767,476,0.0,17,0
767,477,0.0,11,0
767,356,3.0,9,0
767,427,8.0,3,1
767,581,4.0,7,0
767,547,0.0,14,0
767,580,0.0,13,0
767,496,0.0,12,0
767,501,8.0,4,0
767,554,6.0,6,0
767,579,4.0,8,0
767,578,7.0,5,0
767,577,12.0,2,0
767,475,17.0,1,2
768,599,0.0,67,0
768,536,0.0,66,0
768,598,0.0,65,0
768,510,0.0,64,0
768,597,0.0,61,0
768,596,0.0,60,0
768,537,0.0,58,0
768,514,0.0,57,0
768,562,0.0,56,0
768,563,0.0,54,0
768,512,0.0,52,0
768,527,0.0,50,0
768,595,0.0,48,0
768,449,0.0,46,0
768,523,0.0,44,0
768,555,0.0,42,0
768,565,0.0,40,0
768,531,0.0,37,0
768,539,0.0,36,0
768,516,0.0,34,0
768,594,0.0,29,0
768,593,0.0,28,0
768,558,0.0,27,0
768,560,0.0,25,0
768,513,0.0,23,0
768,564,0.0,21,0
768,528,0.0,18,0
768,592,0.0,17,0
768,509,2.0,15,0
768,529,4.0,11,0
768,533,4.0,10,0
768,591,6.0,7,0
768,525,8.0,4,1
768,418,0.0,38,0
768,430,0.0,26,0
768,589,0.0,63,0
768,588,0.0,62,0
768,587,0.0,59,0
768,586,0.0,55,0
768,543,0.0,53,0
768,553,0.0,51,0
768,551,0.0,49,0
768,585,0.0,47,0
768,584,0.0,45,0
768,583,0.0,43,0
768,582,0.0,41,0
768,541,0.0,39,0
768,590,0.0,33,0
768,479,0.0,35,0
768,483,0.0,32,0
768,456,3.0,14,0
768,289,0.0,31,0
768,347,0.0,24,0
768,476,0.0,30,0
768,477,0.0,16,0
768,356,3.0,13,0
768,427,8.0,3,1
768,581,4.0,9,0
768,547,0.0,22,0
768,580,0.0,20,0
768,496,0.0,19,0
768,501,8.0,5,0
768,554,6.0,8,0
768,579,4.0,12,0
768,578,7.0,6,0
768,577,12.0,2,0
768,475,17.0,1,2
769,455,0.0,43,0
769,482,0.0,19,0
769,599,0.0,69,0
769,536,0.0,68,0
769,598,0.0,67,0
769,510,0.0,66,0
769,597,0.0,63,0
769,596,0.0,62,0
769,537,0.0,60,0
769,514,0.0,59,0
769,562,0.0,58,0
769,563,0.0,56,0
769,512,0.0,54,0
769,527,0.0,52,0
769,595,0.0,51,0
769,449,0.0,49,0
769,523,0.0,47,0
769,555,0.0,45,0
769,565,0.0,42,0
769,531,0.0,40,0
769,539,0.0,38,0
769,516,0.0,37,0
769,594,0.0,33,0
769,593,0.0,32,0
769,558,0.0,31,0
769,560,0.0,29,0
769,513,0.0,27,0
769,564,0.0,24,0
769,528,0.0,21,0
769,592,0.0,20,0
769,509,2.0,18,0
769,529,4.0,13,0
769,533,4.0,12,0
769,591,6.0,8,0
769,525,8.0,7,1
769,418,0.0,39,0
769,430,0.0,30,0
769,589,0.0,65,0
769,588,0.0,64,0
769,587,0.0,61,0
769,586,0.0,57,0
769,543,0.0,55,0
769,553,0.0,53,0
769,551,0.0,28,0
769,585,0.0,50,0
769,584,0.0,48,0
769,583,0.0,46,0
769,582,0.0,44,0
769,541,0.0,41,0
769,590,4.0,11,0
769,479,8.0,6,1
769,483,0.0,36,0
769,456,3.0,16,0
769,289,0.0,35,0
769,347,0.0,25,0
769,476,0.0,34,0
769,477,3.0,15,0
769,356,3.0,17,0
769,427,8.0,5,1
769,581,4.0,10,0
769,547,0.0,26,0
769,580,0.0,23,0
769,496,0.0,22,0
769,501,10.0,4,0
769,554,6.0,9,0
769,579,4.0,14,0
769,578,14.0,2,0
769,577,12.0,3,0
769,475,17.0,1,2
770,566,0.0,51,0
770,526,0.0,33,0
770,403,0.0,23,0
770,455,0.0,46,0
770,482,0.0,20,0
770,599,0.0,72,0
770,536,0.0,71,0
770,598,0.0,70,0
770,510,0.0,69,0
770,597,0.0,66,0
770,596,0.0,65,0
770,537,0.0,63,0
770,514,0.0,62,0
770,562,0.0,61,0
770,563,0.0,59,0
770,512,0.0,57,0
770,527,0.0,55,0
770,595,0.0,54,0
770,449,0.0,52,0
770,523,0.0,49,0
770,555,0.0,48,0
770,565,0.0,45,0
770,531,0.0,43,0
770,539,0.0,41,0
770,516,0.0,40,0
770,594,0.0,37,0
770,593,0.0,36,0
770,558,0.0,35,0
770,560,0.0,32,0
770,513,0.0,30,0
770,564,0.0,27,0
770,528,0.0,22,0
770,592,0.0,21,0
770,509,2.0,19,0
770,529,4.0,15,0
770,533,4.0,14,0
770,591,6.0,9,0
770,525,8.0,7,1
770,418,0.0,42,0
770,430,0.0,34,0
770,589,0.0,68,0
770,588,0.0,67,0
770,587,0.0,64,0
770,586,0.0,60,0
770,543,0.0,58,0
770,553,0.0,56,0
770,551,0.0,31,0
770,585,0.0,53,0
770,584,0.0,50,0
770,583,0.0,29,0
770,582,0.0,47,0
770,541,0.0,44,0
770,590,4.0,13,0
770,479,8.0,6,1
770,483,0.0,39,0
770,456,3.0,18,0
770,289,0.0,38,0
770,347,0.0,25,0
770,476,4.0,12,0
770,477,3.0,16,0
770,356,3.0,17,0
770,427,8.0,5,1
770,581,6.0,10,0
770,547,0.0,28,0
770,580,0.0,26,0
770,496,0.0,24,0
770,501,10.0,4,0
770,554,6.0,11,0
770,579,7.0,8,0
770,578,23.0,2,1
770,577,12.0,3,0
770,475,23.0,1,2
771,486,0.0,54,0
771,502,0.0,52,0
771,549,0.0,47,0
771,437,0.0,41,0
771,566,0.0,30,0
771,526,0.0,34,0
771,403,0.0,23,0
771,455,0.0,49,0
771,482,0.0,20,0
771,599,0.0,76,0
771,536,0.0,75,0
771,598,0.0,74,0
771,510,0.0,73,0
771,597,0.0,70,0
771,596,0.0,69,0
771,537,0.0,67,0
771,514,0.0,66,0
771,562,0.0,65,0
771,563,0.0,63,0
771,512,0.0,61,0
771,527,0.0,59,0
771,595,0.0,58,0
771,449,0.0,56,0
771,523,0.0,53,0
771,555,0.0,51,0
771,565,0.0,48,0
771,531,0.0,45,0
771,539,0.0,43,0
771,516,0.0,42,0
771,594,0.0,38,0
771,593,0.0,37,0
771,558,0.0,36,0
771,560,0.0,33,0
771,513,0.0,31,0
771,564,0.0,27,0
771,528,0.0,22,0
771,592,0.0,21,0
771,509,2.0,19,0
771,529,4.0,16,0
771,533,4.0,15,0
771,591,6.0,12,0
771,525,8.0,8,1
771,418,0.0,44,0
771,430,0.0,35,0
771,589,0.0,72,0
771,588,0.0,71,0
771,587,0.0,68,0
771,586,0.0,64,0
771,543,0.0,62,0
771,553,0.0,60,0
771,551,0.0,32,0
771,585,0.0,57,0
771,584,0.0,55,0
771,583,0.0,28,0
771,582,0.0,50,0
771,541,0.0,46,0
771,590,7.0,10,0
771,479,8.0,7,1
771,483,0.0,40,0
771,456,7.0,9,0
771,289,0.0,39,0
771,347,0.0,25,0
771,476,4.0,14,0
771,477,3.0,18,0
771,356,3.0,17,0
771,427,8.0,6,1
771,581,14.0,3,1
771,547,0.0,29,0
771,580,0.0,26,0
771,496,0.0,24,0
771,501,12.0,5,0
771,554,6.0,13,0
771,579,7.0,11,0
771,578,30.0,1,1
771,577,12.0,4,0
771,475,23.0,2,2
772,484,0.0,66,0
772,601,0.0,64,0
772,478,0.0,59,0
772,600,0.0,51,0
772,459,0.0,31,0
772,431,0.0,21,0
772,360,0.0,20,0
772,486,0.0,58,0
772,502,0.0,56,0
772,549,0.0,39,0
772,437,0.0,25,0
772,566,0.0,34,0
772,526,0.0,37,0
772,403,0.0,24,0
772,455,0.0,46,0
772,482,0.0,22,0
772,599,0.0,83,0
772,536,0.0,82,0
772,598,0.0,81,0
772,510,0.0,80,0
772,597,0.0,77,0
772,596,0.0,76,0
772,537,0.0,74,0
772,514,0.0,73,0
772,562,0.0,72,0
772,563,0.0,70,0
772,512,0.0,68,0
772,527,0.0,65,0
772,595,0.0,63,0
772,449,0.0,61,0
772,523,0.0,57,0
772,555,0.0,55,0
772,565,0.0,53,0
772,531,0.0,50,0
772,539,0.0,48,0
772,516,0.0,47,0
772,594,0.0,43,0
772,593,0.0,42,0
772,558,0.0,41,0
772,560,0.0,38,0
772,513,0.0,35,0
772,564,0.0,30,0
772,528,0.0,26,0
772,592,0.0,23,0
772,509,2.0,19,0
772,529,4.0,16,0
772,533,4.0,15,0
772,591,6.0,13,0
772,525,8.0,9,1
772,418,0.0,49,0
772,430,0.0,40,0
772,589,0.0,79,0
772,588,0.0,78,0
772,587,0.0,75,0
772,586,0.0,71,0
772,543,0.0,69,0
772,553,0.0,67,0
772,551,0.0,36,0
772,585,0.0,62,0
772,584,0.0,60,0
772,583,0.0,32,0
772,582,0.0,54,0
772,541,0.0,52,0
772,590,7.0,11,0
772,479,16.0,3,2
772,483,0.0,45,0
772,456,13.0,5,0
772,289,0.0,44,0
772,347,0.0,28,0
772,476,7.0,10,0
772,477,3.0,18,0
772,356,3.0,17,0
772,427,12.0,6,1
772,581,14.0,4,1
772,547,0.0,33,0
772,580,0.0,29,0
772,496,0.0,27,0
772,501,12.0,8,0
772,554,6.0,14,0
772,579,7.0,12,0
772,578,30.0,1,1
772,577,12.0,7,0
772,475,24.0,2,2
773,484,0.0,66,0
773,601,0.0,64,0
773,478,0.0,59,0
773,600,0.0,51,0
773,459,0.0,31,0
773,431,0.0,21,0
773,360,0.0,20,0
773,486,0.0,58,0
773,502,0.0,56,0
773,549,0.0,39,0
773,437,0.0,25,0
773,566,0.0,32,0
773,526,0.0,37,0
773,403,0.0,24,0
773,455,0.0,46,0
773,482,0.0,22,0
773,599,0.0,83,0
773,536,0.0,82,0
773,598,0.0,81,0
773,510,0.0,80,0
773,597,0.0,77,0
773,596,0.0,76,0
773,537,0.0,74,0
773,514,0.0,73,0
773,562,0.0,72,0
773,563,0.0,70,0
773,512,0.0,68,0
773,527,0.0,65,0
773,595,0.0,63,0
773,449,0.0,61,0
773,523,0.0,57,0
773,555,0.0,55,0
773,565,0.0,53,0
773,531,0.0,50,0
773,539,0.0,48,0
773,516,0.0,47,0
773,594,0.0,43,0
773,593,0.0,42,0
773,558,0.0,41,0
773,560,0.0,38,0
773,513,0.0,35,0
773,564,0.0,30,0
773,528,0.0,26,0
773,592,0.0,23,0
773,509,2.0,19,0
773,529,4.0,16,0
773,533,4.0,15,0
773,591,6.0,14,0
773,525,8.0,12,1
773,418,0.0,49,0
773,430,0.0,40,0
773,589,0.0,79,0
773,588,0.0,78,0
773,587,0.0,75,0
773,586,0.0,71,0
773,543,0.0,69,0
773,553,0.0,67,0
773,551,0.0,36,0
773,585,0.0,62,0
773,584,0.0,60,0
773,583,0.0,33,0
773,582,0.0,54,0
773,541,0.0,52,0
773,590,11.0,9,0
773,479,16.0,3,2
773,483,0.0,45,0
773,456,13.0,5,0
773,289,0.0,44,0
773,347,0.0,28,0
773,476,9.0,10,0
773,477,3.0,18,0
773,356,3.0,17,0
773,427,12.0,6,1
773,581,14.0,4,1
773,547,0.0,34,0
773,580,0.0,29,0
773,496,0.0,27,0
773,501,12.0,8,0
773,554,9.0,11,0
773,579,7.0,13,0
773,578,36.0,1,1
773,577,12.0,7,0
773,475,32.0,2,3
774,484,0.0,67,0
774,601,0.0,65,0
774,478,0.0,47,0
774,600,0.0,53,0
774,459,0.0,34,0
774,431,0.0,26,0
774,360,0.0,23,0
774,486,0.0,60,0
774,502,0.0,58,0
774,549,0.0,41,0
774,437,0.0,28,0
774,566,0.0,21,0
774,526,0.0,39,0
774,403,5.0,15,0
774,455,0.0,49,0
774,482,0.0,25,0
774,599,0.0,83,0
774,536,0.0,82,0
774,598,0.0,81,0
774,510,0.0,80,0
774,597,0.0,77,0
774,596,0.0,76,0
774,537,0.0,74,0
774,514,0.0,73,0
774,562,0.0,72,0
774,563,0.0,70,0
774,512,0.0,69,0
774,527,0.0,66,0
774,595,0.0,64,0
774,449,0.0,62,0
774,523,0.0,59,0
774,555,0.0,57,0
774,565,0.0,55,0
774,531,0.0,52,0
774,539,0.0,51,0
774,516,0.0,50,0
774,594,0.0,45,0
774,593,0.0,44,0
774,558,0.0,43,0
774,560,0.0,40,0
774,513,0.0,37,0
774,564,0.0,33,0
774,528,0.0,29,0
774,592,0.0,27,0
774,509,2.0,20,0
774,529,4.0,17,0
774,533,4.0,16,0
774,591,6.0,14,0
774,525,8.0,12,1
774,418,0.0,22,0
774,430,0.0,42,0
774,589,0.0,79,0
774,588,0.0,78,0
774,587,0.0,75,0
774,586,0.0,71,0
774,543,0.0,46,0
774,553,0.0,68,0
774,551,0.0,38,0
774,585,0.0,63,0
774,584,0.0,61,0
774,583,0.0,35,0
774,582,0.0,56,0
774,541,0.0,54,0
774,590,11.0,9,0
774,479,24.0,3,3
774,483,0.0,48,0
774,456,15.0,4,0
774,289,0.0,24,0
774,347,0.0,31,0
774,476,9.0,10,0
774,477,3.0,19,0
774,356,3.0,18,0
774,427,12.0,6,1
774,581,14.0,5,1
774,547,0.0,36,0
774,580,0.0,32,0
774,496,0.0,30,0
774,501,12.0,8,0
774,554,9.0,11,0
774,579,7.0,13,0
774,578,40.0,1,1
774,577,12.0,7,0
774,475,32.0,2,3
775,605,0.0,63,0
775,604,0.0,60,0
775,603,0.0,49,0
775,602,0.0,48,0
775,484,0.0,71,0
775,601,0.0,69,0
775,478,0.0,37,0
775,600,0.0,56,0
775,459,0.0,35,0
775,431,0.0,27,0
775,360,0.0,24,0
775,486,0.0,33,0
775,502,0.0,62,0
775,549,0.0,43,0
775,437,0.0,29,0
775,566,0.0,23,0
775,526,0.0,41,0
775,403,9.0,10,0
775,455,0.0,52,0
775,482,0.0,26,0
775,599,0.0,87,0
775,536,0.0,86,0
775,598,0.0,85,0
775,510,0.0,84,0
775,597,0.0,81,0
775,596,0.0,80,0
775,537,0.0,78,0
775,514,0.0,77,0
775,562,0.0,76,0
775,563,0.0,74,0
775,512,0.0,73,0
775,527,0.0,70,0
775,595,0.0,68,0
775,449,0.0,66,0
775,523,0.0,64,0
775,555,0.0,61,0
775,565,0.0,58,0
775,531,0.0,55,0
775,539,0.0,54,0
775,516,0.0,53,0
775,594,0.0,47,0
775,593,0.0,46,0
775,558,0.0,45,0
775,560,0.0,42,0
775,513,0.0,39,0
775,564,0.0,34,0
775,528,0.0,30,0
775,592,0.0,28,0
775,509,2.0,21,0
775,529,4.0,17,0
775,533,4.0,16,0
775,591,6.0,15,0
775,525,8.0,13,1
775,418,0.0,22,0
775,430,0.0,44,0
775,589,0.0,83,0
775,588,0.0,82,0
775,587,0.0,79,0
775,586,0.0,75,0
775,543,0.0,50,0
775,553,0.0,72,0
775,551,0.0,40,0
775,585,0.0,67,0
775,584,0.0,65,0
775,583,0.0,36,0
775,582,0.0,59,0
775,541,0.0,57,0
775,590,11.0,9,0
775,479,24.0,3,3
775,483,0.0,51,0
775,456,15.0,4,0
775,289,0.0,25,0
775,347,3.0,20,0
775,476,9.0,11,0
775,477,3.0,19,0
775,356,3.0,18,0
775,427,12.0,7,1
775,581,14.0,5,1
775,547,0.0,38,0
775,580,0.0,32,0
775,496,0.0,31,0
775,501,14.0,6,0
775,554,9.0,12,0
775,579,7.0,14,0
775,578,42.0,1,1
775,577,12.0,8,0
775,475,41.0,2,4
776,476,0.0,10,0
776,498,1.0,6,0
776,581,0.0,8,0
776,577,0.0,16,0
776,578,0.0,15,0
776,608,0.0,14,0
776,586,0.0,13,0
776,573,0.0,12,0
776,475,1.0,7,0
776,347,0.0,11,0
776,607,0.0,9,0
776,606,1.0,5,0
776,501,3.0,4,0
776,496,4.0,3,0
776,554,6.0,2,0
776,579,8.0,1,1
777,498,1.0,10,0
777,610,0.0,29,0
777,609,0.0,28,0
777,478,0.0,27,0
777,456,0.0,26,0
777,547,0.0,24,0
777,549,0.0,22,0
777,541,0.0,21,0
777,483,0.0,20,0
777,476,0.0,12,0
777,356,0.0,14,0
777,427,2.0,8,0
777,590,3.0,7,0
777,418,4.0,5,0
777,479,6.0,3,0
777,581,0.0,13,0
777,577,0.0,25,0
777,578,0.0,19,0
777,608,0.0,23,0
777,586,0.0,18,0
777,573,0.0,17,0
777,475,1.0,11,0
777,347,0.0,16,0
777,607,0.0,15,0
777,606,1.0,9,0
777,501,3.0,6,0
777,496,4.0,4,0
777,554,6.0,2,0
777,579,17.0,1,2
778,616,0.0,62,0
778,532,0.0,61,0
778,526,0.0,60,0
778,449,0.0,59,0
778,596,0.0,58,0
778,556,0.0,57,0
778,558,0.0,56,0
778,560,0.0,55,0
778,513,0.0,54,0
778,565,0.0,53,0
778,527,0.0,52,0
778,615,0.0,51,0
778,538,0.0,49,0
778,594,0.0,48,0
778,614,0.0,46,0
778,592,0.0,45,0
778,528,0.0,35,0
778,593,0.0,34,0
778,529,0.0,33,0
778,563,0.0,32,0
778,516,0.0,31,0
778,512,0.0,30,0
778,562,0.0,29,0
778,520,0.0,28,0
778,514,0.0,26,0
778,597,0.0,24,0
778,613,0.0,23,0
778,533,0.0,19,0
778,612,2.0,12,0
778,555,3.0,11,0
778,525,4.0,7,0
778,509,7.0,3,0
778,611,8.0,2,1
778,610,0.0,50,0
778,609,0.0,47,0
778,478,0.0,44,0
778,456,0.0,43,0
778,547,0.0,41,0
778,549,0.0,39,0
778,541,0.0,38,0
778,483,0.0,37,0
778,476,0.0,17,0
778,356,0.0,20,0
778,427,2.0,13,0
778,590,3.0,10,0
778,418,4.0,8,0
778,479,6.0,5,0
778,581,0.0,18,0
778,577,0.0,42,0
778,578,0.0,36,0
778,608,0.0,40,0
778,586,0.0,27,0
778,573,0.0,25,0
778,475,1.0,16,0
778,347,0.0,22,0
778,607,0.0,21,0
778,606,1.0,14,0
778,501,3.0,9,0
778,496,4.0,6,0
778,554,6.0,4,0
778,579,17.0,1,2
779,498,1.0,18,0
779,618,0.0,44,0
779,617,0.0,25,0
779,616,0.0,64,0
779,532,0.0,63,0
779,526,0.0,62,0
779,449,0.0,61,0
779,596,0.0,60,0
779,556,0.0,59,0
779,558,0.0,58,0
779,560,0.0,57,0
779,513,0.0,56,0
779,565,0.0,55,0
779,527,0.0,54,0
779,615,0.0,53,0
779,538,0.0,51,0
779,594,0.0,50,0
779,614,0.0,48,0
779,592,0.0,47,0
779,528,0.0,38,0
779,593,0.0,37,0
779,529,0.0,36,0
779,563,0.0,35,0
779,516,0.0,34,0
779,512,0.0,33,0
779,562,0.0,32,0
779,520,0.0,31,0
779,514,0.0,29,0
779,597,0.0,27,0
779,613,0.0,26,0
779,533,0.0,22,0
779,612,2.0,16,0
779,555,3.0,14,0
779,525,4.0,10,0
779,509,7.0,4,0
779,611,8.0,2,1
779,610,0.0,52,0
779,609,0.0,49,0
779,478,0.0,46,0
779,456,0.0,41,0
779,547,0.0,45,0
779,549,0.0,42,0
779,541,0.0,40,0
779,483,0.0,39,0
779,476,0.0,21,0
779,356,0.0,20,0
779,427,2.0,15,0
779,590,3.0,13,0
779,418,4.0,11,0
779,479,6.0,6,0
779,581,4.0,8,0
779,577,7.0,3,0
779,578,3.0,12,0
779,608,0.0,43,0
779,586,0.0,30,0
779,573,0.0,28,0
779,475,1.0,19,0
779,347,0.0,24,0
779,607,0.0,23,0
779,606,1.0,17,0
779,501,5.0,7,0
779,496,4.0,9,0
779,554,6.0,5,0
779,579,25.0,1,3
780,498,1.0,20,0
780,486,0.0,47,0
780,619,0.0,24,0
780,618,0.0,45,0
780,617,0.0,27,0
780,616,0.0,66,0
780,532,0.0,65,0
780,526,0.0,64,0
780,449,0.0,63,0
780,596,0.0,62,0
780,556,0.0,61,0
780,558,0.0,60,0
780,560,0.0,59,0
780,513,0.0,58,0
780,565,0.0,57,0
780,527,0.0,56,0
780,615,0.0,55,0
780,538,0.0,54,0
780,594,0.0,53,0
780,614,0.0,51,0
780,592,0.0,50,0
780,528,0.0,41,0
780,593,0.0,40,0
780,529,0.0,39,0
780,563,0.0,38,0
780,516,0.0,37,0
780,512,0.0,36,0
780,562,0.0,35,0
780,520,0.0,34,0
780,514,0.0,32,0
780,597,0.0,30,0
780,613,0.0,28,0
780,533,0.0,23,0
780,612,2.0,18,0
780,555,3.0,16,0
780,525,4.0,13,0
780,509,7.0,5,0
780,611,8.0,4,1
780,610,0.0,48,0
780,609,0.0,52,0
780,478,0.0,49,0
780,456,2.0,17,0
780,547,0.0,46,0
780,549,0.0,29,0
780,541,0.0,43,0
780,483,0.0,42,0
780,476,0.0,22,0
780,356,0.0,21,0
780,427,5.0,10,0
780,590,3.0,15,0
780,418,4.0,14,0
780,479,10.0,3,1
780,581,4.0,11,0
780,577,13.0,2,0
780,578,7.0,6,0
780,608,0.0,44,0
780,586,0.0,33,0
780,573,0.0,31,0
780,475,6.0,7,1
780,347,0.0,26,0
780,607,0.0,25,0
780,606,1.0,19,0
780,501,5.0,9,0
780,496,4.0,12,0
780,554,6.0,8,0
780,579,25.0,1,3
781,601,0.0,64,0
781,621,0.0,63,0
781,580,0.0,58,0
781,620,0.0,55,0
781,459,0.0,45,0
781,430,0.0,42,0
781,484,0.0,41,0
781,431,0.0,38,0
781,506,0.0,36,0
781,486,0.0,52,0
781,619,0.0,24,0
781,618,0.0,50,0
781,617,0.0,27,0
781,616,0.0,75,0
781,532,0.0,74,0
781,526,0.0,73,0
781,449,0.0,72,0
781,596,0.0,71,0
781,556,0.0,70,0
781,558,0.0,69,0
781,560,0.0,68,0
781,513,0.0,67,0
781,565,0.0,66,0
781,527,0.0,65,0
781,615,0.0,62,0
781,538,0.0,61,0
781,594,0.0,60,0
781,614,0.0,57,0
781,592,0.0,56,0
781,528,0.0,47,0
781,593,0.0,46,0
781,529,0.0,44,0
781,563,0.0,43,0
781,516,0.0,40,0
781,512,0.0,39,0
781,562,0.0,37,0
781,520,0.0,35,0
781,514,0.0,32,0
781,597,0.0,30,0
781,613,0.0,28,0
781,533,0.0,23,0
781,612,2.0,18,0
781,555,3.0,16,0
781,525,4.0,14,0
781,509,7.0,8,0
781,611,8.0,6,1
781,610,0.0,53,0
781,609,0.0,59,0
781,478,0.0,54,0
781,456,2.0,17,0
781,547,0.0,51,0
781,549,0.0,29,0
781,541,0.0,48,0
781,483,0.0,33,0
781,476,0.0,22,0
781,356,0.0,21,0
781,427,5.0,11,0
781,590,3.0,15,0
781,418,4.0,12,0
781,479,10.0,4,1
781,581,8.0,7,0
781,577,16.0,2,0
781,578,13.0,3,0
781,608,0.0,49,0
781,586,0.0,34,0
781,573,0.0,31,0
781,475,8.0,5,1
781,347,0.0,26,0
781,607,0.0,25,0
781,606,1.0,19,0
781,501,5.0,10,0
781,496,4.0,13,0
781,554,6.0,9,0
781,579,34.0,1,4
782,601,0.0,64,0
782,621,0.0,63,0
782,580,0.0,49,0
782,620,0.0,56,0
782,459,0.0,45,0
782,430,0.0,42,0
782,484,0.0,41,0
782,431,0.0,38,0
782,506,0.0,36,0
782,486,0.0,53,0
782,619,0.0,25,0
782,618,0.0,51,0
782,617,0.0,28,0
782,616,0.0,75,0
782,532,0.0,74,0
782,526,0.0,73,0
782,449,0.0,72,0
782,596,0.0,71,0
782,556,0.0,70,0
782,558,0.0,69,0
782,560,0.0,68,0
782,513,0.0,67,0
782,565,0.0,66,0
782,527,0.0,65,0
782,615,0.0,62,0
782,538,0.0,61,0
782,594,0.0,60,0
782,614,0.0,58,0
782,592,0.0,57,0
782,528,0.0,47,0
782,593,0.0,46,0
782,529,0.0,44,0
782,563,0.0,43,0
782,516,0.0,40,0
782,512,0.0,39,0
782,562,0.0,37,0
782,520,0.0,35,0
782,514,0.0,33,0
782,597,0.0,31,0
782,613,0.0,29,0
782,533,0.0,24,0
782,612,2.0,18,0
782,555,3.0,16,0
782,525,4.0,15,0
782,509,7.0,9,0
782,611,8.0,7,1
782,610,0.0,54,0
782,609,0.0,59,0
782,478,0.0,55,0
782,456,2.0,17,0
782,547,0.0,52,0
782,549,0.0,30,0
782,541,0.0,48,0
782,483,0.0,22,0
782,476,0.0,23,0
782,356,0.0,21,0
782,427,5.0,13,0
782,590,5.0,12,0
782,418,7.0,10,0
782,479,10.0,5,1
782,581,8.0,8,0
782,577,16.0,3,0
782,578,13.0,4,0
782,608,0.0,50,0
782,586,0.0,34,0
782,573,0.0,32,0
782,475,17.0,2,2
782,347,0.0,27,0
782,607,0.0,26,0
782,606,1.0,19,0
782,501,9.0,6,0
782,496,4.0,14,0
782,554,6.0,11,0
782,579,40.0,1,4
783,638,0.0,41,0
783,498,1.0,22,0
783,601,0.0,65,0
783,621,0.0,64,0
783,580,0.0,32,0
783,620,0.0,58,0
783,459,0.0,49,0
783,430,0.0,46,0
783,484,0.0,45,0
783,431,0.0,42,0
783,506,0.0,38,0
783,486,0.0,55,0
783,619,0.0,25,0
783,618,0.0,54,0
783,617,0.0,28,0
783,616,0.0,76,0
783,532,0.0,75,0
783,526,0.0,74,0
783,449,0.0,73,0
783,596,0.0,72,0
783,556,0.0,71,0
783,558,0.0,70,0
783,560,0.0,69,0
783,513,0.0,68,0
783,565,0.0,67,0
783,527,0.0,66,0
783,615,0.0,63,0
783,538,0.0,62,0
783,594,0.0,61,0
783,614,0.0,60,0
783,592,0.0,59,0
783,528,0.0,51,0
783,593,0.0,50,0
783,529,0.0,48,0
783,563,0.0,47,0
783,516,0.0,44,0
783,512,0.0,43,0
783,562,0.0,40,0
783,520,0.0,37,0
783,514,0.0,34,0
783,597,0.0,31,0
783,613,0.0,29,0
783,533,0.0,24,0
783,612,2.0,19,0
783,555,3.0,17,0
783,525,4.0,16,0
783,509,7.0,10,0
783,611,8.0,8,1
783,610,0.0,56,0
783,609,0.0,39,0
783,478,0.0,57,0
783,456,2.0,18,0
783,547,0.0,35,0
783,549,0.0,30,0
783,541,0.0,52,0
783,483,1.0,20,0
783,476,4.0,14,0
783,356,0.0,23,0
783,427,5.0,13,0
783,590,5.0,12,0
783,418,10.0,6,0
783,479,11.0,5,1
783,581,8.0,9,0
783,577,16.0,3,0
783,578,13.0,4,0
783,608,0.0,53,0
783,586,0.0,36,0
783,573,0.0,33,0
783,475,25.0,2,3
783,347,0.0,27,0
783,607,0.0,26,0
783,606,1.0,21,0
783,501,10.0,7,0
783,496,4.0,15,0
783,554,6.0,11,0
783,579,40.0,1,4
784,806,0.0,8,0
784,583,1.5,6,0
784,579,5.0,2,1
784,498,0.0,15,0
784,608,0.0,14,0
784,496,0.0,13,0
784,586,0.0,12,0
784,581,0.0,11,0
784,475,0.0,10,0
784,623,0.0,9,0
784,482,2.0,5,0
784,622,1.5,7,0
784,578,4.0,4,0
784,554,6.0,1,0
784,577,4.0,3,1
785,429,0.0,14,0
785,806,0.0,13,0
785,583,1.5,10,0
785,589,0.0,27,0
785,479,0.0,26,0
785,483,0.0,25,0
785,501,0.0,24,0
785,427,0.0,23,0
785,627,0.0,21,0
785,626,0.0,18,0
785,547,0.0,17,0
785,607,0.0,16,0
785,625,0.0,12,0
785,624,2.0,7,0
785,579,10.5,1,1
785,498,0.0,22,0
785,608,1.5,9,0
785,496,0.0,20,0
785,586,0.0,19,0
785,581,3.0,6,0
785,475,8.0,3,1
785,623,0.0,15,0
785,482,2.0,8,0
785,622,1.5,11,0
785,578,4.0,5,0
785,554,10.0,2,0
785,577,4.0,4,1
786,532,0.0,52,0
786,429,0.0,20,0
786,806,0.0,19,0
786,583,1.5,15,0
786,555,1.0,17,0
786,512,0.0,61,0
786,526,0.0,60,0
786,533,0.0,59,0
786,561,0.0,58,0
786,538,0.0,57,0
786,612,0.0,56,0
786,631,0.0,55,0
786,562,0.0,54,0
786,556,0.0,53,0
786,596,0.0,51,0
786,529,0.0,50,0
786,594,0.0,49,0
786,509,0.0,48,0
786,525,0.0,37,0
786,597,0.0,36,0
786,630,0.0,35,0
786,595,0.0,34,0
786,513,0.0,33,0
786,558,0.0,32,0
786,516,0.0,31,0
786,615,0.0,30,0
786,520,0.0,29,0
786,629,0.0,28,0
786,592,0.0,27,0
786,449,0.0,26,0
786,514,0.0,24,0
786,628,0.0,21,0
786,537,2.0,13,0
786,593,3.0,10,0
786,528,4.0,8,0
786,611,6.0,5,0
786,559,8.0,4,1
786,589,0.0,47,0
786,479,0.0,46,0
786,483,0.0,45,0
786,501,0.0,44,0
786,427,0.0,43,0
786,627,0.0,41,0
786,626,0.0,38,0
786,547,0.0,25,0
786,607,0.0,23,0
786,625,0.0,18,0
786,624,2.0,11,0
786,579,10.5,1,1
786,498,0.0,42,0
786,608,1.5,14,0
786,496,0.0,40,0
786,586,0.0,39,0
786,581,3.0,9,0
786,475,8.0,3,1
786,623,0.0,22,0
786,482,2.0,12,0
786,622,1.5,16,0
786,578,4.0,7,0
786,554,10.0,2,0
786,577,4.0,6,1
787,532,0.0,56,0
787,806,0.0,24,0
787,583,1.5,19,0
787,580,0.0,48,0
787,634,0.0,47,0
787,429,0.0,22,0
787,633,2.0,17,0
787,632,6.0,6,0
787,555,1.0,21,0
787,512,0.0,65,0
787,526,0.0,64,0
787,533,0.0,63,0
787,561,0.0,62,0
787,538,0.0,61,0
787,612,0.0,60,0
787,631,0.0,59,0
787,562,0.0,58,0
787,556,0.0,57,0
787,596,0.0,55,0
787,529,0.0,54,0
787,594,0.0,53,0
787,509,0.0,52,0
787,525,0.0,41,0
787,597,0.0,40,0
787,630,0.0,39,0
787,595,0.0,38,0
787,513,0.0,37,0
787,558,0.0,36,0
787,516,0.0,35,0
787,615,0.0,34,0
787,520,0.0,33,0
787,629,0.0,32,0
787,592,0.0,31,0
787,449,0.0,30,0
787,514,0.0,27,0
787,628,0.0,25,0
787,537,2.0,16,0
787,593,3.0,12,0
787,528,4.0,10,0
787,611,6.0,7,0
787,559,8.0,5,1
787,589,0.0,51,0
787,479,0.0,50,0
787,483,0.0,49,0
787,501,3.0,11,0
787,427,0.0,44,0
787,627,0.0,28,0
787,626,0.0,42,0
787,547,0.0,29,0
787,607,2.0,13,0
787,625,0.0,23,0
787,624,2.0,14,0
787,579,10.5,3,1
787,498,0.0,46,0
787,608,1.5,18,0
787,496,0.0,45,0
787,586,0.0,43,0
787,581,11.0,1,1
787,475,11.0,2,1
787,623,0.0,26,0
787,482,2.0,15,0
787,622,1.5,20,0
787,578,4.0,9,0
787,554,10.0,4,0
787,577,4.0,8,1
788,532,0.0,59,0
788,806,0.0,25,0
788,583,1.5,19,0
788,635,0.0,54,0
788,606,0.0,51,0
788,609,0.0,48,0
788,580,0.0,28,0
788,634,0.0,49,0
788,429,0.0,22,0
788,633,2.0,17,0
788,632,6.0,7,0
788,555,1.0,21,0
788,512,0.0,68,0
788,526,0.0,67,0
788,533,0.0,66,0
788,561,0.0,65,0
788,538,0.0,64,0
788,612,0.0,63,0
788,631,0.0,62,0
788,562,0.0,61,0
788,556,0.0,60,0
788,596,0.0,58,0
788,529,0.0,57,0
788,594,0.0,56,0
788,509,0.0,55,0
788,525,0.0,43,0
788,597,0.0,42,0
788,630,0.0,41,0
788,595,0.0,40,0
788,513,0.0,39,0
788,558,0.0,38,0
788,516,0.0,37,0
788,615,0.0,36,0
788,520,0.0,35,0
788,629,0.0,34,0
788,592,0.0,33,0
788,449,0.0,31,0
788,514,0.0,29,0
788,628,0.0,26,0
788,537,2.0,18,0
788,593,3.0,14,0
788,528,4.0,11,0
788,611,6.0,8,0
788,559,8.0,5,1
788,589,0.0,53,0
788,479,0.0,52,0
788,483,0.0,50,0
788,501,3.0,13,0
788,427,0.0,45,0
788,627,0.0,23,0
788,626,0.0,32,0
788,547,0.0,30,0
788,607,3.0,12,0
788,625,0.0,24,0
788,624,2.0,15,0
788,579,14.5,2,1
788,498,0.0,47,0
788,608,7.5,6,0
788,496,0.0,46,0
788,586,0.0,44,0
788,581,19.0,1,2
788,475,12.0,4,1
788,623,0.0,27,0
788,482,2.0,16,0
788,622,1.5,20,0
788,578,4.0,10,0
788,554,14.0,3,0
788,577,4.0,9,1
789,532,0.0,65,0
789,806,0.0,28,0
789,583,1.5,22,0
789,541,0.0,72,0
789,356,0.0,71,0
789,585,0.0,68,0
789,637,0.0,67,0
789,620,0.0,64,0
789,506,0.0,62,0
789,456,0.0,57,0
789,636,0.0,53,0
789,619,0.0,37,0
789,486,3.0,15,0
789,635,0.0,58,0
789,606,3.0,12,0
789,609,0.0,51,0
789,580,0.0,31,0
789,634,0.0,52,0
789,429,0.0,25,0
789,633,2.0,17,0
789,632,6.0,7,0
789,555,1.0,24,0
789,512,0.0,78,0
789,526,0.0,77,0
789,533,0.0,76,0
789,561,0.0,75,0
789,538,0.0,74,0
789,612,0.0,73,0
789,631,0.0,70,0
789,562,0.0,69,0
789,556,0.0,66,0
789,596,0.0,63,0
789,529,0.0,61,0
789,594,0.0,60,0
789,509,0.0,59,0
789,525,0.0,46,0
789,597,0.0,45,0
789,630,0.0,44,0
789,595,0.0,43,0
789,513,0.0,42,0
789,558,0.0,41,0
789,516,0.0,40,0
789,615,0.0,39,0
789,520,0.0,38,0
789,629,0.0,36,0
789,592,0.0,35,0
789,449,0.0,33,0
789,514,0.0,32,0
789,628,0.0,29,0
789,537,2.0,21,0
789,593,3.0,16,0
789,528,4.0,11,0
789,611,6.0,8,0
789,559,8.0,5,1
789,589,0.0,56,0
789,479,0.0,55,0
789,483,0.0,54,0
789,501,3.0,14,0
789,427,0.0,48,0
789,627,0.0,26,0
789,626,0.0,34,0
789,547,2.0,19,0
789,607,3.0,13,0
789,625,0.0,27,0
789,624,2.0,18,0
789,579,22.5,1,2
789,498,0.0,50,0
789,608,7.5,6,0
789,496,0.0,49,0
789,586,0.0,47,0
789,581,22.0,2,2
789,475,13.0,4,1
789,623,0.0,30,0
789,482,2.0,20,0
789,622,1.5,23,0
789,578,4.0,10,0
789,554,18.0,3,0
789,577,4.0,9,1
790,532,0.0,67,0
790,806,0.0,29,0
790,583,1.5,24,0
790,639,0.0,48,0
790,638,0.0,47,0
790,541,0.0,74,0
790,356,0.0,73,0
790,585,0.0,70,0
790,637,0.0,69,0
790,620,0.0,57,0
790,506,0.0,65,0
790,456,0.0,58,0
790,636,0.0,55,0
790,619,0.0,37,0
790,486,3.0,16,0
790,635,0.0,61,0
790,606,3.0,12,0
790,609,0.0,53,0
790,580,3.0,14,0
790,634,0.0,54,0
790,429,0.0,27,0
790,633,2.0,19,0
790,632,6.0,7,0
790,555,1.0,26,0
790,512,0.0,80,0
790,526,0.0,79,0
790,533,0.0,78,0
790,561,0.0,77,0
790,538,0.0,76,0
790,612,0.0,75,0
790,631,0.0,72,0
790,562,0.0,71,0
790,556,0.0,68,0
790,596,0.0,66,0
790,529,0.0,64,0
790,594,0.0,63,0
790,509,0.0,62,0
790,525,0.0,46,0
790,597,0.0,45,0
790,630,0.0,44,0
790,595,0.0,43,0
790,513,0.0,42,0
790,558,0.0,41,0
790,516,0.0,40,0
790,615,0.0,39,0
790,520,0.0,38,0
790,629,0.0,36,0
790,592,0.0,35,0
790,449,0.0,33,0
790,514,0.0,32,0
790,628,0.0,30,0
790,537,2.0,23,0
790,593,3.0,17,0
790,528,4.0,11,0
790,611,6.0,8,0
790,559,8.0,5,1
790,589,0.0,60,0
790,479,0.0,59,0
790,483,0.0,56,0
790,501,3.0,15,0
790,427,0.0,50,0
790,627,2.0,18,0
790,626,0.0,34,0
790,547,2.0,21,0
790,607,3.0,13,0
790,625,0.0,28,0
790,624,2.0,20,0
790,579,30.0,1,3
790,498,0.0,52,0
790,608,7.5,6,0
790,496,0.0,51,0
790,586,0.0,49,0
790,581,22.0,2,2
790,475,19.0,4,1
790,623,0.0,31,0
790,482,2.0,22,0
790,622,1.5,25,0
790,578,4.0,10,0
790,554,22.0,3,0
790,577,4.0,9,1
791,347,0.0,65,0
791,532,0.0,72,0
791,806,0.0,31,0
791,476,0.0,77,0
791,610,0.0,71,0
791,641,0.0,64,0
791,583,1.5,25,0
791,640,0.0,34,0
791,639,0.0,53,0
791,638,0.0,52,0
791,541,4.0,13,0
791,356,0.0,79,0
791,585,0.0,75,0
791,637,0.0,74,0
791,620,0.0,57,0
791,506,0.0,61,0
791,456,0.0,41,0
791,636,0.0,59,0
791,619,0.0,42,0
791,486,5.0,10,0
791,635,0.0,66,0
791,606,3.0,15,0
791,609,0.0,38,0
791,580,6.0,9,0
791,634,0.0,58,0
791,429,0.0,28,0
791,633,2.0,20,0
791,632,6.0,7,0
791,555,1.0,27,0
791,512,0.0,85,0
791,526,0.0,84,0
791,533,0.0,83,0
791,561,0.0,82,0
791,538,0.0,81,0
791,612,0.0,80,0
791,631,0.0,78,0
791,562,0.0,76,0
791,556,0.0,73,0
791,596,0.0,70,0
791,529,0.0,69,0
791,594,0.0,68,0
791,509,0.0,67,0
791,525,0.0,51,0
791,597,0.0,50,0
791,630,0.0,49,0
791,595,0.0,48,0
791,513,0.0,47,0
791,558,0.0,46,0
791,516,0.0,45,0
791,615,0.0,44,0
791,520,0.0,43,0
791,629,0.0,40,0
791,592,0.0,39,0
791,449,0.0,36,0
791,514,0.0,35,0
791,628,0.0,32,0
791,537,2.0,24,0
791,593,3.0,18,0
791,528,4.0,14,0
791,611,6.0,8,0
791,559,8.0,5,1
791,589,0.0,63,0
791,479,0.0,62,0
791,483,0.0,60,0
791,501,3.0,17,0
791,427,0.0,54,0
791,627,2.0,19,0
791,626,0.0,37,0
791,547,2.0,22,0
791,607,3.0,16,0
791,625,0.0,30,0
791,624,2.0,21,0
791,579,30.0,1,3
791,498,0.0,56,0
791,608,7.5,6,0
791,496,0.0,55,0
791,586,0.0,29,0
791,581,25.0,3,2
791,475,27.0,2,2
791,623,0.0,33,0
791,482,2.0,23,0
791,622,1.5,26,0
791,578,4.0,12,0
791,554,22.0,4,0
791,577,4.0,11,1
792,620,1.33,6,0
792,496,0.0,14,0
792,649,0.0,22,0
792,633,0.0,17,0
792,648,1.0,8,0
792,554,0.0,11,0
792,625,0.0,21,0
792,647,0.0,20,0
792,623,0.0,19,0
792,475,1.0,7,0
792,608,0.0,18,0
792,427,3.33,2,0
792,646,0.0,16,0
792,645,0.0,15,0
792,644,0.0,12,0
792,577,0.0,13,0
792,501,0.0,10,0
792,643,2.0,5,0
792,478,1.0,9,0
792,642,3.33,3,0
792,498,2.0,4,0
792,579,9.0,1,1
793,632,0.0,19,0
793,620,1.33,10,0
793,652,0.0,33,0
793,651,0.0,32,0
793,627,0.0,30,0
793,578,0.0,29,0
793,609,0.0,28,0
793,626,0.0,27,0
793,607,2.0,7,0
793,641,0.0,20,0
793,650,0.0,18,0
793,589,0.0,15,0
793,496,0.0,21,0
793,649,0.0,31,0
793,633,2.0,8,0
793,648,1.0,12,0
793,554,2.0,6,0
793,625,0.0,25,0
793,647,0.0,24,0
793,623,0.0,26,0
793,475,1.0,11,0
793,608,6.0,4,0
793,427,11.33,1,1
793,646,0.0,23,0
793,645,0.0,22,0
793,644,0.0,17,0
793,577,0.0,16,0
793,501,0.0,14,0
793,643,2.0,9,0
793,478,1.0,13,0
793,642,6.33,3,0
793,498,2.0,5,0
793,579,10.0,2,1
794,519,1.0,20,0
794,555,3.0,8,0
794,632,0.0,29,0
794,620,1.33,15,0
794,592,0.0,68,0
794,615,0.0,67,0
794,659,0.0,66,0
794,596,0.0,65,0
794,533,0.0,64,0
794,449,0.0,63,0
794,558,0.0,62,0
794,658,0.0,61,0
794,657,1.0,21,0
794,525,0.0,60,0
794,561,0.0,59,0
794,532,0.0,57,0
794,593,0.0,56,0
794,631,0.0,53,0
794,611,0.0,51,0
794,523,0.0,50,0
794,656,0.0,47,0
794,655,0.0,46,0
794,528,0.0,44,0
794,509,0.0,37,0
794,513,0.0,36,0
794,563,0.0,35,0
794,518,0.0,34,0
794,559,0.0,33,0
794,556,0.0,32,0
794,597,0.0,30,0
794,538,0.0,27,0
794,612,0.0,24,0
794,654,1.0,19,0
794,512,3.0,9,0
794,653,4.0,6,0
794,529,3.0,7,0
794,628,8.0,3,1
794,652,0.0,58,0
794,651,0.0,55,0
794,627,0.0,52,0
794,578,0.0,49,0
794,609,0.0,48,0
794,626,0.0,45,0
794,607,2.0,12,0
794,641,0.0,31,0
794,650,0.0,28,0
794,589,0.0,23,0
794,496,0.0,38,0
794,649,0.0,54,0
794,633,2.0,13,0
794,648,1.0,17,0
794,554,2.0,11,0
794,625,0.0,42,0
794,647,0.0,41,0
794,623,0.0,43,0
794,475,1.0,16,0
794,608,6.0,5,0
794,427,11.33,1,1
794,646,0.0,40,0
794,645,0.0,39,0
794,644,0.0,26,0
794,577,0.0,25,0
794,501,0.0,22,0
794,643,2.0,14,0
794,478,1.0,18,0
794,642,6.33,4,0
794,498,2.0,10,0
794,579,10.0,2,1
795,519,1.0,21,0
795,555,3.0,9,0
795,620,1.33,17,0
795,660,0.0,45,0
795,632,3.0,11,0
795,592,0.0,69,0
795,615,0.0,68,0
795,659,0.0,67,0
795,596,0.0,66,0
795,533,0.0,65,0
795,449,0.0,64,0
795,558,0.0,63,0
795,658,0.0,62,0
795,657,1.0,22,0
795,525,0.0,61,0
795,561,0.0,60,0
795,532,0.0,58,0
795,593,0.0,57,0
795,631,0.0,54,0
795,611,0.0,53,0
795,523,0.0,52,0
795,656,0.0,50,0
795,655,0.0,49,0
795,528,0.0,47,0
795,509,0.0,38,0
795,513,0.0,37,0
795,563,0.0,36,0
795,518,0.0,35,0
795,559,0.0,34,0
795,556,0.0,33,0
795,597,0.0,31,0
795,538,0.0,28,0
795,612,0.0,25,0
795,654,1.0,20,0
795,512,3.0,12,0
795,653,4.0,7,0
795,529,3.0,8,0
795,628,8.0,4,1
795,652,0.0,59,0
795,651,0.0,56,0
795,627,0.0,32,0
795,578,0.0,43,0
795,609,0.0,51,0
795,626,0.0,48,0
795,607,2.0,15,0
795,641,0.0,30,0
795,650,0.0,29,0
795,589,0.0,24,0
795,496,0.0,39,0
795,649,0.0,55,0
795,633,2.0,16,0
795,648,1.0,18,0
795,554,3.0,10,0
795,625,0.0,44,0
795,647,0.0,42,0
795,623,0.0,46,0
795,475,7.0,5,0
795,608,6.0,6,0
795,427,11.33,2,1
795,646,0.0,41,0
795,645,0.0,40,0
795,644,0.0,27,0
795,577,0.0,26,0
795,501,0.0,23,0
795,643,3.0,13,0
795,478,1.0,19,0
795,642,10.33,3,0
795,498,2.0,14,0
795,579,19.0,1,2
796,661,0.0,52,0
796,547,0.0,48,0
796,624,0.0,32,0
796,660,0.0,37,0
796,632,3.0,13,0
796,592,0.0,72,0
796,615,0.0,71,0
796,659,0.0,70,0
796,596,0.0,69,0
796,533,0.0,68,0
796,449,0.0,67,0
796,558,0.0,66,0
796,658,0.0,65,0
796,657,1.0,23,0
796,525,0.0,64,0
796,561,0.0,63,0
796,532,0.0,61,0
796,593,0.0,60,0
796,631,0.0,57,0
796,611,0.0,56,0
796,523,0.0,55,0
796,656,0.0,53,0
796,655,0.0,51,0
796,528,0.0,50,0
796,509,0.0,41,0
796,513,0.0,40,0
796,563,0.0,39,0
796,518,0.0,38,0
796,559,0.0,36,0
796,556,0.0,35,0
796,597,0.0,33,0
796,538,0.0,30,0
796,612,0.0,26,0
796,654,1.0,21,0
796,512,3.0,14,0
796,653,4.0,9,0
796,529,3.0,10,0
796,628,8.0,5,1
796,652,0.0,62,0
796,651,0.0,59,0
796,627,0.0,34,0
796,578,0.0,29,0
796,609,0.0,54,0
796,626,0.0,46,0
796,607,2.0,16,0
796,641,0.0,31,0
796,650,0.0,27,0
796,589,0.0,25,0
796,496,0.0,42,0
796,649,0.0,58,0
796,633,2.0,17,0
796,648,1.0,19,0
796,554,3.0,12,0
796,625,0.0,47,0
796,647,0.0,45,0
796,623,0.0,49,0
796,475,13.0,2,0
796,608,8.0,6,0
796,427,11.33,3,1
796,646,0.0,44,0
796,645,0.0,43,0
796,644,0.0,28,0
796,577,4.0,8,0
796,501,0.0,24,0
796,643,7.0,7,0
796,478,1.0,20,0
796,642,10.33,4,0
796,498,2.0,15,0
796,579,27.0,1,3
797,519,1.0,23,0
797,555,3.0,12,0
797,620,1.33,20,0
797,486,0.0,73,0
797,665,0.0,67,0
797,666,0.0,64,0
797,456,0.0,59,0
797,581,0.0,54,0
797,664,0.0,51,0
797,356,0.0,49,0
797,663,0.0,38,0
797,662,0.0,32,0
797,661,0.0,57,0
797,547,0.0,53,0
797,624,0.0,33,0
797,660,0.0,40,0
797,632,3.0,15,0
797,592,0.0,81,0
797,615,0.0,80,0
797,659,0.0,79,0
797,596,0.0,78,0
797,533,0.0,77,0
797,449,0.0,76,0
797,558,0.0,75,0
797,658,0.0,74,0
797,657,1.0,24,0
797,525,0.0,72,0
797,561,0.0,71,0
797,532,0.0,69,0
797,593,0.0,68,0
797,631,0.0,65,0
797,611,0.0,63,0
797,523,0.0,62,0
797,656,0.0,61,0
797,655,0.0,58,0
797,528,0.0,56,0
797,509,0.0,44,0
797,513,0.0,43,0
797,563,0.0,42,0
797,518,0.0,41,0
797,559,0.0,39,0
797,556,0.0,37,0
797,597,0.0,35,0
797,538,0.0,31,0
797,612,0.0,28,0
797,654,1.0,22,0
797,512,3.0,16,0
797,653,4.0,10,0
797,529,3.0,11,0
797,628,8.0,5,1
797,652,0.0,70,0
797,651,0.0,34,0
797,627,0.0,36,0
797,578,0.0,26,0
797,609,0.0,60,0
797,626,0.0,50,0
797,607,2.0,18,0
797,641,3.0,14,0
797,650,0.0,29,0
797,589,0.0,27,0
797,496,0.0,45,0
797,649,0.0,66,0
797,633,2.0,19,0
797,648,5.0,9,0
797,554,3.0,13,0
797,625,0.0,52,0
797,647,0.0,48,0
797,623,0.0,55,0
797,475,22.0,2,1
797,608,8.0,6,0
797,427,11.33,3,1
797,646,0.0,47,0
797,645,0.0,46,0
797,644,0.0,30,0
797,577,6.0,8,0
797,501,0.0,25,0
797,643,7.0,7,0
797,478,1.0,21,0
797,642,10.33,4,0
797,498,2.0,17,0
797,579,33.0,1,3
798,586,0.0,74,0
798,668,0.0,65,0
798,667,0.0,40,0
798,620,1.33,21,0
798,486,0.0,76,0
798,665,0.0,69,0
798,666,0.0,66,0
798,456,0.0,60,0
798,581,0.0,55,0
798,664,0.0,53,0
798,356,0.0,50,0
798,663,0.0,38,0
798,662,0.0,33,0
798,661,0.0,58,0
798,547,0.0,51,0
798,624,0.0,34,0
798,660,0.0,42,0
798,632,3.0,15,0
798,592,0.0,84,0
798,615,0.0,83,0
798,659,0.0,82,0
798,596,0.0,81,0
798,533,0.0,80,0
798,449,0.0,79,0
798,558,0.0,78,0
798,658,0.0,77,0
798,657,1.0,25,0
798,525,0.0,75,0
798,561,0.0,73,0
798,532,0.0,71,0
798,593,0.0,70,0
798,631,0.0,67,0
798,611,0.0,64,0
798,523,0.0,63,0
798,656,0.0,62,0
798,655,0.0,59,0
798,528,0.0,57,0
798,509,0.0,46,0
798,513,0.0,45,0
798,563,0.0,44,0
798,518,0.0,43,0
798,559,0.0,41,0
798,556,0.0,39,0
798,597,0.0,36,0
798,538,0.0,32,0
798,612,0.0,29,0
798,654,1.0,23,0
798,512,3.0,16,0
798,653,4.0,12,0
798,529,3.0,13,0
798,628,8.0,7,1
798,652,0.0,72,0
798,651,0.0,35,0
798,627,0.0,37,0
798,578,0.0,27,0
798,609,0.0,61,0
798,626,0.0,52,0
798,607,2.0,18,0
798,641,9.0,6,0
798,650,0.0,30,0
798,589,0.0,28,0
798,496,2.0,19,0
798,649,0.0,68,0
798,633,2.0,20,0
798,648,5.0,11,0
798,554,6.0,9,0
798,625,0.0,54,0
798,647,0.0,49,0
798,623,0.0,56,0
798,475,23.0,2,1
798,608,12.0,3,0
798,427,11.33,4,1
798,646,0.0,48,0
798,645,0.0,47,0
798,644,0.0,31,0
798,577,6.0,10,0
798,501,0.0,26,0
798,643,7.0,8,0
798,478,1.0,22,0
798,642,10.33,5,0
798,498,2.0,17,0
798,579,40.0,1,4
799,496,0.0,16,0
799,577,0.0,15,0
799,627,0.0,14,0
799,672,0.0,13,0
799,671,0.0,12,0
799,643,0.0,11,0
799,670,0.0,10,0
799,620,0.0,9,0
799,640,0.0,8,0
799,669,0.0,7,0
799,501,0.0,6,0
799,625,2.0,5,0
799,427,3.0,4,0
799,498,5.0,3,0
800,805,0.0,55,0
800,559,0.0,54,0
800,513,0.0,50,0
800,730,0.0,38,0
800,702,0.0,36,0
800,799,0.0,33,0
800,613,0.0,31,0
800,654,0.0,27,0
800,653,0.0,22,0
800,519,0.0,58,0
800,593,0.0,25,0
800,678,0.0,57,0
800,677,0.0,56,0
800,529,0.0,32,0
800,509,0.0,48,0
800,556,0.0,52,0
800,659,0.0,16,0
800,612,0.0,24,0
800,512,0.0,53,0
800,520,0.0,40,0
800,449,0.0,51,0
800,597,0.0,49,0
800,611,0.0,23,0
800,676,0.0,39,0
800,596,0.0,37,0
800,592,0.0,35,0
800,679,0.0,34,0
800,518,1.5,10,0
800,628,0.0,30,0
800,675,0.0,29,0
800,521,0.0,28,0
800,656,0.0,26,0
800,655,0.0,21,0
800,674,0.0,19,0
800,555,0.0,18,0
800,615,0.0,12,0
800,673,2.0,9,0
800,526,1.5,11,0
800,525,6.0,3,0
800,657,8.0,2,1
800,496,0.0,47,0
800,577,0.0,46,0
800,627,0.0,45,0
800,672,0.0,44,0
800,671,0.0,43,0
800,643,0.0,42,0
800,670,0.0,41,0
800,620,0.0,20,0
800,640,0.0,17,0
800,669,0.0,14,0
801,578,1.5,13,0
801,805,0.0,62,0
801,559,0.0,61,0
801,513,0.0,57,0
801,730,0.0,42,0
801,702,0.0,40,0
801,799,0.0,37,0
801,613,0.0,35,0
801,654,0.0,31,0
801,653,0.0,26,0
801,680,0.0,49,0
801,554,0.0,46,0
801,632,0.0,45,0
801,644,0.0,19,0
801,429,2.0,11,0
801,475,4.0,8,0
801,519,0.0,65,0
801,593,0.0,29,0
801,678,0.0,64,0
801,677,0.0,63,0
801,529,0.0,36,0
801,509,0.0,55,0
801,556,0.0,59,0
801,659,0.0,20,0
801,612,0.0,28,0
801,512,0.0,60,0
801,520,0.0,44,0
801,449,0.0,58,0
801,597,0.0,56,0
801,611,0.0,27,0
801,596,0.0,41,0
801,592,0.0,39,0
801,679,0.0,38,0
801,518,1.5,12,0
801,628,0.0,34,0
801,675,0.0,33,0
801,521,0.0,32,0
801,656,0.0,30,0
801,655,0.0,25,0
801,674,0.0,23,0
801,555,0.0,22,0
801,615,0.0,16,0
801,673,2.0,10,0
801,526,1.5,14,0
801,658,5.0,7,0
801,525,6.0,6,0
801,657,8.0,3,1
801,496,0.0,54,0
801,577,0.0,53,0
801,627,0.0,52,0
801,672,0.0,51,0
802,805,0.0,72,0
802,559,0.0,71,0
802,513,0.0,67,0
802,730,0.0,47,0
802,702,0.0,45,0
802,799,0.0,42,0
802,613,0.0,40,0
802,654,0.0,36,0
802,653,0.0,31,0
802,647,0.0,65,0
802,650,0.0,64,0
802,578,1.5,17,0
802,681,0.0,61,0
802,651,0.0,59,0
802,456,0.0,58,0
802,478,1.0,19,0
802,663,0.0,54,0
802,633,2.0,15,0
802,626,4.0,9,0
802,648,6.0,7,0
802,680,0.0,55,0
802,554,0.0,20,0
802,632,0.0,50,0
802,644,0.0,23,0
802,429,2.0,14,0
802,475,4.0,10,0
802,519,0.0,75,0
802,593,0.0,34,0
802,678,0.0,74,0
802,677,0.0,73,0
802,529,0.0,41,0
802,509,0.0,63,0
802,556,0.0,69,0
802,659,0.0,25,0
802,612,0.0,33,0
802,512,0.0,70,0
802,520,0.0,49,0
802,449,0.0,68,0
802,597,0.0,66,0
802,611,0.0,32,0
802,676,0.0,48,0
802,596,0.0,46,0
802,592,0.0,44,0
802,679,0.0,43,0
802,518,1.5,16,0
802,628,0.0,39,0
802,675,0.0,38,0
802,521,0.0,37,0
802,656,0.0,35,0
802,655,0.0,30,0
802,674,0.0,28,0
802,555,0.0,27,0
802,528,0.0,24,0
802,615,0.0,22,0
802,673,2.0,13,0
803,541,0.0,70,0
803,805,0.0,85,0
803,559,0.0,82,0
803,513,0.0,74,0
803,730,0.0,55,0
803,702,0.0,53,0
803,799,0.0,50,0
803,613,0.0,47,0
803,654,0.0,41,0
803,653,0.0,35,0
803,690,0.0,89,0
803,689,0.0,87,0
803,688,0.0,84,0
803,687,0.0,83,0
803,581,0.0,81,0
803,645,0.0,80,0
803,686,0.0,77,0
803,685,0.0,75,0
803,684,0.0,66,0
803,547,0.0,49,0
803,683,0.0,46,0
803,665,0.0,44,0
803,682,0.0,39,0
803,619,0.0,33,0
803,647,0.0,72,0
803,650,0.0,71,0
803,578,7.64,5,0
803,681,0.0,67,0
803,456,0.0,62,0
803,478,1.0,20,0
803,663,0.0,27,0
803,633,2.0,15,0
803,626,4.0,12,0
803,648,6.0,6,0
803,680,0.0,60,0
803,554,0.0,22,0
803,632,0.0,58,0
803,644,0.0,25,0
803,429,2.0,14,0
803,475,4.0,11,0
803,519,0.0,90,0
803,593,0.0,38,0
803,678,0.0,88,0
803,677,0.0,86,0
803,529,0.0,48,0
803,509,0.0,69,0
803,556,0.0,78,0
803,659,0.0,28,0
803,612,0.0,37,0
803,512,0.0,79,0
803,520,0.0,57,0
803,449,0.0,76,0
803,597,0.0,73,0
803,611,0.0,36,0
803,676,0.0,56,0
803,596,0.0,54,0
803,592,0.0,52,0
803,679,0.0,51,0
803,518,1.5,18,0
803,628,0.0,45,0
803,675,0.0,43,0
803,521,0.0,42,0
803,656,0.0,40,0
803,674,0.0,31,0
803,528,0.0,26,0
803,615,0.0,24,0
803,526,1.5,19,0
803,525,6.0,8,0
803,657,8.0,4,1
803,496,0.0,68,0
803,577,0.0,65,0
803,627,0.0,59,0
803,672,0.0,63,0
803,671,0.0,61,0
803,670,4.14,10,0
803,620,0.0,32,0
803,640,0.0,29,0
803,501,0.0,21,0
803,625,2.0,16,0
803,427,11.0,3,0
803,498,14.64,2,1
803,642,6.0,7,0
803,579,28.14,1,3
804,541,0.0,74,0
804,805,0.0,88,0
804,559,0.0,85,0
804,513,0.0,78,0
804,730,0.0,57,0
804,702,0.0,55,0
804,799,0.0,52,0
804,613,0.0,49,0
804,654,0.0,43,0
804,653,0.0,37,0
804,692,0.0,64,0
804,691,0.0,61,0
804,641,0.0,26,0
804,690,0.0,92,0
804,689,0.0,90,0
804,688,0.0,87,0
804,687,0.0,86,0
804,581,0.0,84,0
804,645,0.0,62,0
804,686,0.0,81,0
804,685,0.0,79,0
804,684,0.0,70,0
804,547,0.0,51,0
804,683,0.0,48,0
804,665,0.0,46,0
804,682,0.0,41,0
804,619,0.0,35,0
804,647,0.0,76,0
804,650,0.0,75,0
804,578,10.64,4,0
804,681,0.0,71,0
804,651,0.0,68,0
804,456,0.0,66,0
804,478,1.0,21,0
804,663,0.0,29,0
804,633,2.0,16,0
804,626,4.0,11,0
804,648,10.0,5,0
804,680,0.0,63,0
804,554,0.0,23,0
804,632,0.0,60,0
804,644,2.0,14,0
804,429,2.0,15,0
804,475,4.0,12,0
804,519,0.0,93,0
804,593,0.0,40,0
804,678,0.0,91,0
804,677,0.0,89,0
804,529,0.0,50,0
804,509,0.0,73,0
804,556,0.0,82,0
804,659,0.0,30,0
804,612,0.0,39,0
804,512,0.0,83,0
804,520,0.0,59,0
804,449,0.0,80,0
804,597,0.0,77,0
804,611,0.0,38,0
804,676,0.0,58,0
804,596,0.0,56,0
804,592,0.0,54,0
804,679,0.0,53,0
804,518,1.5,19,0
804,628,0.0,47,0
804,675,0.0,45,0
804,521,0.0,44,0
804,656,0.0,42,0
804,674,0.0,33,0
804,555,0.0,32,0
804,528,0.0,27,0
804,673,2.0,18,0
804,526,1.5,20,0
804,658,5.0,9,0
804,525,6.0,8,0
804,657,8.0,6,1
804,496,0.0,72,0
804,577,0.0,69,0
804,627,0.0,28,0
804,672,0.0,67,0
804,671,0.0,65,0
804,670,4.14,10,0
804,620,0.0,34,0
804,669,3.0,13,0
804,501,0.0,22,0
804,625,2.0,17,0
804,498,17.64,2,1
679,341,4.0,3,0
679,345,9.0,1,1
805,541,0.0,75,0
805,805,0.0,89,0
805,559,0.0,86,0
805,513,0.0,79,0
805,730,0.0,58,0
805,702,0.0,56,0
805,799,0.0,53,0
805,613,0.0,50,0
805,654,0.0,44,0
805,653,0.0,38,0
805,693,0.0,66,0
805,692,0.0,64,0
805,691,0.0,62,0
805,641,0.0,27,0
805,690,0.0,93,0
805,689,0.0,91,0
805,688,0.0,88,0
805,687,0.0,87,0
805,581,0.0,85,0
805,645,0.0,63,0
805,686,0.0,82,0
805,685,0.0,80,0
805,684,0.0,71,0
805,547,0.0,52,0
805,683,0.0,49,0
805,665,0.0,47,0
805,682,0.0,42,0
805,619,0.0,36,0
805,647,0.0,77,0
805,650,0.0,76,0
805,578,10.64,4,0
805,681,0.0,72,0
805,651,0.0,69,0
805,456,0.0,67,0
805,478,5.0,9,0
805,663,0.0,24,0
805,633,2.0,18,0
805,626,4.0,12,0
805,648,10.0,5,0
805,680,0.0,31,0
805,554,0.0,25,0
805,632,0.0,61,0
805,644,4.0,14,0
805,429,2.0,17,0
805,475,4.0,13,0
805,519,0.0,94,0
805,593,0.0,41,0
805,678,0.0,92,0
805,677,0.0,90,0
805,529,0.0,51,0
805,509,0.0,74,0
805,556,0.0,83,0
805,659,0.0,32,0
805,612,0.0,40,0
805,512,0.0,84,0
805,520,0.0,60,0
805,449,0.0,81,0
805,597,0.0,78,0
805,611,0.0,39,0
805,676,0.0,59,0
805,596,0.0,57,0
805,592,0.0,55,0
805,679,0.0,54,0
805,518,1.5,21,0
805,628,0.0,48,0
805,675,0.0,46,0
805,521,0.0,45,0
805,656,0.0,43,0
805,655,0.0,37,0
805,674,0.0,35,0
806,541,0.0,77,0
806,805,0.0,90,0
806,559,0.0,87,0
806,513,0.0,81,0
806,730,0.0,61,0
806,702,0.0,59,0
806,799,0.0,56,0
806,613,0.0,53,0
806,654,0.0,47,0
806,653,0.0,41,0
806,694,0.0,79,0
806,693,0.0,27,0
806,692,0.0,68,0
806,691,0.0,66,0
806,641,0.0,29,0
806,690,0.0,94,0
806,689,0.0,92,0
806,688,0.0,89,0
806,687,0.0,88,0
806,581,0.0,30,0
806,645,0.0,67,0
806,686,0.0,84,0
806,685,0.0,82,0
806,684,0.0,73,0
806,547,0.0,55,0
806,683,0.0,52,0
806,665,0.0,50,0
806,682,0.0,45,0
806,619,0.0,38,0
806,647,0.0,65,0
806,578,16.64,4,0
806,681,0.0,74,0
806,651,0.0,72,0
806,456,0.0,70,0
806,478,8.0,7,0
806,663,0.0,25,0
806,633,2.0,19,0
806,626,4.0,12,0
806,648,10.0,5,0
806,680,0.0,33,0
806,554,0.0,26,0
806,632,0.0,64,0
806,644,4.0,14,0
806,429,2.0,18,0
806,475,4.0,13,0
806,519,0.0,95,0
806,593,0.0,44,0
806,678,0.0,93,0
806,677,0.0,91,0
806,529,0.0,54,0
806,509,0.0,76,0
806,556,0.0,85,0
806,659,0.0,34,0
806,612,0.0,43,0
806,512,0.0,86,0
806,520,0.0,63,0
806,449,0.0,83,0
806,597,0.0,80,0
806,611,0.0,42,0
806,676,0.0,62,0
806,596,0.0,60,0
806,592,0.0,58,0
806,679,0.0,57,0
806,518,1.5,22,0
806,628,0.0,51,0
806,675,0.0,49,0
806,521,0.0,48,0
806,656,0.0,46,0
806,655,0.0,39,0
806,555,0.0,36,0
806,528,0.0,31,0
806,615,0.0,28,0
806,673,2.0,21,0
806,526,1.5,23,0
806,658,5.0,10,0
806,525,6.0,9,0
806,657,8.0,6,1
806,496,0.0,75,0
806,577,0.0,71,0
806,627,0.0,32,0
806,672,0.0,40,0
806,671,0.0,69,0
806,643,3.0,16,0
806,670,4.14,11,0
806,642,6.0,8,0
807,638,0.0,68,0
807,541,0.0,80,0
807,805,0.0,92,0
807,559,0.0,89,0
807,513,0.0,83,0
807,730,0.0,64,0
807,702,0.0,62,0
807,799,0.0,59,0
807,613,0.0,56,0
807,654,0.0,50,0
807,653,0.0,44,0
807,580,0.0,31,0
807,694,0.0,81,0
807,693,0.0,29,0
807,692,0.0,72,0
807,691,0.0,69,0
807,641,0.0,32,0
807,690,0.0,96,0
807,689,0.0,94,0
807,688,0.0,91,0
807,687,0.0,90,0
807,581,0.0,34,0
807,645,0.0,70,0
807,686,0.0,86,0
807,685,0.0,84,0
807,684,0.0,76,0
807,547,0.0,58,0
807,683,0.0,55,0
807,665,0.0,53,0
807,682,0.0,48,0
807,619,0.0,41,0
807,647,1.0,25,0
807,650,0.0,71,0
807,578,24.64,3,1
807,681,0.0,77,0
807,651,0.0,75,0
807,456,0.0,74,0
807,478,8.0,7,0
807,663,0.0,27,0
807,633,2.0,20,0
807,626,4.0,14,0
807,648,12.0,5,0
807,680,0.0,37,0
807,554,0.0,28,0
807,632,0.0,67,0
807,644,4.0,16,0
807,429,2.0,19,0
807,475,4.0,15,0
807,519,0.0,97,0
807,593,0.0,47,0
807,678,0.0,95,0
807,677,0.0,93,0
807,529,0.0,57,0
807,509,0.0,79,0
807,556,0.0,87,0
807,659,0.0,38,0
807,612,0.0,46,0
807,512,0.0,88,0
807,520,0.0,66,0
807,449,0.0,85,0
807,597,0.0,82,0
807,611,0.0,45,0
807,676,0.0,65,0
807,596,0.0,63,0
807,592,0.0,61,0
807,679,0.0,60,0
807,518,1.5,23,0
807,628,0.0,54,0
807,675,0.0,52,0
807,521,0.0,51,0
807,655,0.0,42,0
807,674,0.0,40,0
807,555,0.0,39,0
807,615,0.0,30,0
807,673,2.0,22,0
807,658,5.0,12,0
807,525,6.0,10,0
807,657,8.0,6,1
807,496,0.0,78,0
807,627,0.0,33,0
807,671,0.0,73,0
807,643,6.0,11,0
807,670,4.14,13,0
807,620,2.0,18,0
807,640,0.0,36,0
807,501,0.0,26,0
807,427,17.0,4,0
807,498,25.14,2,1
807,642,6.0,8,0
808,501,0.0,7,0
808,698,0.0,17,0
808,649,0.0,16,0
808,496,0.0,15,0
808,642,0.0,14,0
808,697,0.0,13,0
808,579,0.0,12,0
808,626,0.0,11,0
808,689,0.0,10,0
808,696,0.0,9,0
808,427,0.0,8,0
808,554,0.0,6,0
808,695,2.0,5,0
808,578,3.0,4,0
808,498,4.0,3,0
808,633,6.0,2,0
808,647,9.0,1,1
809,797,0.0,46,0
809,804,0.0,36,0
809,630,0.0,33,0
809,513,0.0,16,0
809,501,0.0,17,0
809,612,0.0,32,0
809,512,0.0,45,0
809,702,0.0,27,0
809,655,0.0,54,0
809,521,0.0,21,0
809,520,0.0,22,0
809,528,0.0,53,0
809,593,0.0,52,0
809,555,1.5,11,0
809,518,2.0,7,0
809,659,0.0,51,0
809,559,0.0,50,0
809,673,0.0,49,0
809,628,0.0,48,0
809,677,0.0,47,0
809,613,0.0,44,0
809,654,0.0,35,0
809,449,0.0,34,0
809,701,0.0,31,0
809,525,0.0,30,0
809,675,0.0,29,0
809,700,0.0,28,0
809,699,0.0,26,0
809,653,0.0,25,0
809,529,0.0,23,0
809,679,0.0,20,0
809,509,0.0,15,0
809,556,0.0,14,0
809,658,2.0,10,0
809,615,1.5,12,0
809,611,2.0,8,0
809,656,6.0,3,0
809,657,9.0,2,1
809,698,0.0,43,0
809,649,0.0,42,0
809,496,0.0,41,0
809,642,0.0,40,0
809,697,0.0,39,0
809,579,0.0,38,0
809,626,0.0,37,0
809,689,0.0,24,0
809,696,0.0,19,0
809,427,0.0,18,0
809,554,0.0,13,0
809,695,2.0,9,0
809,578,3.0,6,0
809,498,4.0,5,0
809,633,6.0,4,0
809,647,9.0,1,1
810,797,0.0,55,0
810,804,0.0,42,0
810,630,0.0,39,0
810,513,0.0,21,0
810,651,0.0,56,0
810,456,0.0,52,0
810,663,0.0,51,0
810,643,0.0,49,0
810,660,0.0,46,0
810,501,0.0,20,0
810,664,0.0,45,0
810,475,0.0,30,0
810,581,0.0,24,0
810,627,0.0,22,0
810,640,2.0,11,0
810,612,0.0,38,0
810,512,0.0,54,0
810,702,0.0,33,0
810,655,0.0,64,0
810,521,0.0,26,0
810,520,0.0,27,0
810,528,0.0,63,0
810,593,0.0,62,0
810,555,1.5,14,0
810,518,2.0,9,0
810,659,0.0,61,0
810,559,0.0,60,0
810,673,0.0,59,0
810,628,0.0,58,0
810,677,0.0,57,0
810,613,0.0,53,0
810,654,0.0,41,0
810,449,0.0,40,0
810,701,0.0,37,0
810,525,0.0,36,0
810,675,0.0,35,0
810,700,0.0,34,0
810,699,0.0,32,0
810,653,0.0,31,0
810,529,0.0,28,0
810,679,0.0,25,0
810,509,0.0,19,0
810,556,0.0,18,0
810,658,2.0,13,0
810,615,1.5,15,0
810,611,2.0,10,0
810,656,6.0,5,0
810,657,9.0,2,1
810,698,0.0,50,0
810,649,0.0,48,0
810,496,0.0,47,0
810,642,6.0,4,0
810,697,2.0,8,0
810,579,0.0,44,0
810,626,0.0,43,0
810,689,0.0,29,0
810,696,0.0,23,0
810,427,0.0,16,0
810,554,0.0,17,0
810,695,2.0,12,0
810,578,6.0,7,0
810,498,6.0,6,0
810,633,7.0,3,0
810,647,17.0,1,2
811,797,0.0,61,0
811,804,0.0,46,0
811,630,0.0,43,0
811,513,0.0,23,0
811,703,0.0,63,0
811,681,0.0,60,0
811,429,0.0,36,0
811,632,0.0,34,0
811,693,0.0,32,0
811,670,4.0,9,0
811,651,0.0,51,0
811,456,0.0,57,0
811,663,0.0,56,0
811,643,0.0,54,0
811,660,0.0,50,0
811,501,0.0,20,0
811,664,0.0,49,0
811,475,0.0,31,0
811,581,0.0,24,0
811,627,0.0,21,0
811,640,5.0,8,0
811,612,0.0,42,0
811,512,0.0,59,0
811,702,0.0,37,0
811,655,0.0,70,0
811,521,0.0,27,0
811,520,0.0,28,0
811,528,0.0,69,0
811,593,0.0,68,0
811,555,1.5,16,0
811,518,2.0,11,0
811,659,0.0,67,0
811,559,0.0,66,0
811,673,0.0,65,0
811,628,0.0,64,0
811,677,0.0,62,0
811,613,0.0,58,0
811,654,0.0,45,0
811,449,0.0,44,0
811,701,0.0,41,0
811,525,0.0,40,0
811,675,0.0,39,0
811,700,0.0,38,0
811,699,0.0,35,0
811,653,0.0,33,0
811,529,0.0,29,0
811,679,0.0,26,0
811,509,0.0,22,0
811,556,0.0,19,0
811,658,2.0,15,0
811,615,1.5,17,0
811,611,2.0,12,0
811,656,6.0,6,0
811,657,9.0,3,1
811,698,0.0,55,0
811,649,0.0,53,0
811,496,0.0,52,0
811,642,6.0,5,0
811,697,2.0,10,0
811,579,0.0,48,0
811,626,0.0,47,0
811,689,0.0,30,0
811,696,0.0,25,0
811,427,2.0,13,0
811,554,0.0,18,0
811,695,2.0,14,0
811,578,6.0,7,0
811,498,7.0,4,0
811,633,13.0,2,0
811,647,25.0,1,3
812,625,0.0,64,0
812,669,0.0,61,0
812,589,0.0,45,0
812,704,0.0,44,0
812,619,0.0,36,0
812,703,0.0,68,0
812,681,0.0,65,0
812,429,0.0,38,0
812,632,0.0,35,0
812,693,0.0,33,0
812,670,4.0,10,0
812,651,0.0,54,0
812,456,0.0,60,0
812,663,0.0,59,0
812,643,0.0,56,0
812,660,0.0,39,0
812,501,0.0,21,0
812,664,0.0,53,0
812,475,0.0,28,0
812,581,0.0,25,0
812,627,0.0,22,0
812,640,5.0,9,0
812,612,0.0,47,0
812,512,0.0,63,0
812,702,0.0,40,0
812,655,0.0,75,0
812,521,0.0,29,0
812,520,0.0,30,0
812,528,0.0,74,0
812,593,0.0,73,0
812,555,1.5,17,0
812,518,2.0,12,0
812,659,0.0,72,0
812,559,0.0,71,0
812,673,0.0,70,0
812,628,0.0,69,0
812,677,0.0,67,0
812,613,0.0,62,0
812,654,0.0,50,0
812,449,0.0,49,0
812,701,0.0,46,0
812,525,0.0,43,0
812,675,0.0,42,0
812,700,0.0,41,0
812,699,0.0,37,0
812,653,0.0,34,0
812,529,0.0,31,0
812,679,0.0,27,0
812,509,0.0,23,0
812,556,0.0,20,0
812,658,2.0,16,0
812,615,1.5,18,0
812,611,2.0,13,0
812,656,6.0,8,0
812,657,9.0,5,1
812,698,0.0,58,0
812,649,0.0,57,0
812,496,0.0,55,0
812,642,8.0,6,0
812,697,2.0,11,0
812,579,7.0,7,0
812,626,0.0,52,0
812,689,0.0,32,0
812,696,0.0,26,0
812,427,2.0,14,0
812,554,0.0,19,0
812,695,2.0,15,0
812,578,14.0,2,1
812,498,11.0,4,0
812,633,13.0,3,0
812,647,28.0,1,3
813,705,0.0,80,0
813,708,0.0,78,0
813,707,0.0,76,0
813,486,0.0,64,0
813,666,0.0,58,0
813,706,0.0,57,0
813,687,0.0,36,0
813,625,0.0,68,0
813,669,0.0,24,0
813,589,0.0,48,0
813,704,0.0,47,0
813,619,0.0,39,0
813,703,0.0,72,0
813,681,0.0,69,0
813,429,0.0,41,0
813,632,0.0,38,0
813,693,0.0,35,0
813,670,4.0,10,0
813,651,0.0,59,0
813,456,0.0,65,0
813,663,0.0,27,0
813,643,0.0,61,0
813,660,0.0,42,0
813,501,0.0,21,0
813,664,0.0,56,0
813,475,0.0,31,0
813,581,0.0,26,0
813,627,0.0,22,0
813,640,5.0,9,0
813,612,0.0,50,0
813,512,0.0,67,0
813,702,0.0,43,0
813,655,0.0,82,0
813,521,0.0,32,0
813,520,0.0,33,0
813,528,0.0,81,0
813,593,0.0,79,0
813,555,1.5,17,0
813,518,2.0,12,0
813,659,0.0,77,0
813,559,0.0,75,0
813,673,0.0,74,0
813,628,0.0,73,0
813,677,0.0,71,0
813,613,0.0,66,0
813,654,0.0,53,0
813,449,0.0,52,0
813,701,0.0,49,0
813,525,0.0,46,0
813,675,0.0,45,0
813,700,0.0,44,0
813,699,0.0,40,0
813,653,0.0,37,0
813,529,0.0,34,0
813,679,0.0,29,0
813,509,0.0,23,0
813,556,0.0,20,0
813,658,2.0,16,0
813,615,1.5,18,0
813,611,2.0,13,0
813,656,6.0,8,0
813,657,9.0,7,1
813,698,0.0,63,0
813,649,0.0,62,0
813,496,0.0,60,0
813,642,12.0,6,0
813,697,2.0,11,0
813,579,13.0,5,0
813,626,0.0,55,0
813,689,0.0,30,0
813,696,0.0,28,0
813,427,2.0,14,0
813,554,0.0,19,0
813,695,2.0,15,0
813,578,16.0,2,1
813,498,13.5,3,0
813,633,13.0,4,0
813,647,33.5,1,4
814,797,0.0,77,0
814,804,0.0,62,0
814,630,0.0,58,0
814,513,0.0,26,0
814,718,0.0,98,0
814,717,0.0,97,0
814,716,0.0,96,0
814,715,0.0,94,0
814,714,0.0,93,0
814,713,0.0,91,0
814,712,0.0,86,0
814,711,0.0,84,0
814,431,0.0,79,0
814,455,0.0,59,0
814,709,0.0,56,0
814,710,0.0,53,0
814,692,0.0,47,0
814,690,0.0,43,0
814,478,0.0,36,0
814,680,0.0,27,0
814,705,0.0,90,0
814,708,0.0,88,0
814,707,0.0,85,0
814,486,0.0,71,0
814,666,0.0,65,0
814,706,0.0,64,0
814,687,0.0,38,0
814,625,0.0,75,0
814,669,0.0,25,0
814,589,0.0,54,0
814,704,0.0,52,0
814,619,0.0,41,0
814,703,0.0,80,0
814,681,0.0,76,0
814,429,0.0,44,0
814,632,0.0,40,0
814,693,0.0,37,0
814,670,4.0,11,0
814,651,0.0,66,0
814,456,0.0,72,0
814,663,0.0,29,0
814,643,0.0,68,0
814,660,0.0,45,0
814,501,0.0,22,0
814,664,0.0,49,0
814,475,0.0,19,0
814,581,0.0,28,0
814,627,0.0,23,0
814,640,7.0,8,0
814,612,0.0,57,0
814,512,0.0,74,0
814,702,0.0,46,0
814,655,0.0,95,0
814,521,0.0,33,0
814,520,0.0,34,0
814,528,0.0,92,0
814,593,0.0,89,0
814,555,1.5,17,0
814,518,2.0,12,0
814,659,0.0,87,0
814,559,0.0,83,0
814,673,0.0,82,0
814,628,0.0,81,0
814,677,0.0,78,0
814,613,0.0,73,0
814,654,0.0,61,0
814,449,0.0,60,0
814,701,0.0,55,0
814,525,0.0,51,0
814,675,0.0,50,0
814,700,0.0,48,0
814,699,0.0,42,0
814,653,0.0,39,0
814,529,0.0,35,0
814,679,0.0,31,0
814,509,0.0,24,0
814,556,0.0,21,0
814,658,2.0,16,0
814,615,1.5,18,0
814,611,2.0,13,0
814,656,6.0,9,0
814,657,9.0,7,1
814,698,0.0,70,0
814,649,0.0,69,0
814,496,0.0,67,0
814,642,20.0,2,1
814,697,5.0,10,0
814,579,19.0,3,0
814,626,0.0,63,0
814,689,0.0,32,0
814,696,0.0,30,0
814,427,2.0,14,0
814,554,0.0,20,0
814,695,2.0,15,0
814,578,18.0,4,1
814,498,13.5,5,0
814,633,13.0,6,0
814,647,33.5,1,4
815,797,0.0,82,0
815,804,0.0,65,0
815,630,0.0,61,0
815,513,0.0,29,0
815,721,0.0,76,0
815,622,0.0,66,0
815,719,0.0,39,0
815,720,0.0,32,0
815,691,2.0,16,0
815,718,0.0,103,0
815,717,0.0,102,0
815,716,0.0,101,0
815,715,0.0,99,0
815,714,0.0,98,0
815,713,0.0,96,0
815,712,0.0,91,0
815,711,0.0,89,0
815,431,0.0,84,0
815,455,0.0,62,0
815,709,0.0,59,0
815,710,0.0,56,0
815,692,0.0,50,0
815,690,0.0,46,0
815,478,0.0,38,0
815,680,0.0,28,0
815,705,0.0,95,0
815,708,0.0,93,0
815,707,0.0,90,0
815,486,0.0,75,0
815,666,0.0,69,0
815,706,0.0,68,0
815,687,0.0,41,0
815,625,0.0,80,0
815,669,0.0,27,0
815,589,0.0,57,0
815,704,0.0,55,0
815,619,0.0,44,0
815,703,0.0,85,0
815,681,0.0,81,0
815,429,0.0,47,0
815,632,0.0,42,0
815,693,0.0,40,0
815,670,4.0,11,0
815,651,0.0,70,0
815,456,0.0,77,0
815,663,0.0,25,0
815,643,0.0,72,0
815,660,0.0,48,0
815,501,0.0,23,0
815,664,0.0,52,0
815,475,0.0,20,0
815,581,0.0,30,0
815,627,0.0,24,0
815,640,7.0,8,0
815,612,0.0,60,0
815,512,0.0,79,0
815,702,0.0,49,0
815,655,0.0,100,0
815,521,0.0,35,0
815,520,0.0,36,0
815,528,0.0,97,0
815,593,0.0,94,0
815,555,1.5,18,0
815,518,2.0,12,0
815,659,0.0,92,0
815,559,0.0,88,0
815,673,0.0,87,0
815,628,0.0,86,0
815,677,0.0,83,0
815,613,0.0,78,0
815,654,0.0,64,0
815,449,0.0,63,0
815,701,0.0,58,0
815,525,0.0,54,0
815,675,0.0,53,0
815,700,0.0,51,0
815,699,0.0,45,0
815,653,0.0,43,0
815,529,0.0,37,0
815,679,0.0,33,0
815,509,0.0,26,0
815,556,0.0,22,0
815,658,2.0,17,0
815,615,1.5,19,0
815,611,2.0,13,0
815,656,6.0,10,0
815,657,9.0,7,1
815,698,0.0,74,0
815,649,0.0,73,0
815,496,0.0,71,0
815,642,24.0,2,1
815,697,6.5,9,0
815,579,20.5,3,0
815,626,0.0,67,0
815,689,0.0,34,0
815,696,0.0,31,0
815,427,2.0,14,0
815,554,0.0,21,0
815,695,2.0,15,0
815,578,19.0,4,1
815,498,13.5,5,0
815,633,13.0,6,0
815,647,34.5,1,5
816,577,0.0,32,0
816,797,0.0,86,0
816,804,0.0,70,0
816,630,0.0,66,0
816,513,0.0,30,0
816,667,0.0,104,0
816,722,0.0,97,0
816,620,0.0,36,0
816,644,0.0,31,0
816,721,0.0,80,0
816,622,0.0,71,0
816,719,0.0,43,0
816,720,0.0,35,0
816,691,2.0,16,0
816,718,0.0,108,0
816,717,0.0,60,0
816,716,0.0,107,0
816,715,0.0,105,0
816,714,0.0,103,0
816,713,0.0,101,0
816,712,0.0,95,0
816,711,0.0,93,0
816,431,0.0,88,0
816,455,0.0,67,0
816,709,0.0,64,0
816,710,0.0,62,0
816,692,0.0,55,0
816,690,0.0,51,0
816,478,0.0,42,0
816,680,0.0,29,0
816,705,0.0,100,0
816,708,0.0,98,0
816,707,0.0,94,0
816,486,0.0,79,0
816,666,0.0,74,0
816,706,0.0,73,0
816,687,0.0,45,0
816,625,0.0,83,0
816,669,0.0,27,0
816,589,0.0,46,0
816,704,0.0,59,0
816,619,0.0,49,0
816,703,0.0,89,0
816,681,0.0,85,0
816,429,0.0,52,0
816,632,0.0,47,0
816,693,0.0,44,0
816,670,4.0,11,0
816,651,0.0,75,0
816,456,0.0,81,0
816,663,0.0,26,0
816,643,0.0,22,0
816,660,0.0,53,0
816,501,0.0,24,0
816,664,0.0,57,0
816,475,0.0,20,0
816,581,0.0,33,0
816,627,0.0,25,0
816,640,7.0,8,0
816,612,0.0,65,0
816,512,0.0,84,0
816,702,0.0,54,0
816,655,0.0,106,0
816,521,0.0,39,0
816,520,0.0,40,0
816,528,0.0,102,0
816,593,0.0,99,0
816,555,1.5,18,0
816,518,2.0,13,0
816,659,0.0,96,0
816,559,0.0,92,0
816,673,0.0,91,0
816,628,0.0,90,0
816,677,0.0,87,0
816,613,0.0,82,0
816,654,0.0,69,0
816,449,0.0,68,0
816,701,0.0,63,0
816,525,0.0,61,0
816,675,0.0,58,0
816,700,0.0,56,0
816,699,0.0,50,0
816,653,0.0,48,0
816,529,0.0,41,0
816,679,0.0,37,0
816,509,0.0,28,0
816,556,0.0,23,0
816,658,2.0,17,0
816,615,1.5,19,0
816,611,2.0,14,0
816,656,6.0,10,0
816,657,9.0,7,1
816,698,0.0,78,0
816,649,0.0,77,0
816,496,0.0,76,0
816,642,26.0,3,1
816,697,6.5,9,0
816,579,28.0,2,1
816,626,0.0,72,0
816,689,0.0,38,0
816,696,0.0,34,0
816,427,4.0,12,0
816,554,0.0,21,0
816,695,2.0,15,0
816,578,19.0,4,1
816,498,13.5,6,0
816,633,17.0,5,0
816,647,34.5,1,5
817,720,0.0,21,0
817,627,0.0,20,0
817,724,0.0,19,0
817,717,0.0,18,0
817,725,0.0,17,0
817,581,0.0,16,0
817,642,0.0,10,0
817,626,0.0,15,0
817,651,0.0,14,0
817,475,0.0,13,0
817,501,0.0,12,0
817,609,0.0,11,0
817,669,0.0,9,0
817,688,0.0,8,0
817,721,0.0,7,0
817,640,0.0,6,0
817,689,2.0,5,0
817,663,3.0,4,0
817,554,4.0,3,0
817,723,6.0,2,0
817,641,9.0,1,1
818,612,0.0,54,0
818,734,0.0,53,0
818,647,0.0,52,0
818,733,0.0,51,0
818,702,0.0,50,0
818,520,0.0,49,0
818,615,0.0,48,0
818,628,0.0,47,0
818,699,0.0,46,0
818,529,0.0,45,0
818,449,0.0,44,0
818,677,0.0,43,0
818,732,0.0,29,0
818,675,0.0,28,0
818,731,0.0,27,0
818,521,0.0,26,0
818,657,1.0,11,0
818,513,0.0,25,0
818,730,0.0,24,0
818,729,0.0,23,0
818,728,0.0,22,0
818,727,0.0,21,0
818,658,0.0,20,0
818,593,0.0,19,0
818,629,0.0,18,0
818,726,0.0,17,0
818,592,0.0,15,0
818,525,0.0,12,0
818,656,2.0,10,0
818,518,3.0,7,0
818,611,4.0,6,0
818,509,6.0,4,0
818,526,8.0,2,1
818,720,0.0,42,0
818,627,0.0,41,0
818,724,0.0,40,0
818,717,0.0,39,0
818,725,0.0,38,0
818,581,0.0,37,0
818,642,0.0,31,0
818,626,0.0,36,0
818,651,0.0,35,0
818,475,0.0,34,0
818,501,0.0,33,0
818,609,0.0,32,0
818,669,0.0,30,0
818,688,0.0,16,0
818,721,0.0,14,0
818,640,0.0,13,0
818,689,2.0,9,0
818,663,3.0,8,0
818,554,4.0,5,0
818,723,6.0,3,0
818,641,9.0,1,1
819,739,0.0,47,0
819,738,0.0,37,0
819,737,0.0,34,0
819,703,0.0,33,0
819,736,0.0,30,0
819,660,0.0,23,0
819,735,0.0,19,0
819,632,2.0,15,0
819,578,3.0,12,0
819,612,0.0,63,0
819,734,0.0,62,0
819,647,9.0,2,1
819,733,0.0,61,0
819,702,0.0,60,0
819,520,0.0,59,0
819,615,0.0,58,0
819,628,0.0,57,0
819,699,0.0,56,0
819,529,0.0,55,0
819,449,0.0,54,0
819,677,0.0,53,0
819,732,0.0,42,0
819,675,0.0,41,0
819,731,0.0,40,0
819,521,0.0,39,0
819,657,1.0,16,0
819,513,0.0,38,0
819,730,0.0,36,0
819,729,0.0,35,0
819,728,0.0,32,0
819,727,0.0,31,0
819,658,0.0,29,0
819,593,0.0,27,0
819,629,0.0,25,0
819,726,0.0,24,0
819,592,0.0,21,0
819,525,0.0,17,0
819,656,2.0,14,0
819,518,3.0,11,0
819,611,4.0,9,0
819,509,6.0,6,0
819,526,8.0,3,1
819,720,0.0,52,0
819,627,0.0,51,0
819,724,0.0,50,0
819,717,0.0,49,0
819,725,0.0,48,0
819,581,0.0,46,0
819,642,6.0,4,0
819,626,4.0,7,0
819,651,0.0,28,0
819,475,0.0,45,0
819,501,0.0,44,0
819,609,0.0,43,0
819,669,0.0,26,0
819,688,0.0,22,0
819,721,0.0,20,0
819,640,0.0,18,0
819,689,2.0,13,0
819,663,3.0,10,0
819,554,4.0,8,0
819,723,6.0,5,0
819,641,9.0,1,1
820,722,0.0,57,0
820,687,0.0,52,0
820,740,0.0,34,0
820,704,0.0,31,0
820,741,0.0,26,0
820,427,2.0,16,0
820,739,0.0,51,0
820,738,0.0,42,0
820,737,0.0,39,0
820,703,0.0,38,0
820,736,0.0,35,0
820,660,0.0,25,0
820,735,0.0,22,0
820,632,2.0,15,0
820,578,3.0,10,0
820,612,0.0,69,0
820,734,0.0,68,0
820,647,18.0,1,2
820,733,0.0,67,0
820,702,0.0,66,0
820,520,0.0,65,0
820,615,0.0,64,0
820,628,0.0,63,0
820,699,0.0,62,0
820,529,0.0,61,0
820,449,0.0,60,0
820,677,0.0,59,0
820,732,0.0,47,0
820,675,0.0,46,0
820,731,0.0,45,0
820,521,0.0,44,0
820,657,1.0,17,0
820,513,0.0,43,0
820,730,0.0,41,0
820,729,0.0,40,0
820,728,0.0,37,0
820,727,0.0,36,0
820,658,0.0,33,0
820,593,0.0,32,0
820,629,0.0,29,0
820,726,0.0,27,0
820,592,0.0,23,0
820,525,0.0,20,0
820,656,2.0,14,0
820,518,3.0,12,0
820,611,4.0,9,0
820,509,6.0,7,0
820,526,8.0,4,1
820,720,0.0,58,0
820,627,0.0,53,0
820,724,0.0,56,0
820,717,0.0,55,0
820,725,0.0,54,0
820,581,0.0,19,0
820,642,12.0,3,0
820,626,7.0,5,0
820,651,0.0,28,0
820,475,0.0,50,0
820,501,0.0,49,0
820,609,0.0,48,0
820,669,0.0,30,0
820,688,0.0,24,0
820,721,0.0,21,0
820,640,0.0,18,0
820,689,2.0,13,0
820,663,3.0,11,0
820,554,4.0,8,0
820,723,6.0,6,0
820,641,13.0,2,1
821,749,0.0,80,0
821,748,0.0,79,0
821,747,0.0,76,0
821,708,0.0,71,0
821,705,0.0,57,0
821,746,0.0,53,0
821,664,0.0,51,0
821,745,0.0,43,0
821,744,0.0,33,0
821,456,0.0,31,0
821,686,0.0,25,0
821,743,2.0,18,0
821,742,3.0,13,0
821,722,0.0,66,0
821,687,0.0,36,0
821,740,0.0,40,0
821,704,0.0,37,0
821,741,0.0,29,0
821,427,2.0,15,0
821,739,0.0,61,0
821,738,0.0,48,0
821,737,0.0,46,0
821,703,0.0,45,0
821,736,0.0,41,0
821,660,0.0,28,0
821,735,0.0,24,0
821,632,2.0,17,0
821,578,7.0,6,0
821,612,0.0,82,0
821,734,0.0,81,0
821,647,27.0,1,3
821,733,0.0,78,0
821,702,0.0,77,0
821,520,0.0,75,0
821,615,0.0,74,0
821,628,0.0,73,0
821,699,0.0,72,0
821,529,0.0,70,0
821,449,0.0,69,0
821,677,0.0,68,0
821,732,0.0,58,0
821,675,0.0,56,0
821,731,0.0,55,0
821,521,0.0,54,0
821,657,1.0,19,0
821,513,0.0,50,0
821,730,0.0,49,0
821,729,0.0,47,0
821,728,0.0,44,0
821,727,0.0,42,0
821,658,0.0,39,0
821,593,0.0,38,0
821,629,0.0,34,0
821,726,0.0,30,0
821,592,0.0,26,0
821,525,0.0,22,0
821,656,2.0,16,0
821,518,3.0,12,0
821,611,4.0,10,0
821,509,6.0,8,0
821,526,8.0,4,1
821,720,0.0,67,0
821,627,0.0,62,0
821,724,0.0,65,0
821,717,0.0,64,0
821,725,0.0,63,0
821,581,0.0,21,0
821,642,12.0,3,0
821,626,7.0,5,0
821,651,0.0,32,0
821,475,0.0,60,0
821,501,0.0,52,0
821,609,0.0,59,0
821,669,0.0,35,0
821,688,0.0,27,0
821,721,0.0,23,0
821,640,0.0,20,0
821,689,2.0,14,0
821,663,3.0,11,0
821,554,4.0,9,0
821,723,6.0,7,0
821,641,19.0,2,1
822,757,0.0,92,0
822,692,0.0,89,0
822,697,0.0,85,0
822,756,0.0,84,0
822,755,0.0,78,0
822,710,0.0,76,0
822,715,0.0,72,0
822,754,0.0,71,0
822,750,0.0,67,0
822,712,0.0,66,0
822,709,0.0,46,0
822,753,0.0,43,0
822,752,0.0,38,0
822,751,0.0,28,0
822,749,0.0,79,0
822,748,0.0,74,0
822,747,0.0,91,0
822,708,0.0,83,0
822,705,0.0,62,0
822,746,0.0,58,0
822,664,0.0,56,0
822,745,0.0,48,0
822,744,0.0,36,0
822,456,0.0,34,0
822,686,0.0,26,0
822,743,2.0,18,0
822,742,3.0,13,0
822,722,0.0,75,0
822,687,0.0,40,0
822,740,0.0,45,0
822,704,0.0,41,0
822,741,0.0,32,0
822,427,2.0,15,0
822,739,0.0,68,0
822,738,0.0,53,0
822,737,0.0,51,0
822,703,0.0,50,0
822,736,0.0,20,0
822,660,0.0,30,0
822,735,0.0,25,0
822,632,2.0,16,0
822,578,7.0,7,0
822,612,0.0,96,0
822,734,0.0,95,0
822,647,36.0,1,4
822,733,0.0,94,0
822,702,0.0,93,0
822,520,0.0,90,0
822,615,0.0,88,0
822,628,0.0,87,0
822,699,0.0,86,0
822,529,0.0,82,0
822,449,0.0,81,0
822,677,0.0,80,0
822,732,0.0,63,0
822,675,0.0,61,0
822,731,0.0,60,0
822,521,0.0,59,0
822,657,1.0,19,0
822,513,0.0,55,0
822,730,0.0,54,0
822,729,0.0,52,0
822,728,0.0,49,0
822,727,0.0,47,0
822,658,0.0,44,0
822,593,0.0,42,0
822,629,0.0,37,0
822,726,0.0,33,0
822,592,0.0,27,0
822,525,0.0,23,0
822,656,2.0,17,0
822,518,3.0,12,0
822,611,4.0,10,0
822,509,6.0,8,0
822,526,8.0,5,1
822,720,0.0,77,0
822,627,0.0,69,0
822,724,0.0,31,0
822,717,0.0,73,0
822,725,0.0,70,0
822,581,0.0,22,0
822,642,18.0,3,0
822,626,7.0,6,0
822,651,0.0,35,0
822,475,0.0,65,0
822,501,0.0,57,0
822,609,0.0,64,0
822,669,0.0,39,0
822,688,0.0,29,0
822,721,0.0,24,0
822,640,0.0,21,0
822,689,2.0,14,0
822,663,3.0,11,0
822,554,6.0,9,0
822,723,10.0,4,0
822,641,22.0,2,1
823,759,0.0,39,0
823,758,0.0,70,0
823,622,0.0,41,0
823,633,4.0,11,0
823,757,0.0,96,0
823,692,0.0,93,0
823,697,0.0,89,0
823,756,0.0,88,0
823,755,0.0,83,0
823,710,0.0,81,0
823,715,0.0,77,0
823,754,0.0,76,0
823,750,0.0,72,0
823,712,0.0,71,0
823,709,0.0,50,0
823,753,0.0,47,0
823,752,0.0,42,0
823,751,0.0,30,0
823,749,0.0,84,0
823,748,0.0,79,0
823,747,0.0,95,0
823,708,0.0,27,0
823,705,0.0,66,0
823,746,0.0,62,0
823,664,0.0,60,0
823,745,0.0,52,0
823,744,0.0,38,0
823,456,0.0,37,0
823,686,0.0,28,0
823,743,2.0,19,0
823,742,3.0,14,0
823,722,0.0,80,0
823,687,0.0,44,0
823,740,0.0,49,0
823,704,0.0,45,0
823,741,0.0,35,0
823,427,2.0,16,0
823,739,0.0,73,0
823,738,0.0,57,0
823,737,0.0,55,0
823,703,0.0,54,0
823,736,0.0,21,0
823,660,0.0,33,0
823,735,0.0,26,0
823,632,2.0,17,0
823,578,10.0,5,0
823,612,0.0,100,0
823,734,0.0,99,0
823,647,36.0,1,5
823,733,0.0,98,0
823,702,0.0,97,0
823,520,0.0,94,0
823,615,0.0,92,0
823,628,0.0,91,0
823,699,0.0,90,0
823,529,0.0,87,0
823,449,0.0,86,0
823,677,0.0,85,0
823,732,0.0,67,0
823,675,0.0,65,0
823,731,0.0,64,0
823,521,0.0,63,0
823,657,1.0,20,0
823,513,0.0,59,0
823,730,0.0,58,0
823,729,0.0,56,0
823,728,0.0,53,0
823,727,0.0,51,0
823,658,0.0,48,0
823,593,0.0,46,0
823,629,0.0,40,0
823,726,0.0,36,0
823,592,0.0,29,0
823,525,0.0,24,0
823,656,2.0,18,0
823,518,3.0,13,0
823,611,4.0,10,0
823,509,6.0,8,0
823,526,8.0,7,1
823,720,0.0,82,0
823,627,0.0,74,0
823,724,0.0,34,0
823,717,0.0,78,0
823,725,0.0,75,0
823,581,0.0,23,0
823,642,24.0,2,0
823,626,9.0,6,0
823,651,0.0,31,0
823,475,0.0,69,0
823,501,0.0,61,0
823,609,0.0,68,0
823,669,0.0,43,0
823,688,0.0,32,0
823,721,0.0,25,0
823,640,0.0,22,0
823,689,2.0,15,0
823,663,3.0,12,0
823,554,6.0,9,0
823,723,10.0,4,0
823,641,22.0,3,1
824,760,0.0,105,0
824,761,0.0,94,0
824,625,0.0,90,0
824,762,0.0,84,0
824,498,6.5,9,0
824,759,0.0,43,0
824,758,0.0,74,0
824,622,0.0,36,0
824,633,8.0,8,0
824,757,0.0,100,0
824,692,0.0,97,0
824,697,2.0,19,0
824,756,0.0,92,0
824,755,0.0,86,0
824,710,0.0,83,0
824,715,0.0,81,0
824,754,0.0,79,0
824,750,0.0,76,0
824,712,0.0,75,0
824,709,0.0,55,0
824,753,0.0,52,0
824,752,0.0,45,0
824,751,0.0,33,0
824,749,0.0,87,0
824,748,0.0,51,0
824,747,0.0,99,0
824,708,0.0,30,0
824,705,0.0,71,0
824,746,0.0,67,0
824,664,0.0,64,0
824,745,0.0,57,0
824,744,0.0,42,0
824,456,0.0,41,0
824,686,0.0,31,0
824,743,2.0,21,0
824,742,3.0,14,0
824,722,0.0,82,0
824,687,0.0,47,0
824,740,0.0,54,0
824,704,0.0,49,0
824,741,0.0,39,0
824,427,2.0,17,0
824,739,0.0,77,0
824,738,0.0,62,0
824,737,0.0,60,0
824,703,0.0,59,0
824,736,0.0,23,0
824,660,0.0,37,0
824,735,0.0,29,0
824,632,2.0,18,0
824,578,10.0,5,0
824,612,0.0,104,0
824,734,0.0,103,0
824,647,36.0,1,6
824,733,0.0,102,0
824,702,0.0,101,0
824,520,0.0,98,0
824,615,0.0,96,0
824,628,0.0,95,0
824,699,0.0,93,0
824,529,0.0,91,0
824,449,0.0,89,0
824,677,0.0,88,0
824,732,0.0,72,0
824,675,0.0,70,0
824,731,0.0,69,0
824,521,0.0,68,0
824,657,1.0,22,0
824,513,0.0,65,0
824,730,0.0,63,0
824,729,0.0,61,0
824,728,0.0,58,0
824,727,0.0,56,0
824,658,0.0,53,0
824,593,0.0,50,0
824,629,0.0,44,0
824,726,0.0,40,0
824,592,0.0,32,0
824,525,0.0,27,0
824,656,2.0,20,0
824,518,3.0,15,0
824,611,4.0,12,0
824,509,6.0,10,0
824,526,8.0,7,1
824,720,0.0,85,0
824,627,0.0,48,0
824,724,0.0,38,0
824,717,0.0,80,0
824,725,0.0,78,0
824,581,0.0,26,0
824,642,24.0,2,0
824,626,9.0,6,0
824,651,0.0,34,0
824,475,0.0,73,0
824,501,0.0,66,0
824,609,0.0,25,0
824,669,0.0,46,0
824,688,0.0,35,0
824,721,0.0,28,0
824,640,0.0,24,0
824,689,2.0,16,0
824,663,3.0,13,0
824,554,6.0,11,0
824,723,10.0,4,0
824,641,22.0,3,1
825,721,0.0,21,0
825,498,0.0,20,0
825,633,0.0,19,0
825,704,0.0,18,0
825,725,0.0,17,0
825,765,0.0,16,0
825,687,0.0,15,0
825,764,0.0,14,0
825,660,0.0,13,0
825,501,0.0,12,0
825,723,0.0,11,0
825,741,0.0,10,0
825,627,0.0,9,0
825,475,0.0,8,0
825,589,0.0,7,0
825,647,0.0,6,0
825,640,2.0,5,0
825,763,3.0,4,0
825,642,4.0,3,0
825,641,6.0,2,0
825,579,9.0,1,1
826,675,2.0,11,0
826,728,0.0,55,0
826,732,0.0,54,0
826,772,0.0,53,0
826,726,0.0,52,0
826,657,0.0,51,0
826,629,0.0,50,0
826,449,0.0,49,0
826,771,0.0,48,0
826,733,0.0,47,0
826,630,0.0,46,0
826,526,0.0,45,0
826,770,0.0,44,0
826,593,0.0,43,0
826,521,0.0,41,0
826,769,0.0,38,0
826,700,0.0,37,0
826,615,0.0,35,0
826,653,0.0,32,0
826,654,0.0,30,0
826,768,0.0,29,0
826,729,0.0,28,0
826,611,0.0,27,0
826,534,0.0,26,0
826,699,0.0,25,0
826,529,0.0,24,0
826,518,0.0,16,0
826,767,0.0,15,0
826,731,0.0,13,0
826,734,2.0,9,0
826,612,3.0,6,0
826,658,2.0,8,0
826,673,6.0,3,0
826,766,9.0,2,1
826,721,0.0,42,0
826,498,0.0,40,0
826,633,0.0,39,0
826,704,0.0,36,0
826,725,0.0,34,0
826,765,0.0,33,0
826,687,0.0,31,0
826,764,0.0,23,0
826,660,0.0,22,0
826,501,0.0,21,0
826,723,0.0,20,0
826,741,0.0,19,0
826,627,0.0,18,0
826,475,0.0,17,0
826,589,0.0,14,0
826,647,0.0,12,0
826,640,2.0,10,0
826,763,3.0,7,0
826,642,4.0,5,0
826,641,6.0,4,0
826,579,9.0,1,1
827,773,0.0,22,0
827,429,0.0,17,0
827,728,0.0,57,0
827,732,0.0,56,0
827,772,0.0,55,0
827,726,0.0,54,0
827,657,0.0,53,0
827,629,0.0,52,0
827,449,0.0,51,0
827,771,0.0,50,0
827,733,0.0,49,0
827,630,0.0,48,0
827,526,0.0,47,0
827,770,0.0,46,0
827,593,0.0,45,0
827,521,0.0,43,0
827,769,0.0,41,0
827,700,0.0,40,0
827,615,0.0,39,0
827,653,0.0,36,0
827,654,0.0,34,0
827,768,0.0,33,0
827,729,0.0,32,0
827,611,0.0,31,0
827,534,0.0,30,0
827,699,0.0,29,0
827,529,0.0,28,0
827,518,0.0,21,0
827,767,0.0,20,0
827,731,0.0,16,0
827,734,2.0,13,0
827,612,3.0,10,0
827,658,2.0,11,0
827,673,6.0,6,0
827,766,9.0,3,1
827,721,0.0,44,0
827,498,0.0,42,0
827,633,4.0,7,0
827,704,2.0,12,0
827,725,0.0,38,0
827,765,0.0,37,0
827,687,0.0,35,0
827,764,0.0,27,0
827,660,0.0,18,0
827,501,0.0,26,0
827,723,0.0,25,0
827,741,0.0,24,0
827,627,3.0,8,0
827,475,0.0,23,0
827,589,0.0,19,0
827,647,6.0,4,0
827,640,2.0,14,0
827,763,3.0,9,0
827,642,12.0,1,1
827,641,6.0,5,0
827,579,10.0,2,1
828,675,2.0,18,0
828,670,0.0,52,0
828,626,0.0,49,0
828,609,0.0,48,0
828,427,0.0,45,0
828,775,0.0,40,0
828,774,0.0,25,0
828,686,3.0,13,0
828,786,4.0,8,1
828,773,0.0,26,0
828,429,0.0,21,0
828,728,0.0,65,0
828,732,0.0,64,0
828,772,0.0,63,0
828,726,0.0,62,0
828,657,0.0,61,0
828,629,0.0,60,0
828,449,0.0,59,0
828,771,0.0,58,0
828,733,0.0,57,0
828,630,0.0,56,0
828,526,0.0,55,0
828,770,0.0,54,0
828,593,0.0,53,0
828,521,0.0,50,0
828,769,0.0,47,0
828,700,0.0,46,0
828,615,0.0,44,0
828,653,0.0,41,0
828,654,0.0,39,0
828,768,0.0,37,0
828,729,0.0,36,0
828,611,0.0,35,0
828,534,0.0,34,0
828,699,0.0,33,0
828,529,0.0,32,0
828,518,0.0,24,0
828,767,0.0,23,0
828,731,0.0,20,0
828,734,2.0,17,0
828,612,3.0,12,0
828,658,2.0,14,0
828,673,6.0,7,0
828,766,9.0,3,1
828,721,0.0,51,0
828,498,3.0,9,0
828,633,8.0,5,0
828,704,2.0,15,0
828,725,0.0,43,0
828,765,0.0,42,0
828,687,0.0,38,0
828,764,0.0,28,0
828,660,0.0,22,0
828,501,0.0,31,0
828,723,0.0,30,0
828,741,0.0,29,0
828,627,3.0,10,0
828,475,0.0,27,0
828,589,0.0,19,0
828,647,9.0,4,0
828,640,2.0,16,0
828,763,3.0,11,0
828,642,14.0,2,1
828,641,6.0,6,0
828,579,15.0,1,2
829,747,0.0,53,0
829,777,0.0,51,0
829,776,0.0,46,0
829,708,0.0,37,0
829,619,0.0,35,0
829,778,0.0,30,0
829,661,0.0,25,0
829,697,3.0,13,0
829,670,0.0,61,0
829,626,0.0,58,0
829,609,0.0,56,0
829,427,0.0,52,0
829,775,0.0,45,0
829,774,0.0,27,0
829,686,5.0,9,0
829,786,4.0,10,1
829,773,0.0,28,0
829,429,0.0,22,0
829,728,0.0,74,0
829,732,0.0,73,0
829,772,0.0,72,0
829,726,0.0,71,0
829,657,0.0,70,0
829,629,0.0,69,0
829,449,0.0,68,0
829,771,0.0,67,0
829,733,0.0,66,0
829,630,0.0,65,0
829,526,0.0,64,0
829,770,0.0,63,0
829,593,0.0,62,0
829,521,0.0,59,0
829,769,0.0,55,0
829,700,0.0,54,0
829,615,0.0,50,0
829,653,0.0,47,0
829,654,0.0,44,0
829,768,0.0,43,0
829,729,0.0,42,0
829,611,0.0,41,0
829,534,0.0,40,0
829,699,0.0,39,0
829,529,0.0,38,0
829,518,0.0,26,0
829,767,0.0,24,0
829,731,0.0,21,0
829,734,2.0,18,0
829,612,3.0,14,0
829,658,2.0,15,0
829,673,6.0,8,0
829,766,9.0,5,1
829,721,0.0,60,0
829,498,11.0,4,1
829,633,12.0,3,0
829,704,2.0,16,0
829,725,0.0,49,0
829,765,0.0,48,0
829,687,0.0,32,0
829,764,0.0,31,0
829,660,0.0,23,0
829,501,0.0,36,0
829,723,0.0,34,0
829,741,0.0,33,0
829,627,3.0,12,0
829,475,0.0,29,0
829,589,0.0,20,0
829,647,9.0,6,0
829,640,2.0,17,0
829,763,3.0,11,0
829,642,15.0,2,1
829,641,6.0,7,0
829,579,21.0,1,2
830,756,0.0,52,0
830,680,0.0,36,0
830,779,0.0,60,0
830,747,0.0,57,0
830,777,0.0,56,0
830,776,0.0,49,0
830,708,0.0,38,0
830,619,0.0,37,0
830,778,0.0,32,0
830,661,0.0,27,0
830,697,3.0,13,0
830,670,0.0,64,0
830,626,0.0,25,0
830,609,0.0,53,0
830,427,0.0,44,0
830,775,0.0,48,0
830,774,0.0,30,0
830,686,5.0,9,0
830,786,4.0,10,1
830,773,0.0,28,0
830,429,0.0,23,0
830,728,0.0,77,0
830,732,0.0,76,0
830,772,0.0,75,0
830,726,0.0,74,0
830,657,0.0,73,0
830,629,0.0,72,0
830,449,0.0,71,0
830,771,0.0,70,0
830,733,0.0,69,0
830,630,0.0,68,0
830,526,0.0,67,0
830,770,0.0,66,0
830,593,0.0,65,0
830,521,0.0,61,0
830,769,0.0,59,0
830,700,0.0,58,0
830,615,0.0,55,0
830,653,0.0,50,0
830,654,0.0,47,0
830,768,0.0,46,0
830,729,0.0,45,0
830,611,0.0,43,0
830,534,0.0,42,0
830,699,0.0,41,0
830,529,0.0,40,0
830,518,0.0,29,0
830,767,0.0,26,0
830,731,0.0,22,0
830,734,2.0,18,0
830,612,3.0,14,0
830,658,2.0,15,0
830,673,6.0,8,0
830,766,9.0,6,1
830,721,0.0,63,0
830,498,15.0,3,1
830,633,15.0,5,0
830,704,2.0,16,0
830,725,0.0,54,0
830,765,0.0,51,0
830,687,0.0,34,0
830,764,0.0,33,0
830,660,0.0,24,0
830,501,0.0,39,0
830,723,0.0,21,0
830,741,0.0,35,0
830,627,3.0,12,0
830,475,0.0,31,0
830,589,0.0,20,0
830,647,17.0,2,1
830,640,2.0,17,0
830,763,3.0,11,0
830,642,15.0,4,1
830,641,8.0,7,0
830,579,27.0,1,2
831,675,2.0,19,0
831,781,0.0,69,0
831,622,0.0,62,0
831,762,0.0,36,0
831,780,0.0,64,0
831,756,0.0,54,0
831,680,0.0,38,0
831,779,0.0,61,0
831,747,0.0,58,0
831,777,0.0,57,0
831,776,0.0,51,0
831,708,0.0,40,0
831,619,0.0,39,0
831,778,0.0,33,0
831,661,0.0,28,0
831,697,5.0,9,0
831,670,0.0,66,0
831,626,0.0,26,0
831,609,0.0,22,0
831,427,0.0,44,0
831,775,0.0,50,0
831,774,0.0,31,0
831,686,5.0,10,0
831,786,4.0,11,1
831,773,0.0,29,0
831,429,0.0,24,0
831,728,0.0,80,0
831,732,0.0,79,0
831,772,0.0,78,0
831,726,0.0,77,0
831,657,0.0,76,0
831,629,0.0,75,0
831,449,0.0,74,0
831,771,0.0,73,0
831,733,0.0,72,0
831,630,0.0,71,0
831,526,0.0,70,0
831,770,0.0,68,0
831,593,0.0,67,0
831,521,0.0,63,0
831,769,0.0,60,0
831,700,0.0,59,0
831,615,0.0,56,0
831,653,0.0,52,0
831,654,0.0,49,0
831,768,0.0,48,0
831,729,0.0,47,0
831,611,0.0,46,0
831,534,0.0,45,0
831,699,0.0,43,0
831,529,0.0,42,0
831,518,0.0,30,0
831,767,0.0,27,0
831,731,0.0,23,0
831,734,2.0,18,0
831,612,3.0,14,0
831,658,2.0,15,0
831,673,6.0,8,0
831,766,9.0,7,1
831,721,0.0,65,0
831,498,21.0,3,1
831,633,15.0,5,0
831,704,2.0,16,0
831,725,0.0,55,0
831,765,0.0,53,0
831,687,0.0,35,0
831,764,0.0,34,0
831,660,0.0,25,0
831,501,0.0,41,0
831,723,0.0,21,0
831,741,0.0,37,0
831,627,3.0,13,0
831,475,0.0,32,0
831,589,0.0,20,0
831,647,25.0,2,2
831,640,2.0,17,0
831,763,3.0,12,0
831,642,17.0,4,1
831,641,10.0,6,0
831,579,27.0,1,2
832,669,0.0,62,0
832,783,0.0,54,0
832,580,0.0,39,0
832,781,0.0,73,0
832,622,0.0,66,0
832,762,0.0,37,0
832,780,0.0,68,0
832,756,0.0,56,0
832,680,0.0,38,0
832,779,0.0,64,0
832,747,0.0,60,0
832,777,0.0,59,0
832,776,0.0,52,0
832,708,0.0,41,0
832,619,0.0,40,0
832,778,0.0,34,0
832,661,0.0,28,0
832,697,7.0,8,0
832,670,0.0,70,0
832,626,0.0,25,0
832,609,0.0,22,0
832,427,0.0,45,0
832,775,0.0,51,0
832,774,0.0,32,0
832,686,5.0,10,0
832,786,4.0,11,1
832,773,0.0,29,0
832,429,0.0,24,0
832,728,0.0,84,0
832,732,0.0,83,0
832,772,0.0,82,0
832,726,0.0,81,0
832,657,0.0,80,0
832,629,0.0,79,0
832,449,0.0,78,0
832,771,0.0,77,0
832,733,0.0,76,0
832,630,0.0,75,0
832,526,0.0,74,0
832,770,0.0,72,0
832,593,0.0,71,0
832,521,0.0,67,0
832,769,0.0,63,0
832,700,0.0,61,0
832,615,0.0,58,0
832,653,0.0,53,0
832,654,0.0,50,0
832,768,0.0,49,0
832,729,0.0,48,0
832,611,0.0,47,0
832,534,0.0,46,0
832,699,0.0,44,0
832,529,0.0,43,0
832,518,0.0,31,0
832,767,0.0,27,0
832,731,0.0,23,0
832,734,2.0,18,0
832,612,3.0,14,0
832,658,2.0,15,0
832,673,6.0,9,0
832,766,9.0,7,1
832,721,0.0,69,0
832,498,24.0,3,1
832,633,15.0,5,0
832,704,2.0,17,0
832,725,0.0,57,0
832,765,0.0,55,0
832,687,0.0,36,0
832,764,0.0,35,0
832,660,0.0,26,0
832,501,0.0,42,0
832,723,0.0,21,0
832,741,0.0,30,0
832,627,3.0,13,0
832,475,0.0,33,0
832,589,0.0,20,0
832,647,25.0,2,2
832,640,2.0,16,0
832,763,3.0,12,0
832,642,19.0,4,1
832,641,10.0,6,0
832,579,31.0,1,3
833,666,0.0,21,0
833,788,0.0,10,0
833,790,0.0,23,0
833,661,0.0,22,0
833,789,0.0,20,0
833,589,0.0,19,0
833,640,0.0,18,0
833,785,0.0,17,0
833,747,0.0,16,0
833,669,0.0,15,0
833,776,0.0,14,0
833,579,0.0,13,0
833,660,0.0,12,0
833,778,0.0,11,0
833,784,0.0,9,0
833,741,0.0,8,0
833,787,0.0,7,0
833,619,0.0,6,0
833,627,2.0,5,0
833,704,3.0,4,0
834,666,0.0,29,0
834,788,0.0,16,0
834,792,0.0,33,0
834,687,0.0,31,0
834,501,0.0,28,0
834,762,0.0,26,0
834,427,0.0,25,0
834,626,0.0,21,0
834,498,0.0,19,0
834,633,0.0,18,0
834,793,3.0,8,0
834,647,6.0,4,0
834,661,0.0,30,0
834,789,0.0,27,0
834,589,4.0,5,0
834,640,0.0,22,0
834,785,0.0,24,0
834,747,0.0,23,0
834,776,0.0,20,0
834,579,9.0,2,1
834,660,0.0,12,0
834,778,0.0,17,0
834,784,0.0,15,0
834,741,0.0,14,0
834,787,0.0,13,0
834,627,2.0,9,0
834,704,3.0,7,0
834,786,6.0,3,0
834,642,9.0,1,1
835,803,0.0,60,0
835,666,0.0,54,0
835,788,0.0,27,0
835,630,0.0,66,0
835,537,0.0,65,0
835,529,1.0,15,0
835,611,0.0,64,0
835,799,0.0,63,0
835,615,0.0,62,0
835,798,0.0,61,0
835,729,0.0,59,0
835,731,0.0,67,0
835,509,0.0,42,0
835,797,0.0,41,0
835,796,0.0,40,0
835,659,0.0,39,0
835,677,0.0,38,0
835,771,0.0,37,0
835,732,0.0,36,0
835,653,0.0,35,0
835,520,0.0,34,0
835,526,0.0,33,0
835,658,0.0,32,0
835,772,0.0,31,0
835,518,0.0,30,0
835,795,0.0,29,0
835,559,0.0,26,0
835,555,0.0,25,0
835,726,0.0,23,0
835,654,0.0,21,0
835,766,0.0,18,0
835,794,1.0,16,0
835,770,3.0,11,0
835,768,4.0,9,0
835,701,6.0,6,0
835,593,9.0,3,1
835,792,0.0,58,0
835,687,0.0,56,0
835,501,0.0,53,0
835,762,0.0,51,0
835,427,0.0,50,0
835,626,0.0,46,0
835,498,0.0,44,0
835,633,0.0,43,0
835,647,6.0,5,0
835,790,0.0,57,0
835,661,0.0,55,0
835,789,0.0,52,0
835,589,4.0,7,0
835,640,0.0,47,0
835,785,0.0,49,0
835,747,0.0,48,0
835,669,2.0,14,0
835,776,0.0,45,0
836,803,0.0,63,0
836,788,0.0,31,0
836,780,0.0,33,0
836,800,0.0,24,0
836,697,2.0,15,0
836,630,0.0,69,0
836,537,0.0,68,0
836,529,1.0,16,0
836,611,0.0,67,0
836,799,0.0,66,0
836,615,0.0,65,0
836,798,0.0,64,0
836,729,0.0,62,0
836,731,0.0,70,0
836,509,0.0,47,0
836,797,0.0,46,0
836,796,0.0,45,0
836,659,0.0,44,0
836,677,0.0,43,0
836,771,0.0,42,0
836,732,0.0,41,0
836,653,0.0,40,0
836,520,0.0,39,0
836,526,0.0,38,0
836,658,0.0,37,0
836,772,0.0,36,0
836,518,0.0,35,0
836,559,0.0,30,0
836,555,0.0,29,0
836,726,0.0,27,0
836,654,0.0,23,0
836,766,0.0,20,0
836,794,1.0,17,0
836,770,3.0,14,0
836,768,4.0,11,0
836,701,6.0,6,0
836,593,9.0,4,1
836,792,0.0,61,0
836,687,0.0,59,0
836,501,0.0,26,0
836,427,0.0,55,0
836,498,0.0,49,0
836,633,0.0,48,0
836,793,3.0,12,0
836,647,6.0,5,0
836,790,0.0,60,0
836,661,0.0,58,0
836,789,0.0,51,0
836,589,4.0,9,0
836,640,0.0,19,0
836,785,0.0,54,0
836,747,0.0,53,0
836,669,5.0,8,0
836,776,0.0,50,0
836,579,9.0,3,1
836,660,0.0,21,0
836,778,0.0,32,0
836,784,0.0,28,0
836,787,0.0,22,0
836,627,6.0,7,0
836,686,4.0,10,0
836,786,12.0,2,0
837,803,0.0,65,0
837,666,0.0,59,0
837,788,0.0,35,0
837,773,0.0,25,0
837,780,0.0,33,0
837,800,0.0,26,0
837,697,2.0,15,0
837,630,0.0,71,0
837,537,0.0,70,0
837,529,1.0,16,0
837,611,0.0,69,0
837,799,0.0,68,0
837,615,0.0,67,0
837,798,0.0,66,0
837,729,0.0,64,0
837,731,0.0,72,0
837,509,0.0,50,0
837,797,0.0,49,0
837,796,0.0,48,0
837,659,0.0,47,0
837,677,0.0,46,0
837,771,0.0,45,0
837,732,0.0,44,0
837,653,0.0,43,0
837,520,0.0,42,0
837,526,0.0,41,0
837,658,0.0,40,0
837,772,0.0,39,0
837,518,0.0,38,0
837,559,0.0,34,0
837,555,0.0,32,0
837,726,0.0,29,0
837,654,0.0,24,0
837,766,0.0,21,0
837,794,1.0,17,0
837,770,3.0,14,0
837,768,4.0,11,0
837,701,6.0,7,0
837,593,9.0,5,1
837,792,0.0,63,0
837,687,0.0,61,0
837,501,0.0,28,0
837,762,0.0,58,0
837,626,0.0,55,0
837,498,0.0,51,0
837,633,0.0,19,0
837,793,3.0,12,0
837,647,8.0,6,0
837,790,0.0,62,0
837,661,0.0,60,0
837,789,0.0,54,0
837,640,0.0,20,0
837,785,0.0,30,0
837,747,0.0,56,0
837,669,5.0,8,0
837,776,0.0,53,0
837,579,17.0,3,2
837,660,0.0,22,0
837,778,0.0,36,0
837,784,0.0,31,0
837,787,0.0,23,0
837,627,10.0,4,0
837,686,4.0,10,0
837,786,18.0,2,0
838,803,0.0,66,0
838,666,0.0,61,0
838,788,0.0,39,0
838,801,0.0,25,0
838,774,1.0,19,0
838,773,0.0,28,0
838,780,0.0,37,0
838,800,0.0,31,0
838,697,2.0,17,0
838,630,0.0,72,0
838,537,0.0,71,0
838,529,1.0,20,0
838,611,0.0,70,0
838,799,0.0,69,0
838,615,0.0,68,0
838,798,0.0,67,0
838,729,0.0,65,0
838,731,0.0,73,0
838,509,0.0,54,0
838,797,0.0,53,0
838,796,0.0,52,0
838,659,0.0,51,0
838,677,0.0,50,0
838,771,0.0,49,0
838,732,0.0,48,0
838,653,0.0,47,0
838,520,0.0,46,0
838,526,0.0,45,0
838,658,0.0,44,0
838,772,0.0,43,0
838,518,0.0,42,0
838,795,0.0,41,0
838,559,0.0,38,0
838,555,0.0,36,0
838,726,0.0,33,0
838,654,0.0,30,0
838,766,0.0,26,0
838,794,1.0,21,0
838,770,3.0,16,0
838,768,4.0,12,0
838,701,6.0,7,0
838,593,9.0,5,1
838,792,0.0,64,0
838,687,4.0,11,0
838,762,0.0,57,0
838,427,0.0,60,0
838,626,3.0,15,0
838,498,0.0,55,0
838,633,0.0,23,0
838,793,3.0,14,0
838,647,8.0,6,0
838,790,0.0,63,0
838,789,0.0,58,0
838,589,4.0,9,0
838,785,0.0,34,0
838,747,0.0,59,0
838,669,5.0,8,0
838,776,0.0,56,0
838,579,26.0,1,3
838,660,0.0,27,0
839,803,0.0,74,0
839,666,0.0,67,0
839,788,0.0,40,0
839,756,0.0,72,0
839,763,0.0,71,0
839,740,0.0,66,0
839,765,0.0,65,0
839,791,0.0,64,0
839,641,0.0,61,0
839,764,0.0,58,0
839,802,3.0,13,0
839,801,0.0,26,0
839,773,0.0,29,0
839,780,0.0,38,0
839,800,0.0,32,0
839,697,2.0,19,0
839,630,0.0,80,0
839,537,0.0,79,0
839,529,1.0,21,0
839,611,0.0,78,0
839,799,0.0,77,0
839,615,0.0,76,0
839,798,0.0,75,0
839,729,0.0,73,0
839,731,0.0,81,0
839,509,0.0,55,0
839,797,0.0,54,0
839,796,0.0,53,0
839,659,0.0,52,0
839,677,0.0,51,0
839,771,0.0,50,0
839,732,0.0,49,0
839,653,0.0,48,0
839,520,0.0,47,0
839,526,0.0,46,0
839,658,0.0,45,0
839,772,0.0,44,0
839,518,0.0,43,0
839,559,0.0,39,0
839,555,0.0,37,0
839,726,0.0,34,0
839,654,0.0,31,0
839,766,0.0,27,0
839,794,1.0,22,0
839,770,3.0,17,0
839,768,4.0,12,0
839,701,6.0,7,0
839,593,9.0,6,1
839,687,4.0,9,0
839,501,0.0,33,0
839,762,0.0,59,0
839,427,0.0,63,0
839,626,3.0,16,0
839,498,0.0,57,0
839,633,0.0,25,0
839,793,3.0,15,0
839,647,11.0,5,0
839,790,0.0,69,0
839,661,0.0,68,0
839,789,0.0,62,0
839,589,4.0,10,0
839,640,0.0,23,0
839,785,0.0,35,0
839,747,0.0,56,0
839,669,5.0,8,0
839,776,0.0,60,0
839,579,27.0,2,3
833,686,4.0,3,0
833,786,6.0,2,0
835,579,9.0,2,1
835,660,0.0,19,0
835,778,0.0,28,0
835,784,0.0,24,0
835,741,0.0,22,0
835,704,3.0,10,0
835,786,6.0,4,0
838,778,0.0,40,0
838,784,0.0,35,0
838,704,3.0,13,0
838,686,4.0,10,0
838,642,22.0,3,2
839,660,0.0,28,0
839,778,0.0,41,0
839,619,0.0,24,0
839,627,13.0,4,0
839,686,4.0,11,0
839,786,24.0,3,0
800,501,0.0,13,0
800,427,3.0,7,0
800,498,5.0,5,0
800,579,8.0,1,1
801,671,0.0,50,0
801,643,0.0,48,0
801,670,0.0,47,0
801,620,0.0,24,0
801,640,0.0,21,0
801,501,0.0,17,0
801,625,2.0,9,0
801,427,9.0,2,0
801,642,6.0,5,0
833,642,9.0,1,1
834,669,2.0,10,0
834,790,0.0,32,0
834,686,4.0,6,0
834,619,0.0,11,0
835,642,9.0,1,1
835,686,4.0,8,0
835,793,3.0,12,0
835,627,2.0,13,0
835,619,0.0,17,0
835,787,0.0,20,0
836,642,18.0,1,2
836,626,0.0,52,0
836,741,0.0,25,0
836,704,3.0,13,0
836,762,0.0,56,0
836,619,0.0,18,0
836,666,0.0,57,0
836,795,0.0,34,0
837,642,22.0,1,2
837,741,0.0,27,0
837,427,0.0,57,0
837,589,4.0,9,0
837,704,3.0,13,0
837,619,0.0,18,0
837,774,0.0,52,0
837,795,0.0,37,0
838,640,0.0,24,0
838,786,24.0,2,0
838,501,0.0,32,0
838,661,0.0,62,0
838,627,10.0,4,0
838,619,0.0,22,0
838,787,0.0,29,0
838,741,1.0,18,0
839,642,30.0,1,3
839,787,0.0,30,0
839,741,3.0,18,0
839,784,0.0,36,0
839,704,3.0,14,0
839,792,0.0,70,0
839,774,1.0,20,0
839,795,0.0,42,0
827,675,2.0,15,0
829,779,0.0,57,0
829,675,2.0,19,0
830,780,0.0,62,0
830,675,2.0,19,0
832,782,0.0,65,0
832,675,2.0,19,0
812,513,0.0,24,0
812,630,0.0,48,0
812,804,0.0,51,0
812,797,0.0,66,0
813,513,0.0,25,0
813,630,0.0,51,0
813,804,0.0,54,0
813,797,0.0,70,0
799,579,8.0,1,1
799,642,6.0,2,0
800,658,5.0,6,0
800,642,6.0,4,0
800,625,2.0,8,0
800,528,0.0,15,0
801,579,17.0,1,2
801,498,6.5,4,0
801,669,0.0,15,0
801,676,0.0,43,0
801,528,0.0,18,0
802,526,1.5,18,0
802,658,5.0,8,0
802,525,6.0,6,0
802,657,8.0,3,1
802,577,0.0,60,0
802,672,0.0,57,0
802,642,6.0,5,0
802,498,6.5,4,0
802,427,9.0,2,0
802,625,2.0,12,0
802,501,0.0,21,0
802,669,3.0,11,0
802,640,0.0,26,0
802,620,0.0,29,0
802,670,0.0,52,0
802,643,0.0,53,0
802,496,0.0,62,0
802,627,0.0,51,0
802,671,0.0,56,0
802,579,25.0,1,3
803,658,5.0,9,0
803,651,0.0,64,0
803,673,2.0,17,0
803,643,0.0,23,0
803,669,3.0,13,0
803,655,0.0,34,0
803,555,0.0,30,0
804,579,36.14,1,4
804,642,6.0,7,0
804,615,0.0,25,0
804,427,15.0,3,0
804,643,0.0,24,0
804,640,0.0,31,0
804,655,0.0,36,0
805,555,0.0,34,0
805,528,0.0,29,0
805,615,0.0,26,0
805,673,2.0,20,0
805,526,1.5,22,0
805,642,6.0,7,0
805,498,23.64,2,1
805,427,15.0,3,0
805,625,2.0,19,0
805,501,0.0,23,0
805,669,3.0,15,0
805,640,0.0,33,0
805,620,0.0,28,0
805,670,4.14,11,0
805,643,3.0,16,0
805,671,0.0,65,0
805,672,0.0,68,0
805,627,0.0,30,0
805,577,0.0,70,0
805,496,0.0,73,0
805,657,8.0,6,1
805,579,42.0,1,5
805,658,5.0,10,0
805,525,6.0,8,0
806,579,42.0,1,6
806,650,0.0,78,0
806,674,0.0,37,0
806,498,25.14,2,1
806,427,17.0,3,0
806,625,2.0,20,0
806,501,0.0,24,0
806,669,3.0,15,0
806,640,0.0,35,0
806,620,2.0,17,0
807,579,42.0,1,6
807,625,2.0,21,0
807,528,0.0,35,0
807,526,1.5,24,0
807,577,6.0,9,0
807,672,0.0,43,0
807,669,3.0,17,0
807,656,0.0,49,0
796,620,1.33,18,0
796,555,3.0,11,0
796,519,1.0,22,0
798,555,3.0,14,0
798,519,1.0,24,0
778,498,1.0,15,0
781,498,1.0,20,0
782,498,1.0,20,0
756,427,4.0,3,0
756,403,3.0,4,0
757,529,3.0,7,0
757,512,5.0,5,0
757,509,6.0,4,0
757,552,0.0,46,0
758,347,8.0,2,1
758,501,0.0,32,0
758,541,0.0,31,0
758,475,1.0,15,0
758,456,0.0,16,0
758,360,2.0,14,0
759,418,4.0,9,0
759,289,0.0,21,0
759,554,2.0,14,0
759,347,8.0,4,1
759,501,0.0,20,0
759,541,0.0,17,0
759,475,2.0,16,0
759,456,0.0,18,0
759,360,4.0,10,0
760,353,0.0,60,0
760,551,0.0,56,0
760,376,0.0,51,0
760,550,0.0,49,0
760,483,0.0,23,0
760,549,0.0,36,0
760,506,0.0,44,0
760,477,0.0,27,0
760,403,9.0,3,0
761,549,0.0,38,0
761,506,0.0,46,0
761,477,0.0,29,0
761,476,0.0,45,0
761,418,4.0,12,0
761,289,0.0,23,0
761,554,2.0,17,0
761,347,10.0,4,1
761,501,3.0,13,0
761,475,8.5,6,0
762,554,2.0,17,0
762,347,10.0,6,1
762,501,5.0,13,0
762,541,0.0,20,0
762,475,17.5,3,1
762,456,0.0,19,0
762,360,8.5,9,0
763,289,0.0,24,0
763,554,2.0,18,0
763,347,10.0,7,1
763,501,5.0,13,0
763,541,0.0,21,0
763,475,25.5,2,2
763,456,0.0,20,0
763,360,8.5,9,0
763,427,12.0,6,0
764,509,6.0,11,0
764,449,8.0,10,1
764,553,0.0,73,0
764,552,0.0,70,0
764,353,0.0,67,0
764,551,0.0,63,0
764,376,0.0,60,0
746,427,0.0,7,0
720,341,3.0,6,0
720,289,9.0,3,1
721,373,18.0,1,2
721,347,2.0,8,0
721,401,1.0,11,0
722,401,1.0,13,0
722,408,8.0,6,0
722,341,7.0,7,0
722,360,10.0,4,0
723,438,0.0,19,0
723,347,2.0,10,0
723,401,1.0,15,0
723,408,8.0,7,0
723,341,13.0,4,0
724,376,0.0,27,0
724,404,3.0,9,0
724,356,3.0,8,0
724,401,1.0,15,0
724,408,8.0,7,0
724,341,22.0,2,1
725,408,9.0,7,0
725,341,22.0,3,1
725,360,14.0,4,0
726,403,0.0,24,0
726,404,6.0,9,0
726,347,3.0,12,0
726,401,1.0,16,0
726,408,9.0,7,0
726,341,22.0,4,1
726,360,14.0,5,0
726,386,28.0,2,0
726,289,22.0,3,2
727,403,0.0,25,0
727,404,6.0,9,0
727,373,54.0,1,6
727,347,5.0,10,0
727,401,1.0,16,0
727,341,22.0,4,1
727,408,9.0,8,0
728,346,1.0,15,0
728,278,0.0,18,0
728,428,0.0,25,0
728,403,0.0,26,0
728,394,0.0,35,0
728,436,0.0,32,0
728,289,29.0,2,2
728,452,0.0,55,0
728,382,0.0,29,0
728,429,0.0,53,0
728,430,2.0,14,0
728,373,54.0,1,7
728,410,0.0,51,0
728,310,0.0,48,0
728,368,0.0,46,0
728,413,0.0,45,0
728,362,0.0,42,0
728,409,0.0,31,0
728,340,0.0,24,0
728,451,0.0,50,0
728,450,0.0,54,0
728,433,0.0,49,0
728,434,0.0,19,0
728,345,0.0,40,0
728,449,0.0,39,0
728,448,0.0,20,0
728,447,0.0,62,0
728,446,0.0,61,0
728,445,0.0,60,0
728,444,0.0,59,0
728,443,0.0,57,0
728,374,0.0,33,0
728,442,0.0,58,0
728,441,0.0,56,0
728,432,0.0,38,0
728,420,0.0,44,0
728,305,0.0,22,0
728,383,0.0,30,0
728,418,0.0,27,0
728,423,3.0,12,0
728,375,1.0,17,0
728,397,0.0,47,0
728,376,0.0,37,0
728,385,6.0,10,0
728,439,0.0,52,0
728,438,0.0,23,0
728,437,0.0,41,0
728,440,3.0,13,0
679,383,2.0,5,0
679,356,1.0,6,0
680,356,1.0,10,0
680,345,11.0,2,1
680,341,4.0,5,0
681,383,2.0,10,0
681,345,11.0,2,1
681,293,0.0,17,0
681,278,7.0,5,0
681,356,7.0,4,0
682,356,7.0,6,0
682,345,11.0,2,1
682,385,0.0,20,0
682,347,0.0,25,0
682,368,0.0,24,0
682,341,4.0,10,0
682,278,11.0,3,0
682,293,0.0,21,0
683,383,2.0,16,0
683,345,12.0,3,1
683,360,3.0,13,0
683,374,3.0,14,0
683,328,10.0,6,0
683,293,0.0,21,0
684,356,19.0,3,1
684,345,14.0,5,1
684,341,5.0,10,0
685,293,0.0,25,0
685,345,14.0,5,1
685,383,2.0,16,0
685,341,8.0,8,0
685,368,0.0,28,0
686,356,34.0,2,2
686,360,3.0,13,0
686,345,14.0,5,1
686,383,2.0,16,0
686,341,8.0,9,0
686,289,9.0,8,0
686,384,0.0,29,0
687,356,40.0,2,2
687,293,0.0,28,0
687,383,2.0,16,0
687,345,14.0,6,1
687,341,17.0,5,1
687,289,9.0,9,0
687,368,0.0,31,0
688,293,0.0,29,0
688,356,42.0,2,2
688,345,14.0,7,1
688,341,17.0,5,1
688,304,47.0,1,2
688,368,0.0,32,0
689,356,46.0,2,2
689,383,2.0,17,0
689,345,15.0,6,1
689,341,20.0,4,1
689,384,0.0,32,0
759,403,9.0,3,0
756,360,2.0,5,0
757,449,8.0,2,1
758,403,3.0,9,0
758,427,4.0,7,0
760,476,0.0,42,0
764,479,27.0,2,2
764,427,19.0,5,0
764,403,20.0,4,0
757,553,0.0,48,0
757,353,0.0,44,0
758,479,6.0,4,0
759,356,19.0,1,1
760,360,8.5,5,0
761,541,0.0,20,0
761,456,0.0,19,0
761,479,23.0,2,2
762,356,27.0,1,2
762,479,23.0,2,2
763,403,20.0,4,0
764,550,0.0,58,0
764,483,0.0,29,0
764,360,16.5,6,1
757,551,0.0,42,0
758,353,0.0,47,0
758,356,15.0,1,1
760,427,6.0,9,0
761,360,8.5,7,0
761,427,9.0,5,0
762,403,13.0,4,0
762,427,12.0,5,0
763,356,31.0,1,2
756,479,6.0,2,0
756,356,9.0,1,1
759,529,3.0,12,0
760,502,0.0,25,0
760,514,0.0,35,0
760,556,0.0,38,0
763,522,0.0,71,0
763,432,0.0,34,0
763,564,0.0,77,0
763,538,0.0,42,0
763,479,23.0,3,2
764,356,31.0,1,2
720,360,10.0,1,0
720,386,9.0,4,0
721,341,7.0,6,0
721,360,10.0,4,0
722,386,11.0,3,0
723,360,10.0,6,0
723,386,14.0,2,0
724,360,10.0,6,0
724,289,13.0,4,1
725,386,24.0,2,0
727,360,14.0,5,0
727,289,25.0,3,2
728,364,19.0,5,0
728,427,0.0,21,0
728,404,6.0,9,0
728,435,0.0,36,0
728,356,14.0,7,0
728,347,6.0,11,0
728,401,1.0,16,0
728,341,22.0,4,1
728,408,9.0,8,0
728,360,17.0,6,0
728,386,29.0,3,0
720,439,0.0,28,0
721,404,3.0,7,0
721,356,0.0,16,0
722,435,0.0,20,0
722,289,9.0,5,1
723,430,1.0,14,0
723,289,13.0,3,1
724,386,18.0,3,0
725,440,3.0,12,0
726,429,0.0,41,0
726,437,0.0,34,0
726,439,0.0,40,0
727,423,3.0,12,0
727,436,0.0,29,0
727,386,29.0,2,0
728,411,0.0,28,0
728,407,0.0,43,0
728,412,0.0,34,0
337,4,25.0,1,1
337,13,18.0,2,0
337,1,15.0,3,0
337,20,12.0,4,0
337,3,10.0,5,0
337,30,8.0,6,0
337,18,6.0,7,0
337,17,4.0,8,0
337,24,2.0,9,0
337,22,1.0,10,0
337,9,0.0,11,0
337,16,0.0,12,0
337,153,0.0,13,0
337,807,0.0,14,0
337,5,0.0,15,0
337,67,0.0,16,0
337,15,0.0,17,0
337,37,0.0,18,0
337,811,0.0,19,0
337,10,0.0,20,0
337,808,0.0,21,0
337,155,0.0,22,0
337,810,0.0,23,0
337,812,0.0,24,0
338,4,37.0,1,1
338,13,33.0,2,0
338,1,23.0,4,0
338,20,12.0,7,0
338,3,20.0,5,0
338,30,9.0,8,0
338,18,31.0,3,1
338,17,6.0,10,0
338,24,8.0,9,0
338,22,5.0,11,0
338,9,18.0,6,0
338,16,0.0,13,0
338,153,0.0,12,0
338,807,0.0,17,0
338,5,0.0,15,0
338,67,0.0,18,0
338,15,0.0,19,0
338,37,0.0,14,0
338,811,0.0,20,0
338,10,0.0,21,0
338,808,0.0,22,0
338,155,0.0,23,0
338,810,0.0,24,0
338,812,0.0,16,0
339,4,37.0,2,1
339,13,39.0,1,0
339,1,31.0,6,0
339,20,37.0,3,1
339,3,35.0,5,0
339,30,9.0,10,0
339,18,35.0,4,1
339,17,24.0,8,0
339,24,8.0,11,0
339,22,5.0,12,0
339,9,30.0,7,0
339,16,10.0,9,0
339,153,2.0,13,0
339,807,1.0,14,0
339,5,0.0,17,0
339,67,0.0,15,0
339,15,0.0,21,0
339,37,0.0,16,0
339,811,0.0,20,0
339,10,0.0,22,0
339,808,0.0,23,0
339,155,0.0,24,0
339,810,0.0,19,0
339,812,0.0,18,0
340,4,49.0,3,1
340,13,41.0,6,0
340,1,49.0,4,0
340,20,45.0,5,1
340,3,50.0,2,0
340,30,10.0,10,0
340,18,60.0,1,2
340,17,28.0,8,0
340,24,8.0,11,0
340,22,5.0,13,0
340,9,40.0,7,0
340,16,10.0,9,0
340,153,2.0,14,0
340,807,1.0,15,0
340,5,0.0,18,0
340,67,0.0,16,0
340,15,0.0,22,0
340,37,0.0,17,0
340,811,0.0,21,0
340,10,0.0,23,0
340,808,6.0,12,0
340,155,0.0,24,0
340,810,0.0,20,0
340,812,0.0,19,0
341,4,67.0,2,1
341,13,49.0,7,0
341,1,49.0,6,0
341,20,60.0,3,1
341,3,50.0,5,0
341,30,22.0,9,0
341,18,70.0,1,2
341,17,53.0,4,1
341,24,8.0,11,0
341,22,7.0,12,0
341,9,44.0,8,0
341,16,16.0,10,0
341,153,3.0,14,0
341,807,1.0,15,0
341,5,0.0,19,0
341,67,0.0,16,0
341,15,0.0,23,0
341,37,0.0,17,0
341,811,0.0,22,0
341,10,0.0,24,0
341,808,6.0,13,0
341,155,0.0,18,0
341,810,0.0,21,0
341,812,0.0,20,0
343,4,79.0,4,1
342,812,0.0,20,0
342,810,0.0,21,0
342,155,0.0,18,0
342,10,0.0,24,0
342,811,0.0,23,0
342,15,0.0,22,0
342,67,1.0,15,0
342,807,1.0,16,0
342,153,3.0,14,0
342,24,10.0,11,0
342,17,78.0,1,2
342,18,70.0,4,2
342,13,61.0,5,0
342,1,59.0,7,0
342,20,78.0,2,1
342,3,56.0,8,0
342,30,22.0,9,0
342,37,0.0,17,0
342,808,6.0,13,0
342,5,0.0,19,0
342,16,20.0,10,0
342,4,75.0,3,1
342,9,59.0,6,0
342,22,7.0,12,0
343,13,67.0,7,0
343,1,84.0,3,1
343,20,78.0,5,1
343,3,66.0,8,0
343,30,34.0,9,0
343,18,88.0,2,2
343,17,93.0,1,2
343,24,10.0,11,0
343,22,7.0,12,0
343,9,67.0,6,0
343,16,22.0,10,0
343,153,3.0,14,0
343,807,1.0,17,0
343,5,0.0,19,0
343,67,1.0,15,0
343,15,0.0,22,0
343,37,0.0,18,0
343,811,0.0,23,0
343,10,0.0,24,0
343,808,6.0,13,0
343,155,1.0,16,0
343,810,0.0,21,0
343,812,0.0,20,0
344,4,94.0,4,1
344,13,67.0,8,0
344,1,109.0,1,2
344,20,90.0,5,1
344,3,74.0,6,0
344,30,34.0,9,0
344,18,106.0,2,2
344,17,103.0,3,2
344,24,12.0,11,0
344,22,7.0,12,0
344,9,73.0,7,0
344,16,23.0,10,0
344,153,3.0,15,0
344,807,1.0,17,0
344,5,0.0,19,0
344,67,5.0,14,0
344,15,0.0,22,0
344,37,0.0,18,0
344,811,0.0,23,0
344,10,0.0,24,0
344,808,6.0,13,0
344,155,1.0,16,0
344,810,0.0,21,0
344,812,0.0,20,0
345,4,98.0,5,1
345,13,67.0,8,0
345,1,127.0,1,2
345,20,115.0,3,2
345,3,75.0,7,0
345,30,34.0,9,0
345,18,121.0,2,2
345,17,103.0,4,2
345,24,12.0,12,0
345,22,19.0,11,0
345,9,83.0,6,0
345,16,31.0,10,0
345,153,3.0,16,0
345,807,1.0,17,0
345,5,0.0,19,0
345,67,7.0,14,0
345,15,0.0,22,0
345,37,0.0,18,0
345,811,0.0,23,0
345,10,0.0,24,0
345,808,6.0,15,0
345,155,7.0,13,0
345,810,0.0,21,0
345,812,0.0,20,0
346,4,98.0,5,1
346,13,67.0,8,0
346,1,145.0,1,2
346,20,121.0,4,2
346,3,90.0,6,0
346,30,36.0,9,0
346,18,133.0,2,2
346,17,128.0,3,3
346,24,12.0,13,0
346,22,29.0,11,0
346,9,83.0,7,0
346,16,35.0,10,0
346,153,3.0,16,0
346,807,2.0,17,0
346,5,0.0,19,0
346,67,7.0,14,0
346,15,0.0,22,0
346,37,0.0,18,0
346,811,0.0,23,0
346,10,0.0,24,0
346,808,6.0,15,0
346,155,15.0,12,0
346,810,0.0,21,0
346,812,0.0,20,0
346,29,0.0,25,0
347,4,123.0,5,2
347,13,85.0,8,0
347,1,157.0,1,2
347,20,136.0,4,2
347,3,94.0,6,0
347,30,38.0,9,0
347,18,143.0,2,2
347,17,136.0,3,3
347,24,12.0,13,0
347,22,29.0,11,0
347,9,89.0,7,0
347,16,35.0,10,0
347,153,3.0,16,0
347,807,2.0,17,0
347,5,0.0,19,0
347,67,7.0,15,0
347,15,0.0,22,0
347,37,0.0,18,0
347,811,0.0,23,0
347,10,0.0,24,0
347,808,7.0,14,0
347,155,15.0,12,0
347,810,0.0,21,0
347,812,0.0,20,0
347,29,0.0,25,0
348,4,141.0,5,2
348,13,97.0,6,0
348,1,157.0,2,2
348,20,151.0,3,2
348,3,94.0,7,0
348,30,38.0,9,0
348,18,147.0,4,2
348,17,161.0,1,4
348,24,12.0,14,0
348,22,30.0,11,0
348,9,89.0,8,0
348,16,35.0,10,0
348,153,3.0,18,0
348,807,10.0,15,0
348,5,0.0,19,0
348,67,7.0,16,0
348,15,0.0,22,0
348,37,6.0,17,0
348,811,0.0,23,0
348,10,0.0,24,0
348,808,17.0,12,0
348,155,17.0,13,0
348,810,0.0,21,0
348,812,0.0,20,0
348,29,0.0,25,0
349,4,141.0,5,2
349,13,109.0,6,0
349,1,182.0,1,3
349,20,151.0,3,2
349,3,102.0,8,0
349,30,44.0,10,0
349,18,147.0,4,2
349,17,179.0,2,4
349,24,13.0,14,0
349,22,30.0,11,0
349,9,104.0,7,0
349,16,45.0,9,0
349,153,3.0,18,0
349,807,10.0,15,0
349,5,0.0,19,0
349,67,7.0,16,0
349,15,0.0,22,0
349,37,6.0,17,0
349,811,0.0,23,0
349,10,0.0,24,0
349,808,19.0,13,0
349,155,21.0,12,0
349,810,0.0,21,0
349,812,0.0,20,0
349,29,0.0,25,0
350,4,166.0,3,3
350,13,124.0,6,0
350,1,182.0,2,3
350,20,163.0,5,2
350,3,112.0,7,0
350,30,46.0,9,0
350,18,165.0,4,2
350,17,187.0,1,4
350,24,13.0,15,0
350,22,31.0,11,0
350,9,108.0,8,0
350,16,45.0,10,0
350,153,3.0,18,0
350,807,16.0,14,0
350,5,0.0,19,0
350,67,7.0,16,0
350,15,0.0,22,0
350,37,6.0,17,0
350,811,0.0,23,0
350,10,0.0,24,0
350,808,19.0,13,0
350,155,21.0,12,0
350,810,0.0,21,0
350,812,0.0,20,0
350,29,0.0,25,0
351,32,0.0,27,0
351,29,0.0,25,0
351,812,0.0,20,0
351,810,0.0,21,0
351,155,21.0,12,0
351,10,0.0,24,0
351,37,6.0,17,0
351,15,0.0,22,0
351,5,0.0,19,0
351,807,17.0,14,0
351,153,3.0,18,0
351,24,13.0,15,0
351,18,177.0,5,2
351,3,122.0,7,0
351,2,0.0,26,0
351,808,19.0,13,0
351,811,0.0,23,0
351,30,46.0,10,0
351,17,202.0,1,4
351,16,47.0,9,0
351,67,7.0,16,0
351,20,181.0,4,2
351,9,114.0,8,0
351,22,39.0,11,0
351,1,182.0,3,3
351,13,128.0,6,0
351,4,191.0,2,4
352,2,4.0,18,0
352,29,0.0,26,0
352,812,0.0,22,0
352,810,0.0,23,0
352,808,19.0,13,0
352,811,0.0,25,0
352,37,6.0,17,0
352,67,8.0,16,0
352,16,47.0,10,0
352,9,114.0,8,0
352,24,13.0,15,0
352,18,189.0,5,2
352,1,192.0,4,3
352,32,0.0,27,0
352,155,27.0,12,0
352,10,0.0,24,0
352,17,220.0,1,4
352,22,41.0,11,0
352,5,0.0,20,0
352,153,3.0,19,0
352,13,128.0,6,0
352,15,0.0,21,0
352,807,17.0,14,0
352,3,122.0,7,0
352,30,54.0,9,0
352,20,206.0,3,3
352,4,206.0,2,4
353,2,6.0,18,0
353,812,0.0,22,0
353,155,31.0,12,0
353,10,0.0,25,0
353,15,0.0,21,0
353,67,8.0,16,0
353,9,124.0,7,0
353,22,47.0,10,0
353,17,220.0,2,4
353,18,189.0,5,2
353,30,66.0,9,0
353,1,210.0,3,3
353,810,0.0,24,0
353,29,0.0,26,0
353,811,0.0,23,0
353,32,0.0,27,0
353,808,19.0,14,0
353,37,6.0,17,0
353,24,21.0,13,0
353,807,18.0,15,0
353,16,47.0,11,0
353,13,143.0,6,0
353,5,0.0,20,0
353,153,3.0,19,0
353,3,122.0,8,0
353,20,206.0,4,3
353,4,231.0,1,5
354,4,246.0,1,5
354,13,143.0,6,0
354,1,222.0,4,3
354,20,231.0,3,4
354,3,130.0,7,0
354,30,72.0,9,0
354,18,199.0,5,2
354,17,238.0,2,4
354,24,21.0,14,0
354,22,47.0,10,0
354,9,126.0,8,0
354,16,47.0,11,0
354,153,3.0,19,0
354,807,22.0,13,0
354,5,0.0,20,0
354,67,8.0,16,0
354,15,0.0,21,0
354,37,6.0,17,0
354,811,0.0,23,0
354,10,0.0,25,0
354,808,19.0,15,0
354,155,32.0,12,0
354,810,0.0,24,0
354,812,0.0,22,0
354,29,0.0,26,0
354,2,6.0,18,0
354,32,0.0,27,0
355,4,252.0,2,5
355,13,144.0,6,0
355,1,240.0,4,3
355,20,256.0,1,5
355,3,142.0,7,0
355,30,72.0,9,0
355,18,214.0,5,2
355,17,242.0,3,4
355,24,21.0,15,0
355,22,47.0,10,0
355,9,136.0,8,0
355,16,47.0,11,0
355,153,5.0,19,0
355,807,22.0,14,0
355,5,0.0,20,0
355,67,8.0,16,0
355,15,0.0,21,0
355,37,6.0,17,0
355,811,0.0,23,0
355,10,0.0,25,0
355,808,27.0,13,0
355,155,32.0,12,0
355,810,0.0,24,0
355,812,0.0,22,0
355,29,0.0,26,0
355,2,6.0,18,0
355,32,0.0,27,0
75,4,44.0,1,3
75,22,8.0,11,0
75,21,14.0,4,1
842,4,20.0,5,0
842,808,15.0,8,0
842,1,22.0,3,0
841,813,0.0,20,0
841,30,0.0,19,0
841,5,0.0,18,0
841,3,0.0,17,0
841,22,0.0,16,0
842,20,50.0,1,2
841,10,0.0,15,0
841,816,0.0,14,0
841,15,0.0,13,0
841,2,0.0,12,0
841,153,0.0,11,0
841,814,1.0,10,0
841,16,2.0,9,0
841,67,4.0,8,0
841,13,6.0,7,0
841,18,8.0,6,0
841,17,10.0,5,0
841,4,12.0,4,0
841,808,15.0,3,0
841,1,18.0,2,0
841,20,25.0,1,1
842,17,22.0,4,0
842,18,26.0,2,0
842,13,16.0,6,0
842,67,4.0,10,0
842,16,2.0,11,0
842,814,2.0,13,0
842,153,0.0,14,0
842,2,15.0,7,0
842,15,0.0,16,0
842,816,0.0,17,0
842,10,0.0,19,0
842,22,0.0,21,0
842,3,0.0,15,0
842,5,0.0,18,0
842,30,2.0,12,0
842,813,0.0,23,0
842,155,6.0,9,0
842,24,0.0,22,0
842,815,0.0,20,0
842,39,0.0,24,0
843,20,68.0,1,2
843,1,47.0,2,1
843,808,17.0,7,0
843,4,26.0,5,0
843,17,37.0,4,0
843,18,38.0,3,0
843,13,24.0,6,0
843,67,4.0,12,0
843,16,2.0,13,0
843,814,2.0,14,0
843,153,0.0,15,0
843,2,15.0,8,0
843,15,0.0,16,0
843,816,0.0,18,0
843,10,0.0,20,0
843,22,0.0,17,0
843,3,10.0,9,0
843,5,0.0,19,0
843,30,6.0,11,0
843,813,0.0,22,0
843,155,7.0,10,0
843,24,0.0,23,0
843,815,0.0,21,0
843,39,0.0,24,0
844,20,93.0,1,3
844,1,59.0,2,1
844,808,21.0,8,0
844,4,41.0,5,0
844,17,55.0,3,0
844,18,46.0,4,0
844,13,24.0,6,0
844,67,6.0,12,0
844,16,2.0,13,0
844,814,2.0,14,0
844,153,0.0,15,0
844,2,21.0,7,0
844,15,0.0,17,0
844,816,0.0,19,0
844,10,0.0,21,0
844,22,0.0,16,0
844,3,20.0,9,0
844,5,0.0,20,0
844,30,6.0,11,0
844,813,0.0,22,0
844,155,8.0,10,0
844,24,0.0,24,0
844,815,0.0,18,0
844,39,0.0,23,0
845,20,118.0,1,4
845,1,77.0,2,1
845,808,21.0,9,0
845,4,51.0,5,0
845,17,67.0,3,0
845,18,61.0,4,0
845,13,24.0,8,0
845,67,6.0,12,0
845,16,2.0,13,0
845,814,2.0,15,0
845,153,0.0,16,0
845,2,25.0,7,0
845,15,0.0,18,0
845,816,0.0,19,0
845,10,0.0,22,0
845,22,0.0,17,0
845,3,26.0,6,0
845,5,0.0,20,0
845,30,14.0,10,0
845,813,0.0,21,0
845,155,9.0,11,0
845,24,0.0,24,0
845,815,2.0,14,0
845,39,0.0,23,0
846,20,143.0,1,5
846,1,85.0,2,1
846,808,21.0,9,0
846,4,69.0,5,0
846,17,79.0,3,0
846,18,76.0,4,0
846,13,24.0,8,0
846,67,7.0,13,0
846,16,8.0,12,0
846,814,2.0,16,0
846,153,0.0,17,0
846,2,29.0,6,0
846,15,0.0,18,0
846,816,0.0,20,0
846,10,0.0,22,0
846,22,2.0,14,0
846,3,26.0,7,0
846,5,0.0,19,0
846,30,14.0,11,0
846,813,0.0,21,0
846,155,19.0,10,0
846,24,0.0,23,0
846,815,2.0,15,0
846,39,0.0,24,0
847,20,161.0,1,5
847,1,85.0,4,1
847,808,31.0,7,0
847,4,69.0,5,0
847,17,94.0,3,0
847,18,101.0,2,1
847,13,32.0,6,0
847,67,8.0,13,0
847,16,8.0,12,0
847,814,2.0,17,0
847,153,4.0,14,0
847,2,29.0,8,0
847,15,0.0,19,0
847,816,0.0,21,0
847,10,0.0,25,0
847,22,4.0,15,0
847,3,26.0,10,0
847,5,0.0,22,0
847,30,26.0,9,0
847,813,0.0,24,0
847,155,25.0,11,0
847,24,0.0,20,0
847,815,2.0,16,0
847,39,0.0,23,0
847,37,0.0,18,0
848,20,186.0,1,6
848,1,97.0,4,1
848,808,31.0,8,0
848,4,87.0,5,0
848,17,109.0,3,0
848,18,109.0,2,1
848,13,42.0,6,0
848,67,8.0,14,0
848,16,10.0,12,0
848,814,2.0,17,0
848,153,8.0,13,0
848,2,30.0,9,0
848,15,0.0,19,0
848,816,0.0,21,0
848,10,0.0,25,0
848,22,4.0,15,0
848,3,32.0,7,0
848,5,0.0,22,0
848,30,26.0,10,0
848,813,0.0,24,0
848,155,25.0,11,0
848,24,0.0,20,0
848,815,2.0,16,0
848,39,0.0,23,0
848,37,0.0,18,0
849,20,204.0,1,6
849,1,109.0,4,1
849,808,31.0,9,0
849,4,112.0,3,1
849,17,124.0,2,0
849,18,109.0,5,1
849,13,52.0,6,0
849,67,8.0,15,0
849,16,10.0,12,0
849,814,2.0,17,0
849,153,9.0,13,0
849,2,34.0,8,0
849,15,0.0,19,0
849,816,0.0,21,0
849,10,0.0,25,0
849,22,4.0,16,0
849,3,40.0,7,0
849,5,0.0,22,0
849,30,28.0,10,0
849,813,0.0,23,0
849,155,25.0,11,0
849,24,0.0,20,0
849,815,8.0,14,0
849,39,0.0,24,0
849,37,0.0,18,0
849,817,0.0,26,0
850,20,216.0,1,6
850,1,134.0,3,2
850,808,32.0,9,0
850,4,130.0,4,1
850,17,139.0,2,0
850,18,109.0,5,1
850,13,62.0,6,0
850,67,8.0,15,0
850,16,18.0,12,0
850,814,2.0,17,0
850,153,9.0,13,0
850,2,34.0,8,0
850,15,0.0,19,0
850,816,0.0,22,0
850,10,0.0,24,0
850,22,4.0,16,0
850,3,46.0,7,0
850,5,0.0,23,0
850,30,32.0,10,0
850,813,0.0,21,0
850,155,27.0,11,0
850,24,0.0,20,0
850,815,8.0,14,0
850,39,0.0,25,0
850,37,0.0,18,0
850,817,0.0,26,0
850,812,0.0,27,0
851,20,234.0,1,6
851,1,146.0,3,2
851,808,32.0,9,0
851,4,145.0,4,1
851,17,149.0,2,0
851,18,134.0,5,2
851,13,70.0,6,0
851,67,12.0,13,0
851,16,18.0,12,0
851,814,8.0,16,0
851,153,10.0,14,0
851,2,34.0,8,0
851,15,0.0,19,0
851,816,0.0,22,0
851,10,0.0,24,0
851,22,4.0,17,0
851,3,48.0,7,0
851,5,0.0,23,0
851,30,32.0,10,0
851,813,0.0,21,0
851,155,27.0,11,0
851,24,0.0,20,0
851,815,8.0,15,0
851,39,0.0,25,0
851,37,0.0,18,0
851,817,0.0,26,0
851,812,0.0,27,0
852,811,0.0,22,0
852,817,0.0,27,0
852,39,0.0,26,0
852,815,8.0,15,0
852,24,0.0,21,0
852,30,42.0,8,0
852,5,0.0,24,0
852,10,0.0,25,0
852,816,0.0,23,0
852,153,10.0,14,0
852,67,12.0,13,0
852,13,74.0,6,0
852,18,149.0,4,2
852,1,146.0,5,2
852,812,0.0,28,0
852,37,0.0,19,0
852,22,4.0,17,0
852,15,0.0,20,0
852,813,1.0,18,0
852,814,8.0,16,0
852,155,27.0,11,0
852,3,56.0,7,0
852,2,34.0,10,0
852,17,167.0,2,0
852,16,24.0,12,0
852,20,259.0,1,7
852,4,157.0,3,1
852,808,34.0,9,0
853,20,284.0,1,8
853,1,158.0,5,2
853,808,34.0,9,0
853,4,172.0,2,1
853,17,167.0,4,0
853,18,167.0,3,2
853,13,82.0,6,0
853,67,13.0,14,0
853,16,24.0,12,0
853,814,12.0,15,0
853,153,16.0,13,0
853,2,34.0,10,0
853,15,0.0,21,0
853,816,0.0,24,0
853,10,0.0,25,0
853,22,4.0,17,0
853,3,56.0,7,0
853,5,0.0,22,0
853,30,52.0,8,0
853,813,1.0,19,0
853,155,27.0,11,0
853,24,0.0,23,0
853,815,8.0,16,0
853,39,0.0,26,0
853,37,0.0,20,0
853,817,0.0,27,0
853,812,0.0,28,0
853,811,2.0,18,0
854,20,309.0,1,9
854,1,168.0,5,2
854,808,34.0,9,0
854,4,184.0,3,1
854,17,182.0,4,0
854,18,185.0,2,2
854,13,84.0,6,0
854,67,13.0,15,0
854,16,28.0,11,0
854,814,20.0,13,0
854,153,16.0,14,0
854,2,34.0,10,0
854,15,0.0,21,0
854,816,0.0,24,0
854,10,0.0,25,0
854,22,4.0,17,0
854,3,62.0,7,0
854,5,0.0,22,0
854,30,52.0,8,0
854,813,1.0,19,0
854,155,27.0,12,0
854,24,0.0,23,0
854,815,9.0,16,0
854,39,0.0,26,0
854,37,0.0,20,0
854,817,0.0,27,0
854,812,0.0,28,0
854,811,2.0,18,0
855,20,324.0,1,9
855,1,178.0,5,2
855,808,36.0,9,0
855,4,202.0,3,1
855,17,194.0,4,0
855,18,210.0,2,3
855,13,90.0,6,0
855,67,13.0,16,0
855,16,28.0,11,0
855,814,20.0,13,0
855,153,16.0,14,0
855,2,34.0,10,0
855,15,0.0,21,0
855,816,0.0,24,0
855,10,0.0,25,0
855,22,4.0,17,0
855,3,63.0,7,0
855,5,0.0,22,0
855,30,60.0,8,0
855,813,1.0,19,0
855,155,27.0,12,0
855,24,0.0,23,0
855,815,13.0,15,0
855,39,0.0,26,0
855,37,0.0,20,0
855,817,0.0,27,0
855,812,0.0,28,0
855,811,2.0,18,0
856,20,349.0,1,10
856,1,196.0,5,2
856,808,36.0,9,0
856,4,212.0,3,1
856,17,209.0,4,0
856,18,222.0,2,3
856,13,98.0,6,0
856,67,15.0,15,0
856,16,28.0,11,0
856,814,21.0,14,0
856,153,22.0,13,0
856,2,34.0,10,0
856,15,0.0,21,0
856,816,0.0,24,0
856,10,0.0,25,0
856,22,4.0,17,0
856,3,67.0,7,0
856,5,0.0,22,0
856,30,60.0,8,0
856,813,1.0,19,0
856,155,27.0,12,0
856,24,0.0,23,0
856,815,13.0,16,0
856,39,0.0,26,0
856,37,0.0,20,0
856,817,0.0,27,0
856,812,0.0,28,0
856,811,2.0,18,0
857,20,374.0,1,11
857,1,202.0,5,2
857,808,36.0,9,0
857,4,227.0,3,1
857,17,221.0,4,0
857,18,240.0,2,3
857,13,98.0,6,0
857,67,15.0,15,0
857,16,30.0,11,0
857,814,21.0,14,0
857,153,26.0,13,0
857,2,34.0,10,0
857,15,0.0,21,0
857,816,0.0,24,0
857,10,0.0,25,0
857,22,4.0,17,0
857,3,75.0,7,0
857,5,0.0,22,0
857,30,70.0,8,0
857,813,1.0,19,0
857,155,27.0,12,0
857,24,0.0,23,0
857,815,14.0,16,0
857,39,0.0,26,0
857,37,0.0,20,0
857,817,0.0,27,0
857,812,0.0,28,0
857,811,2.0,18,0
858,20,374.0,1,11
858,1,227.0,5,3
858,808,36.0,9,0
858,4,245.0,3,1
858,17,233.0,4,0
858,18,255.0,2,3
858,13,108.0,6,0
858,67,15.0,15,0
858,16,34.0,11,0
858,814,23.0,14,0
858,153,26.0,13,0
858,2,34.0,10,0
858,15,0.0,21,0
858,816,0.0,24,0
858,10,0.0,25,0
858,22,4.0,17,0
858,3,83.0,7,0
858,5,0.0,22,0
858,30,76.0,8,0
858,813,1.0,19,0
858,155,28.0,12,0
858,24,0.0,23,0
858,815,14.0,16,0
858,39,0.0,26,0
858,37,0.0,20,0
858,817,0.0,27,0
858,812,0.0,28,0
858,811,2.0,18,0
859,20,392.0,1,11
859,1,227.0,5,3
859,808,37.0,10,0
859,4,257.0,4,1
859,17,258.0,3,1
859,18,270.0,2,3
859,13,118.0,6,0
859,67,15.0,15,0
859,16,42.0,9,0
859,814,27.0,13,0
859,153,26.0,14,0
859,2,34.0,11,0
859,15,0.0,21,0
859,816,0.0,24,0
859,10,0.0,25,0
859,22,4.0,17,0
859,3,89.0,7,0
859,5,0.0,22,0
859,30,76.0,8,0
859,813,1.0,19,0
859,155,30.0,12,0
859,24,0.0,23,0
859,815,14.0,16,0
859,39,0.0,26,0
859,37,0.0,20,0
859,817,0.0,27,0
859,812,0.0,28,0
859,811,2.0,18,0
860,39,0.0,24,0
860,807,0.0,22,0
860,30,0.0,20,0
860,5,0.0,18,0
860,811,0.0,16,0
860,10,0.0,14,0
860,3,0.0,12,0
860,37,0.0,23,0
860,154,0.0,21,0
860,808,0.0,19,0
860,13,0.0,17,0
860,819,0.0,15,0
860,813,0.0,13,0
860,818,0.0,11,0
860,814,1.0,10,0
860,817,2.0,9,0
860,815,4.0,8,0
860,8,6.0,7,0
860,155,8.0,6,0
860,4,10.0,5,0
860,17,12.0,4,0
860,1,15.0,3,0
860,20,18.0,2,0
860,18,25.0,1,1
861,18,25.0,3,1
861,20,18.0,6,0
861,1,30.0,2,0
861,17,24.0,4,0
861,4,35.0,1,1
861,155,8.0,9,0
861,8,16.0,7,0
861,815,22.0,5,0
861,817,2.0,12,0
861,814,7.0,10,0
861,818,4.0,11,0
861,3,0.0,15,0
861,813,0.0,16,0
861,10,0.0,17,0
861,819,0.0,18,0
861,811,8.0,8,0
861,13,0.0,19,0
861,5,0.0,21,0
861,808,0.0,20,0
861,30,1.0,14,0
861,154,0.0,24,0
861,807,2.0,13,0
861,37,0.0,23,0
861,39,0.0,22,0
862,18,43.0,2,1
862,20,28.0,5,0
862,1,45.0,1,0
862,17,36.0,4,0
862,4,37.0,3,1
862,155,9.0,10,0
862,8,16.0,8,0
862,815,22.0,7,0
862,817,2.0,15,0
862,814,7.0,12,0
862,818,4.0,13,0
862,3,25.0,6,1
862,813,4.0,14,0
862,10,0.0,19,0
862,819,0.0,20,0
862,811,14.0,9,0
862,13,0.0,18,0
862,5,0.0,22,0
862,808,0.0,21,0
862,30,1.0,17,0
862,154,8.0,11,0
862,807,2.0,16,0
862,37,0.0,23,0
862,39,0.0,24,0
863,18,43.0,4,1
863,20,53.0,1,1
863,1,49.0,2,0
863,17,48.0,3,0
863,4,43.0,5,1
863,155,9.0,12,0
863,8,34.0,7,0
863,815,22.0,9,0
863,817,2.0,15,0
863,814,15.0,10,0
863,818,4.0,13,0
863,3,35.0,6,1
863,813,4.0,14,0
863,10,0.0,19,0
863,819,0.0,20,0
863,811,14.0,11,0
863,13,2.0,17,0
863,5,0.0,22,0
863,808,0.0,21,0
863,30,2.0,18,0
863,154,23.0,8,0
863,807,2.0,16,0
863,37,0.0,23,0
863,39,0.0,24,0
864,18,45.0,6,1
864,20,61.0,1,1
864,1,53.0,3,0
864,17,48.0,5,0
864,4,61.0,2,1
864,155,19.0,11,0
864,8,49.0,4,0
864,815,22.0,10,0
864,817,2.0,16,0
864,814,15.0,12,0
864,818,4.0,14,0
864,3,41.0,7,1
864,813,29.0,9,1
864,10,0.0,19,0
864,819,0.0,20,0
864,811,14.0,13,0
864,13,2.0,17,0
864,5,0.0,22,0
864,808,0.0,21,0
864,30,2.0,18,0
864,154,35.0,8,0
864,807,3.0,15,0
864,37,0.0,23,0
864,39,0.0,24,0
865,18,45.0,7,1
865,20,73.0,2,1
865,1,63.0,4,0
865,17,73.0,3,1
865,4,76.0,1,1
865,155,19.0,12,0
865,8,51.0,6,0
865,815,22.0,10,0
865,817,2.0,17,0
865,814,21.0,11,0
865,818,4.0,16,0
865,3,59.0,5,1
865,813,29.0,9,1
865,10,0.0,20,0
865,819,0.0,21,0
865,811,15.0,13,0
865,13,10.0,14,0
865,5,0.0,19,0
865,808,0.0,23,0
865,30,2.0,18,0
865,154,35.0,8,0
865,807,7.0,15,0
865,37,0.0,24,0
865,39,0.0,22,0
866,18,45.0,8,1
866,20,85.0,3,1
866,1,88.0,1,1
866,17,79.0,4,1
866,4,86.0,2,1
866,155,21.0,11,0
866,8,55.0,6,0
866,815,37.0,9,0
866,817,2.0,17,0
866,814,21.0,12,0
866,818,4.0,16,0
866,3,67.0,5,1
866,813,29.0,10,1
866,10,0.0,20,0
866,819,0.0,21,0
866,811,15.0,13,0
866,13,11.0,14,0
866,5,0.0,19,0
866,808,0.0,23,0
866,30,2.0,18,0
866,154,53.0,7,0
866,807,7.0,15,0
866,37,0.0,24,0
866,39,0.0,22,0
867,18,49.0,8,1
867,20,85.0,4,1
867,1,88.0,3,1
867,17,91.0,2,1
867,4,111.0,1,2
867,155,21.0,12,0
867,8,73.0,6,0
867,815,39.0,9,0
867,817,2.0,18,0
867,814,27.0,11,0
867,818,4.0,17,0
867,3,75.0,5,1
867,813,29.0,10,1
867,10,0.0,21,0
867,819,0.0,22,0
867,811,16.0,15,0
867,13,11.0,16,0
867,5,0.0,19,0
867,808,0.0,20,0
867,30,17.0,13,0
867,154,53.0,7,0
867,807,17.0,14,0
867,37,0.0,24,0
867,39,0.0,23,0
868,18,50.0,8,1
868,20,100.0,3,1
868,1,92.0,4,1
868,17,116.0,2,2
868,4,129.0,1,2
868,155,21.0,14,0
868,8,83.0,5,0
868,815,39.0,9,0
868,817,2.0,18,0
868,814,27.0,11,0
868,818,4.0,17,0
868,3,75.0,6,1
868,813,29.0,10,1
868,10,0.0,21,0
868,819,0.0,22,0
868,811,18.0,15,0
868,13,23.0,13,0
868,5,0.0,19,0
868,808,0.0,20,0
868,30,23.0,12,0
868,154,61.0,7,0
868,807,17.0,16,0
868,37,0.0,24,0
868,39,0.0,23,0
870,4,164.0,1,3
870,17,124.0,2,2
870,1,117.0,4,2
870,20,122.0,3,1
870,18,76.0,7,1
869,39,0.0,23,0
869,37,0.0,24,0
869,807,19.0,15,0
869,154,61.0,8,0
869,30,29.0,12,0
869,808,0.0,20,0
869,5,0.0,19,0
869,13,23.0,14,0
869,811,18.0,16,0
869,819,0.0,22,0
869,20,110.0,3,1
869,1,92.0,5,1
869,17,120.0,2,2
869,4,154.0,1,3
869,155,33.0,10,0
869,8,98.0,4,0
869,815,47.0,9,0
869,817,2.0,18,0
869,814,27.0,13,0
869,818,4.0,17,0
869,3,76.0,6,1
869,813,29.0,11,1
869,10,0.0,21,0
869,18,68.0,7,1
870,155,33.0,10,0
870,8,116.0,5,0
870,815,47.0,9,0
870,817,2.0,18,0
870,814,27.0,13,0
870,818,4.0,17,0
870,3,77.0,6,1
870,813,29.0,11,1
870,10,0.0,21,0
870,819,0.0,22,0
870,811,24.0,15,0
870,13,25.0,14,0
870,5,0.0,19,0
870,808,0.0,20,0
870,30,29.0,12,0
870,154,76.0,8,0
870,807,19.0,16,0
870,37,0.0,24,0
870,39,0.0,23,0
871,18,101.0,6,2
871,20,140.0,2,1
871,1,117.0,5,2
871,17,132.0,3,2
871,4,164.0,1,3
871,155,33.0,12,0
871,8,131.0,4,0
871,815,47.0,9,0
871,817,4.0,18,0
871,814,28.0,15,0
871,818,8.0,17,0
871,3,77.0,7,1
871,813,29.0,14,1
871,10,0.0,21,0
871,819,0.0,22,0
871,811,24.0,16,0
871,13,35.0,11,0
871,5,0.0,20,0
871,808,0.0,19,0
871,30,35.0,10,0
871,154,76.0,8,0
871,807,31.0,13,0
871,37,0.0,24,0
871,39,0.0,23,0
872,18,101.0,6,2
872,20,140.0,4,1
872,1,142.0,2,3
872,17,132.0,5,2
872,4,179.0,1,3
872,155,35.0,12,0
872,8,141.0,3,0
872,815,65.0,9,0
872,817,4.0,18,0
872,814,32.0,13,0
872,818,8.0,17,0
872,3,83.0,7,1
872,813,29.0,15,1
872,10,0.0,22,0
872,819,0.0,23,0
872,811,25.0,16,0
872,13,47.0,10,0
872,5,0.0,19,0
872,808,0.0,20,0
872,30,43.0,11,0
872,154,76.0,8,0
872,807,31.0,14,0
872,37,0.0,25,0
872,39,0.0,24,0
872,816,0.0,21,0
873,30,43.0,12,0
873,154,82.0,8,0
873,155,35.0,13,0
873,10,0.0,19,0
873,39,0.0,24,0
873,8,149.0,3,0
873,17,132.0,5,2
873,37,0.0,25,0
873,807,31.0,14,0
873,808,0.0,21,0
873,5,0.0,20,0
873,811,25.0,16,0
873,13,51.0,10,0
873,819,0.0,23,0
873,813,29.0,15,1
873,3,93.0,7,1
873,818,8.0,17,0
873,814,44.0,11,0
873,815,66.0,9,0
873,817,6.0,18,0
873,4,194.0,1,3
873,20,165.0,2,2
873,18,119.0,6,2
874,816,0.0,22,0
874,37,0.0,25,0
874,807,37.0,14,0
874,154,82.0,8,0
874,30,43.0,13,0
874,808,0.0,21,0
874,13,69.0,9,0
874,811,25.0,16,0
874,819,0.0,23,0
874,813,33.0,15,1
874,817,7.0,18,0
874,155,50.0,11,0
874,17,134.0,5,2
874,20,190.0,2,3
874,39,0.0,24,0
874,5,0.0,20,0
874,8,157.0,3,0
874,815,66.0,10,0
874,814,44.0,12,0
874,4,194.0,1,3
874,10,0.0,19,0
874,3,93.0,7,1
874,818,8.0,17,0
874,18,131.0,6,2
874,1,152.0,4,3
873,816,0.0,22,0
873,1,142.0,4,3
875,18,131.0,6,2
875,20,215.0,1,4
875,1,153.0,4,3
875,17,152.0,5,2
875,4,209.0,2,3
875,155,50.0,11,0
875,8,167.0,3,0
875,815,66.0,10,0
875,817,9.0,18,0
875,814,44.0,13,0
875,818,12.0,17,0
875,3,93.0,7,1
875,813,33.0,15,1
875,10,0.0,19,0
875,819,0.0,23,0
875,811,25.0,16,0
875,13,81.0,9,0
875,5,0.0,20,0
875,808,0.0,21,0
875,30,43.0,14,0
875,154,88.0,8,0
875,807,45.0,12,0
875,37,0.0,25,0
875,39,0.0,24,0
875,816,0.0,22,0
876,18,141.0,6,2
876,20,240.0,1,5
876,1,165.0,5,3
876,17,167.0,4,2
876,4,227.0,2,3
876,155,50.0,11,0
876,8,173.0,3,0
876,815,66.0,10,0
876,817,9.0,18,0
876,814,44.0,13,0
876,818,12.0,17,0
876,3,93.0,7,1
876,813,33.0,15,1
876,10,0.0,19,0
876,819,0.0,23,0
876,811,26.0,16,0
876,13,89.0,9,0
876,5,0.0,20,0
876,808,0.0,21,0
876,30,43.0,14,0
876,154,90.0,8,0
876,807,49.0,12,0
876,37,0.0,25,0
876,39,0.0,24,0
876,816,0.0,22,0
877,18,153.0,6,2
877,20,255.0,1,5
877,1,165.0,5,3
877,17,167.0,4,2
877,4,245.0,2,3
877,155,58.0,11,0
877,8,198.0,3,1
877,815,66.0,10,0
877,817,10.0,18,0
877,814,46.0,13,0
877,818,12.0,17,0
877,3,93.0,8,1
877,813,43.0,14,1
877,10,0.0,19,0
877,819,0.0,23,0
877,811,30.0,16,0
877,13,95.0,7,0
877,5,0.0,20,0
877,808,0.0,21,0
877,30,43.0,15,0
877,154,90.0,9,0
877,807,49.0,12,0
877,37,0.0,25,0
877,39,0.0,24,0
877,816,0.0,22,0
878,18,163.0,6,2
878,20,273.0,1,5
878,1,190.0,4,4
878,17,167.0,5,2
878,4,260.0,2,3
878,155,58.0,11,0
878,8,206.0,3,1
878,815,66.0,10,0
878,817,10.0,18,0
878,814,46.0,13,0
878,818,12.0,17,0
878,3,93.0,9,1
878,813,45.0,14,1
878,10,0.0,19,0
878,819,0.0,23,0
878,811,31.0,16,0
878,13,107.0,7,0
878,5,0.0,20,0
878,808,0.0,21,0
878,30,43.0,15,0
878,154,96.0,8,0
878,807,53.0,12,0
878,37,0.0,25,0
878,39,0.0,24,0
878,816,0.0,22,0
879,18,188.0,5,3
879,20,281.0,1,5
879,1,190.0,4,4
879,17,179.0,6,2
879,4,278.0,2,3
879,155,60.0,12,0
879,8,207.0,3,1
879,815,66.0,10,0
879,817,10.0,18,0
879,814,46.0,14,0
879,818,16.0,17,0
879,3,93.0,9,1
879,813,45.0,15,1
879,10,0.0,20,0
879,819,0.0,21,0
879,811,31.0,16,0
879,13,122.0,7,0
879,5,0.0,22,0
879,808,0.0,19,0
879,30,49.0,13,0
879,154,96.0,8,0
879,807,63.0,11,0
879,37,0.0,25,0
879,39,0.0,24,0
879,816,0.0,23,0
880,8,25.0,1,1
880,4,18.0,2,0
880,20,15.0,3,0
880,13,12.0,4,0
880,1,10.0,5,0
880,17,8.0,6,0
880,16,6.0,7,0
880,814,4.0,8,0
880,18,2.0,9,0
880,154,1.0,10,0
880,815,0.0,11,0
880,818,0.0,12,0
880,821,0.0,13,0
880,822,0.0,14,0
880,824,0.0,15,0
880,819,0.0,16,0
880,820,0.0,17,0
880,823,0.0,18,0
880,817,0.0,19,0
880,3,0.0,20,0
880,813,0.0,21,0
880,807,0.0,22,0
881,8,31.0,2,1
881,4,18.0,6,0
881,20,40.0,1,1
881,13,22.0,5,0
881,1,25.0,4,0
881,17,26.0,3,0
881,16,6.0,9,0
881,814,4.0,10,0
881,18,2.0,13,0
881,154,9.0,8,0
881,815,2.0,12,0
881,818,1.0,14,0
881,821,0.0,16,0
881,822,0.0,15,0
881,824,0.0,17,0
881,819,0.0,18,0
881,820,0.0,20,0
881,823,0.0,19,0
881,817,0.0,21,0
881,3,12.0,7,0
881,813,0.0,22,0
881,807,4.0,11,0
882,8,49.0,2,1
882,4,43.0,3,1
882,20,52.0,1,1
882,13,30.0,5,0
882,1,40.0,4,0
882,17,26.0,6,0
882,16,6.0,12,0
882,814,8.0,10,0
882,18,12.0,8,0
882,154,11.0,9,0
882,815,2.0,14,0
882,818,1.0,15,0
882,821,0.0,17,0
882,822,0.0,16,0
882,824,0.0,18,0
882,819,0.0,19,0
882,820,0.0,22,0
882,823,0.0,21,0
882,817,6.0,11,0
882,3,12.0,7,0
882,813,0.0,20,0
882,807,5.0,13,0
883,8,67.0,2,1
883,4,47.0,4,1
883,20,77.0,1,2
883,13,30.0,6,0
883,1,50.0,3,0
883,17,32.0,5,0
883,16,6.0,12,0
883,814,20.0,8,0
883,18,13.0,10,0
883,154,26.0,7,0
883,815,10.0,11,0
883,818,1.0,15,0
883,821,0.0,18,0
883,822,0.0,16,0
883,824,0.0,19,0
883,819,0.0,20,0
883,820,0.0,22,0
883,823,0.0,21,0
883,817,6.0,13,0
883,3,14.0,9,0
883,813,0.0,17,0
883,807,5.0,14,0
884,813,0.0,18,0
884,3,22.0,9,0
884,817,7.0,12,0
884,820,0.0,22,0
884,824,0.0,19,0
884,822,0.0,17,0
884,821,0.0,16,0
884,818,1.0,15,0
884,18,17.0,10,0
884,814,26.0,8,0
884,16,6.0,13,0
884,17,42.0,6,0
884,1,50.0,4,0
884,20,89.0,1,2
884,4,72.0,3,2
884,8,85.0,2,1
884,807,5.0,14,0
884,823,0.0,21,0
884,819,0.0,20,0
884,815,12.0,11,0
884,154,26.0,7,0
884,13,45.0,5,0
885,8,86.0,2,1
885,4,78.0,3,2
885,20,107.0,1,2
885,13,45.0,7,0
885,1,62.0,4,0
885,17,57.0,5,0
885,16,16.0,11,0
885,814,28.0,8,0
885,18,25.0,10,0
885,154,26.0,9,0
885,815,12.0,12,0
885,818,5.0,15,0
885,821,0.0,16,0
885,822,0.0,17,0
885,824,0.0,19,0
885,819,0.0,20,0
885,820,0.0,21,0
885,823,0.0,22,0
885,817,7.0,13,0
885,3,47.0,6,1
885,813,0.0,18,0
885,807,5.0,14,0
886,8,88.0,3,1
886,4,96.0,2,2
886,20,132.0,1,3
886,13,49.0,7,0
886,1,77.0,4,0
886,17,69.0,5,0
886,16,17.0,11,0
886,814,34.0,8,0
886,18,25.0,10,0
886,154,26.0,9,0
886,815,12.0,13,0
886,818,13.0,12,0
886,821,0.0,16,0
886,822,0.0,17,0
886,824,0.0,19,0
886,819,0.0,20,0
886,820,0.0,21,0
886,823,0.0,22,0
886,817,7.0,14,0
886,3,57.0,6,1
886,813,0.0,18,0
886,807,5.0,15,0
887,807,6.0,15,0
887,813,0.0,16,0
887,817,11.0,14,0
887,823,0.0,22,0
887,819,0.0,20,0
887,824,0.0,19,0
887,821,0.0,18,0
887,818,13.0,12,0
887,16,23.0,11,0
887,17,87.0,5,0
887,20,132.0,1,3
887,13,57.0,7,0
887,1,89.0,4,0
887,3,82.0,6,2
887,820,0.0,21,0
887,822,0.0,17,0
887,814,36.0,8,0
887,8,98.0,3,1
887,4,111.0,2,2
887,815,12.0,13,0
887,154,26.0,9,0
887,18,25.0,10,0
888,8,116.0,3,1
888,4,123.0,2,2
888,20,157.0,1,4
888,13,57.0,7,0
888,1,99.0,4,0
888,17,93.0,5,0
888,16,23.0,11,0
888,814,36.0,9,0
888,18,33.0,10,0
888,154,41.0,8,0
888,815,16.0,12,0
888,818,13.0,13,0
888,821,0.0,18,0
888,822,0.0,17,0
888,824,0.0,19,0
888,819,0.0,20,0
888,820,0.0,21,0
888,823,0.0,22,0
888,817,11.0,14,0
888,3,84.0,6,2
888,813,0.0,16,0
888,807,7.0,15,0
890,8,134.0,2,1
890,4,133.0,3,2
890,20,172.0,1,4
890,13,61.0,7,0
890,1,124.0,4,1
890,17,105.0,5,0
890,16,23.0,11,0
890,814,36.0,10,0
890,18,39.0,9,0
890,154,49.0,8,0
890,815,18.0,12,0
890,818,13.0,13,0
890,821,0.0,18,0
890,822,0.0,17,0
890,824,0.0,19,0
890,819,0.0,20,0
890,820,0.0,22,0
890,823,0.0,21,0
890,817,11.0,14,0
890,3,84.0,6,2
890,813,1.0,16,0
890,807,7.0,15,0
891,8,134.0,4,1
891,4,151.0,2,2
891,20,197.0,1,5
891,13,67.0,7,0
891,1,139.0,3,1
891,17,115.0,5,0
891,16,25.0,11,0
891,814,36.0,10,0
891,18,47.0,9,0
891,154,53.0,8,0
891,815,18.0,12,0
891,818,13.0,13,0
891,821,0.0,18,0
891,822,0.0,17,0
891,824,0.0,19,0
891,819,0.0,20,0
891,820,0.0,22,0
891,823,0.0,21,0
891,817,12.0,14,0
891,3,96.0,6,2
891,813,1.0,16,0
891,807,7.0,15,0
892,8,134.0,4,1
892,4,169.0,2,2
892,20,222.0,1,6
892,13,79.0,7,0
892,1,141.0,3,1
892,17,130.0,5,0
892,16,25.0,11,0
892,814,36.0,10,0
892,18,48.0,9,0
892,154,57.0,8,0
892,815,18.0,12,0
892,818,13.0,15,0
892,821,0.0,18,0
892,822,0.0,17,0
892,824,0.0,19,0
892,819,0.0,20,0
892,820,0.0,22,0
892,823,0.0,21,0
892,817,18.0,13,0
892,3,104.0,6,2
892,813,1.0,16,0
892,807,17.0,14,0
893,8,149.0,4,1
893,4,187.0,2,2
893,20,247.0,1,7
893,13,87.0,7,0
893,1,151.0,3,1
893,17,130.0,5,0
893,16,26.0,11,0
893,814,36.0,10,0
893,18,54.0,9,0
893,154,57.0,8,0
893,815,22.0,12,0
893,818,13.0,15,0
893,821,0.0,17,0
893,822,0.0,18,0
893,824,0.0,19,0
893,819,0.0,20,0
893,820,0.0,22,0
893,823,0.0,21,0
893,817,18.0,14,0
893,3,116.0,6,2
893,813,1.0,16,0
893,807,19.0,13,0
894,8,167.0,3,1
894,4,195.0,2,2
894,20,272.0,1,8
894,13,89.0,7,0
894,1,161.0,4,1
894,17,130.0,5,0
894,16,26.0,12,0
894,814,36.0,10,0
894,18,58.0,9,0
894,154,72.0,8,0
894,815,23.0,13,0
894,818,13.0,15,0
894,821,0.0,17,0
894,822,0.0,18,0
894,824,0.0,19,0
894,819,0.0,20,0
894,820,0.0,22,0
894,823,0.0,21,0
894,817,18.0,14,0
894,3,122.0,6,2
894,813,1.0,16,0
894,807,31.0,11,0
895,8,177.0,3,1
895,4,207.0,2,2
895,20,297.0,1,9
895,13,90.0,7,0
895,1,161.0,4,1
895,17,148.0,5,0
895,16,26.0,12,0
895,814,36.0,11,0
895,18,60.0,9,0
895,154,87.0,8,0
895,815,23.0,13,0
895,818,13.0,15,0
895,821,6.0,16,0
895,822,0.0,18,0
895,824,0.0,19,0
895,819,0.0,20,0
895,820,0.0,22,0
895,823,0.0,21,0
895,817,18.0,14,0
895,3,126.0,6,2
895,813,1.0,17,0
895,807,39.0,10,0
896,8,183.0,3,1
896,4,207.0,2,2
896,20,322.0,1,10
896,13,102.0,8,0
896,1,169.0,4,1
896,17,148.0,5,0
896,16,28.0,13,0
896,814,40.0,10,0
896,18,60.0,9,0
896,154,102.0,7,0
896,815,33.0,12,0
896,818,13.0,15,0
896,821,6.0,16,0
896,822,0.0,18,0
896,824,0.0,19,0
896,819,0.0,20,0
896,820,0.0,22,0
896,823,0.0,21,0
896,817,19.0,14,0
896,3,144.0,6,2
896,813,1.0,17,0
896,807,39.0,11,0
897,8,183.0,3,1
897,4,217.0,2,2
897,20,347.0,1,11
897,13,106.0,8,0
897,1,175.0,4,1
897,17,166.0,5,0
897,16,29.0,13,0
897,814,48.0,10,0
897,18,60.0,9,0
897,154,114.0,7,0
897,815,35.0,12,0
897,818,13.0,15,0
897,821,6.0,16,0
897,822,0.0,18,0
897,824,0.0,19,0
897,819,0.0,20,0
897,820,0.0,22,0
897,823,0.0,21,0
897,817,19.0,14,0
897,3,159.0,6,2
897,813,1.0,17,0
897,807,39.0,11,0
898,8,183.0,4,1
898,4,227.0,2,2
898,20,372.0,1,12
898,13,106.0,8,0
898,1,187.0,3,1
898,17,181.0,5,0
898,16,29.0,13,0
898,814,48.0,10,0
898,18,61.0,9,0
898,154,132.0,7,0
898,815,41.0,12,0
898,818,13.0,15,0
898,821,6.0,16,0
898,822,4.0,17,0
898,824,0.0,19,0
898,819,0.0,20,0
898,820,0.0,22,0
898,823,0.0,21,0
898,817,19.0,14,0
898,3,161.0,6,2
898,813,1.0,18,0
898,807,47.0,11,0
898,5,0.0,23,0
899,8,183.0,5,1
899,4,242.0,2,2
899,20,397.0,1,13
899,13,112.0,8,0
899,1,189.0,4,1
899,17,199.0,3,0
899,16,29.0,13,0
899,814,48.0,12,0
899,18,73.0,9,0
899,154,132.0,7,0
899,815,49.0,11,0
899,818,13.0,15,0
899,821,6.0,16,0
899,822,4.0,17,0
899,824,0.0,19,0
899,819,0.0,20,0
899,820,0.0,23,0
899,823,0.0,21,0
899,817,20.0,14,0
899,3,171.0,6,2
899,813,1.0,18,0
899,807,51.0,10,0
899,5,0.0,22,0
272,112,0.0,43,0
272,114,0.0,35,0
272,113,0.0,36,0
272,93,0.0,37,0
272,115,0.0,44,0
272,63,0.0,32,0
272,116,0.0,33,0
272,89,0.0,45,0
272,98,0.0,41,0
257,102,0.0,13,0
257,84,0.0,14,0
257,56,0.0,15,0
257,50,0.0,16,0
257,103,0.0,17,0
257,87,0.0,18,0
257,104,0.0,19,0
257,49,0.0,20,0
257,57,0.0,21,0
257,105,0.0,22,0
257,81,0.0,23,0
257,77,0.0,24,0
257,106,0.0,25,0
257,92,0.0,26,0
257,107,0.0,27,0
257,108,0.0,28,0
258,87,0.0,24,0
258,104,3.0,6,0
258,49,2.0,7,0
258,57,0.0,26,0
258,105,0.0,21,0
258,81,0.0,18,0
258,77,6.0,4,0
258,106,0.0,27,0
258,92,0.0,29,0
258,107,0.0,16,0
258,108,0.0,30,0
258,88,0.0,25,0
258,78,0.0,28,0
259,105,0.0,24,0
259,81,0.0,22,0
259,77,6.0,4,0
259,106,0.0,30,0
259,92,0.0,28,0
259,107,0.0,20,0
259,108,0.0,32,0
259,88,0.0,29,0
259,78,6.0,5,0
259,110,0.0,25,0
259,109,0.0,31,0
260,92,0.0,29,0
260,107,0.0,24,0
260,108,0.0,28,0
260,88,0.0,32,0
260,78,6.0,6,0
260,110,3.0,12,0
260,109,0.0,17,0
261,108,0.0,30,0
261,88,0.0,34,0
261,78,6.0,7,0
261,110,3.0,13,0
261,109,0.0,21,0
261,70,0.0,25,0
261,14,0.0,33,0
261,85,0.0,35,0
262,88,0.0,34,0
262,78,6.0,7,0
262,110,3.0,13,0
262,109,1.0,17,0
262,70,0.0,26,0
262,14,2.0,16,0
262,85,0.0,35,0
263,78,6.0,7,0
263,110,4.0,12,0
263,109,1.0,17,0
263,70,0.0,26,0
263,14,2.0,16,0
263,85,0.0,37,0
263,111,0.0,27,0
263,95,0.0,34,0
264,110,4.0,13,0
264,109,1.0,17,0
264,70,0.0,27,0
264,14,4.0,15,0
264,85,0.0,37,0
264,111,0.0,28,0
264,95,0.0,35,0
265,109,1.0,21,0
265,70,0.0,28,0
265,14,4.0,18,0
265,85,0.0,37,0
265,111,0.0,29,0
265,95,0.0,35,0
266,109,1.0,23,0
266,70,0.0,28,0
266,14,4.0,19,0
266,85,0.0,38,0
266,111,0.0,29,0
266,95,0.0,35,0
266,112,0.0,37,0
267,109,1.0,23,0
267,70,0.0,29,0
267,14,7.0,11,0
267,85,0.0,38,0
267,111,0.0,28,0
267,95,0.0,35,0
267,112,0.0,37,0
268,109,1.0,23,0
268,70,0.0,29,0
268,14,8.0,10,0
268,85,0.0,39,0
268,111,0.0,28,0
268,95,0.0,35,0
268,112,0.0,38,0
268,114,0.0,37,0
269,14,14.0,7,0
269,85,0.0,40,0
269,111,0.0,28,0
269,95,0.0,37,0
269,112,0.0,39,0
269,114,0.0,32,0
269,113,0.0,33,0
270,85,0.0,42,0
270,111,0.0,28,0
270,95,0.0,38,0
270,112,0.0,40,0
270,114,0.0,32,0
270,113,0.0,33,0
270,93,0.0,34,0
270,115,0.0,41,0
271,95,3.0,21,0
271,112,0.0,42,0
271,114,0.0,34,0
271,113,0.0,35,0
271,93,0.0,36,0
271,115,0.0,44,0
271,63,0.0,32,0
271,116,0.0,40,0
271,89,0.0,43,0
900,13,0.0,20,0
900,20,0.0,18,0
900,813,0.0,16,0
900,824,0.0,14,0
900,821,0.0,12,0
900,825,18.0,2,0
900,18,15.0,3,0
900,4,12.0,4,0
900,822,10.0,5,0
900,807,8.0,6,0
900,8,6.0,7,0
900,155,0.0,21,0
900,1,0.0,19,0
900,828,0.0,17,0
900,154,0.0,15,0
900,820,0.0,13,0
900,16,0.0,11,0
900,815,1.0,10,0
900,826,2.0,9,0
900,818,4.0,8,0
900,3,25.0,1,1
900,817,0.0,22,0
901,3,43.0,1,1
901,825,20.0,5,0
901,18,23.0,4,0
901,4,24.0,3,0
901,822,14.0,8,0
901,807,18.0,6,0
901,8,6.0,9,0
901,818,4.0,11,0
901,826,3.0,12,0
901,815,1.0,13,0
901,16,0.0,15,0
901,821,0.0,16,0
901,820,0.0,17,0
901,824,0.0,20,0
901,154,0.0,14,0
901,813,0.0,21,0
901,828,0.0,19,0
901,20,15.0,7,0
901,1,25.0,2,1
901,13,6.0,10,0
901,155,0.0,18,0
901,817,0.0,22,0
902,3,61.0,1,1
902,825,20.0,7,0
902,18,23.0,5,0
902,4,26.0,4,0
902,822,18.0,8,0
902,807,28.0,3,0
902,8,7.0,12,0
902,818,4.0,13,0
902,826,3.0,14,0
902,815,16.0,9,0
902,16,0.0,16,0
902,821,0.0,17,0
902,820,0.0,18,0
902,824,0.0,22,0
902,154,0.0,15,0
902,813,0.0,20,0
902,828,0.0,21,0
902,20,23.0,6,0
902,1,50.0,2,2
902,13,12.0,11,0
902,155,0.0,19,0
902,817,12.0,10,0
903,3,79.0,1,1
903,825,20.0,9,0
903,18,23.0,8,0
903,4,41.0,3,0
903,822,24.0,7,0
903,807,36.0,4,0
903,8,11.0,12,0
903,818,4.0,13,0
903,826,4.0,14,0
903,815,18.0,10,0
903,16,0.0,16,0
903,821,0.0,17,0
903,820,0.0,18,0
903,824,0.0,22,0
903,154,0.0,15,0
903,813,0.0,20,0
903,828,0.0,21,0
903,20,33.0,5,0
903,1,75.0,2,3
903,13,12.0,11,0
903,155,0.0,19,0
903,817,24.0,6,0
904,3,97.0,2,1
904,825,20.0,9,0
904,18,23.0,8,0
904,4,49.0,3,0
904,822,34.0,7,0
904,807,37.0,6,0
904,8,17.0,11,0
904,818,4.0,14,0
904,826,4.0,15,0
904,815,20.0,10,0
904,16,0.0,16,0
904,821,0.0,17,0
904,820,0.0,18,0
904,824,0.0,22,0
904,154,4.0,13,0
904,813,0.0,20,0
904,828,0.0,21,0
904,20,45.0,4,0
904,1,100.0,1,4
904,13,12.0,12,0
904,155,0.0,19,0
904,817,39.0,5,0
905,3,122.0,1,2
905,825,21.0,9,0
905,18,31.0,8,0
905,4,61.0,3,0
905,822,34.0,7,0
905,807,47.0,5,0
905,8,17.0,12,0
905,818,4.0,14,0
905,826,4.0,15,0
905,815,20.0,10,0
905,16,0.0,18,0
905,821,0.0,19,0
905,820,0.0,20,0
905,824,2.0,16,0
905,154,8.0,13,0
905,813,0.0,22,0
905,828,0.0,17,0
905,20,45.0,6,0
905,1,118.0,2,4
905,13,18.0,11,0
905,155,0.0,21,0
905,817,54.0,4,0
906,3,140.0,1,2
906,825,23.0,9,0
906,18,43.0,7,0
906,4,69.0,4,0
906,822,40.0,8,0
906,807,57.0,6,0
906,8,18.0,12,0
906,818,8.0,14,0
906,826,4.0,15,0
906,815,20.0,10,0
906,16,0.0,17,0
906,821,0.0,19,0
906,820,0.0,20,0
906,824,2.0,16,0
906,154,8.0,13,0
906,813,0.0,22,0
906,828,0.0,18,0
906,20,60.0,5,0
906,1,118.0,2,4
906,13,18.0,11,0
906,155,0.0,21,0
906,817,79.0,3,1
907,3,165.0,1,3
907,825,29.0,10,0
907,18,43.0,8,0
907,4,79.0,4,0
907,822,55.0,7,0
907,807,59.0,6,0
907,8,19.0,12,0
907,818,8.0,14,0
907,826,4.0,15,0
907,815,28.0,11,0
907,16,0.0,17,0
907,821,0.0,20,0
907,820,0.0,21,0
907,824,2.0,16,0
907,154,8.0,13,0
907,813,0.0,19,0
907,828,0.0,18,0
907,20,60.0,5,0
907,1,136.0,2,4
907,13,30.0,9,0
907,155,0.0,22,0
907,817,83.0,3,1
908,3,165.0,1,3
908,825,35.0,9,0
908,18,55.0,8,0
908,4,87.0,4,0
908,822,73.0,5,0
908,807,63.0,7,0
908,8,19.0,12,0
908,818,9.0,13,0
908,826,6.0,15,0
908,815,28.0,11,0
908,16,0.0,17,0
908,821,0.0,20,0
908,820,0.0,21,0
908,824,2.0,16,0
908,154,8.0,14,0
908,813,0.0,19,0
908,828,0.0,18,0
908,20,70.0,6,0
908,1,161.0,2,5
908,13,30.0,10,0
908,155,0.0,22,0
908,817,98.0,3,1
909,3,190.0,1,4
909,825,37.0,9,0
909,18,59.0,8,0
909,4,97.0,4,0
909,822,91.0,5,0
909,807,69.0,7,0
909,8,19.0,12,0
909,818,9.0,13,0
909,826,6.0,15,0
909,815,29.0,11,0
909,16,0.0,17,0
909,821,0.0,20,0
909,820,0.0,21,0
909,824,2.0,16,0
909,154,8.0,14,0
909,813,0.0,19,0
909,828,0.0,18,0
909,20,82.0,6,0
909,1,176.0,2,5
909,13,30.0,10,0
909,155,0.0,22,0
909,817,106.0,3,1
910,3,202.0,1,4
910,825,37.0,10,0
910,18,60.0,8,0
910,4,115.0,4,0
910,822,95.0,5,0
910,807,69.0,7,0
910,8,27.0,12,0
910,818,11.0,13,0
910,826,6.0,15,0
910,815,29.0,11,0
910,16,0.0,17,0
910,821,0.0,20,0
910,820,0.0,21,0
910,824,2.0,16,0
910,154,8.0,14,0
910,813,0.0,19,0
910,828,0.0,18,0
910,20,88.0,6,0
910,1,191.0,2,5
910,13,40.0,9,0
910,155,0.0,22,0
910,817,131.0,3,2
911,3,220.0,1,4
911,825,37.0,11,0
911,18,68.0,8,0
911,4,121.0,4,0
911,822,110.0,5,0
911,807,70.0,7,0
911,8,39.0,10,0
911,818,11.0,13,0
911,826,8.0,15,0
911,815,33.0,12,0
911,16,0.0,17,0
911,821,0.0,20,0
911,820,0.0,21,0
911,824,2.0,16,0
911,154,8.0,14,0
911,813,0.0,19,0
911,828,0.0,18,0
911,20,98.0,6,0
911,1,191.0,2,5
911,13,40.0,9,0
911,155,0.0,22,0
911,817,156.0,3,3
911,827,0.0,23,0
912,3,238.0,1,4
912,825,38.0,12,0
912,18,72.0,7,0
912,4,121.0,5,0
912,822,122.0,4,0
912,807,70.0,8,0
912,8,41.0,10,0
912,818,11.0,13,0
912,826,8.0,15,0
912,815,39.0,11,0
912,16,0.0,17,0
912,821,0.0,20,0
912,820,0.0,21,0
912,824,2.0,16,0
912,154,8.0,14,0
912,813,0.0,19,0
912,828,0.0,18,0
912,20,106.0,6,0
912,1,216.0,2,6
912,13,55.0,9,0
912,155,0.0,22,0
912,817,166.0,3,3
912,827,0.0,23,0
913,3,238.0,2,4
913,825,39.0,12,0
913,18,72.0,7,0
913,4,133.0,4,0
913,822,122.0,6,0
913,807,72.0,8,0
913,8,45.0,11,0
913,818,19.0,13,0
913,826,8.0,15,0
913,815,45.0,10,0
913,16,0.0,17,0
913,821,0.0,20,0
913,820,0.0,21,0
913,824,2.0,16,0
913,154,8.0,14,0
913,813,0.0,19,0
913,828,0.0,18,0
913,20,124.0,5,0
913,1,241.0,1,7
913,13,65.0,9,0
913,155,0.0,22,0
913,817,181.0,3,3
913,827,0.0,23,0
914,3,256.0,2,4
914,825,39.0,12,0
914,18,82.0,7,0
914,4,133.0,5,0
914,822,130.0,6,0
914,807,76.0,8,0
914,8,45.0,11,0
914,818,21.0,13,0
914,826,8.0,15,0
914,815,46.0,10,0
914,16,0.0,17,0
914,821,0.0,20,0
914,820,0.0,21,0
914,824,2.0,16,0
914,154,8.0,14,0
914,813,0.0,19,0
914,828,0.0,18,0
914,20,139.0,4,0
914,1,266.0,1,8
914,13,71.0,9,0
914,155,0.0,22,0
914,817,193.0,3,3
914,827,0.0,23,0
915,3,274.0,2,4
915,825,49.0,10,0
915,18,94.0,7,0
915,4,141.0,6,0
915,822,145.0,4,0
915,807,76.0,8,0
915,8,47.0,12,0
915,818,21.0,13,0
915,826,8.0,15,0
915,815,47.0,11,0
915,16,0.0,17,0
915,821,0.0,20,0
915,820,0.0,21,0
915,824,2.0,16,0
915,154,8.0,14,0
915,813,0.0,19,0
915,828,0.0,18,0
915,20,143.0,5,0
915,1,291.0,1,9
915,13,71.0,9,0
915,155,0.0,22,0
915,817,199.0,3,3
915,827,0.0,23,0
916,3,292.0,2,4
916,825,53.0,10,0
916,18,94.0,7,0
916,4,149.0,6,0
916,822,155.0,4,0
916,807,76.0,9,0
916,8,47.0,12,0
916,818,22.0,13,0
916,826,8.0,15,0
916,815,47.0,11,0
916,16,0.0,18,0
916,821,0.0,20,0
916,820,0.0,21,0
916,824,2.0,17,0
916,154,8.0,14,0
916,813,2.0,16,0
916,828,0.0,19,0
916,20,149.0,5,0
916,1,316.0,1,10
916,13,83.0,8,0
916,155,0.0,22,0
916,817,214.0,3,3
916,827,0.0,23,0
917,3,317.0,2,5
917,825,55.0,10,0
917,18,106.0,7,0
917,4,157.0,5,0
917,822,156.0,6,0
917,807,80.0,9,0
917,8,53.0,11,0
917,818,22.0,13,0
917,826,8.0,15,0
917,815,47.0,12,0
917,16,0.0,18,0
917,821,0.0,20,0
917,820,0.0,21,0
917,824,2.0,17,0
917,154,8.0,14,0
917,813,2.0,16,0
917,828,0.0,19,0
917,20,159.0,4,0
917,1,334.0,1,10
917,13,98.0,8,0
917,155,0.0,22,0
917,817,214.0,3,3
917,827,0.0,23,0
918,3,317.0,2,5
918,825,55.0,11,0
918,18,126.0,8,0
918,4,161.0,6,0
918,822,186.0,4,0
918,807,96.0,9,0
918,8,55.0,12,0
918,818,22.0,13,0
918,826,8.0,15,0
918,815,59.0,10,0
918,16,0.0,18,0
918,821,0.0,20,0
918,820,0.0,21,0
918,824,2.0,17,0
918,154,8.0,14,0
918,813,2.0,16,0
918,828,0.0,19,0
918,20,167.0,5,0
918,1,384.0,1,11
918,13,134.0,7,0
918,155,0.0,22,0
918,817,238.0,3,3
918,827,0.0,24,0
918,829,0.0,23,0
933,3,159.0,2,3
926,822,0.0,18,0
926,826,0.0,16,0
926,154,0.0,14,0
926,8,0.0,12,0
933,1,169.0,1,4
926,825,0.0,17,0
926,813,0.0,15,0
926,830,0.0,13,0
926,18,0.0,11,0
926,815,1.0,10,0
926,832,2.0,9,0
926,828,4.0,8,0
926,807,6.0,7,0
926,817,8.0,6,0
926,831,10.0,5,0
926,13,12.0,4,0
926,20,15.0,3,0
926,3,18.0,2,0
926,1,25.0,1,1
927,1,43.0,1,1
927,3,33.0,3,0
927,20,40.0,2,1
927,13,20.0,4,0
927,831,10.0,6,0
927,817,9.0,8,0
927,807,6.0,9,0
927,828,4.0,12,0
927,832,6.0,11,0
927,815,1.0,14,0
927,18,0.0,16,0
927,8,12.0,5,0
927,830,6.0,10,0
927,154,0.0,15,0
927,813,0.0,18,0
927,826,2.0,13,0
927,825,0.0,19,0
927,822,10.0,7,0
927,833,0.0,17,0
927,4,0.0,20,0
927,829,0.0,21,0
928,1,68.0,1,2
928,3,51.0,3,0
928,20,55.0,2,1
928,13,30.0,4,0
928,831,14.0,7,0
928,817,11.0,8,0
928,807,6.0,10,0
928,828,5.0,13,0
928,832,6.0,12,0
928,815,1.0,15,0
928,18,0.0,16,0
928,8,24.0,5,0
928,830,6.0,11,0
928,154,6.0,9,0
928,813,0.0,20,0
928,826,2.0,14,0
928,825,0.0,21,0
928,822,18.0,6,0
928,833,0.0,18,0
928,4,0.0,17,0
928,829,0.0,19,0
929,1,93.0,1,3
929,3,66.0,2,0
929,20,65.0,3,1
929,13,31.0,5,0
929,831,14.0,8,0
929,817,19.0,7,0
929,807,6.0,10,0
929,828,5.0,14,0
929,832,6.0,12,0
929,815,5.0,13,0
929,18,0.0,17,0
929,8,42.0,4,0
929,830,6.0,11,0
929,154,12.0,9,0
929,813,0.0,20,0
929,826,4.0,15,0
929,825,0.0,21,0
929,822,30.0,6,0
929,833,0.0,18,0
929,4,0.0,16,0
929,829,0.0,19,0
930,1,111.0,1,3
930,3,91.0,2,1
930,20,80.0,3,1
930,13,39.0,6,0
930,831,14.0,9,0
930,817,25.0,7,0
930,807,6.0,12,0
930,828,5.0,14,0
930,832,8.0,10,0
930,815,5.0,13,0
930,18,0.0,17,0
930,8,52.0,4,0
930,830,6.0,11,0
930,154,16.0,8,0
930,813,0.0,20,0
930,826,5.0,15,0
930,825,0.0,21,0
930,822,42.0,5,0
930,833,0.0,18,0
930,4,0.0,16,0
930,829,0.0,19,0
931,1,126.0,1,3
931,3,116.0,2,2
931,20,98.0,3,1
931,13,39.0,6,0
931,831,16.0,9,0
931,817,35.0,7,0
931,807,6.0,13,0
931,828,5.0,15,0
931,832,9.0,12,0
931,815,11.0,11,0
931,18,4.0,16,0
931,8,60.0,4,0
931,830,6.0,14,0
931,154,16.0,10,0
931,813,0.0,20,0
931,826,17.0,8,0
931,825,0.0,21,0
931,822,42.0,5,0
931,833,0.0,18,0
931,4,0.0,17,0
931,829,0.0,19,0
932,1,151.0,1,4
932,3,134.0,2,2
932,20,108.0,3,1
932,13,47.0,6,0
932,831,16.0,10,0
932,817,35.0,7,0
932,807,10.0,12,0
932,828,5.0,16,0
932,832,9.0,13,0
932,815,11.0,11,0
932,18,4.0,17,0
932,8,72.0,4,0
932,830,6.0,14,0
932,154,17.0,9,0
932,813,6.0,15,0
932,826,19.0,8,0
932,825,0.0,21,0
932,822,57.0,5,0
932,833,0.0,19,0
932,4,0.0,18,0
932,829,0.0,20,0
933,20,120.0,3,1
933,13,62.0,6,0
933,831,16.0,11,0
933,817,36.0,7,0
933,807,18.0,9,0
933,828,5.0,16,0
933,832,9.0,15,0
933,815,13.0,12,0
933,18,4.0,17,0
933,8,72.0,4,0
933,830,10.0,14,0
933,154,17.0,10,0
933,813,12.0,13,0
933,826,19.0,8,0
933,825,0.0,21,0
933,822,67.0,5,0
933,833,0.0,19,0
933,4,0.0,18,0
933,829,0.0,20,0
934,1,194.0,1,5
934,3,177.0,2,3
934,20,135.0,3,1
934,13,74.0,6,0
934,831,16.0,11,0
934,817,36.0,7,0
934,807,24.0,9,0
934,828,5.0,16,0
934,832,9.0,15,0
934,815,15.0,12,0
934,18,4.0,17,0
934,8,76.0,5,0
934,830,10.0,14,0
934,154,17.0,10,0
934,813,12.0,13,0
934,826,27.0,8,0
934,825,0.0,21,0
934,822,77.0,4,0
934,833,0.0,19,0
934,4,1.0,18,0
934,829,0.0,20,0
936,1,202.0,1,5
936,3,181.0,2,3
936,20,160.0,3,2
936,13,74.0,6,0
936,831,16.0,12,0
936,817,51.0,7,0
936,807,24.0,9,0
936,828,6.0,18,0
936,832,9.0,16,0
936,815,15.0,13,0
936,18,6.0,17,0
936,8,76.0,5,0
936,830,22.0,11,0
936,154,23.0,10,0
936,813,12.0,14,0
936,826,45.0,8,0
936,825,0.0,21,0
936,822,77.0,4,0
936,833,0.0,19,0
936,4,11.0,15,0
936,829,0.0,20,0
937,1,227.0,1,6
937,3,199.0,2,3
937,20,160.0,3,2
937,13,82.0,5,0
937,831,16.0,13,0
937,817,51.0,8,0
937,807,24.0,12,0
937,828,7.0,17,0
937,832,9.0,16,0
937,815,25.0,11,0
937,18,6.0,18,0
937,8,82.0,4,0
937,830,26.0,10,0
937,154,38.0,9,0
937,813,12.0,14,0
937,826,57.0,7,0
937,825,0.0,21,0
937,822,79.0,6,0
937,833,0.0,19,0
937,4,11.0,15,0
937,829,0.0,20,0
938,1,252.0,1,7
938,3,199.0,2,3
938,20,178.0,3,2
938,13,97.0,4,0
938,831,16.0,13,0
938,817,55.0,8,0
938,807,30.0,11,0
938,828,9.0,17,0
938,832,9.0,16,0
938,815,33.0,10,0
938,18,6.0,18,0
938,8,92.0,5,0
938,830,26.0,12,0
938,154,38.0,9,0
938,813,12.0,14,0
938,826,58.0,7,0
938,825,0.0,21,0
938,822,91.0,6,0
938,833,0.0,19,0
938,4,11.0,15,0
938,829,0.0,20,0
939,1,252.0,1,7
939,3,211.0,2,3
939,20,203.0,3,3
939,13,97.0,6,0
939,831,17.0,13,0
939,817,73.0,7,0
939,807,30.0,12,0
939,828,9.0,17,0
939,832,11.0,16,0
939,815,39.0,9,0
939,18,6.0,18,0
939,8,107.0,4,0
939,830,30.0,11,0
939,154,38.0,10,0
939,813,12.0,14,0
939,826,66.0,8,0
939,825,0.0,22,0
939,822,101.0,5,0
939,833,0.0,19,0
939,4,11.0,15,0
939,829,0.0,20,0
939,834,0.0,21,0
940,834,0.0,21,0
940,829,0.0,20,0
940,4,11.0,16,0
940,822,111.0,5,0
940,826,66.0,8,0
940,813,16.0,14,0
940,154,44.0,9,0
940,830,32.0,12,0
940,832,12.0,15,0
940,828,9.0,17,0
940,831,17.0,13,0
940,3,229.0,2,3
940,825,0.0,22,0
940,807,38.0,11,0
940,815,39.0,10,0
940,18,6.0,18,0
940,8,119.0,4,0
940,13,97.0,6,0
940,833,0.0,19,0
940,817,73.0,7,0
940,20,218.0,3,3
940,1,277.0,1,8
942,3,247.0,3,3
941,834,0.0,21,0
941,825,0.0,22,0
941,822,111.0,5,0
942,831,27.0,13,0
942,13,109.0,6,0
942,20,251.0,2,3
941,829,0.0,20,0
941,4,11.0,16,0
942,1,327.0,1,10
941,833,0.0,19,0
941,826,76.0,7,0
941,813,22.0,14,0
941,154,44.0,10,0
941,830,33.0,12,0
941,8,123.0,4,0
941,18,8.0,18,0
941,815,54.0,9,0
941,832,12.0,15,0
941,828,9.0,17,0
941,807,38.0,11,0
941,817,73.0,8,0
941,831,25.0,13,0
941,13,109.0,6,0
941,20,236.0,2,3
941,3,229.0,3,3
941,1,302.0,1,9
942,817,74.0,8,0
942,807,38.0,12,0
942,828,9.0,18,0
942,832,18.0,15,0
942,815,64.0,9,0
942,18,16.0,16,0
942,8,123.0,4,0
942,830,45.0,10,0
942,154,44.0,11,0
942,813,26.0,14,0
942,826,76.0,7,0
942,825,0.0,22,0
942,822,111.0,5,0
942,833,0.0,19,0
942,4,11.0,17,0
942,829,0.0,21,0
942,834,0.0,20,0
943,1,345.0,1,10
943,3,272.0,2,4
943,20,251.0,3,3
943,13,117.0,6,0
943,831,27.0,13,0
943,817,84.0,8,0
943,807,44.0,12,0
943,828,9.0,18,0
943,832,18.0,15,0
943,815,68.0,9,0
943,18,16.0,16,0
943,8,123.0,5,0
943,830,47.0,10,0
943,154,45.0,11,0
943,813,26.0,14,0
943,826,88.0,7,0
943,825,0.0,22,0
943,822,126.0,4,0
943,833,0.0,19,0
943,4,11.0,17,0
943,829,0.0,21,0
943,834,0.0,20,0
944,1,363.0,1,10
944,3,297.0,2,5
944,20,266.0,3,3
944,13,117.0,6,0
944,831,27.0,13,0
944,817,84.0,8,0
944,807,52.0,10,0
944,828,9.0,18,0
944,832,18.0,15,0
944,815,68.0,9,0
944,18,16.0,16,0
944,8,135.0,5,0
944,830,49.0,12,0
944,154,49.0,11,0
944,813,27.0,14,0
944,826,94.0,7,0
944,825,0.0,22,0
944,822,136.0,4,0
944,833,0.0,19,0
944,4,11.0,17,0
944,829,0.0,21,0
944,834,0.0,20,0
945,1,381.0,1,10
945,3,322.0,2,6
945,20,278.0,3,3
945,13,121.0,6,0
945,831,27.0,13,0
945,817,92.0,8,0
945,807,58.0,10,0
945,828,9.0,18,0
945,832,18.0,15,0
945,815,78.0,9,0
945,18,16.0,16,0
945,8,150.0,4,0
945,830,49.0,12,0
945,154,51.0,11,0
945,813,27.0,14,0
945,826,95.0,7,0
945,825,0.0,22,0
945,822,136.0,5,0
945,833,0.0,19,0
945,4,11.0,17,0
945,829,0.0,21,0
945,834,0.0,20,0
955,1,117.0,2,2
955,3,141.0,1,5
948,4,0.0,21,0
948,828,0.0,17,0
948,831,0.0,15,0
948,815,0.0,13,0
948,835,0.0,11,0
948,3,25.0,1,1
948,837,0.0,19,0
948,826,0.0,22,0
948,821,0.0,20,0
948,8,0.0,18,0
948,836,0.0,16,0
948,18,0.0,14,0
948,825,0.0,12,0
948,830,1.0,10,0
948,832,2.0,9,0
948,822,4.0,8,0
948,807,6.0,7,0
948,154,8.0,6,0
948,13,10.0,5,0
948,817,12.0,4,0
948,20,15.0,3,0
948,1,18.0,2,0
949,3,50.0,1,2
949,1,33.0,2,0
949,20,15.0,6,0
949,817,24.0,3,0
949,13,14.0,7,0
949,154,18.0,5,0
949,807,6.0,9,0
949,822,6.0,11,0
949,832,2.0,12,0
949,830,9.0,8,0
949,835,0.0,15,0
949,825,0.0,14,0
949,815,0.0,17,0
949,18,0.0,20,0
949,831,0.0,19,0
949,836,0.0,18,0
949,828,0.0,16,0
949,8,18.0,4,0
949,837,0.0,21,0
949,821,0.0,22,0
949,4,0.0,23,0
949,826,6.0,10,0
949,838,1.0,13,0
950,3,75.0,1,3
950,1,39.0,2,0
950,20,33.0,4,0
950,817,36.0,3,0
950,13,22.0,6,0
950,154,18.0,8,0
950,807,6.0,11,0
950,822,7.0,10,0
950,832,4.0,12,0
950,830,13.0,9,0
950,835,0.0,16,0
950,825,0.0,14,0
950,815,0.0,15,0
950,18,0.0,19,0
950,831,0.0,21,0
950,836,0.0,20,0
950,828,0.0,17,0
950,8,28.0,5,0
950,837,0.0,23,0
950,821,0.0,22,0
950,4,0.0,18,0
950,826,21.0,7,0
950,838,1.0,13,0
951,3,100.0,1,4
951,1,57.0,2,0
951,20,33.0,5,0
951,817,36.0,4,0
951,13,32.0,6,0
951,154,22.0,7,0
951,807,6.0,13,0
951,822,19.0,9,0
951,832,4.0,14,0
951,830,13.0,10,0
951,835,0.0,18,0
951,825,6.0,12,0
951,815,2.0,15,0
951,18,1.0,16,0
951,831,0.0,21,0
951,836,0.0,20,0
951,828,0.0,19,0
951,8,43.0,3,0
951,837,0.0,23,0
951,821,0.0,22,0
951,4,8.0,11,0
951,826,21.0,8,0
951,838,1.0,17,0
952,3,100.0,1,4
952,1,57.0,3,0
952,20,48.0,4,0
952,817,48.0,5,0
952,13,36.0,7,0
952,154,22.0,10,0
952,807,6.0,15,0
952,822,29.0,8,0
952,832,12.0,11,0
952,830,38.0,6,1
952,835,0.0,18,0
952,825,6.0,14,0
952,815,8.0,13,0
952,18,3.0,16,0
952,831,0.0,22,0
952,836,0.0,21,0
952,828,0.0,20,0
952,8,61.0,2,0
952,837,0.0,23,0
952,821,0.0,19,0
952,4,8.0,12,0
952,826,22.0,9,0
952,838,1.0,17,0
953,3,106.0,1,4
953,1,82.0,2,1
953,20,60.0,5,0
953,817,66.0,3,0
953,13,37.0,7,0
953,154,22.0,11,0
953,807,14.0,14,0
953,822,29.0,8,0
953,832,16.0,13,0
953,830,38.0,6,1
953,835,0.0,19,0
953,825,6.0,15,0
953,815,23.0,9,0
953,18,5.0,16,0
953,831,0.0,22,0
953,836,0.0,21,0
953,828,0.0,20,0
953,8,61.0,4,0
953,837,0.0,23,0
953,821,0.0,18,0
953,4,18.0,12,0
953,826,22.0,10,0
953,838,1.0,17,0
954,3,116.0,1,4
954,1,107.0,2,2
954,20,78.0,3,0
954,817,72.0,4,0
954,13,37.0,8,0
954,154,22.0,11,0
954,807,18.0,13,0
954,822,44.0,7,0
954,832,18.0,14,0
954,830,50.0,6,1
954,835,0.0,19,0
954,825,6.0,15,0
954,815,24.0,9,0
954,18,5.0,16,0
954,831,0.0,22,0
954,836,0.0,21,0
954,828,0.0,20,0
954,8,69.0,5,0
954,837,0.0,23,0
954,821,0.0,18,0
954,4,18.0,12,0
954,826,22.0,10,0
954,838,1.0,17,0
955,20,96.0,3,0
955,817,78.0,5,0
955,13,38.0,9,0
955,154,22.0,11,0
955,807,20.0,12,0
955,822,52.0,7,0
955,832,18.0,14,0
955,830,54.0,6,1
955,835,0.0,19,0
955,825,6.0,15,0
955,815,39.0,8,0
955,18,5.0,16,0
955,831,0.0,21,0
955,836,0.0,22,0
955,828,0.0,20,0
955,8,81.0,4,0
955,837,0.0,23,0
955,821,0.0,18,0
955,4,18.0,13,0
955,826,22.0,10,0
955,838,1.0,17,0
956,3,153.0,1,5
956,1,142.0,2,3
956,20,96.0,3,0
956,817,88.0,5,0
956,13,38.0,9,0
956,154,28.0,10,0
956,807,20.0,13,0
956,822,54.0,7,0
956,832,22.0,12,0
956,830,72.0,6,1
956,835,0.0,20,0
956,825,6.0,16,0
956,815,39.0,8,0
956,18,13.0,15,0
956,831,0.0,22,0
956,836,1.0,17,0
956,828,0.0,21,0
956,8,96.0,4,0
956,837,0.0,23,0
956,821,0.0,19,0
956,4,18.0,14,0
956,826,22.0,11,0
956,838,1.0,18,0
957,3,168.0,1,5
957,1,167.0,2,4
957,20,98.0,5,0
957,817,100.0,4,0
957,13,38.0,9,0
957,154,28.0,10,0
957,807,26.0,11,0
957,822,54.0,7,0
957,832,26.0,12,0
957,830,90.0,6,1
957,835,0.0,20,0
957,825,6.0,16,0
957,815,47.0,8,0
957,18,13.0,15,0
957,831,0.0,22,0
957,836,1.0,17,0
957,828,0.0,21,0
957,8,106.0,3,0
957,837,0.0,23,0
957,821,0.0,19,0
957,4,18.0,14,0
957,826,23.0,13,0
957,838,1.0,18,0
958,3,186.0,2,5
958,1,192.0,1,5
958,20,110.0,5,0
958,817,115.0,3,0
958,13,38.0,9,0
958,154,28.0,11,0
958,807,27.0,12,0
958,822,56.0,7,0
958,832,30.0,10,0
958,830,100.0,6,1
958,835,0.0,20,0
958,825,6.0,16,0
958,815,47.0,8,0
958,18,13.0,15,0
958,831,0.0,22,0
958,836,1.0,17,0
958,828,0.0,21,0
958,8,114.0,4,0
958,837,0.0,23,0
958,821,0.0,19,0
958,4,24.0,13,0
958,826,23.0,14,0
958,838,1.0,18,0
959,3,198.0,2,5
959,1,217.0,1,6
959,20,120.0,5,0
959,817,133.0,3,0
959,13,38.0,9,0
959,154,28.0,12,0
959,807,33.0,10,0
959,822,58.0,7,0
959,832,30.0,11,0
959,830,115.0,6,1
959,835,0.0,20,0
959,825,6.0,16,0
959,815,48.0,8,0
959,18,17.0,15,0
959,831,0.0,22,0
959,836,1.0,17,0
959,828,0.0,21,0
959,8,122.0,4,0
959,837,0.0,23,0
959,821,0.0,19,0
959,4,24.0,13,0
959,826,23.0,14,0
959,838,1.0,18,0
960,3,223.0,2,6
960,1,232.0,1,6
960,20,128.0,4,0
960,817,151.0,3,0
960,13,39.0,10,0
960,154,28.0,13,0
960,807,45.0,9,0
960,822,62.0,7,0
960,832,30.0,12,0
960,830,115.0,6,1
960,835,0.0,20,0
960,825,6.0,16,0
960,815,58.0,8,0
960,18,17.0,15,0
960,831,0.0,22,0
960,836,1.0,17,0
960,828,0.0,21,0
960,8,124.0,5,0
960,837,0.0,23,0
960,821,0.0,19,0
960,4,30.0,11,0
960,826,23.0,14,0
960,838,1.0,18,0
960,839,0.0,24,0
961,3,248.0,2,7
961,1,250.0,1,6
961,20,143.0,4,0
961,817,161.0,3,0
961,13,41.0,10,0
961,154,28.0,13,0
961,807,46.0,9,0
961,822,70.0,7,0
961,832,30.0,12,0
961,830,121.0,6,1
961,835,0.0,20,0
961,825,6.0,16,0
961,815,62.0,8,0
961,18,17.0,15,0
961,831,0.0,22,0
961,836,1.0,17,0
961,828,0.0,21,0
961,8,136.0,5,0
961,837,0.0,23,0
961,821,0.0,19,0
961,4,30.0,11,0
961,826,23.0,14,0
961,838,1.0,18,0
961,839,0.0,24,0
962,3,273.0,1,8
962,1,265.0,2,6
962,20,153.0,4,0
962,817,179.0,3,0
962,13,41.0,10,0
962,154,28.0,13,0
962,807,46.0,9,0
962,822,70.0,7,0
962,832,30.0,12,0
962,830,129.0,6,1
962,835,0.0,20,0
962,825,7.0,16,0
962,815,66.0,8,0
962,18,17.0,15,0
962,831,0.0,22,0
962,836,1.0,17,0
962,828,0.0,21,0
962,8,148.0,5,0
962,837,0.0,23,0
962,821,0.0,19,0
962,4,36.0,11,0
962,826,25.0,14,0
962,838,1.0,18,0
962,839,0.0,24,0
963,3,288.0,1,8
963,1,265.0,2,6
963,20,153.0,5,0
963,817,204.0,3,1
963,13,41.0,11,0
963,154,28.0,13,0
963,807,50.0,9,0
963,822,80.0,7,0
963,832,30.0,12,0
963,830,147.0,6,1
963,835,1.0,17,0
963,825,7.0,16,0
963,815,74.0,8,0
963,18,19.0,15,0
963,831,0.0,22,0
963,836,1.0,18,0
963,828,0.0,21,0
963,8,160.0,4,0
963,837,0.0,23,0
963,821,0.0,20,0
963,4,42.0,10,0
963,826,25.0,14,0
963,838,1.0,19,0
963,839,0.0,24,0
964,3,313.0,1,9
964,1,280.0,2,6
964,20,165.0,6,0
964,817,212.0,3,1
964,13,43.0,10,0
964,154,28.0,13,0
964,807,54.0,9,0
964,822,81.0,7,0
964,832,30.0,12,0
964,830,165.0,5,1
964,835,1.0,17,0
964,825,7.0,16,0
964,815,80.0,8,0
964,18,19.0,15,0
964,831,0.0,22,0
964,836,1.0,18,0
964,828,0.0,21,0
964,8,170.0,4,0
964,837,0.0,23,0
964,821,0.0,20,0
964,4,42.0,11,0
964,826,25.0,14,0
964,838,1.0,19,0
964,839,0.0,24,0
965,839,0.0,24,0
965,838,1.0,19,0
965,826,25.0,14,0
965,4,52.0,10,0
965,837,0.0,23,0
965,8,170.0,5,0
965,828,0.0,21,0
965,836,1.0,18,0
965,18,21.0,15,0
965,815,84.0,7,0
965,825,7.0,16,0
965,830,165.0,6,1
965,832,38.0,12,0
965,807,54.0,9,0
965,817,227.0,3,1
965,835,1.0,17,0
965,831,0.0,22,0
965,822,81.0,8,0
965,821,0.0,20,0
965,13,49.0,11,0
965,154,29.0,13,0
965,1,305.0,2,7
965,20,177.0,4,0
965,3,331.0,1,9
966,837,0.0,23,0
966,836,1.0,18,0
966,18,21.0,15,0
967,20,197.0,4,0
967,1,355.0,2,9
967,3,367.0,1,9
966,839,0.0,24,0
966,838,1.0,19,0
966,826,25.0,14,0
966,4,52.0,10,0
966,821,0.0,20,0
966,8,178.0,5,0
966,828,0.0,21,0
966,831,0.0,22,0
966,835,1.0,17,0
966,825,7.0,16,0
966,815,85.0,7,0
966,830,177.0,6,1
966,832,38.0,12,0
966,822,85.0,8,0
966,807,60.0,9,0
966,154,29.0,13,0
966,13,51.0,11,0
966,817,242.0,3,1
966,20,187.0,4,0
966,3,349.0,1,9
966,1,330.0,2,8
967,817,246.0,3,1
967,13,51.0,11,0
967,154,29.0,13,0
967,807,66.0,9,0
967,822,85.0,8,0
967,832,46.0,12,0
967,830,192.0,5,1
967,835,1.0,18,0
967,825,7.0,16,0
967,815,97.0,7,0
967,18,21.0,15,0
967,831,2.0,17,0
967,836,1.0,19,0
967,828,0.0,22,0
967,8,178.0,6,0
967,837,0.0,24,0
967,821,0.0,21,0
967,4,53.0,10,0
967,826,25.0,14,0
967,838,1.0,20,0
967,839,0.0,23,0
968,3,385.0,1,9
968,1,380.0,2,10
968,20,212.0,4,0
968,817,256.0,3,1
968,13,53.0,11,0
968,154,29.0,13,0
968,807,72.0,9,0
968,822,85.0,8,0
968,832,46.0,12,0
968,830,204.0,5,1
968,835,1.0,18,0
968,825,7.0,16,0
968,815,101.0,7,0
968,18,21.0,15,0
968,831,2.0,17,0
968,836,1.0,19,0
968,828,0.0,22,0
968,8,186.0,6,0
968,837,0.0,24,0
968,821,0.0,21,0
968,4,54.0,10,0
968,826,25.0,14,0
968,838,1.0,20,0
968,839,0.0,23,0
969,13,8.0,6,0
969,815,6.0,7,0
969,832,4.0,8,0
969,826,2.0,9,0
969,839,1.0,10,0
969,807,0.0,11,0
969,841,0.0,12,0
969,838,0.0,13,0
969,4,0.0,14,0
969,825,0.0,15,0
969,840,0.0,16,0
969,817,0.0,17,0
969,828,0.0,18,0
969,835,0.0,19,0
969,154,0.0,20,0
970,20,43.0,1,1
970,1,43.0,2,1
970,822,23.0,4,0
970,8,22.0,5,0
970,830,25.0,3,0
970,13,8.0,8,0
970,815,8.0,9,0
970,832,10.0,7,0
970,826,2.0,11,0
970,839,2.0,12,0
970,807,0.0,13,0
970,841,0.0,15,0
970,838,0.0,16,0
970,4,0.0,19,0
970,825,4.0,10,0
970,840,0.0,20,0
970,817,12.0,6,0
970,828,0.0,18,0
970,835,0.0,17,0
970,154,0.0,14,0
971,20,68.0,1,2
971,1,61.0,2,1
971,822,38.0,3,0
971,8,34.0,4,0
971,830,25.0,5,0
971,13,16.0,7,0
971,815,14.0,8,0
971,832,10.0,9,0
971,826,2.0,14,0
971,839,3.0,12,0
971,807,2.0,13,0
971,841,0.0,16,0
971,838,0.0,18,0
971,4,0.0,19,0
971,825,4.0,11,0
971,840,0.0,21,0
971,817,22.0,6,0
971,828,0.0,20,0
971,835,0.0,17,0
971,154,4.0,10,0
971,836,0.0,15,0
972,20,86.0,1,2
972,1,73.0,2,1
972,822,63.0,3,1
972,8,49.0,4,0
972,830,35.0,5,0
972,13,18.0,8,0
972,815,22.0,7,0
972,832,11.0,9,0
972,826,2.0,14,0
972,839,9.0,10,0
972,807,6.0,11,0
972,841,0.0,17,0
972,838,0.0,19,0
972,4,0.0,20,0
972,825,4.0,13,0
972,840,0.0,16,0
972,817,22.0,6,0
972,828,0.0,21,0
972,835,0.0,18,0
972,154,4.0,12,0
972,836,0.0,15,0
973,20,104.0,1,2
973,1,98.0,2,2
973,822,63.0,3,1
973,8,49.0,4,0
973,830,35.0,6,0
973,13,18.0,9,0
973,815,34.0,7,0
973,832,17.0,10,0
973,826,4.0,15,0
973,839,19.0,8,0
973,807,14.0,11,0
973,841,0.0,19,0
973,838,0.0,21,0
973,4,0.0,18,0
973,825,4.0,14,0
973,840,0.0,17,0
973,817,37.0,5,0
973,828,0.0,16,0
973,835,0.0,20,0
973,154,5.0,12,0
973,836,4.0,13,0
974,20,129.0,1,3
974,1,104.0,2,2
974,822,75.0,3,1
974,8,67.0,4,0
974,830,45.0,6,0
974,13,20.0,9,0
974,815,34.0,7,0
974,832,25.0,8,0
974,826,4.0,15,0
974,839,19.0,10,0
974,807,14.0,11,0
974,841,0.0,20,0
974,838,0.0,21,0
974,4,0.0,19,0
974,825,5.0,13,0
974,840,0.0,18,0
974,817,52.0,5,0
974,828,0.0,17,0
974,835,0.0,16,0
974,154,9.0,12,0
974,836,4.0,14,0
974,18,0.0,22,0
975,20,141.0,1,3
975,1,129.0,2,3
975,822,93.0,3,1
975,8,73.0,4,0
975,830,45.0,6,0
975,13,20.0,10,0
975,815,44.0,7,0
975,832,25.0,9,0
975,826,4.0,15,0
975,839,27.0,8,0
975,807,18.0,11,0
975,841,0.0,20,0
975,838,0.0,21,0
975,4,0.0,19,0
975,825,5.0,13,0
975,840,2.0,16,0
975,817,67.0,5,0
975,828,0.0,18,0
975,835,0.0,17,0
975,154,10.0,12,0
975,836,4.0,14,0
975,18,0.0,22,0
976,20,153.0,1,3
976,1,139.0,2,3
976,822,111.0,3,1
976,8,73.0,5,0
976,830,45.0,6,0
976,13,20.0,10,0
976,815,44.0,7,0
976,832,29.0,9,0
976,826,4.0,16,0
976,839,35.0,8,0
976,807,18.0,11,0
976,841,0.0,21,0
976,838,0.0,20,0
976,4,2.0,17,0
976,825,11.0,13,0
976,840,17.0,12,0
976,817,92.0,4,1
976,828,0.0,19,0
976,835,0.0,18,0
976,154,10.0,14,0
976,836,5.0,15,0
976,18,0.0,22,0
977,20,171.0,1,3
977,1,151.0,2,3
977,822,136.0,3,2
977,8,83.0,5,0
977,830,45.0,7,0
977,13,22.0,10,0
977,815,50.0,6,0
977,832,29.0,9,0
977,826,4.0,16,0
977,839,39.0,8,0
977,807,18.0,12,0
977,841,0.0,21,0
977,838,0.0,20,0
977,4,2.0,17,0
977,825,11.0,14,0
977,840,18.0,11,0
977,817,107.0,4,1
977,828,0.0,19,0
977,835,0.0,18,0
977,154,18.0,13,0
977,836,5.0,15,0
977,18,0.0,22,0
978,20,177.0,1,3
978,1,176.0,2,4
978,822,154.0,3,2
978,8,98.0,5,0
978,830,57.0,6,0
978,13,23.0,11,0
978,815,52.0,7,0
978,832,29.0,9,0
978,826,4.0,16,0
978,839,43.0,8,0
978,807,26.0,10,0
978,841,0.0,21,0
978,838,0.0,20,0
978,4,2.0,17,0
978,825,11.0,14,0
978,840,18.0,12,0
978,817,117.0,4,1
978,828,0.0,19,0
978,835,0.0,18,0
978,154,18.0,13,0
978,836,5.0,15,0
978,18,0.0,22,0
979,20,202.0,1,4
979,1,188.0,2,4
979,822,169.0,3,2
979,8,116.0,5,0
979,830,67.0,6,0
979,13,23.0,11,0
979,815,56.0,7,0
979,832,35.0,9,0
979,826,4.0,17,0
979,839,45.0,8,0
979,807,26.0,10,0
979,841,0.0,21,0
979,838,1.0,18,0
979,4,10.0,15,0
979,825,11.0,14,0
979,840,18.0,12,0
979,817,117.0,4,1
979,828,0.0,20,0
979,835,0.0,19,0
979,154,18.0,13,0
979,836,5.0,16,0
979,18,0.0,22,0
979,814,0.0,23,0
980,20,220.0,1,4
980,1,213.0,2,5
980,822,179.0,3,2
980,8,128.0,5,0
980,830,67.0,6,0
980,13,27.0,11,0
980,815,56.0,7,0
980,832,36.0,9,0
980,826,4.0,17,0
980,839,47.0,8,0
980,807,34.0,10,0
980,841,0.0,21,0
980,838,1.0,18,0
980,4,10.0,15,0
980,825,11.0,14,0
980,840,18.0,13,0
980,817,132.0,4,1
980,828,0.0,20,0
980,835,0.0,19,0
980,154,24.0,12,0
980,836,5.0,16,0
980,18,0.0,22,0
980,814,0.0,23,0
981,20,235.0,2,4
981,1,238.0,1,6
981,822,197.0,3,2
981,8,138.0,5,0
981,830,68.0,6,0
981,13,31.0,11,0
981,815,58.0,7,0
981,832,36.0,9,0
981,826,4.0,17,0
981,839,55.0,8,0
981,807,34.0,10,0
981,841,0.0,21,0
981,838,1.0,18,0
981,4,10.0,15,0
981,825,11.0,14,0
981,840,24.0,12,0
981,817,144.0,4,1
981,828,0.0,20,0
981,835,0.0,19,0
981,154,24.0,13,0
981,836,5.0,16,0
981,18,0.0,22,0
981,814,0.0,23,0
982,20,235.0,2,4
982,1,263.0,1,7
982,822,212.0,3,2
982,8,138.0,5,0
982,830,68.0,6,0
982,13,31.0,11,0
982,815,68.0,7,0
982,832,48.0,9,0
982,826,4.0,19,0
982,839,56.0,8,0
982,807,34.0,10,0
982,841,0.0,21,0
982,838,7.0,17,0
982,4,10.0,15,0
982,825,11.0,14,0
982,840,28.0,12,0
982,817,162.0,4,1
982,828,0.0,20,0
982,835,8.0,16,0
982,154,26.0,13,0
982,836,5.0,18,0
982,18,0.0,22,0
982,814,0.0,23,0
983,20,247.0,2,4
983,1,281.0,1,7
983,822,222.0,3,2
983,8,138.0,5,0
983,830,93.0,6,1
983,13,33.0,11,0
983,815,76.0,7,0
983,832,48.0,9,0
983,826,4.0,19,0
983,839,57.0,8,0
983,807,34.0,10,0
983,841,0.0,21,0
983,838,13.0,14,0
983,4,10.0,16,0
983,825,11.0,15,0
983,840,32.0,12,0
983,817,177.0,4,1
983,828,0.0,20,0
983,835,8.0,17,0
983,154,26.0,13,0
983,836,5.0,18,0
983,18,0.0,23,0
983,814,0.0,24,0
983,842,0.0,22,0
984,20,247.0,2,4
984,1,306.0,1,8
984,822,234.0,3,2
984,8,148.0,5,0
984,830,111.0,6,1
984,13,34.0,11,0
984,815,82.0,7,0
984,832,48.0,9,0
984,826,4.0,19,0
984,839,65.0,8,0
984,807,34.0,10,0
984,841,0.0,21,0
984,838,13.0,15,0
984,4,10.0,16,0
984,825,15.0,14,0
984,840,32.0,12,0
984,817,192.0,4,1
984,828,0.0,20,0
984,835,8.0,17,0
984,154,28.0,13,0
984,836,5.0,18,0
984,18,0.0,23,0
984,814,0.0,24,0
984,842,0.0,22,0
985,20,265.0,2,4
985,1,331.0,1,9
985,822,244.0,3,2
985,8,163.0,5,0
985,830,123.0,6,1
985,13,36.0,10,0
985,815,86.0,7,0
985,832,54.0,9,0
985,826,5.0,19,0
985,839,73.0,8,0
985,807,34.0,11,0
985,841,0.0,21,0
985,838,13.0,15,0
985,4,10.0,16,0
985,825,15.0,14,0
985,840,32.0,12,0
985,817,192.0,4,1
985,828,0.0,20,0
985,835,8.0,17,0
985,154,28.0,13,0
985,836,5.0,18,0
985,18,0.0,24,0
985,814,0.0,25,0
985,842,0.0,22,0
985,843,0.0,23,0
986,20,277.0,2,4
986,1,333.0,1,9
986,822,262.0,3,2
986,8,178.0,5,0
986,830,148.0,6,2
986,13,36.0,11,0
986,815,92.0,7,0
986,832,54.0,9,0
986,826,5.0,19,0
986,839,83.0,8,0
986,807,34.0,12,0
986,841,0.0,21,0
986,838,13.0,15,0
986,4,11.0,16,0
986,825,19.0,14,0
986,840,40.0,10,0
986,817,192.0,4,1
986,828,0.0,20,0
986,835,8.0,17,0
986,154,28.0,13,0
986,836,5.0,18,0
986,18,0.0,24,0
986,814,0.0,25,0
986,842,0.0,22,0
986,843,0.0,23,0
987,20,302.0,2,5
987,1,345.0,1,9
987,822,280.0,3,2
987,8,193.0,5,0
987,830,158.0,6,2
987,13,42.0,10,0
987,815,94.0,7,0
987,832,54.0,9,0
987,826,5.0,19,0
987,839,83.0,8,0
987,807,35.0,12,0
987,841,0.0,22,0
987,838,13.0,16,0
987,4,15.0,15,0
987,825,19.0,14,0
987,840,40.0,11,0
987,817,200.0,4,1
987,828,0.0,20,0
987,835,8.0,17,0
987,154,28.0,13,0
987,836,5.0,18,0
987,18,0.0,24,0
987,814,0.0,25,0
987,842,0.0,21,0
987,843,0.0,23,0
988,20,317.0,2,5
988,1,363.0,1,9
988,822,305.0,3,3
988,8,205.0,4,0
988,830,168.0,6,2
988,13,43.0,11,0
988,815,100.0,7,0
988,832,54.0,9,0
988,826,5.0,19,0
988,839,87.0,8,0
988,807,43.0,10,0
988,841,0.0,22,0
988,838,13.0,16,0
988,4,17.0,15,0
988,825,19.0,14,0
988,840,40.0,12,0
988,817,200.0,5,1
988,828,0.0,20,0
988,835,8.0,17,0
988,154,28.0,13,0
988,836,5.0,18,0
988,18,0.0,24,0
988,814,0.0,25,0
988,842,0.0,21,0
988,843,0.0,23,0
989,20,25.0,1,1
989,1,18.0,2,0
989,8,15.0,3,0
989,817,12.0,4,0
989,4,10.0,5,0
989,830,8.0,6,0
989,807,6.0,7,0
989,822,4.0,8,0
989,838,2.0,9,0
989,832,1.0,10,0
989,815,0.0,11,0
989,839,0.0,12,0
989,844,0.0,13,0
989,840,0.0,14,0
989,843,0.0,15,0
989,154,0.0,16,0
989,825,0.0,17,0
989,842,0.0,18,0
989,828,0.0,19,0
989,845,0.0,20,0
990,845,0.0,20,0
990,4,16.0,4,0
990,830,8.0,10,0
990,825,10.0,9,0
990,844,0.0,16,0
992,20,66.0,2,2
990,828,2.0,12,0
990,842,12.0,7,0
990,8,15.0,5,0
990,154,0.0,17,0
990,840,0.0,18,0
990,843,0.0,19,0
990,839,1.0,14,0
990,815,0.0,15,0
990,832,1.0,13,0
990,838,6.0,11,0
990,822,22.0,3,0
990,807,14.0,6,0
990,817,12.0,8,0
990,20,50.0,1,2
990,1,33.0,2,0
991,20,54.0,1,2
991,1,45.0,2,0
991,8,30.0,5,0
991,817,37.0,4,1
991,4,22.0,6,0
991,830,18.0,8,0
991,807,22.0,7,0
991,822,40.0,3,0
991,838,6.0,11,0
991,832,3.0,12,0
991,815,0.0,15,0
991,839,1.0,14,0
991,844,0.0,16,0
991,840,0.0,18,0
991,843,0.0,20,0
991,154,0.0,17,0
991,825,11.0,10,0
991,842,12.0,9,0
991,828,2.0,13,0
991,845,0.0,19,0
992,1,70.0,1,1
992,8,48.0,3,0
992,817,37.0,5,1
992,4,28.0,6,0
992,830,18.0,8,0
992,807,22.0,7,0
992,822,40.0,4,0
992,838,8.0,14,0
992,832,13.0,10,0
992,815,15.0,9,0
992,839,1.0,17,0
992,844,8.0,13,0
992,840,4.0,15,0
992,843,1.0,18,0
992,154,0.0,19,0
992,825,11.0,12,0
992,842,12.0,11,0
992,828,2.0,16,0
992,845,0.0,20,0
993,20,78.0,2,2
993,1,95.0,1,2
993,8,48.0,4,0
993,817,47.0,5,1
993,4,32.0,7,0
993,830,33.0,6,0
993,807,22.0,8,0
993,822,58.0,3,0
993,838,8.0,14,0
993,832,19.0,10,0
993,815,17.0,11,0
993,839,1.0,17,0
993,844,9.0,13,0
993,840,4.0,15,0
993,843,1.0,18,0
993,154,0.0,19,0
993,825,19.0,9,0
993,842,12.0,12,0
993,828,2.0,16,0
993,845,0.0,20,0
994,20,96.0,2,2
994,1,110.0,1,2
994,8,60.0,5,0
994,817,72.0,3,2
994,4,32.0,7,0
994,830,35.0,6,0
994,807,26.0,8,0
994,822,68.0,4,0
994,838,8.0,15,0
994,832,20.0,9,0
994,815,17.0,12,0
994,839,9.0,13,0
994,844,9.0,14,0
994,840,4.0,16,0
994,843,1.0,18,0
994,154,0.0,19,0
994,825,19.0,10,0
994,842,18.0,11,0
994,828,2.0,17,0
994,845,0.0,20,0
995,20,121.0,1,3
995,1,120.0,2,2
995,8,68.0,5,0
995,817,84.0,4,2
995,4,32.0,7,0
995,830,50.0,6,0
995,807,32.0,8,0
995,822,86.0,3,0
995,838,8.0,15,0
995,832,24.0,9,0
995,815,17.0,12,0
995,839,11.0,13,0
995,844,10.0,14,0
995,840,4.0,16,0
995,843,1.0,18,0
995,154,0.0,19,0
995,825,19.0,10,0
995,842,18.0,11,0
995,828,2.0,17,0
995,845,0.0,20,0
996,20,131.0,2,3
996,1,145.0,1,3
996,8,83.0,5,0
996,817,96.0,3,2
996,4,32.0,8,0
996,830,68.0,6,0
996,807,34.0,7,0
996,822,92.0,4,0
996,838,8.0,15,0
996,832,28.0,9,0
996,815,17.0,12,0
996,839,11.0,13,0
996,844,11.0,14,0
996,840,4.0,16,0
996,843,1.0,18,0
996,154,0.0,19,0
996,825,27.0,10,0
996,842,18.0,11,0
996,828,2.0,17,0
996,845,0.0,20,0
997,20,146.0,1,3
997,1,145.0,2,3
997,8,101.0,3,0
997,817,96.0,4,2
997,4,36.0,8,0
997,830,93.0,5,1
997,807,34.0,9,0
997,822,92.0,6,0
997,838,8.0,16,0
997,832,28.0,10,0
997,815,23.0,11,0
997,839,19.0,12,0
997,844,13.0,14,0
997,840,4.0,17,0
997,843,1.0,19,0
997,154,12.0,15,0
997,825,37.0,7,0
997,842,18.0,13,0
997,828,3.0,18,0
997,845,0.0,20,0
998,20,171.0,1,4
998,1,163.0,2,3
998,8,116.0,3,0
998,817,106.0,4,2
998,4,40.0,8,0
998,830,93.0,6,1
998,807,42.0,7,0
998,822,104.0,5,0
998,838,8.0,16,0
998,832,28.0,10,0
998,815,24.0,12,0
998,839,25.0,11,0
998,844,13.0,14,0
998,840,4.0,17,0
998,843,1.0,19,0
998,154,12.0,15,0
998,825,39.0,9,0
998,842,18.0,13,0
998,828,3.0,18,0
998,845,0.0,20,0
999,20,171.0,2,4
999,1,188.0,1,4
999,8,131.0,3,0
999,817,106.0,5,2
999,4,40.0,8,0
999,830,105.0,6,1
999,807,52.0,7,0
999,822,122.0,4,0
999,838,8.0,16,0
999,832,28.0,12,0
999,815,30.0,10,0
999,839,29.0,11,0
999,844,13.0,15,0
999,840,4.0,18,0
999,843,2.0,19,0
999,154,20.0,13,0
999,825,39.0,9,0
999,842,18.0,14,0
999,828,5.0,17,0
999,845,0.0,20,0
1000,20,189.0,2,4
1000,1,213.0,1,5
1000,8,146.0,3,0
1000,817,118.0,5,2
1000,4,44.0,9,0
1000,830,105.0,6,1
1000,807,52.0,7,0
1000,822,132.0,4,0
1000,838,8.0,16,0
1000,832,30.0,11,0
1000,815,30.0,10,0
1000,839,29.0,12,0
1000,844,13.0,15,0
1000,840,4.0,18,0
1000,843,2.0,19,0
1000,154,21.0,14,0
1000,825,45.0,8,0
1000,842,26.0,13,0
1000,828,5.0,17,0
1000,845,0.0,20,0
1001,20,214.0,2,5
1001,1,231.0,1,5
1001,8,146.0,3,0
1001,817,118.0,6,2
1001,4,44.0,9,0
1001,830,120.0,5,1
1001,807,52.0,7,0
1001,822,144.0,4,0
1001,838,8.0,16,0
1001,832,30.0,12,0
1001,815,40.0,10,0
1001,839,37.0,11,0
1001,844,13.0,15,0
1001,840,4.0,18,0
1001,843,2.0,19,0
1001,154,27.0,14,0
1001,825,49.0,8,0
1001,842,28.0,13,0
1001,828,6.0,17,0
1001,845,0.0,20,0
1002,843,2.0,19,0
1002,842,28.0,13,0
1002,832,34.0,12,0
1002,845,1.0,20,0
1002,822,159.0,4,0
1002,828,6.0,18,0
1002,817,118.0,6,2
1002,825,49.0,8,0
1002,154,27.0,14,0
1002,840,6.0,17,0
1002,839,45.0,10,0
1002,844,13.0,15,0
1002,815,46.0,9,0
1002,838,8.0,16,0
1002,807,52.0,7,0
1002,830,130.0,5,1
1002,4,44.0,11,0
1002,20,226.0,2,5
1002,1,256.0,1,6
1002,8,164.0,3,0
1003,20,241.0,2,5
1003,1,281.0,1,7
1003,8,174.0,3,0
1003,817,126.0,6,2
1003,4,50.0,8,0
1003,830,148.0,5,1
1003,807,53.0,7,0
1003,822,171.0,4,0
1003,838,8.0,16,0
1003,832,38.0,12,0
1003,815,46.0,10,0
1003,839,45.0,11,0
1003,844,15.0,15,0
1003,840,6.0,17,0
1003,843,2.0,19,0
1003,154,27.0,14,0
1003,825,49.0,9,0
1003,842,28.0,13,0
1003,828,6.0,18,0
1003,845,1.0,20,0
1004,20,256.0,2,5
1004,1,306.0,1,8
1004,8,186.0,4,0
1004,817,134.0,6,2
1004,4,50.0,9,0
1004,830,158.0,5,1
1004,807,53.0,8,0
1004,822,189.0,3,0
1004,838,8.0,16,0
1004,832,38.0,12,0
1004,815,47.0,10,0
1004,839,47.0,11,0
1004,844,21.0,15,0
1004,840,6.0,17,0
1004,843,2.0,19,0
1004,154,27.0,14,0
1004,825,53.0,7,0
1004,842,28.0,13,0
1004,828,6.0,18,0
1004,845,1.0,20,0
1005,20,264.0,2,5
1005,1,331.0,1,9
1005,8,196.0,4,0
1005,817,146.0,6,2
1005,4,50.0,10,0
1005,830,173.0,5,1
1005,807,53.0,9,0
1005,822,207.0,3,0
1005,838,8.0,16,0
1005,832,39.0,12,0
1005,815,53.0,7,0
1005,839,49.0,11,0
1005,844,21.0,15,0
1005,840,6.0,17,0
1005,843,2.0,19,0
1005,154,31.0,13,0
1005,825,53.0,8,0
1005,842,28.0,14,0
1005,828,6.0,18,0
1005,845,1.0,20,0
1006,828,7.0,17,0
1006,825,53.0,9,0
1006,843,4.0,19,0
1006,840,6.0,18,0
1006,839,49.0,11,0
1006,832,45.0,12,0
1006,822,217.0,4,0
1006,830,191.0,5,1
1006,817,146.0,6,2
1006,1,346.0,1,9
1006,842,28.0,14,0
1006,845,1.0,20,0
1006,807,61.0,7,0
1006,844,21.0,15,0
1006,154,31.0,13,0
1006,838,8.0,16,0
1006,4,50.0,10,0
1006,815,57.0,8,0
1006,8,221.0,3,1
1006,20,276.0,2,5
1007,20,294.0,2,5
1007,1,358.0,1,9
1007,8,236.0,3,1
1007,817,146.0,6,2
1007,4,50.0,10,0
1007,830,216.0,5,2
1007,807,69.0,7,0
1007,822,227.0,4,0
1007,838,12.0,16,0
1007,832,45.0,12,0
1007,815,57.0,8,0
1007,839,49.0,11,0
1007,844,27.0,15,0
1007,840,6.0,18,0
1007,843,4.0,19,0
1007,154,31.0,13,0
1007,825,53.0,9,0
1007,842,29.0,14,0
1007,828,9.0,17,0
1007,845,1.0,20,0
1008,20,302.0,2,5
1008,1,383.0,1,10
1008,8,251.0,3,1
1008,817,158.0,6,2
1008,4,50.0,10,0
1008,830,234.0,5,2
1008,807,69.0,7,0
1008,822,237.0,4,0
1008,838,12.0,16,0
1008,832,45.0,12,0
1008,815,58.0,8,0
1008,839,49.0,11,0
1008,844,33.0,14,0
1008,840,6.0,18,0
1008,843,4.0,19,0
1008,154,35.0,13,0
1008,825,55.0,9,0
1008,842,29.0,15,0
1008,828,9.0,17,0
1008,845,1.0,20,0
1009,20,320.0,2,5
1009,1,408.0,1,11
1009,8,251.0,3,1
1009,817,170.0,6,2
1009,4,50.0,11,0
1009,830,249.0,4,2
1009,807,69.0,7,0
1009,822,247.0,5,0
1009,838,12.0,16,0
1009,832,53.0,10,0
1009,815,62.0,8,0
1009,839,49.0,12,0
1009,844,39.0,13,0
1009,840,6.0,18,0
1009,843,4.0,19,0
1009,154,37.0,14,0
1009,825,56.0,9,0
1009,842,29.0,15,0
1009,828,9.0,17,0
1009,845,1.0,20,0
1010,832,0.0,20,0
1010,817,0.0,19,0
1010,154,0.0,18,0
1010,9,0.0,17,0
1010,847,0.0,16,0
1010,841,0.0,15,0
1010,848,0.0,14,0
1010,815,0.0,13,0
1010,846,0.0,12,0
1010,1,18.0,2,0
1012,1,68.0,1,2
1010,842,0.0,11,0
1010,826,1.0,10,0
1010,840,2.0,9,0
1010,8,4.0,8,0
1010,807,6.0,7,0
1010,825,8.0,6,0
1010,844,10.0,5,0
1010,20,12.0,4,0
1010,830,15.0,3,0
1010,822,26.0,1,1
1012,822,62.0,2,1
1011,817,0.0,18,0
1011,154,0.0,19,0
1011,847,0.0,16,0
1011,848,2.0,11,0
1011,842,4.0,10,0
1011,8,10.0,6,0
1011,830,27.0,3,0
1011,832,0.0,20,0
1011,841,0.0,15,0
1011,826,1.0,13,0
1011,9,0.0,17,0
1011,846,8.0,7,0
1011,807,6.0,9,0
1011,815,1.0,14,0
1011,840,2.0,12,0
1011,825,8.0,8,0
1011,844,26.0,4,0
1011,20,22.0,5,0
1011,1,43.0,2,1
1011,822,44.0,1,1
1012,830,39.0,3,0
1012,20,37.0,4,0
1012,844,36.0,5,0
1012,825,8.0,9,0
1012,807,6.0,10,0
1012,8,12.0,7,0
1012,840,2.0,14,0
1012,826,1.0,15,0
1012,842,13.0,6,0
1012,846,8.0,8,0
1012,815,5.0,12,0
1012,848,3.0,13,0
1012,841,0.0,16,0
1012,847,0.0,19,0
1012,9,0.0,20,0
1012,154,0.0,17,0
1012,817,6.0,11,0
1012,832,0.0,18,0
1013,822,87.0,1,2
1013,1,86.0,2,2
1013,830,51.0,4,0
1013,20,52.0,3,0
1013,844,47.0,5,0
1013,825,8.0,10,0
1013,807,6.0,11,0
1013,8,13.0,8,0
1013,840,4.0,14,0
1013,826,1.0,16,0
1013,842,13.0,7,0
1013,846,12.0,9,0
1013,815,13.0,6,0
1013,848,3.0,15,0
1013,841,0.0,17,0
1013,847,0.0,19,0
1013,9,0.0,20,0
1013,154,0.0,18,0
1013,817,6.0,13,0
1013,832,6.0,12,0
1014,832,10.0,11,0
1014,817,6.0,12,0
1014,154,1.0,17,0
1014,9,0.0,20,0
1014,841,0.0,18,0
1014,848,3.0,15,0
1014,842,21.0,6,0
1014,840,4.0,14,0
1014,8,13.0,9,0
1014,844,57.0,5,0
1014,830,66.0,3,0
1014,1,112.0,1,3
1014,815,13.0,8,0
1014,826,3.0,16,0
1014,846,12.0,10,0
1014,822,105.0,2,2
1014,847,0.0,19,0
1014,20,64.0,4,0
1014,807,6.0,13,0
1014,825,14.0,7,0
1015,822,120.0,2,2
1015,1,137.0,1,4
1015,830,78.0,4,0
1015,20,82.0,3,0
1015,844,57.0,5,0
1015,825,14.0,8,0
1015,807,6.0,15,0
1015,8,13.0,10,0
1015,840,4.0,16,0
1015,826,9.0,12,0
1015,842,32.0,6,0
1015,846,12.0,11,0
1015,815,13.0,9,0
1015,848,7.0,14,0
1015,841,0.0,18,0
1015,847,0.0,19,0
1015,9,0.0,20,0
1015,154,2.0,17,0
1015,817,8.0,13,0
1015,832,18.0,7,0
1016,822,133.0,2,2
1016,1,162.0,1,5
1016,830,88.0,4,0
1016,20,100.0,3,0
1016,844,72.0,5,0
1016,825,14.0,9,0
1016,807,12.0,13,0
1016,8,13.0,11,0
1016,840,6.0,16,0
1016,826,10.0,14,0
1016,842,36.0,6,0
1016,846,12.0,12,0
1016,815,13.0,10,0
1016,848,7.0,15,0
1016,841,0.0,18,0
1016,847,0.0,19,0
1016,9,0.0,20,0
1016,154,2.0,17,0
1016,817,16.0,8,0
1016,832,18.0,7,0
1017,847,0.0,19,0
1017,832,26.0,7,0
1017,8,19.0,8,0
1017,840,6.0,16,0
1017,822,151.0,2,2
1017,817,16.0,9,0
1017,154,2.0,17,0
1017,9,0.0,20,0
1017,841,0.0,18,0
1017,848,7.0,15,0
1017,815,13.0,13,0
1017,842,37.0,6,0
1017,846,14.0,12,0
1017,826,10.0,14,0
1017,825,14.0,11,0
1017,807,16.0,10,0
1017,844,87.0,5,0
1017,20,111.0,3,0
1017,830,100.0,4,0
1017,1,187.0,1,6
1018,822,166.0,2,2
1018,1,197.0,1,6
1018,830,126.0,3,1
1018,20,123.0,4,0
1018,844,105.0,5,0
1018,825,14.0,12,0
1018,807,16.0,11,0
1018,8,21.0,9,0
1018,840,6.0,16,0
1018,826,10.0,14,0
1018,842,43.0,6,0
1018,846,22.0,8,0
1018,815,13.0,13,0
1018,848,7.0,15,0
1018,841,1.0,18,0
1018,847,0.0,19,0
1018,9,0.0,20,0
1018,154,2.0,17,0
1018,817,16.0,10,0
1018,832,30.0,7,0
1019,822,184.0,2,2
1019,1,223.0,1,7
1019,830,136.0,3,1
1019,20,123.0,4,0
1019,844,120.0,5,0
1019,825,14.0,12,0
1019,807,17.0,11,0
1019,8,25.0,8,0
1019,840,6.0,16,0
1019,826,12.0,14,0
1019,842,55.0,6,0
1019,846,22.0,9,0
1019,815,13.0,13,0
1019,848,7.0,15,0
1019,841,1.0,18,0
1019,847,0.0,19,0
1019,9,0.0,20,0
1019,154,2.0,17,0
1019,817,22.0,10,0
1019,832,38.0,7,0
1020,832,48.0,7,0
1020,817,22.0,11,0
1020,154,8.0,17,0
1020,9,1.0,19,0
1020,815,13.0,16,0
1020,846,22.0,10,0
1020,842,55.0,6,0
1020,826,27.0,8,0
1020,840,18.0,12,0
1020,8,25.0,9,0
1020,1,225.0,1,7
1020,841,1.0,18,0
1020,822,184.0,2,2
1020,847,0.0,20,0
1020,848,15.0,15,0
1020,830,162.0,3,2
1020,20,141.0,4,0
1020,844,120.0,5,0
1020,825,18.0,13,0
1020,807,17.0,14,0
1021,822,188.0,2,2
1021,1,250.0,1,8
1021,830,181.0,3,2
1021,20,156.0,4,0
1021,844,132.0,5,0
1021,825,18.0,13,0
1021,807,17.0,14,0
1021,8,31.0,8,0
1021,840,18.0,12,0
1021,826,27.0,9,0
1021,842,63.0,6,0
1021,846,24.0,10,0
1021,815,13.0,16,0
1021,848,16.0,15,0
1021,841,1.0,18,0
1021,847,0.0,20,0
1021,9,1.0,19,0
1021,154,8.0,17,0
1021,817,22.0,11,0
1021,832,58.0,7,0
1022,822,203.0,2,2
1022,1,268.0,1,8
1022,830,181.0,3,2
1022,20,169.0,4,0
1022,844,157.0,5,1
1022,825,18.0,16,0
1022,807,21.0,14,0
1022,8,31.0,9,0
1022,840,19.0,15,0
1022,826,33.0,8,0
1022,842,65.0,6,0
1022,846,24.0,11,0
1022,815,21.0,13,0
1022,848,26.0,10,0
1022,841,1.0,18,0
1022,847,0.0,20,0
1022,9,1.0,19,0
1022,154,8.0,17,0
1022,817,22.0,12,0
1022,832,58.0,7,0
1023,822,221.0,2,2
1023,1,284.0,1,8
1023,830,185.0,3,2
1023,20,169.0,5,0
1023,844,182.0,4,2
1023,825,18.0,16,0
1023,807,31.0,11,0
1023,8,31.0,12,0
1023,840,19.0,15,0
1023,826,33.0,10,0
1023,842,65.0,6,0
1023,846,25.0,14,0
1023,815,27.0,13,0
1023,848,34.0,9,0
1023,841,3.0,18,0
1023,847,0.0,20,0
1023,9,1.0,19,0
1023,154,8.0,17,0
1023,817,34.0,8,0
1023,832,58.0,7,0
1024,822,231.0,2,2
1024,1,296.0,1,8
1024,830,200.0,4,2
1024,20,194.0,5,1
1024,844,200.0,3,2
1024,825,18.0,16,0
1024,807,33.0,11,0
1024,8,31.0,13,0
1024,840,19.0,15,0
1024,826,33.0,10,0
1024,842,69.0,6,0
1024,846,31.0,12,0
1024,815,27.0,14,0
1024,848,42.0,8,0
1024,841,4.0,18,0
1024,847,0.0,20,0
1024,9,1.0,19,0
1024,154,8.0,17,0
1024,817,34.0,9,0
1024,832,58.0,7,0
1025,822,249.0,2,2
1025,1,322.0,1,9
1025,830,212.0,4,2
1025,20,194.0,5,1
1025,844,215.0,3,2
1025,825,20.0,15,0
1025,807,34.0,11,0
1025,8,31.0,14,0
1025,840,19.0,16,0
1025,826,33.0,12,0
1025,842,69.0,6,0
1025,846,35.0,9,0
1025,815,33.0,13,0
1025,848,52.0,8,0
1025,841,4.0,18,0
1025,847,0.0,20,0
1025,9,1.0,19,0
1025,154,8.0,17,0
1025,817,34.0,10,0
1025,832,66.0,7,0
1026,832,76.0,6,0
1026,817,34.0,12,0
1026,154,8.0,17,0
1026,9,1.0,19,0
1026,847,0.0,20,0
1026,841,4.0,18,0
1026,848,64.0,8,0
1026,840,21.0,15,0
1026,8,31.0,14,0
1026,825,20.0,16,0
1026,20,212.0,5,1
1026,1,338.0,1,9
1026,822,274.0,2,3
1026,826,34.0,11,0
1026,830,212.0,4,2
1026,842,75.0,7,0
1026,846,35.0,10,0
1026,815,37.0,9,0
1026,844,223.0,3,2
1026,807,34.0,13,0
1027,832,76.0,7,0
1027,817,38.0,10,0
1027,154,8.0,17,0
1027,9,1.0,19,0
1027,847,0.0,20,0
1027,841,4.0,18,0
1027,848,74.0,8,0
1027,842,77.0,6,0
1027,840,21.0,15,0
1027,8,31.0,14,0
1027,825,20.0,16,0
1027,20,230.0,4,1
1027,1,363.0,1,10
1027,822,289.0,2,3
1027,826,34.0,13,0
1027,830,220.0,5,2
1027,846,35.0,12,0
1027,815,43.0,9,0
1027,844,236.0,3,2
1027,807,35.0,11,0
1028,822,314.0,2,4
1028,1,381.0,1,10
1028,830,235.0,4,2
1028,20,230.0,5,1
1028,844,249.0,3,2
1028,825,20.0,16,0
1028,807,37.0,12,0
1028,8,31.0,14,0
1028,840,21.0,15,0
1028,826,34.0,13,0
1028,842,77.0,8,0
1028,846,41.0,11,0
1028,815,44.0,10,0
1028,848,84.0,6,0
1028,841,4.0,18,0
1028,847,0.0,20,0
1028,9,1.0,19,0
1028,154,8.0,17,0
1028,817,46.0,9,0
1028,832,80.0,7,0
1029,822,314.0,2,4
1029,1,387.0,1,10
1029,830,260.0,3,3
1029,20,230.0,5,1
1029,844,249.0,4,2
1029,825,20.0,16,0
1029,807,37.0,13,0
1029,8,43.0,12,0
1029,840,21.0,15,0
1029,826,35.0,14,0
1029,842,95.0,6,0
1029,846,45.0,11,0
1029,815,46.0,10,0
1029,848,84.0,8,0
1029,841,14.0,17,0
1029,847,0.0,20,0
1029,9,1.0,19,0
1029,154,8.0,18,0
1029,817,54.0,9,0
1029,832,95.0,7,0
1030,822,326.0,2,4
1030,1,413.0,1,11
1030,830,278.0,3,3
1030,20,240.0,5,1
1030,844,264.0,4,2
1030,825,20.0,16,0
1030,807,37.0,14,0
1030,8,43.0,12,0
1030,840,21.0,15,0
1030,826,37.0,13,0
1030,842,95.0,7,0
1030,846,49.0,11,0
1030,815,52.0,10,0
1030,848,92.0,8,0
1030,841,14.0,17,0
1030,847,0.0,20,0
1030,9,1.0,19,0
1030,154,8.0,18,0
1030,817,54.0,9,0
1030,832,96.0,6,0
1034,830,52.0,3,0
1034,817,20.0,9,0
1034,840,20.0,8,0
1034,825,1.0,16,0
1034,154,0.0,20,0
1034,847,0.0,19,0
1034,8,0.0,18,0
1034,848,26.0,6,0
1034,826,1.0,15,0
1034,849,0.0,17,0
1034,20,10.0,13,0
1034,841,2.0,14,0
1034,839,12.0,11,0
1034,842,12.0,12,0
1034,815,22.0,7,0
1034,832,15.0,10,0
1034,1,88.0,1,3
1034,846,36.0,4,0
1034,844,33.0,5,0
1034,822,58.0,2,1
1040,844,57.0,7,0
1031,830,0.0,20,0
1031,840,0.0,18,0
1031,154,0.0,16,0
1031,8,0.0,14,0
1031,826,0.0,12,0
1040,822,161.0,2,2
1031,817,0.0,19,0
1031,825,0.0,17,0
1031,847,0.0,15,0
1031,848,0.0,13,0
1031,849,0.0,11,0
1031,20,1.0,10,0
1031,841,2.0,9,0
1031,839,4.0,8,0
1031,842,6.0,7,0
1031,815,8.0,6,0
1031,832,10.0,5,0
1031,1,12.0,4,0
1031,846,16.0,3,0
1031,844,18.0,2,0
1031,822,25.0,1,1
1032,822,43.0,1,1
1032,844,18.0,4,0
1032,846,26.0,3,0
1032,1,37.0,2,1
1032,832,13.0,7,0
1032,815,16.0,5,0
1032,842,6.0,9,0
1032,839,4.0,11,0
1032,841,2.0,13,0
1032,20,1.0,15,0
1032,849,0.0,16,0
1032,826,1.0,14,0
1032,848,12.0,8,0
1032,8,0.0,17,0
1032,847,0.0,20,0
1032,154,0.0,19,0
1032,825,0.0,18,0
1032,840,6.0,10,0
1032,817,4.0,12,0
1032,830,15.0,6,0
1033,830,33.0,3,0
1033,840,18.0,8,0
1033,154,0.0,19,0
1033,847,0.0,20,0
1033,848,22.0,5,0
1033,826,1.0,15,0
1033,20,9.0,10,0
1033,839,4.0,13,0
1033,815,22.0,6,0
1033,1,63.0,1,2
1033,844,18.0,7,0
1033,822,58.0,2,1
1033,832,15.0,9,0
1033,825,1.0,16,0
1033,846,26.0,4,0
1033,817,8.0,11,0
1033,842,6.0,12,0
1033,8,0.0,17,0
1033,849,0.0,18,0
1033,841,2.0,14,0
1034,807,0.0,21,0
1035,822,73.0,3,1
1035,844,45.0,4,0
1035,846,38.0,5,0
1035,1,107.0,1,3
1035,832,15.0,11,0
1035,815,22.0,8,0
1035,842,12.0,12,0
1035,839,16.0,10,0
1035,841,2.0,15,0
1035,20,10.0,13,0
1035,849,0.0,19,0
1035,826,2.0,16,0
1035,848,36.0,6,0
1035,8,0.0,18,0
1035,847,0.0,20,0
1035,154,0.0,21,0
1035,825,1.0,17,0
1035,840,28.0,7,0
1035,817,20.0,9,0
1035,830,77.0,2,1
1035,807,6.0,14,0
1036,822,89.0,3,1
1036,844,45.0,4,0
1036,846,39.0,7,0
1036,1,132.0,1,4
1036,832,23.0,9,0
1036,815,32.0,8,0
1036,842,14.0,13,0
1036,839,16.0,12,0
1036,841,2.0,15,0
1036,20,16.0,11,0
1036,849,0.0,19,0
1036,826,2.0,16,0
1036,848,40.0,6,0
1036,8,0.0,18,0
1036,847,0.0,20,0
1036,154,0.0,21,0
1036,825,1.0,17,0
1036,840,40.0,5,0
1036,817,20.0,10,0
1036,830,95.0,2,1
1036,807,6.0,14,0
1037,822,107.0,3,1
1037,844,45.0,5,0
1037,846,45.0,6,0
1037,1,157.0,1,5
1037,832,23.0,11,0
1037,815,33.0,9,0
1037,842,18.0,12,0
1037,839,26.0,10,0
1037,841,2.0,15,0
1037,20,16.0,13,0
1037,849,0.0,19,0
1037,826,2.0,16,0
1037,848,48.0,4,0
1037,8,0.0,18,0
1037,847,0.0,20,0
1037,154,0.0,21,0
1037,825,1.0,17,0
1037,840,42.0,7,0
1037,817,33.0,8,0
1037,830,110.0,2,1
1037,807,6.0,14,0
1038,822,117.0,2,1
1038,844,45.0,7,0
1038,846,57.0,5,0
1038,1,164.0,1,5
1038,832,41.0,9,0
1038,815,34.0,11,0
1038,842,43.0,8,1
1038,839,30.0,12,0
1038,841,2.0,16,0
1038,20,16.0,13,0
1038,849,0.0,18,0
1038,826,4.0,15,0
1038,848,48.0,6,0
1038,8,0.0,19,0
1038,847,0.0,21,0
1038,154,0.0,20,0
1038,825,1.0,17,0
1038,840,57.0,4,0
1038,817,41.0,10,0
1038,830,110.0,3,1
1038,807,6.0,14,0
1039,822,135.0,2,1
1039,844,49.0,8,0
1039,846,65.0,4,0
1039,1,190.0,1,6
1039,832,41.0,11,0
1039,815,44.0,9,0
1039,842,43.0,10,1
1039,839,30.0,12,0
1039,841,2.0,17,0
1039,20,17.0,13,0
1039,849,0.0,19,0
1039,826,10.0,14,0
1039,848,63.0,5,0
1039,8,2.0,16,0
1039,847,0.0,20,0
1039,154,0.0,21,0
1039,825,1.0,18,0
1039,840,57.0,6,0
1039,817,53.0,7,0
1039,830,110.0,3,1
1039,807,6.0,15,0
1040,846,65.0,4,0
1040,1,205.0,1,6
1040,832,41.0,11,0
1040,815,56.0,9,0
1040,842,45.0,10,1
1040,839,36.0,12,0
1040,841,2.0,17,0
1040,20,17.0,13,0
1040,849,0.0,19,0
1040,826,14.0,14,0
1040,848,64.0,5,0
1040,8,2.0,16,0
1040,847,0.0,20,0
1040,154,0.0,21,0
1040,825,1.0,18,0
1040,840,57.0,8,0
1040,817,63.0,6,0
1040,830,128.0,3,1
1040,807,6.0,15,0
1041,822,161.0,2,2
1041,844,63.0,8,0
1041,846,65.0,6,0
1041,1,230.0,1,7
1041,832,51.0,11,0
1041,815,68.0,5,0
1041,842,53.0,10,1
1041,839,36.0,12,0
1041,841,3.0,16,0
1041,20,17.0,13,0
1041,849,0.0,20,0
1041,826,14.0,14,0
1041,848,64.0,7,0
1041,8,2.0,17,0
1041,847,0.0,21,0
1041,154,2.0,18,0
1041,825,1.0,19,0
1041,840,57.0,9,0
1041,817,78.0,4,0
1041,830,147.0,3,1
1041,807,10.0,15,0
1042,822,179.0,2,2
1042,844,75.0,5,0
1042,846,65.0,7,0
1042,1,256.0,1,8
1042,832,59.0,10,0
1042,815,74.0,6,0
1042,842,63.0,9,1
1042,839,40.0,12,0
1042,841,3.0,16,0
1042,20,18.0,13,0
1042,849,0.0,20,0
1042,826,14.0,14,0
1042,848,64.0,8,0
1042,8,2.0,17,0
1042,847,0.0,21,0
1042,154,2.0,18,0
1042,825,1.0,19,0
1042,840,57.0,11,0
1042,817,80.0,4,0
1042,830,162.0,3,1
1042,807,10.0,15,0
1043,822,197.0,2,2
1043,844,85.0,5,0
1043,846,69.0,7,0
1043,1,282.0,1,9
1043,832,65.0,8,0
1043,815,82.0,6,0
1043,842,63.0,10,1
1043,839,40.0,12,0
1043,841,4.0,17,0
1043,20,18.0,14,0
1043,849,0.0,20,0
1043,826,26.0,13,0
1043,848,64.0,9,0
1043,8,4.0,16,0
1043,847,0.0,21,0
1043,154,2.0,18,0
1043,825,1.0,19,0
1043,840,57.0,11,0
1043,817,95.0,4,0
1043,830,162.0,3,1
1043,807,10.0,15,0
1044,822,197.0,2,2
1044,844,97.0,5,0
1044,846,74.0,8,0
1044,1,307.0,1,10
1044,832,75.0,7,0
1044,815,100.0,4,0
1044,842,63.0,10,1
1044,839,40.0,12,0
1044,841,4.0,17,0
1044,20,33.0,13,0
1044,849,0.0,20,0
1044,826,26.0,14,0
1044,848,70.0,9,0
1044,8,4.0,16,0
1044,847,0.0,21,0
1044,154,2.0,18,0
1044,825,1.0,19,0
1044,840,59.0,11,0
1044,817,96.0,6,0
1044,830,170.0,3,1
1044,807,10.0,15,0
1045,822,201.0,2,2
1045,844,98.0,6,0
1045,846,86.0,7,0
1045,1,332.0,1,11
1045,832,85.0,8,0
1045,815,100.0,5,0
1045,842,71.0,10,1
1045,839,42.0,12,0
1045,841,4.0,17,0
1045,20,33.0,13,0
1045,849,0.0,20,0
1045,826,26.0,14,0
1045,848,85.0,9,0
1045,8,4.0,16,0
1045,847,0.0,21,0
1045,154,2.0,18,0
1045,825,1.0,19,0
1045,840,59.0,11,0
1045,817,102.0,4,0
1045,830,189.0,3,1
1045,807,10.0,15,0
1046,822,205.0,2,2
1046,844,98.0,6,0
1046,846,87.0,9,0
1046,1,332.0,1,11
1046,832,97.0,7,0
1046,815,125.0,4,1
1046,842,71.0,11,1
1046,839,60.0,12,0
1046,841,4.0,17,0
1046,20,33.0,13,0
1046,849,0.0,21,0
1046,826,32.0,14,0
1046,848,93.0,8,0
1046,8,4.0,16,0
1046,847,3.0,18,0
1046,154,2.0,19,0
1046,825,1.0,20,0
1046,840,74.0,10,0
1046,817,112.0,5,0
1046,830,189.0,3,1
1046,807,10.0,15,0
1046,851,0.0,22,0
1046,850,0.0,23,0
1047,851,0.0,22,0
1047,807,10.0,15,0
1047,830,214.0,3,2
1047,817,119.0,5,0
1047,825,1.0,20,0
1047,847,3.0,18,0
1047,826,32.0,14,0
1047,20,33.0,13,0
1047,839,62.0,12,0
1047,815,125.0,4,1
1047,1,347.0,1,11
1047,832,105.0,6,0
1047,842,75.0,10,1
1047,154,2.0,19,0
1047,850,0.0,23,0
1047,841,4.0,17,0
1047,840,75.0,11,0
1047,846,97.0,9,0
1047,8,4.0,16,0
1047,848,105.0,7,0
1047,849,0.0,21,0
1047,844,98.0,8,0
1047,822,223.0,2,2
1051,9,0.0,20,0
1051,853,0.0,21,0
1051,4,77.0,10,0
1051,849,7.0,17,0
1051,842,92.0,9,0
1051,854,0.0,19,0
1051,20,43.0,12,0
1051,847,16.0,15,0
1051,839,60.0,11,1
1051,841,1.0,18,0
1051,8,10.0,16,0
1051,840,34.0,13,0
1051,852,20.0,14,0
1051,832,145.5,7,0
1051,817,105.0,8,1
1051,844,152.0,6,0
1051,815,190.0,4,1
1051,846,153.0,5,0
1051,822,203.0,3,1
1051,830,351.5,1,9
1051,1,343.5,2,7
1052,1,25.0,1,1
1052,830,18.0,2,0
1052,822,16.0,3,0
1052,846,12.0,4,0
1052,815,10.0,5,0
1052,844,8.0,6,0
1052,817,6.0,7,0
1052,832,4.0,8,0
1052,852,2.0,9,0
1052,840,1.0,10,0
1052,8,0.0,11,0
1052,841,0.0,12,0
1052,839,0.0,13,0
1052,847,0.0,14,0
1052,20,0.0,15,0
1052,854,0.0,16,0
1052,842,0.0,17,0
1052,849,0.0,18,0
1052,4,0.0,19,0
1052,853,0.0,20,0
1053,840,5.0,10,0
1053,815,10.0,8,0
1053,853,0.0,19,0
1053,4,1.0,13,0
1053,849,0.0,20,0
1053,842,6.0,9,0
1053,832,14.0,6,0
1053,844,20.0,4,0
1053,830,43.0,2,1
1053,20,0.0,17,0
1053,847,0.0,16,0
1053,854,0.0,18,0
1053,839,2.0,12,0
1053,841,0.0,15,0
1053,8,0.0,14,0
1053,852,2.0,11,0
1053,817,14.0,7,0
1053,846,27.0,3,0
1053,822,16.0,5,0
1053,1,44.0,1,1
1054,1,69.0,1,2
1054,830,61.0,2,1
1054,822,32.0,4,0
1054,846,37.0,3,0
1054,815,22.0,6,0
1054,844,28.0,5,0
1054,817,16.0,7,0
1054,832,14.0,8,0
1054,852,2.0,13,0
1054,840,5.0,11,0
1054,8,0.0,14,0
1054,841,0.0,15,0
1054,839,8.0,9,0
1054,847,0.0,17,0
1054,20,0.0,16,0
1054,854,0.0,18,0
1054,842,7.0,10,0
1054,849,0.0,20,0
1054,4,5.0,12,0
1054,853,0.0,19,0
1055,1,94.0,1,3
1055,830,80.0,2,1
1055,822,47.0,3,0
1055,846,41.0,4,0
1055,815,32.0,6,0
1055,844,40.0,5,0
1055,817,24.0,7,0
1055,832,20.0,8,0
1055,852,2.0,13,0
1055,840,5.0,11,0
1055,8,0.0,14,0
1055,841,0.0,15,0
1055,839,10.0,9,0
1055,847,0.0,17,0
1055,20,0.0,16,0
1055,854,0.0,18,0
1055,842,8.0,10,0
1055,849,0.0,19,0
1055,4,5.0,12,0
1055,853,0.0,20,0
1056,1,101.0,2,3
1056,830,105.0,1,2
1056,822,47.0,4,0
1056,846,56.0,3,0
1056,815,44.0,5,0
1056,844,40.0,6,0
1056,817,24.0,8,0
1056,832,38.0,7,0
1056,852,2.0,14,0
1056,840,9.0,12,0
1056,8,0.0,16,0
1056,841,1.0,15,0
1056,839,12.0,10,0
1056,847,0.0,17,0
1056,20,10.0,11,0
1056,854,0.0,19,0
1056,842,16.0,9,0
1056,849,0.0,18,0
1056,4,5.0,13,0
1056,853,0.0,20,0
1057,1,101.0,2,3
1057,830,105.0,1,2
1057,822,47.0,6,0
1057,846,66.0,4,0
1057,815,69.0,3,1
1057,844,52.0,5,0
1057,817,26.0,10,0
1057,832,42.0,7,0
1057,852,8.0,14,0
1057,840,9.0,13,0
1057,8,1.0,15,0
1057,841,1.0,16,0
1057,839,12.0,12,0
1057,847,0.0,18,0
1057,20,28.0,9,0
1057,854,0.0,17,0
1057,842,31.0,8,0
1057,849,0.0,20,0
1057,4,13.0,11,0
1057,853,0.0,19,0
1059,1,119.0,2,3
1059,830,131.0,1,3
1059,822,59.0,5,0
1059,846,76.0,4,0
1059,815,84.0,3,1
1059,844,52.0,6,0
1059,817,34.0,9,0
1059,832,42.0,7,0
1059,852,8.0,14,0
1059,840,10.0,13,0
1059,8,1.0,15,0
1059,841,1.0,16,0
1059,839,12.0,12,0
1059,847,0.0,17,0
1059,20,30.0,10,0
1059,854,0.0,18,0
1059,842,37.0,8,0
1059,849,0.0,20,0
1059,4,17.0,11,0
1059,853,0.0,19,0
1058,1,138.0,2,3
1058,830,156.0,1,4
1058,822,74.0,5,0
1058,846,86.0,4,0
1058,815,96.0,3,1
1058,844,58.0,6,0
1058,817,34.0,9,0
1058,832,50.0,7,0
1058,852,9.0,14,0
1058,840,14.0,12,0
1058,8,1.0,15,0
1058,841,1.0,16,0
1058,839,12.0,13,0
1058,847,0.0,17,0
1058,20,30.0,10,0
1058,854,0.0,18,0
1058,842,37.0,8,0
1058,849,0.0,20,0
1058,4,19.0,11,0
1058,853,0.0,19,0
1060,849,0.0,20,0
1060,842,39.0,9,0
1060,20,30.0,10,0
1060,847,0.0,17,0
1060,8,1.0,15,0
1060,832,60.0,7,0
1060,844,62.0,6,0
1060,815,104.0,3,1
1060,846,101.0,4,0
1060,830,182.0,1,5
1060,853,0.0,19,0
1060,4,20.0,11,0
1060,854,0.0,18,0
1060,822,92.0,5,0
1060,840,14.0,12,0
1060,839,12.0,13,0
1060,841,1.0,16,0
1060,852,9.0,14,0
1060,817,40.0,8,0
1060,1,150.0,2,3
1061,1,177.0,2,4
1061,830,185.0,1,5
1061,822,108.0,4,0
1061,846,113.0,3,0
1061,815,104.0,5,1
1061,844,80.0,6,0
1061,817,50.0,8,0
1061,832,68.0,7,0
1061,852,10.0,14,0
1061,840,18.0,12,0
1061,8,1.0,15,0
1061,841,1.0,16,0
1061,839,14.0,13,0
1061,847,0.0,17,0
1061,20,30.0,10,0
1061,854,0.0,18,0
1061,842,39.0,9,0
1061,849,0.0,19,0
1061,4,26.0,11,0
1061,853,0.0,20,0
1062,849,6.0,15,0
1062,842,50.0,8,0
1062,20,30.0,12,0
1062,847,4.0,16,0
1062,839,39.0,10,1
1062,8,2.0,17,0
1062,840,18.0,14,0
1062,817,50.0,9,0
1062,815,104.0,5,1
1062,822,108.0,4,0
1062,853,0.0,20,0
1062,4,38.0,11,0
1062,854,0.0,19,0
1062,852,18.0,13,0
1062,844,80.0,7,0
1062,830,187.0,2,5
1062,846,113.0,3,0
1062,841,1.0,18,0
1062,832,83.0,6,0
1062,1,195.0,1,4
1063,1,202.5,1,4
1063,830,199.5,2,6
1063,822,108.0,4,0
1063,846,113.0,3,0
1063,815,104.0,5,1
1063,844,82.0,7,0
1063,817,56.0,8,0
1063,832,83.5,6,0
1063,852,18.0,13,0
1063,840,18.0,14,0
1063,8,2.0,17,0
1063,841,1.0,18,0
1063,839,42.0,10,1
1063,847,13.0,15,0
1063,20,35.0,12,0
1063,854,0.0,19,0
1063,842,54.0,9,0
1063,849,7.0,16,0
1063,4,38.0,11,0
1063,853,0.0,20,0
1064,1,221.5,2,4
1064,830,224.5,1,7
1064,822,123.0,3,0
1064,846,114.0,4,0
1064,815,108.0,5,1
1064,844,92.0,6,0
1064,817,56.0,9,0
1064,832,89.5,7,0
1064,852,18.0,13,0
1064,840,18.0,14,0
1064,8,2.0,17,0
1064,841,1.0,18,0
1064,839,44.0,11,1
1064,847,13.0,15,0
1064,20,35.0,12,0
1064,854,0.0,19,0
1064,842,66.0,8,0
1064,849,7.0,16,0
1064,4,46.0,10,0
1064,853,0.0,20,0
1064,9,0.0,21,0
1065,1,221.5,2,4
1065,830,226.5,1,7
1065,822,141.0,3,0
1065,846,132.0,4,0
1065,815,118.0,5,1
1065,844,104.0,6,0
1065,817,83.0,8,1
1065,832,97.5,7,0
1065,852,18.0,14,0
1065,840,24.0,13,0
1065,8,2.0,17,0
1065,841,1.0,18,0
1065,839,45.0,11,1
1065,847,15.0,15,0
1065,20,35.0,12,0
1065,854,0.0,19,0
1065,842,66.0,9,0
1065,849,7.0,16,0
1065,4,50.0,10,0
1065,853,0.0,21,0
1065,9,0.0,20,0
1066,1,246.5,1,5
1066,830,244.5,2,7
1066,822,151.0,3,0
1066,846,139.0,4,0
1066,815,120.0,5,1
1066,844,104.0,7,0
1066,817,95.0,8,1
1066,832,112.5,6,0
1066,852,18.0,14,0
1066,840,24.0,13,0
1066,8,6.0,17,0
1066,841,1.0,18,0
1066,839,45.0,11,1
1066,847,16.0,15,0
1066,20,35.0,12,0
1066,854,0.0,19,0
1066,842,66.0,9,0
1066,849,7.0,16,0
1066,4,58.0,10,0
1066,853,0.0,21,0
1066,9,0.0,20,0
1067,1,256.5,2,5
1067,830,262.5,1,7
1067,822,177.0,3,1
1067,846,145.0,4,0
1067,815,135.0,5,1
1067,844,116.0,7,0
1067,817,95.0,8,1
1067,832,116.5,6,0
1067,852,18.0,14,0
1067,840,26.0,13,0
1067,8,6.0,17,0
1067,841,1.0,18,0
1067,839,46.0,11,1
1067,847,16.0,15,0
1067,20,35.0,12,0
1067,854,0.0,19,0
1067,842,74.0,9,0
1067,849,7.0,16,0
1067,4,58.0,10,0
1067,853,0.0,21,0
1067,9,0.0,20,0
1069,1,275.5,2,5
1069,830,287.5,1,8
1069,822,185.0,3,1
1069,846,149.0,5,0
1069,815,150.0,4,1
1069,844,128.0,6,0
1069,817,105.0,8,1
1069,832,122.5,7,0
1069,852,20.0,14,0
1069,840,26.0,13,0
1069,8,6.0,17,0
1069,841,1.0,18,0
1069,839,46.0,11,1
1069,847,16.0,15,0
1069,20,36.0,12,0
1069,854,0.0,19,0
1069,842,74.0,9,0
1069,849,7.0,16,0
1069,4,58.0,10,0
1069,853,0.0,21,0
1069,9,0.0,20,0
1070,1,293.5,2,5
1070,830,312.5,1,9
1070,822,185.0,3,1
1070,846,150.0,5,0
1070,815,165.0,4,1
1070,844,138.0,6,0
1070,817,105.0,8,1
1070,832,130.5,7,0
1070,852,20.0,14,0
1070,840,26.0,13,0
1070,8,10.0,16,0
1070,841,1.0,18,0
1070,839,46.0,11,1
1070,847,16.0,15,0
1070,20,42.0,12,0
1070,854,0.0,19,0
1070,842,86.0,9,0
1070,849,7.0,17,0
1070,4,60.0,10,0
1070,853,0.0,21,0
1070,9,0.0,20,0
1071,1,318.5,2,6
1071,830,332.5,1,9
1071,822,203.0,3,1
1071,846,151.0,5,0
1071,815,178.0,4,1
1071,844,148.0,6,0
1071,817,105.0,8,1
1071,832,139.5,7,0
1071,852,20.0,14,0
1071,840,26.0,13,0
1071,8,10.0,16,0
1071,841,1.0,18,0
1071,839,50.0,11,1
1071,847,16.0,15,0
1071,20,42.0,12,0
1071,854,0.0,19,0
1071,842,92.0,9,0
1071,849,7.0,17,0
1071,4,62.0,10,0
1071,853,0.0,21,0
1071,9,0.0,20,0
1072,1,369.5,2,8
1072,830,369.5,1,9
1072,822,218.0,3,1
1072,846,154.0,6,0
1072,815,190.0,4,1
1072,844,158.0,5,0
1072,817,115.0,8,1
1072,832,149.5,7,0
1072,852,20.0,14,0
1072,840,34.0,13,0
1072,8,10.0,16,0
1072,841,3.0,18,0
1072,839,72.0,11,1
1072,847,16.0,15,0
1072,20,43.0,12,0
1072,854,0.0,19,0
1072,842,100.0,9,0
1072,849,7.0,17,0
1072,4,77.0,10,0
1072,853,0.0,21,0
1072,9,0.0,20,0
1073,1,387.5,2,8
1073,830,395.5,1,10
1073,822,226.0,3,1
1073,846,160.0,6,0
1073,815,190.0,4,1
1073,844,159.0,7,0
1073,817,115.0,8,1
1073,832,164.5,5,0
1073,852,32.0,14,0
1073,840,34.0,13,0
1073,8,10.0,16,0
1073,841,3.0,18,0
1073,839,74.0,11,1
1073,847,16.0,15,0
1073,20,43.0,12,0
1073,854,0.0,19,0
1073,842,110.0,9,0
1073,849,7.0,17,0
1073,4,81.0,10,0
1073,853,0.0,21,0
1073,9,0.0,20,0
1074,842,0.0,20,0
1074,830,0.0,19,0
1074,815,0.0,18,0
1074,807,0.0,17,0
1074,849,0.0,16,0
1074,846,0.0,15,0
1074,817,0.0,14,0
1074,848,0.0,13,0
1074,840,0.0,12,0
1074,854,0.0,11,0
1074,855,1.0,10,0
1074,4,2.0,9,0
1074,852,4.0,8,0
1074,839,6.0,7,0
1074,822,8.0,6,0
71,33,0.0,14,0
71,40,0.0,15,0
71,30,0.0,18,0
71,2,0.0,19,0
71,27,0.0,20,0
72,2,6.0,7,0
72,27,0.0,17,0
72,19,0.0,21,0
73,27,0.0,19,0
73,19,0.0,22,0
73,37,4.0,11,0
74,37,4.0,14,0
74,25,6.0,12,0
74,24,1.0,17,0
76,37,4.0,14,0
76,25,6.0,12,0
76,24,1.0,17,0
77,24,1.0,17,0
78,24,1.0,17,0
79,24,1.0,21,0
79,41,0.0,24,0
80,24,1.0,22,0
80,41,0.0,24,0
81,24,1.0,22,0
81,41,0.0,24,0
82,41,0.0,25,0
82,38,0.0,24,0
83,41,0.0,25,0
83,38,0.0,24,0
84,41,0.0,25,0
84,38,0.0,24,0
85,38,0.0,25,0
85,42,2.0,22,0
86,38,0.0,25,0
86,42,2.0,22,0
87,38,0.0,25,0
87,42,2.0,22,0
88,38,0.0,25,0
88,42,2.0,22,0
89,38,0.0,25,0
89,42,2.0,22,0
1074,844,26.0,1,1
1074,832,18.0,2,0
1074,1,15.0,3,0
1074,847,12.0,4,0
1074,825,10.0,5,0
1075,844,45.0,1,1
1075,832,33.0,2,0
1075,1,16.0,5,0
1075,847,22.0,4,0
1075,825,12.0,8,0
1075,822,8.0,9,0
1075,839,14.0,6,0
1075,852,4.0,11,0
1075,4,2.0,13,0
1075,855,1.0,14,0
1075,854,0.0,15,0
1075,840,0.0,16,0
1075,848,0.0,18,0
1075,817,0.0,19,0
1075,846,6.0,10,0
1075,849,0.0,20,0
1075,807,0.0,17,0
1075,815,12.0,7,0
1075,830,25.0,3,1
1075,842,4.0,12,0
1076,844,71.0,1,2
1076,832,33.0,3,0
1076,1,28.0,5,0
1076,847,37.0,2,0
1076,825,12.0,9,0
1076,822,12.0,10,0
1076,839,20.0,7,0
1076,852,4.0,13,0
1076,4,2.0,14,0
1076,855,1.0,15,0
1076,854,0.0,17,0
1076,840,0.0,18,0
1076,848,1.0,16,0
1076,817,8.0,11,0
1076,846,16.0,8,0
1076,849,0.0,20,0
1076,807,0.0,19,0
1076,815,30.0,4,0
1076,830,25.0,6,1
1076,842,6.0,12,0
1076,20,0.0,21,0
1077,844,86.0,1,2
1077,832,38.0,5,0
1077,1,28.0,7,0
1077,847,49.0,4,0
1077,825,15.0,10,0
1077,822,24.0,8,0
1077,839,20.0,9,0
1077,852,10.0,12,0
1077,4,2.0,15,0
1077,855,1.0,16,0
1077,854,0.0,19,0
1077,840,1.0,18,0
1077,848,1.0,17,0
1077,817,11.0,11,0
1077,846,35.0,6,0
1077,849,0.0,21,0
1077,807,0.0,20,0
1077,815,54.0,3,0
1077,830,59.0,2,2
1077,842,6.0,13,0
1077,20,4.0,14,0
1078,844,104.0,1,2
1078,832,53.0,5,0
1078,1,36.0,6,0
1078,847,59.0,4,0
1078,825,15.0,10,0
1078,822,30.0,8,0
1078,839,24.0,9,0
1078,852,10.0,12,0
1078,4,2.0,16,0
1078,855,1.0,18,0
1078,854,0.0,19,0
1078,840,2.0,17,0
1078,848,3.0,15,0
1078,817,11.0,11,0
1078,846,35.0,7,0
1078,849,0.0,21,0
1078,807,0.0,20,0
1078,815,66.0,3,0
1078,830,85.0,2,3
1078,842,6.0,13,0
1078,20,4.0,14,0
1079,844,104.0,2,2
1079,832,65.0,5,0
1079,1,46.0,6,0
1079,847,74.0,4,0
1079,825,15.0,10,0
1079,822,38.0,8,0
1079,839,30.0,9,0
1079,852,11.0,11,0
1079,4,4.0,15,0
1079,855,1.0,18,0
1079,854,0.0,19,0
1079,840,2.0,17,0
1079,848,3.0,16,0
1079,817,11.0,12,0
1079,846,39.0,7,0
1079,849,0.0,21,0
1079,807,0.0,20,0
1079,815,85.0,3,0
1079,830,110.0,1,4
1079,842,6.0,13,0
1079,20,4.0,14,0
1080,844,116.0,2,2
1080,832,83.0,5,0
1080,1,50.0,6,0
1080,847,84.0,4,0
1080,825,15.0,10,0
1080,822,40.0,8,0
1080,839,30.0,9,0
1080,852,11.0,12,0
1080,4,10.0,13,0
1080,855,1.0,18,0
1080,854,0.0,19,0
1080,840,2.0,17,0
1080,848,3.0,16,0
1080,817,11.0,11,0
1080,846,48.0,7,0
1080,849,0.0,21,0
1080,807,0.0,20,0
1080,815,110.0,3,1
1080,830,125.0,1,4
1080,842,6.0,14,0
1080,20,5.0,15,0
1081,844,116.0,3,2
1081,832,83.0,5,0
1081,1,62.0,6,0
1081,847,99.0,4,0
1081,825,15.0,12,0
1081,822,40.0,8,0
1081,839,31.0,9,0
1081,852,11.0,15,0
1081,4,16.0,11,0
1081,855,1.0,18,0
1081,854,0.0,19,0
1081,840,2.0,17,0
1081,848,3.0,16,0
1081,817,15.0,13,0
1081,846,50.0,7,0
1081,849,0.0,21,0
1081,807,0.0,20,0
1081,815,129.0,2,1
1081,830,150.0,1,5
1081,842,16.0,10,0
1081,20,13.0,14,0
1082,20,13.0,14,0
1082,830,175.0,1,6
1082,815,129.0,2,1
1082,807,0.0,20,0
1082,849,0.0,21,0
1082,848,3.0,17,0
1082,840,3.0,18,0
1082,855,5.0,16,0
1082,4,18.0,10,0
1082,852,11.0,15,0
1082,832,102.0,5,0
1082,1,77.0,6,0
1082,847,111.0,4,0
1082,825,15.0,12,0
1082,822,46.0,8,0
1082,842,16.0,11,0
1082,839,39.0,9,0
1082,817,15.0,13,0
1082,844,126.0,3,2
1082,846,50.0,7,0
1082,854,0.0,19,0
1083,844,138.0,3,2
1083,832,127.0,4,1
1083,1,93.0,6,0
1083,847,111.0,5,0
1083,825,16.0,12,0
1083,822,46.0,8,0
1083,839,39.0,9,0
1083,852,11.0,15,0
1083,4,28.0,10,0
1083,855,5.0,16,0
1083,854,4.0,17,0
1083,840,3.0,19,0
1083,848,3.0,18,0
1083,817,15.0,14,0
1083,846,58.0,7,0
1083,849,0.0,20,0
1083,807,0.0,21,0
1083,815,147.0,2,1
1083,830,181.0,1,6
1083,842,16.0,11,0
1083,20,15.0,13,0
1084,844,170.0,2,3
1084,832,133.0,4,1
1084,1,109.0,6,0
1084,847,128.0,5,0
1084,825,22.0,11,0
1084,822,46.0,9,0
1084,839,52.0,8,0
1084,852,11.0,16,0
1084,4,29.0,10,0
1084,855,5.0,17,0
1084,854,12.0,15,0
1084,840,3.0,19,0
1084,848,3.0,18,0
1084,817,17.0,12,0
1084,846,64.0,7,0
1084,849,0.0,20,0
1084,807,0.0,21,0
1084,815,151.0,3,1
1084,830,208.0,1,6
1084,842,16.0,13,0
1084,20,15.0,14,0
1085,844,170.0,2,3
1085,832,144.0,4,1
1085,1,127.0,6,0
1085,847,143.0,5,0
1085,825,22.0,11,0
1085,822,46.0,9,0
1085,839,56.0,8,0
1085,852,11.0,16,0
1085,4,37.0,10,0
1085,855,5.0,17,0
1085,854,12.0,15,0
1085,840,4.0,18,0
1085,848,3.0,19,0
1085,817,19.0,12,0
1085,846,70.0,7,0
1085,849,0.0,20,0
1085,807,0.0,21,0
1085,815,163.0,3,1
1085,830,233.0,1,7
1085,842,16.0,13,0
1085,20,15.0,14,0
1086,844,178.0,2,3
1086,832,156.0,5,1
1086,1,146.0,6,0
1086,847,158.0,4,0
1086,825,22.0,11,0
1086,822,46.0,9,0
1086,839,58.0,8,0
1086,852,11.0,16,0
1086,4,41.0,10,0
1086,855,5.0,17,0
1086,854,12.0,15,0
1086,840,4.0,18,0
1086,848,3.0,19,0
1086,817,19.0,12,0
1086,846,76.0,7,0
1086,849,0.0,20,0
1086,807,0.0,21,0
1086,815,173.0,3,1
1086,830,258.0,1,8
1086,842,16.0,13,0
1086,20,16.0,14,0
1087,844,186.0,3,3
1087,832,171.0,4,1
1087,1,146.0,6,0
1087,847,170.0,5,0
1087,825,22.0,11,0
1087,822,46.0,10,0
1087,839,64.0,8,0
1087,852,11.0,16,0
1087,4,51.0,9,0
1087,855,5.0,17,0
1087,854,12.0,15,0
1087,840,4.0,19,0
1087,848,4.0,18,0
1087,817,19.0,13,0
1087,846,76.0,7,0
1087,849,0.0,20,0
1087,807,0.0,21,0
1087,815,191.0,2,1
1087,830,284.0,1,9
1087,842,18.0,14,0
1087,20,20.0,12,0
1088,844,201.0,2,3
1088,832,175.0,5,1
1088,1,158.0,6,0
1088,847,188.0,4,0
1088,825,22.0,11,0
1088,822,46.0,10,0
1088,839,66.0,8,0
1088,852,11.0,16,0
1088,4,59.0,9,0
1088,855,5.0,17,0
1088,854,12.0,15,0
1088,840,5.0,18,0
1088,848,4.0,19,0
1088,817,19.0,13,0
1088,846,82.0,7,0
1088,849,0.0,20,0
1088,807,0.0,21,0
1088,815,201.0,3,1
1088,830,310.0,1,10
1088,842,18.0,14,0
1088,20,20.0,12,0
1089,844,219.0,2,3
1089,832,187.0,5,1
1089,1,168.0,6,0
1089,847,203.0,4,0
1089,825,22.0,12,0
1089,822,46.0,10,0
1089,839,66.0,8,0
1089,852,11.0,16,0
1089,4,59.0,9,0
1089,855,6.0,17,0
1089,854,12.0,15,0
1089,840,5.0,18,0
1089,848,4.0,19,0
1089,817,19.0,14,0
1089,846,88.0,7,0
1089,849,0.0,21,0
1089,807,0.0,22,0
1089,815,210.0,3,1
1089,830,335.0,1,11
1089,842,22.0,11,0
1089,20,20.0,13,0
1089,856,2.0,20,0
1091,844,237.0,2,3
1091,832,202.0,5,1
1091,1,170.0,6,0
1091,847,203.0,4,0
1091,825,22.0,14,0
1091,822,46.0,10,0
1091,839,66.0,8,0
1091,852,11.0,17,0
1091,4,59.0,9,0
1091,855,6.0,18,0
1091,854,12.0,16,0
1091,840,13.0,15,0
1091,848,4.0,19,0
1091,817,29.0,11,0
1091,846,100.0,7,0
1091,849,0.0,21,0
1091,807,0.0,22,0
1091,815,235.0,3,2
1091,830,341.0,1,11
1091,842,23.0,13,0
1091,20,24.0,12,0
1091,856,2.0,20,0
1092,856,2.0,21,0
1092,20,32.0,11,0
1092,842,23.0,13,0
1092,830,366.0,1,12
1092,815,253.0,2,2
1092,807,0.0,22,0
1092,849,2.0,20,0
1092,846,101.0,7,0
1092,817,29.0,12,0
1092,848,4.0,19,0
1092,832,202.0,5,1
1092,1,180.0,6,0
1092,847,207.0,4,0
1092,825,22.0,14,0
1092,822,46.0,10,0
1092,839,78.0,8,0
1092,852,11.0,17,0
1092,4,65.0,9,0
1092,855,6.0,18,0
1092,854,12.0,16,0
1092,840,13.0,15,0
1092,844,252.0,3,3
1093,856,2.0,21,0
1093,20,36.0,11,0
1093,830,391.0,1,13
1093,815,265.0,3,2
1093,849,2.0,20,0
1093,817,29.0,12,0
1093,848,4.0,19,0
1093,854,12.0,16,0
1093,855,6.0,18,0
1093,4,71.0,9,0
1093,839,78.0,8,0
1093,822,46.0,10,0
1093,847,218.0,4,0
1093,832,202.0,5,1
1093,852,12.0,17,0
1093,840,13.0,15,0
1093,842,23.0,14,0
1093,1,198.0,6,0
1093,825,24.0,13,0
1093,807,0.0,22,0
1093,846,109.0,7,0
1093,844,267.0,2,3
1095,844,290.0,2,3
1094,856,2.0,21,0
1094,20,36.0,11,0
1094,842,23.0,14,0
1094,830,416.0,1,14
1094,815,280.0,2,2
1094,807,0.0,22,0
1094,849,2.0,20,0
1094,846,111.0,7,0
1094,817,35.0,12,0
1094,848,4.0,19,0
1094,832,212.0,6,1
1094,1,216.0,5,0
1094,847,231.0,4,0
1094,825,24.0,13,0
1094,822,47.0,10,0
1094,839,82.0,8,0
1094,852,12.0,17,0
1094,4,71.0,9,0
1094,855,6.0,18,0
1094,854,12.0,16,0
1094,840,13.0,15,0
1094,844,275.0,3,3
1095,832,234.0,6,1
1095,1,240.0,5,0
1095,847,265.0,4,1
1095,825,25.0,13,0
1095,822,49.0,10,0
1095,839,86.0,8,0
1095,852,12.0,17,0
1095,4,81.0,9,0
1095,855,6.0,18,0
1095,854,12.0,16,0
1095,840,14.0,15,0
1095,848,4.0,19,0
1095,817,35.0,12,0
1095,846,113.0,7,0
1095,849,2.0,20,0
1095,807,0.0,22,0
1095,815,290.0,3,2
1095,830,429.0,1,14
1095,842,23.0,14,0
1095,20,36.0,11,0
1095,856,2.0,21,0
1096,844,308.0,2,3
1096,832,246.0,5,1
1096,1,240.0,6,0
1096,847,275.0,4,1
1096,825,25.0,13,0
1096,822,49.0,10,0
1096,839,92.0,8,0
1096,852,12.0,17,0
1096,4,81.0,9,0
1096,855,6.0,18,0
1096,854,12.0,16,0
1096,840,18.0,15,0
1096,848,4.0,19,0
1096,817,37.0,11,0
1096,846,122.0,7,0
1096,849,2.0,20,0
1096,807,0.0,22,0
1096,815,305.0,3,2
1096,830,454.0,1,15
1096,842,23.0,14,0
1096,20,37.0,12,0
1096,856,2.0,21,0
1098,857,0.0,20,0
1098,844,0.0,19,0
1098,839,0.0,18,0
1098,846,0.0,17,0
1098,855,0.0,16,0
1098,807,0.0,15,0
1098,856,0.0,14,0
1098,825,0.0,13,0
1098,858,0.0,12,0
1098,852,0.0,11,0
1098,848,1.0,10,0
1098,842,2.0,9,0
1098,822,4.0,8,0
1098,847,6.0,7,0
1098,840,8.0,6,0
1098,1,10.0,5,0
1098,832,12.0,4,0
1098,4,15.0,3,0
1098,815,18.0,2,0
1098,830,25.0,1,1
1099,839,4.0,10,0
1099,855,0.0,17,0
1099,807,0.0,15,0
1099,856,0.0,18,0
1099,858,0.0,16,0
1099,852,0.0,14,0
1099,842,4.0,11,0
1099,822,4.0,9,0
1099,847,18.0,6,0
1099,840,8.0,7,0
1099,832,20.0,4,0
1099,815,43.0,2,1
1099,846,0.0,20,0
1099,857,0.0,19,0
1099,844,6.0,8,0
1099,4,30.0,3,0
1099,1,20.0,5,0
1099,848,1.0,13,0
1099,825,1.0,12,0
1099,830,44.0,1,1
1100,830,69.0,1,2
1100,815,54.0,2,1
1100,4,45.0,3,0
1100,832,20.0,5,0
1100,1,38.0,4,0
1100,840,20.0,6,0
1100,847,18.0,7,0
1100,822,4.0,11,0
1100,842,4.0,14,0
1100,848,1.0,18,0
1100,852,1.0,16,0
1100,858,0.0,19,0
1100,825,1.0,17,0
1100,856,0.0,20,0
1100,807,6.0,9,0
1100,855,2.0,15,0
1100,846,8.0,8,0
1100,839,4.0,12,0
1100,844,6.0,10,0
1100,857,4.0,13,0
1101,830,93.0,1,2
1101,815,87.0,2,2
1101,4,60.0,3,0
1101,832,34.0,5,0
1101,1,48.0,4,0
1101,840,27.0,8,0
1101,847,28.0,7,0
1101,822,4.0,12,0
1101,842,4.0,14,0
1101,848,1.0,17,0
1101,852,2.0,16,0
1101,858,0.0,19,0
1101,825,1.0,18,0
1101,856,0.0,20,0
1101,807,6.0,10,0
1101,855,2.0,15,0
1101,846,10.0,9,0
1101,839,4.0,13,0
1101,844,28.0,6,0
1101,857,4.0,11,0
1102,830,119.0,1,3
1102,815,105.0,2,2
1102,4,75.0,3,0
1102,832,44.0,5,0
1102,1,56.0,4,0
1102,840,27.0,8,0
1102,847,40.0,6,0
1102,822,4.0,13,0
1102,842,8.0,10,0
1102,848,1.0,18,0
1102,852,2.0,16,0
1102,858,0.0,19,0
1102,825,2.0,17,0
1102,856,0.0,20,0
1102,807,6.0,11,0
1102,855,2.0,15,0
1102,846,10.0,9,0
1102,839,6.0,12,0
1102,844,34.0,7,0
1102,857,4.0,14,0
1104,830,144.0,1,4
1104,815,105.0,2,2
1104,4,93.0,3,0
1104,832,48.0,6,0
1104,1,69.0,4,0
1104,840,27.0,8,0
1104,847,50.0,5,0
1104,822,4.0,14,0
1104,842,14.0,10,0
1104,848,1.0,18,0
1104,852,2.0,16,0
1104,858,0.0,20,0
1104,825,2.0,17,0
1104,856,0.0,19,0
1104,807,6.0,12,0
1104,855,2.0,15,0
1104,846,12.0,11,0
1104,839,21.0,9,0
1104,844,42.0,7,0
1104,857,5.0,13,0
1105,830,170.0,1,5
1105,815,117.0,2,2
1105,4,99.0,3,0
1105,832,58.0,6,0
1105,1,87.0,4,0
1105,840,35.0,8,0
1105,847,65.0,5,0
1105,822,4.0,14,0
1105,842,15.0,10,0
1105,848,1.0,18,0
1105,852,2.0,16,0
1105,858,0.0,20,0
1105,825,2.0,17,0
1105,856,0.0,19,0
1105,807,6.0,12,0
1105,855,4.0,15,0
1105,846,12.0,11,0
1105,839,25.0,9,0
1105,844,42.0,7,0
1105,857,5.0,13,0
1106,839,29.0,9,0
1106,846,12.0,11,0
1106,855,4.0,16,0
1106,807,6.0,13,0
1106,856,0.0,19,0
1106,825,2.0,18,0
1106,858,0.0,20,0
1106,852,2.0,17,0
1106,848,7.0,12,0
1106,842,15.0,10,0
1106,822,5.0,15,0
1106,847,65.0,6,0
1106,840,37.0,8,0
1106,1,102.0,4,0
1106,832,68.0,5,0
1106,4,117.0,3,0
1106,815,126.0,2,2
1106,830,195.0,1,6
1106,844,54.0,7,0
1106,857,5.0,14,0
1107,857,5.0,14,0
1107,844,72.0,6,0
1107,839,31.0,9,0
1107,846,24.0,10,0
1107,855,4.0,16,0
1107,807,9.0,12,0
1107,856,0.0,20,0
1107,825,2.0,18,0
1107,852,2.0,17,0
1107,842,16.0,11,0
1107,847,72.0,7,0
1107,840,44.0,8,0
1107,832,82.0,5,0
1107,815,148.0,2,2
1107,4,131.0,3,0
1107,1,106.0,4,0
1107,848,7.0,13,0
1107,830,229.0,1,7
1107,822,5.0,15,0
1107,858,0.0,19,0
1108,830,255.0,1,8
1108,815,156.0,2,2
1108,4,137.0,3,0
1108,832,83.0,5,0
1108,1,121.0,4,0
1108,840,44.0,8,0
1108,847,82.0,6,0
1108,822,5.0,15,0
1108,842,16.0,12,0
1108,848,11.0,13,0
1108,852,2.0,17,0
1108,858,0.0,19,0
1108,825,2.0,18,0
1108,856,0.0,20,0
1108,807,9.0,14,0
1108,855,4.0,16,0
1108,846,42.0,9,0
1108,839,31.0,10,0
1108,844,74.0,7,0
1108,857,17.0,11,0
1109,830,281.0,1,9
1109,815,171.0,2,2
1109,4,139.0,3,0
1109,832,87.0,6,0
1109,1,133.0,4,0
1109,840,45.0,9,0
1109,847,90.0,5,0
1109,822,5.0,15,0
1109,842,16.0,12,0
1109,848,11.0,13,0
1109,852,2.0,17,0
1109,858,0.0,19,0
1109,825,2.0,18,0
1109,856,0.0,20,0
1109,807,9.0,14,0
1109,855,4.0,16,0
1109,846,60.0,8,0
1109,839,31.0,10,0
1109,844,80.0,7,0
1109,857,27.0,11,0
1109,817,0.0,21,0
1110,830,314.0,1,10
1110,815,189.0,2,2
1110,4,149.0,3,0
1110,832,92.0,7,0
1110,1,148.0,4,0
1110,840,47.0,9,0
1110,847,99.0,6,0
1110,822,5.0,15,0
1110,842,22.0,12,0
1110,848,11.0,13,0
1110,852,3.0,17,0
1110,858,0.0,19,0
1110,825,2.0,18,0
1110,856,0.0,20,0
1110,807,9.0,14,0
1110,855,4.0,16,0
1110,846,69.0,8,0
1110,839,35.0,10,0
1110,844,99.0,5,0
1110,857,34.0,11,0
1110,817,0.0,21,0
1111,830,339.0,1,11
1111,815,201.0,2,2
1111,4,168.0,3,0
1111,832,102.0,5,0
1111,1,156.0,4,0
1111,840,47.0,9,0
1111,847,99.0,7,0
1111,822,5.0,15,0
1111,842,37.0,10,0
1111,848,15.0,13,0
1111,852,3.0,17,0
1111,858,0.0,19,0
1111,825,2.0,18,0
1111,856,0.0,20,0
1111,807,9.0,14,0
1111,855,4.0,16,0
1111,846,75.0,8,0
1111,839,36.0,11,0
1111,844,99.0,6,0
1111,857,36.0,12,0
1111,817,0.0,21,0
1111,859,0.0,22,0
1112,844,111.0,6,0
1112,839,36.0,11,0
1112,846,79.0,8,0
1112,855,4.0,16,0
1112,807,9.0,14,0
1112,856,0.0,21,0
1112,825,2.0,18,0
1112,858,0.0,19,0
1112,852,3.0,17,0
1112,848,21.0,13,0
1112,842,37.0,10,0
1112,822,6.0,15,0
1112,847,109.0,7,0
1112,840,47.0,9,0
1112,1,164.0,4,0
1112,832,117.0,5,0
1112,4,170.0,3,0
1112,815,219.0,2,2
1112,830,364.0,1,12
1112,857,36.0,12,0
1112,817,0.0,22,0
1112,859,0.0,20,0
1113,844,123.0,6,0
1113,839,36.0,12,0
1113,846,97.0,8,0
1113,855,4.0,16,0
1113,807,9.0,14,0
1113,856,0.0,21,0
1113,825,3.0,18,0
1113,858,0.0,20,0
1113,852,3.0,17,0
1113,848,21.0,13,0
1113,842,45.0,10,0
1113,822,6.0,15,0
1113,847,109.0,7,0
1113,840,47.0,9,0
1113,1,180.0,3,0
1113,832,142.0,5,1
1113,4,170.0,4,0
1113,815,223.0,2,2
1113,830,374.0,1,12
1113,857,42.0,11,0
1113,817,0.0,22,0
1113,859,2.0,19,0
1114,830,400.0,1,13
1114,815,223.0,2,2
1114,4,174.0,4,0
1114,832,150.0,5,1
1114,1,190.0,3,0
1114,840,47.0,10,0
1114,847,115.0,8,0
1114,822,6.0,15,0
1114,842,46.0,11,0
1114,848,21.0,13,0
1114,852,3.0,17,0
1114,858,0.0,20,0
1114,825,3.0,18,0
1114,856,0.0,21,0
1114,807,9.0,14,0
1114,855,4.0,16,0
1114,846,115.0,7,0
1114,839,38.0,12,0
1114,844,135.0,6,0
1114,857,57.0,9,0
1114,817,0.0,22,0
1114,859,2.0,19,0
1115,859,2.0,19,0
1115,817,0.0,22,0
1115,857,83.0,9,0
1115,839,44.0,12,0
1115,846,136.0,7,0
1115,855,6.0,16,0
1115,807,9.0,15,0
1115,858,0.0,20,0
1115,848,23.0,13,0
1115,842,46.0,11,0
1115,847,132.0,8,0
1115,1,194.0,3,0
1115,815,224.0,2,2
1115,840,47.0,10,0
1115,832,153.0,5,1
1115,844,145.0,6,0
1115,822,10.0,14,0
1115,825,3.0,18,0
1115,852,3.0,17,0
1115,830,433.0,1,14
1115,856,0.0,21,0
1115,4,183.0,4,0
1116,859,2.0,19,0
1116,817,0.0,22,0
1116,857,83.0,9,0
1116,844,151.0,7,0
1116,839,44.0,12,0
1116,846,159.0,6,0
1116,855,6.0,17,0
1116,856,0.0,21,0
1116,858,1.0,20,0
1116,842,56.0,10,0
1116,847,143.0,8,0
1116,1,201.0,3,0
1116,815,240.0,2,2
1116,848,25.0,13,0
1116,840,53.0,11,0
1116,832,171.0,5,1
1116,822,10.0,14,0
1116,825,3.0,18,0
1116,852,8.0,16,0
1116,830,466.0,1,15
1116,807,9.0,15,0
1116,4,183.0,4,0
1117,830,491.0,1,16
1117,815,240.0,2,2
1117,4,183.0,5,0
1117,832,183.0,4,1
1117,1,220.0,3,0
1117,840,53.0,11,0
1117,847,151.0,8,0
1117,822,10.0,14,0
1117,842,56.0,10,0
1117,848,27.0,13,0
1117,852,8.0,16,0
1117,858,1.0,21,0
1117,825,3.0,19,0
1117,856,0.0,22,0
1117,807,9.0,15,0
1117,855,6.0,18,0
1117,846,169.0,6,0
1117,839,45.0,12,0
1117,844,166.0,7,0
1117,857,87.0,9,0
1117,817,6.0,17,0
1117,859,2.0,20,0
1118,830,524.0,1,17
1118,815,258.0,2,2
1118,4,198.0,4,0
1118,832,192.0,6,1
1118,1,226.0,3,0
1118,840,63.0,10,0
1118,847,156.0,8,0
1118,822,10.0,15,0
1118,842,62.0,11,0
1118,848,27.0,13,0
1118,852,13.0,14,0
1118,858,1.0,21,0
1118,825,3.0,19,0
1118,856,0.0,22,0
1118,807,9.0,16,0
1118,855,6.0,18,0
1118,846,195.0,5,0
1118,839,46.0,12,0
1118,844,170.0,7,0
1118,857,87.0,9,0
1118,817,6.0,17,0
1118,859,2.0,20,0
1119,817,6.0,17,0
1119,857,89.0,9,0
1119,844,188.0,7,0
1119,839,58.0,12,0
1119,846,195.0,6,0
1119,855,6.0,18,0
1119,807,9.0,16,0
1119,856,0.0,22,0
1119,825,3.0,19,0
1119,858,1.0,21,0
1119,852,13.0,14,0
1119,848,27.0,13,0
1119,842,62.0,11,0
1119,822,10.0,15,0
1119,847,160.0,8,0
1119,840,73.0,10,0
1119,1,232.0,3,0
1119,832,200.0,4,1
1119,4,200.0,5,0
1119,815,273.0,2,2
1119,830,549.0,1,18
1119,859,2.0,20,0
1120,830,575.0,1,19
1120,815,285.0,2,2
1120,4,206.0,4,0
1120,832,200.0,7,1
1120,1,234.0,3,0
1120,840,74.0,10,0
1120,847,175.0,8,0
1120,822,10.0,15,0
1120,842,62.0,11,0
1120,848,27.0,13,0
1120,852,17.0,14,0
1120,858,1.0,21,0
1120,825,3.0,19,0
1120,856,0.0,22,0
1120,807,9.0,16,0
1120,855,6.0,18,0
1120,846,205.0,6,0
1120,839,58.0,12,0
1120,844,206.0,5,0
1120,857,97.0,9,0
1120,817,6.0,17,0
1120,859,2.0,20,0
1121,839,0.0,17,0
1121,807,0.0,16,0
1121,848,0.0,15,0
1121,852,0.0,14,0
1121,817,0.0,13,0
1121,825,0.0,12,0
1121,855,0.0,11,0
1121,840,1.0,10,0
1121,4,2.0,9,0
1121,857,4.0,8,0
1121,1,6.0,7,0
1121,846,8.0,6,0
1121,847,10.0,5,0
1121,844,12.0,4,0
1121,832,15.0,3,0
1121,815,18.0,2,0
1121,830,26.0,1,1
1121,842,0.0,18,0
1121,822,0.0,19,0
1121,858,0.0,20,0
1122,830,51.0,1,2
1122,815,36.0,2,0
1122,832,15.0,6,0
1122,844,28.0,3,0
1122,847,18.0,4,0
1122,846,12.0,8,0
1122,1,8.0,9,0
1122,857,16.0,5,0
1122,4,12.0,7,0
1122,840,1.0,12,0
1122,855,0.0,14,0
1122,825,0.0,15,0
1122,817,0.0,16,0
1122,852,0.0,18,0
1122,848,0.0,13,0
1122,807,1.0,11,0
1122,839,0.0,17,0
1122,842,0.0,21,0
1122,822,0.0,20,0
1122,858,0.0,19,0
1122,860,6.0,10,0
1123,860,6.0,12,0
1123,822,0.0,20,0
1123,842,0.0,19,0
1123,839,0.0,18,0
1123,807,3.0,13,0
1123,848,0.0,15,0
1123,852,6.0,11,0
1123,817,0.0,17,0
1123,825,1.0,14,0
1123,855,0.0,16,0
1123,857,28.0,5,0
1123,1,8.0,10,0
1123,815,46.0,3,0
1123,4,16.0,8,0
1123,840,9.0,9,0
1123,830,51.0,1,2
1123,858,0.0,21,0
1123,846,27.0,6,0
1123,847,18.0,7,0
1123,844,47.0,2,0
1123,832,40.0,4,1
1124,830,77.0,1,3
1124,815,64.0,2,0
1124,832,55.0,4,1
1124,844,59.0,3,0
1124,847,24.0,7,0
1124,846,37.0,5,0
1124,1,10.0,9,0
1124,857,32.0,6,0
1124,4,24.0,8,0
1124,840,9.0,10,0
1124,855,0.0,16,0
1124,825,1.0,14,0
1124,817,0.0,17,0
1124,852,7.0,11,0
1124,848,0.0,15,0
1124,807,3.0,13,0
1124,839,0.0,18,0
1124,842,0.0,19,0
1124,822,0.0,20,0
1124,858,0.0,21,0
1124,860,6.0,12,0
1125,830,110.0,1,4
1125,815,85.0,2,0
1125,832,69.0,4,1
1125,844,76.0,3,0
1125,847,33.0,7,0
1125,846,58.0,5,0
1125,1,19.0,9,0
1125,857,38.0,6,0
1125,4,31.0,8,0
1125,840,9.0,10,0
1125,855,0.0,17,0
1125,825,1.0,14,0
1125,817,0.0,18,0
1125,852,7.0,11,0
1125,848,0.0,15,0
1125,807,4.0,13,0
1125,839,0.0,16,0
1125,842,0.0,19,0
1125,822,0.0,20,0
1125,858,0.0,21,0
1125,860,6.0,12,0
1126,830,136.0,1,4
1126,815,103.0,2,0
1126,832,83.0,5,1
1126,844,98.0,3,0
1126,847,37.0,7,0
1126,846,83.0,4,1
1126,1,27.0,9,0
1126,857,41.0,6,0
1126,4,33.0,8,0
1126,840,9.0,11,0
1126,855,0.0,18,0
1126,825,1.0,16,0
1126,817,5.0,14,0
1126,852,14.0,10,0
1126,848,0.0,17,0
1126,807,6.0,13,0
1126,839,1.0,15,0
1126,842,0.0,19,0
1126,822,0.0,20,0
1126,858,0.0,21,0
1126,860,6.0,12,0
1127,830,161.0,1,5
1127,815,107.0,3,0
1127,832,93.0,5,1
1127,844,113.0,2,0
1127,847,44.0,7,0
1127,846,101.0,4,1
1127,1,35.0,8,0
1127,857,53.0,6,0
1127,4,33.0,9,0
1127,840,11.0,11,0
1127,855,0.0,18,0
1127,825,1.0,16,0
1127,817,5.0,14,0
1127,852,15.0,10,0
1127,848,0.0,17,0
1127,807,6.0,13,0
1127,839,1.0,15,0
1127,842,0.0,19,0
1127,822,0.0,20,0
1127,858,0.0,21,0
1127,860,6.0,12,0
1128,858,0.0,21,0
1128,842,1.0,18,0
1128,848,2.0,15,0
1128,852,19.0,10,0
1128,817,5.0,14,0
1128,825,1.0,17,0
1128,4,33.0,9,0
1128,857,71.0,6,0
1128,846,113.0,3,1
1128,815,107.0,5,0
1128,860,6.0,12,0
1128,822,0.0,20,0
1128,839,1.0,16,0
1128,807,6.0,13,0
1128,855,0.0,19,0
1128,830,169.0,1,5
1128,840,11.0,11,0
1128,1,42.0,8,0
1128,847,54.0,7,0
1128,844,138.0,2,1
1128,832,108.0,4,1
1129,830,194.0,1,6
1129,815,107.0,5,0
1129,832,108.0,4,1
1129,844,138.0,2,1
1129,847,69.0,7,0
1129,846,131.0,3,1
1129,1,55.0,8,0
1129,857,81.0,6,0
1129,4,41.0,9,0
1129,840,17.0,11,0
1129,855,0.0,19,0
1129,825,1.0,18,0
1129,817,9.0,12,0
1129,852,19.0,10,0
1129,848,2.0,16,0
1129,807,6.0,14,0
1129,839,2.0,17,0
1129,842,3.0,15,0
1129,822,0.0,20,0
1129,858,0.0,21,0
1129,860,6.0,13,0
1130,830,219.0,1,7
1130,815,111.0,5,0
1130,832,116.0,4,1
1130,844,148.0,3,1
1130,847,81.0,7,0
1130,846,150.0,2,1
1130,1,70.0,8,0
1130,857,87.0,6,0
1130,4,41.0,9,0
1130,840,17.0,11,0
1130,855,0.0,19,0
1130,825,1.0,18,0
1130,817,9.0,12,0
1130,852,19.0,10,0
1130,848,2.0,17,0
1130,807,6.0,14,0
1130,839,3.0,16,0
1130,842,5.0,15,0
1130,822,0.0,20,0
1130,858,0.0,21,0
1130,860,6.0,13,0
1131,830,237.0,1,7
1131,815,118.0,5,0
1131,832,135.0,4,1
1131,844,150.0,3,1
1131,847,111.0,7,1
1131,846,156.0,2,1
1131,1,85.0,8,0
1131,857,112.0,6,0
1131,4,41.0,9,0
1131,840,17.0,11,0
1131,855,0.0,19,0
1131,825,5.0,16,0
1131,817,11.0,13,0
1131,852,19.0,10,0
1131,848,2.0,18,0
1131,807,14.0,12,0
1131,839,3.0,17,0
1131,842,6.0,15,0
1131,822,0.0,20,0
1131,858,0.0,21,0
1131,860,6.0,14,0
1132,830,255.0,1,7
1132,815,118.0,6,0
1132,832,146.0,4,1
1132,844,150.0,3,1
1132,847,111.0,7,1
1132,846,171.0,2,1
1132,1,110.0,8,1
1132,857,124.0,5,0
1132,4,45.0,9,0
1132,840,23.0,10,0
1132,855,0.0,19,0
1132,825,5.0,16,0
1132,817,11.0,13,0
1132,852,20.0,12,0
1132,848,4.0,17,0
1132,807,22.0,11,0
1132,839,3.0,18,0
1132,842,6.0,15,0
1132,822,0.0,21,0
1132,858,0.0,20,0
1132,860,6.0,14,0
