raceId,driverId,time
841,153,17:05:23
841,30,17:05:52
841,17,17:20:48
841,4,17:22:34
841,13,17:24:10
841,22,17:24:29
841,20,17:25:17
841,814,17:26:03
841,816,17:26:50
841,67,17:27:34
841,2,17:27:41
841,1,17:28:24
841,808,17:28:39
841,3,17:29:00
841,155,17:29:06
841,16,17:29:08
841,15,17:29:49
841,18,17:30:24
841,153,17:31:06
841,5,17:31:11
841,30,17:32:08
841,10,17:33:02
841,18,17:33:53
841,815,17:40:27
841,22,17:40:45
841,17,17:44:29
841,4,17:46:04
841,22,17:49:07
841,67,17:49:47
841,2,17:51:32
841,13,17:52:28
841,155,17:54:21
841,20,17:59:17
841,1,17:59:29
841,153,17:59:45
841,808,17:59:47
841,814,18:00:48
841,18,18:01:49
841,16,18:02:15
841,15,18:03:55
841,816,18:06:53
841,17,18:07:37
841,22,18:08:03
841,4,18:09:08
841,13,18:18:54
842,16,16:09:07
842,22,16:10:04
842,17,16:21:21
842,814,16:23:16
842,1,16:24:40
842,20,16:26:17
842,2,16:26:28
842,18,16:26:29
842,13,16:26:30
842,15,16:27:03
842,4,16:28:15
842,30,16:28:34
842,808,16:30:10
842,67,16:30:23
842,3,16:30:37
842,5,16:30:37
842,153,16:32:25
842,16,16:32:31
842,155,16:33:53
842,815,16:34:14
842,10,16:34:28
842,816,16:34:39
842,24,16:34:56
842,22,16:35:41
842,67,16:39:30
842,17,16:42:37
842,18,16:44:11
842,1,16:45:48
842,814,16:46:20
842,20,16:47:27
842,4,16:49:19
842,2,16:49:31
842,13,16:51:17
842,808,16:51:25
842,30,16:53:26
842,3,16:55:28
842,17,17:00:01
842,153,17:00:55
842,16,17:00:56
842,67,17:01:03
842,5,17:04:41
842,10,17:05:19
842,816,17:07:20
842,155,17:07:26
842,1,17:08:28
842,814,17:09:21
842,18,17:10:13
842,13,17:10:28
842,2,17:12:09
842,24,17:13:32
842,3,17:15:05
842,20,17:15:08
842,4,17:15:25
842,30,17:18:08
842,17,17:19:10
842,808,17:21:08
842,4,17:24:24
842,24,17:25:07
842,1,17:34:48
843,153,15:19:36
843,24,15:20:00
843,30,15:21:12
843,17,15:21:27
843,813,15:21:35
843,814,15:22:57
843,3,15:24:32
843,67,15:24:56
843,18,15:27:59
843,20,15:28:00
843,155,15:28:17
843,13,15:29:47
843,1,15:29:49
843,16,15:30:01
843,4,15:31:34
843,815,15:31:55
843,22,15:32:01
843,67,15:32:19
843,10,15:32:33
843,808,15:33:36
843,2,15:35:28
843,5,15:37:31
843,15,15:39:24
843,816,15:39:50
843,24,15:42:05
843,39,15:45:28
843,18,15:45:35
843,3,15:47:13
843,1,15:47:20
843,17,15:47:44
843,813,15:48:09
843,30,15:49:15
843,10,15:54:22
843,16,15:56:26
843,155,15:56:28
843,2,15:56:29
843,20,15:57:37
843,4,15:59:39
843,814,15:59:51
843,13,16:01:04
843,67,16:02:13
843,816,16:05:10
843,22,16:05:24
843,815,16:06:55
843,18,16:08:00
843,808,16:08:34
843,1,16:09:38
843,3,16:11:19
843,30,16:11:49
843,17,16:13:29
843,10,16:14:17
843,5,16:14:27
843,813,16:14:36
843,15,16:18:14
843,24,16:25:39
843,16,16:26:24
843,815,16:28:01
843,815,16:31:39
844,815,15:05:18
844,30,15:06:35
844,808,15:16:06
844,13,15:17:37
844,1,15:17:38
844,67,15:17:47
844,17,15:19:04
844,4,15:19:05
844,3,15:19:09
844,2,15:19:16
844,22,15:19:20
844,16,15:19:22
844,20,15:20:32
844,814,15:21:00
844,813,15:21:09
844,18,15:23:57
844,155,15:24:09
844,153,15:24:25
844,15,15:24:28
844,30,15:26:02
844,39,15:26:26
844,5,15:27:42
844,24,15:28:03
844,815,15:29:30
844,816,15:29:37
844,24,15:30:57
844,808,15:33:42
844,1,15:35:09
844,17,15:36:27
844,3,15:38:24
844,2,15:38:25
844,4,15:39:35
844,13,15:39:58
844,67,15:40:07
844,155,15:40:15
844,22,15:41:43
844,814,15:41:50
844,20,15:42:31
844,16,15:43:21
844,813,15:43:41
844,15,15:43:47
844,18,15:44:37
844,39,15:47:59
844,153,15:49:46
844,30,15:51:13
844,5,15:53:27
844,814,15:54:38
844,815,15:54:42
844,3,15:55:49
844,1,15:57:04
844,816,15:57:20
844,808,15:57:21
844,13,15:57:22
844,17,15:58:20
844,4,15:59:49
844,2,16:00:31
844,24,16:02:57
844,155,16:03:58
844,18,16:05:05
844,153,16:05:31
844,20,16:05:46
844,15,16:06:10
844,67,16:06:48
844,22,16:07:01
844,16,16:07:05
844,24,16:07:22
844,813,16:09:04
844,815,16:10:21
844,3,16:12:55
844,814,16:13:28
844,17,16:13:49
844,808,16:14:37
844,30,16:14:46
844,4,16:15:17
844,813,16:15:30
844,1,16:15:51
844,2,16:16:10
844,13,16:16:13
844,20,16:16:40
844,39,16:17:26
844,5,16:28:36
844,153,16:30:31
845,155,14:05:11
845,815,14:14:14
845,813,14:15:48
845,20,14:16:54
845,67,14:17:17
845,4,14:18:23
845,17,14:18:27
845,30,14:18:43
845,1,14:19:57
845,808,14:20:14
845,3,14:20:17
845,13,14:20:19
845,153,14:20:28
845,22,14:20:48
845,16,14:23:57
845,18,14:24:51
845,39,14:25:56
845,814,14:26:40
845,15,14:26:50
845,5,14:28:30
845,24,14:28:55
845,10,14:29:00
845,816,14:30:41
845,20,14:30:44
845,4,14:32:13
845,17,14:32:16
845,813,14:34:36
845,13,14:35:51
845,2,14:36:21
845,1,14:38:08
845,22,14:39:40
845,153,14:40:47
845,67,14:42:10
845,155,14:42:46
845,30,14:43:25
845,808,14:43:33
845,3,14:45:01
845,4,14:47:26
845,17,14:47:27
845,5,14:47:28
845,815,14:48:40
845,15,14:48:41
845,39,14:48:52
845,18,14:49:06
845,16,14:50:19
845,814,14:53:02
845,20,14:54:42
845,1,14:56:14
845,816,14:58:05
845,22,14:58:09
845,13,14:58:48
845,813,14:59:14
845,2,14:59:22
845,153,14:59:25
845,4,15:02:54
845,10,15:03:54
845,30,15:06:21
845,808,15:06:36
845,5,15:07:42
845,3,15:07:53
845,67,15:08:31
845,15,15:10:27
845,155,15:11:40
845,17,15:14:50
845,20,15:15:41
845,815,15:16:00
845,18,15:16:10
845,1,15:17:11
845,16,15:17:54
845,39,15:19:38
845,2,15:20:32
845,153,15:21:09
845,816,15:21:44
845,814,15:22:03
845,813,15:25:26
845,10,15:27:29
845,22,15:27:32
846,30,14:19:30
846,18,14:22:57
846,3,14:23:33
846,20,14:24:15
846,17,14:24:32
846,4,14:25:41
846,5,14:29:21
846,814,14:30:24
846,1,14:33:00
846,10,14:33:33
846,15,14:36:13
846,813,14:37:09
846,13,14:38:20
846,39,14:38:46
846,814,14:40:23
846,808,14:41:17
846,153,14:43:07
846,22,14:46:47
846,18,14:46:57
846,814,14:47:35
846,2,14:48:15
846,67,14:48:16
846,4,14:48:45
846,3,14:48:50
846,24,14:49:02
846,816,14:49:39
846,155,14:49:49
846,16,14:49:51
846,39,14:51:08
846,1,15:03:45
846,15,15:09:08
846,18,15:09:55
846,1,15:12:04
846,5,15:17:38
846,3,15:18:33
846,813,15:18:38
846,17,15:19:56
846,153,15:22:30
846,67,15:30:24
846,816,15:33:21
846,16,15:37:52
846,22,15:38:54
846,2,15:40:13
847,18,13:15:11
847,24,13:17:25
847,18,13:25:10
847,22,13:28:31
847,16,13:30:09
847,4,13:31:21
847,3,13:31:28
847,813,13:31:45
847,67,13:31:50
847,816,13:32:07
847,30,13:33:04
847,4,13:34:54
847,18,13:35:02
847,3,13:35:10
847,153,13:35:14
847,22,13:35:21
847,5,13:35:26
847,15,13:35:28
847,813,13:35:30
847,20,13:36:13
847,17,13:36:40
847,67,13:37:27
847,13,13:38:09
847,30,13:38:51
847,816,13:43:32
847,816,16:07:00
847,30,16:08:48
847,16,16:08:49
847,10,16:08:50
847,22,16:08:51
847,67,16:08:53
847,2,16:10:18
847,814,16:10:20
847,18,16:10:22
847,37,16:10:23
847,153,16:10:26
847,813,16:10:29
847,24,16:10:48
847,155,16:11:49
847,13,16:11:50
847,808,16:11:52
847,17,16:11:53
847,4,16:11:54
847,3,16:11:57
847,15,16:12:14
847,816,16:12:15
847,20,16:13:21
847,39,16:14:01
847,18,16:14:55
847,814,16:24:38
847,16,16:27:43
847,16,16:33:51
847,17,16:35:03
847,22,16:35:12
847,67,16:35:23
847,814,16:35:33
847,18,16:36:41
847,153,16:36:45
847,813,16:36:46
847,10,16:37:16
847,39,16:37:38
847,30,16:37:50
847,13,16:37:52
847,2,16:37:57
847,37,16:38:22
847,15,16:38:45
847,816,16:38:56
847,20,16:39:07
847,24,16:39:20
847,155,16:39:22
847,808,16:39:31
847,3,16:39:36
847,13,16:39:50
847,814,16:40:04
847,813,16:53:19
848,813,14:22:02
848,2,14:23:23
848,22,14:23:27
848,155,14:23:29
848,1,14:24:49
848,3,14:25:02
848,16,14:25:09
848,17,14:26:28
848,20,14:28:11
848,4,14:28:15
848,18,14:28:31
848,30,14:28:40
848,814,14:28:51
848,67,14:28:54
848,5,14:29:11
848,39,14:29:43
848,13,14:30:07
848,808,14:30:49
848,30,14:30:59
848,24,14:31:23
848,10,14:34:56
848,15,14:36:30
848,816,14:36:56
848,153,14:37:50
848,1,14:46:06
848,815,14:48:56
848,67,14:50:28
848,5,14:51:06
848,2,14:52:04
848,814,14:52:08
848,808,14:52:26
848,17,14:52:53
848,16,14:53:47
848,22,14:53:53
848,813,14:54:30
848,4,14:54:36
848,24,14:55:33
848,20,14:56:16
848,18,14:56:46
848,3,14:57:07
848,39,14:58:17
848,13,14:58:23
848,30,14:59:40
848,155,15:03:14
848,15,15:05:36
848,816,15:11:48
848,808,15:13:41
848,2,15:15:10
848,22,15:15:16
848,17,15:17:11
848,1,15:17:41
848,153,15:18:33
848,5,15:19:57
848,16,15:20:21
848,10,15:20:26
848,814,15:22:18
848,4,15:22:21
848,24,15:23:02
848,813,15:23:06
848,3,15:23:36
848,67,15:24:07
848,20,15:25:39
848,39,15:26:13
848,13,15:28:09
848,18,15:28:21
849,30,13:20:38
849,2,13:22:37
849,18,13:24:05
849,16,13:24:13
849,155,13:24:19
849,813,13:24:27
849,67,13:24:30
849,808,13:24:37
849,22,13:24:38
849,10,13:24:52
849,24,13:25:12
849,816,13:25:14
849,17,13:25:41
849,4,13:25:42
849,1,13:25:49
849,814,13:26:02
849,3,13:26:12
849,815,13:26:13
849,153,13:26:20
849,817,13:27:17
849,20,13:27:22
849,13,13:27:39
849,30,13:33:23
849,155,13:40:27
849,1,13:46:21
849,814,13:46:50
849,813,13:47:12
849,16,13:48:32
849,67,13:48:50
849,17,13:49:36
849,18,13:49:45
849,13,13:49:48
849,814,13:50:52
849,20,13:51:10
849,4,13:51:15
849,816,13:55:39
849,817,13:56:23
849,3,13:56:50
849,2,13:57:06
849,10,13:58:43
849,153,13:58:46
849,30,13:58:47
849,22,13:59:02
849,815,14:00:08
849,24,14:00:49
849,813,14:05:42
849,20,14:06:13
849,1,14:07:50
849,17,14:09:30
849,808,14:10:21
849,4,14:10:50
849,18,14:11:08
849,16,14:13:32
849,13,14:14:35
850,815,14:17:05
850,67,14:20:28
850,812,14:21:22
850,17,14:26:23
850,3,14:26:39
850,30,14:28:22
850,813,14:28:35
850,1,14:29:38
850,4,14:29:39
850,20,14:29:57
850,13,14:31:36
850,155,14:36:51
850,24,14:37:44
850,817,14:39:29
850,16,14:39:56
850,10,14:41:05
850,808,14:41:53
850,153,14:42:02
850,814,14:42:05
850,18,14:43:15
850,816,14:44:42
850,5,14:47:26
850,17,14:52:32
850,812,14:53:09
850,1,14:54:10
850,4,14:55:46
850,813,15:01:53
850,3,15:03:03
850,67,15:04:03
850,30,15:04:59
850,20,15:09:11
850,13,15:10:46
850,815,15:11:48
850,153,15:15:07
850,808,15:19:54
850,16,15:22:30
850,155,15:23:03
850,10,15:25:25
850,1,15:26:17
850,816,15:27:24
850,817,15:27:43
850,5,15:27:48
850,814,15:28:11
850,4,15:29:30
850,3,15:30:50
850,812,15:32:52
850,17,15:34:20
850,30,15:35:53
850,13,15:39:43
850,20,15:39:44
851,17,14:20:59
851,13,14:21:09
851,808,14:21:18
851,22,14:21:19
851,18,14:22:29
851,814,14:22:46
851,813,14:23:04
851,2,14:23:12
851,10,14:23:27
851,816,14:23:32
851,1,14:23:59
851,20,14:24:05
851,4,14:24:10
851,3,14:24:17
851,155,14:24:35
851,67,14:24:42
851,5,14:24:53
851,16,14:24:55
851,815,14:24:56
851,24,14:25:35
851,30,14:26:02
851,153,14:26:24
851,15,14:26:49
851,817,14:27:04
851,813,14:31:22
851,2,14:42:16
851,22,14:43:19
851,153,14:43:20
851,5,14:43:45
851,815,14:43:49
851,17,14:44:03
851,4,14:44:04
851,13,14:44:34
851,808,14:44:47
851,67,14:44:55
851,1,14:45:16
851,30,14:46:04
851,24,14:46:40
851,16,14:46:48
851,18,14:46:49
851,3,14:47:28
851,814,14:47:32
851,20,14:48:22
851,813,14:49:55
851,10,14:50:32
851,817,14:51:12
851,816,14:52:27
851,815,14:56:05
851,155,14:58:08
851,4,15:00:23
851,22,15:02:51
851,17,15:04:48
851,24,15:05:37
851,1,15:05:54
851,13,15:06:53
851,20,15:07:32
851,18,15:08:53
851,814,15:10:06
851,67,15:11:41
851,5,15:12:56
851,815,15:14:07
851,817,15:14:54
851,4,15:16:33
851,153,15:17:40
851,816,15:20:46
851,3,15:22:04
851,17,15:22:51
851,808,15:22:54
851,22,15:22:55
851,5,15:22:56
851,16,15:23:22
851,24,15:23:32
851,813,15:23:34
851,1,15:24:11
851,17,15:26:20
851,22,15:26:36
851,1,15:27:35
851,808,15:28:00
851,5,15:28:12
851,16,15:28:27
851,816,15:28:37
851,3,15:28:47
851,813,15:28:55
851,24,15:28:58
851,10,15:30:17
851,1,15:30:48
851,13,15:33:53
851,155,15:40:56
852,10,14:05:58
852,811,14:06:10
852,5,14:06:14
852,17,14:09:42
852,18,14:09:46
852,30,14:11:45
852,20,14:13:27
852,815,14:13:49
852,10,14:16:35
852,4,14:19:18
852,811,14:20:14
852,13,14:21:21
852,1,14:23:14
852,3,14:25:16
852,24,14:26:05
852,808,14:27:22
852,813,14:27:31
852,20,14:29:09
852,16,14:29:31
852,22,14:29:38
852,30,14:29:39
852,18,14:29:40
852,817,14:30:19
852,15,14:30:20
852,816,14:30:22
852,5,14:30:46
852,155,14:32:10
852,814,14:32:11
852,10,14:33:40
852,811,14:47:48
852,815,14:49:35
852,815,14:51:40
852,24,14:59:56
852,4,15:02:28
852,813,15:03:01
852,155,15:03:08
852,20,15:04:14
852,3,15:04:42
852,13,15:04:43
852,808,15:04:45
852,814,15:05:01
852,17,15:06:19
852,16,15:06:38
852,30,15:06:39
852,22,15:06:56
852,15,15:07:16
852,18,15:08:15
852,13,15:08:49
852,5,15:11:16
852,10,15:15:37
852,816,15:17:29
852,22,15:24:23
853,155,14:05:42
853,22,14:06:43
853,811,14:08:02
853,817,14:08:50
853,15,14:13:34
853,814,14:25:33
853,30,14:29:42
853,67,14:30:10
853,18,14:31:10
853,1,14:32:41
853,155,14:33:12
853,4,14:34:04
853,813,14:34:39
853,811,14:34:43
853,20,14:35:21
853,153,14:36:08
853,10,14:36:42
853,13,14:37:20
853,5,14:38:01
853,15,14:43:14
853,814,14:52:56
853,22,14:54:59
853,18,14:55:00
853,817,14:55:30
853,4,14:56:26
853,1,14:56:36
853,20,14:57:38
853,5,14:59:46
853,30,15:01:01
853,813,15:02:04
853,10,15:04:43
853,67,15:06:23
853,811,15:06:27
853,13,15:07:06
853,153,15:07:43
854,817,20:06:48
854,3,20:21:25
854,4,20:23:15
854,30,20:23:27
854,811,20:23:47
854,13,20:25:14
854,1,20:25:15
854,16,20:25:25
854,813,20:25:39
854,67,20:25:50
854,5,20:25:56
854,811,20:26:39
854,17,20:27:10
854,22,20:27:40
854,13,20:28:04
854,1,20:29:39
854,24,20:30:31
854,20,20:30:38
854,18,20:30:49
854,815,20:33:28
854,1,20:34:04
854,155,20:35:49
854,15,20:36:05
854,808,20:36:09
854,817,20:36:19
854,816,20:36:22
854,153,20:38:05
854,814,20:41:08
854,15,20:43:14
854,3,20:47:06
854,30,20:51:04
854,13,20:51:44
854,153,20:52:14
854,4,20:52:35
854,813,20:53:37
854,5,20:56:11
854,24,20:57:30
854,17,21:00:16
854,816,21:00:59
854,814,21:01:05
854,16,21:01:11
854,3,21:01:12
854,815,21:01:17
854,817,21:01:25
854,811,21:01:27
854,1,21:01:31
854,20,21:01:48
854,155,21:01:59
854,18,21:02:11
854,808,21:02:43
854,22,21:04:10
854,67,21:06:25
854,153,21:16:28
854,155,21:25:43
854,13,21:26:06
854,813,21:33:51
854,15,21:36:23
854,17,21:36:42
854,24,21:38:30
854,18,21:38:31
854,1,21:39:06
854,5,21:40:09
854,20,21:40:10
854,808,21:40:13
854,4,21:40:46
854,67,21:41:40
854,24,21:41:47
854,811,21:42:01
854,155,21:51:26
855,1,15:17:14
855,16,15:17:26
855,24,15:18:13
855,20,15:18:49
855,30,15:19:04
855,18,15:20:34
855,4,15:20:34
855,17,15:20:39
855,814,15:20:50
855,155,15:20:59
855,5,15:21:10
855,13,15:22:19
855,67,15:22:41
855,15,15:22:59
855,817,15:23:13
855,22,15:24:26
855,3,15:24:36
855,10,15:24:57
855,816,15:26:41
855,811,15:29:45
855,813,15:31:31
855,153,15:33:17
855,808,15:34:39
855,20,15:35:48
855,17,15:35:57
855,18,15:37:28
855,10,15:37:30
855,815,15:38:10
855,4,15:39:11
855,1,15:39:19
855,13,15:41:00
855,5,15:42:00
855,817,15:42:48
855,16,15:43:10
855,816,15:44:26
855,30,15:44:52
855,814,15:45:11
855,155,15:45:21
855,22,15:45:22
855,3,15:45:23
855,24,15:45:48
855,15,15:46:04
855,813,15:47:52
855,20,16:01:45
855,17,16:03:28
855,1,16:05:09
855,814,16:05:21
855,811,16:05:42
855,18,16:06:38
855,13,16:06:46
855,153,16:07:16
855,24,16:07:51
855,4,16:08:19
855,815,16:08:38
855,16,16:08:44
855,22,16:08:54
855,5,16:09:04
855,10,16:09:24
855,15,16:10:48
855,816,16:11:06
855,808,16:12:09
855,817,16:12:53
855,30,16:15:04
855,3,16:15:25
855,813,16:15:38
856,24,15:05:51
856,155,15:21:45
856,22,15:21:47
856,814,15:23:25
856,15,15:25:30
856,18,15:26:42
856,3,15:26:43
856,811,15:27:10
856,5,15:27:13
856,17,15:28:23
856,13,15:28:28
856,808,15:28:33
856,30,15:28:35
856,67,15:28:48
856,1,15:30:01
856,4,15:30:19
856,20,15:31:42
856,16,15:32:24
856,813,15:32:31
856,815,15:32:32
856,10,15:33:19
856,817,15:33:22
856,816,15:33:28
856,153,15:34:24
856,24,15:34:32
856,813,15:45:44
856,155,15:49:22
856,3,15:54:18
856,813,15:56:30
856,811,15:59:48
856,814,16:01:23
856,22,16:01:32
856,1,16:04:21
856,17,16:04:22
856,20,16:05:58
856,18,16:06:08
856,13,16:06:13
856,16,16:08:18
856,67,16:10:01
856,815,16:10:09
856,15,16:10:35
856,4,16:11:21
856,153,16:11:31
856,5,16:13:56
856,816,16:14:40
856,24,16:16:35
856,10,16:19:51
856,817,16:19:54
856,155,16:21:02
856,815,16:39:58
857,815,15:05:16
857,10,15:05:23
857,22,15:05:36
857,15,15:06:37
857,814,15:06:50
857,808,15:08:27
857,16,15:27:09
857,17,15:28:08
857,4,15:28:09
857,1,15:28:14
857,153,15:28:37
857,13,15:29:43
857,3,15:29:56
857,18,15:31:05
857,30,15:31:35
857,67,15:31:43
857,20,15:32:31
857,814,15:33:45
857,5,15:36:36
857,811,15:38:07
857,39,15:38:47
857,816,15:38:52
857,1,15:40:48
857,817,15:43:17
857,15,15:49:31
857,13,15:49:55
857,13,15:51:40
857,817,15:54:51
857,808,15:55:13
857,815,15:56:37
857,16,15:58:06
857,22,15:59:21
857,17,16:00:03
857,4,16:03:03
857,814,16:04:47
857,5,16:07:49
857,3,16:12:29
857,1,16:12:44
857,18,16:13:11
857,153,16:14:27
857,20,16:14:36
857,30,16:19:55
857,39,16:23:00
857,811,16:30:01
857,816,16:30:49
857,15,16:32:20
857,817,16:32:48
858,811,17:05:36
858,815,17:07:22
858,155,17:13:02
858,13,17:30:30
858,153,17:31:05
858,1,17:32:01
858,4,17:32:03
858,18,17:32:14
858,16,17:32:35
858,30,17:32:36
858,5,17:33:01
858,17,17:34:01
858,3,17:34:12
858,15,17:35:11
858,808,17:36:34
858,22,17:36:43
858,817,17:37:20
858,811,17:40:33
858,24,17:48:28
858,813,17:49:31
858,10,17:50:06
858,814,17:52:50
858,815,17:53:09
858,813,17:58:49
858,155,18:03:42
858,22,18:05:35
858,17,18:06:07
858,153,18:06:16
858,18,18:07:45
858,16,18:08:17
858,811,18:09:34
858,808,18:12:53
858,1,18:14:22
858,5,18:14:52
858,13,18:14:54
858,30,18:18:51
858,817,18:19:37
858,4,18:19:38
858,15,18:20:55
858,10,18:24:59
858,3,18:29:04
858,17,18:39:14
859,30,14:17:19
859,811,14:19:18
859,808,14:20:39
859,16,14:21:51
859,18,14:22:58
859,4,14:24:15
859,1,14:24:18
859,3,14:24:30
859,22,14:24:50
859,20,14:25:24
859,814,14:25:58
859,813,14:26:13
859,5,14:26:16
859,17,14:26:46
859,811,14:27:37
859,67,14:28:43
859,815,14:30:05
859,816,14:30:42
859,817,14:30:47
859,13,14:30:57
859,155,14:31:18
859,153,14:31:26
859,24,14:32:06
859,10,14:32:08
859,15,14:33:08
859,811,14:41:14
859,808,14:43:17
859,18,14:44:05
859,16,14:44:24
859,5,14:45:14
859,1,14:46:43
859,30,14:46:47
859,22,14:48:56
859,4,14:49:11
859,17,14:52:52
859,20,14:54:13
859,814,14:56:27
859,3,14:58:56
859,67,14:59:19
859,816,14:59:31
859,817,14:59:46
859,15,15:00:23
859,155,15:00:26
859,1,15:01:16
859,815,15:02:10
859,13,15:02:33
859,16,15:02:49
859,808,15:03:14
859,24,15:05:02
859,153,15:07:11
859,811,15:08:23
859,5,15:09:19
859,18,15:11:27
859,30,15:11:49
859,4,15:13:55
859,22,15:14:17
859,17,15:18:40
859,20,15:20:05
860,811,17:05:23
860,817,17:05:35
860,13,17:21:08
860,3,17:22:31
860,4,17:24:04
860,155,17:24:20
860,814,17:24:21
860,17,17:25:41
860,5,17:26:12
860,18,17:28:30
860,20,17:28:41
860,813,17:28:53
860,1,17:30:12
860,808,17:32:32
860,8,17:33:43
860,818,17:33:54
860,10,17:36:09
860,819,17:37:59
860,817,17:39:23
860,815,17:41:45
860,13,17:48:15
860,811,17:51:46
860,3,17:52:34
860,814,17:55:58
860,4,17:57:06
860,5,17:58:11
860,18,17:59:44
860,1,17:59:54
860,155,18:00:33
860,819,18:01:35
860,20,18:01:36
860,17,18:01:58
860,813,18:02:03
860,8,18:02:13
860,818,18:02:41
860,10,18:02:46
860,13,18:03:05
860,5,18:04:32
860,817,18:05:15
860,811,18:22:20
860,819,18:30:07
861,815,16:05:39
861,811,16:06:01
861,814,16:07:52
861,13,16:10:03
861,10,16:10:14
861,819,16:10:20
861,18,16:12:01
861,4,16:12:09
861,807,16:12:17
861,817,16:12:26
861,808,16:12:28
861,5,16:12:30
861,1,16:14:12
861,17,16:14:20
861,20,16:14:27
861,3,16:14:31
861,813,16:14:32
861,8,16:14:36
861,155,16:14:39
861,30,16:14:40
861,811,16:20:17
861,18,17:26:27
861,3,17:26:30
861,8,17:26:32
861,155,17:26:34
861,37,17:26:36
861,808,17:26:37
861,10,17:26:37
861,811,17:26:38
861,1,17:28:30
861,4,17:28:34
861,17,17:28:36
861,13,17:28:39
861,814,17:28:42
861,813,17:28:42
861,30,17:28:43
861,817,17:28:45
861,5,17:28:46
861,815,17:30:37
861,20,17:30:43
861,818,17:30:48
861,807,17:30:50
861,819,17:31:03
861,39,17:31:07
861,18,17:31:07
861,813,17:31:11
861,37,17:33:35
861,5,17:48:07
861,18,17:50:04
861,817,17:51:55
861,3,17:53:46
861,13,17:55:53
861,817,18:16:06
861,39,18:18:02
861,13,18:18:08
861,5,18:18:52
861,17,18:19:05
861,814,18:19:15
861,811,18:19:18
861,30,18:19:33
861,813,18:19:34
861,3,18:19:47
861,18,18:19:49
861,808,18:20:00
861,10,18:20:20
861,4,18:20:25
861,819,18:20:48
861,20,18:20:50
861,8,18:20:58
861,818,18:21:12
861,807,18:21:13
861,155,18:21:24
861,37,18:22:06
861,815,18:22:19
861,1,18:22:31
861,20,18:33:40
862,4,15:50:50
862,8,15:52:32
862,818,15:53:07
862,5,15:53:24
862,811,15:54:32
862,808,15:55:09
862,807,15:56:37
862,5,15:57:39
862,20,15:57:50
862,154,15:59:28
862,37,15:59:35
862,814,15:59:44
862,813,16:01:26
862,817,16:01:52
862,39,16:01:55
862,3,16:02:40
862,17,16:03:03
862,815,16:04:47
862,10,16:07:41
862,819,16:09:27
862,1,16:09:51
862,4,16:09:52
862,155,16:10:03
862,18,16:11:21
862,13,16:15:10
862,818,16:15:32
862,819,16:28:45
862,17,15:14:20
862,155,15:19:30
862,20,15:19:39
862,807,15:19:47
862,8,15:21:12
862,1,15:21:13
862,808,15:21:40
862,18,15:22:56
862,154,15:23:04
862,814,15:23:08
862,813,15:23:09
862,818,15:23:22
862,30,15:24:39
862,4,15:24:44
862,811,15:24:49
862,5,15:25:06
862,3,15:26:17
862,815,15:31:38
862,39,15:32:47
862,817,15:33:56
862,37,15:34:24
862,13,15:35:14
862,10,15:35:58
862,819,15:37:45
862,17,15:40:30
862,1,15:42:10
862,18,15:45:32
862,155,15:47:30
863,5,15:05:40
863,817,15:15:42
863,18,15:17:12
863,13,15:17:14
863,3,15:17:15
863,1,15:18:49
863,17,15:18:50
863,4,15:18:53
863,815,15:19:00
863,811,15:19:03
863,30,15:19:05
863,807,15:19:08
863,37,15:19:27
863,154,15:20:26
863,818,15:20:50
863,808,15:20:55
863,10,15:21:10
863,39,15:21:21
863,20,15:22:02
863,8,15:22:13
863,813,15:22:27
863,819,15:24:32
863,5,15:26:27
863,814,15:27:28
863,155,15:27:35
863,807,15:36:18
863,815,15:39:34
863,39,15:40:50
863,18,15:41:03
863,3,15:41:09
863,13,15:41:13
863,37,15:42:24
863,17,15:42:40
863,1,15:42:46
863,4,15:42:48
863,813,15:42:55
863,30,15:43:00
863,808,15:43:18
863,817,15:43:21
863,10,15:43:55
863,8,15:44:08
863,811,15:44:50
863,20,15:45:43
863,154,15:45:51
863,818,15:46:40
863,5,15:47:05
863,155,15:56:31
863,814,15:59:46
863,39,16:00:15
863,3,16:04:47
863,1,16:04:54
863,807,16:05:05
863,18,16:06:26
863,4,16:06:29
863,815,16:06:37
863,30,16:06:38
863,13,16:08:13
863,811,16:08:29
863,817,16:08:50
863,5,16:09:08
863,20,16:09:10
863,8,16:09:12
863,17,16:09:31
863,10,16:10:20
863,808,16:10:35
863,37,16:10:38
863,154,16:10:56
863,818,16:12:03
863,39,16:22:48
863,155,16:28:31
863,18,16:33:05
864,815,14:05:24
864,17,14:12:45
864,20,14:14:11
864,155,14:15:44
864,3,14:17:10
864,18,14:17:14
864,814,14:17:22
864,4,14:18:30
864,154,14:18:42
864,30,14:18:44
864,818,14:18:52
864,13,14:18:53
864,807,14:18:56
864,808,14:19:03
864,37,14:19:19
864,813,14:20:01
864,8,14:20:05
864,817,14:20:29
864,39,14:20:59
864,5,14:23:37
864,1,14:24:59
864,10,14:25:27
864,819,14:27:06
864,17,14:29:54
864,815,14:30:09
864,807,14:32:55
864,37,14:33:43
864,3,14:37:13
864,39,14:38:37
864,814,14:38:57
864,818,14:38:58
864,813,14:39:46
864,18,14:41:49
864,817,14:42:02
864,4,14:42:46
864,154,14:43:10
864,155,14:43:23
864,10,14:44:13
864,8,14:44:27
864,20,14:44:46
864,5,14:45:19
864,819,14:45:53
864,13,14:46:33
864,808,14:47:06
864,13,14:48:17
864,20,14:49:35
864,1,14:57:08
864,37,14:59:17
864,815,15:00:35
864,18,15:01:44
864,807,15:03:27
864,817,15:03:31
864,3,15:04:39
864,17,15:05:00
864,818,15:05:04
864,813,15:05:16
864,155,15:06:09
864,20,15:07:43
864,814,15:08:07
864,4,15:09:47
864,5,15:10:04
864,808,15:11:45
864,13,15:12:32
864,8,15:16:02
864,10,15:16:42
864,154,15:20:41
864,37,15:24:24
865,155,14:04:47
865,808,14:08:18
865,818,14:27:24
865,3,14:40:15
865,17,14:42:54
865,1,14:43:03
865,8,14:43:28
865,807,14:43:29
865,811,14:43:29
865,39,14:44:09
865,4,14:44:22
865,5,14:44:53
865,10,14:45:01
865,13,14:45:47
865,819,14:49:17
865,30,14:50:07
865,815,14:50:36
865,814,14:51:32
865,18,14:55:43
865,815,14:57:38
865,817,14:58:28
865,20,15:05:40
865,10,15:17:48
865,818,15:38:55
865,5,15:43:52
865,39,15:46:48
866,13,14:19:28
866,814,14:20:45
866,30,14:20:47
866,18,14:23:32
866,20,14:24:31
866,818,14:24:55
866,1,14:25:51
866,17,14:25:59
866,817,14:26:17
866,5,14:26:32
866,808,14:27:54
866,4,14:28:31
866,3,14:28:43
866,154,14:31:23
866,807,14:31:32
866,811,14:34:41
866,155,14:35:30
866,10,14:36:31
866,819,14:41:55
866,813,14:42:22
866,18,14:47:50
866,3,14:53:57
866,8,14:56:32
866,815,14:57:52
866,807,14:59:35
866,5,15:00:15
866,30,15:00:53
866,818,15:01:05
866,808,15:01:38
866,814,15:02:08
866,818,15:06:41
866,1,15:09:20
866,17,15:12:15
866,18,15:13:15
866,13,15:20:18
866,817,15:20:40
866,20,15:26:26
867,18,14:21:23
867,815,14:21:27
867,13,14:23:08
867,819,14:23:43
867,5,14:25:12
867,1,14:26:30
867,808,14:26:58
867,155,14:28:20
867,8,14:28:21
867,813,14:28:23
867,807,14:28:26
867,817,14:28:38
867,37,14:29:09
867,4,14:30:09
867,39,14:31:07
867,20,14:31:32
867,154,14:31:48
867,818,14:34:17
867,30,14:37:38
867,17,14:37:40
867,3,14:39:17
867,155,14:39:29
867,811,14:40:14
867,814,14:44:48
867,811,14:47:48
867,815,14:48:26
867,808,14:48:42
867,18,14:50:09
867,13,14:51:54
867,5,14:53:03
867,154,14:53:16
867,1,14:53:30
867,4,14:53:33
867,8,14:53:38
867,813,14:53:44
867,807,14:53:50
867,808,14:54:43
867,20,14:55:02
867,37,14:55:13
867,819,14:55:13
867,39,14:57:51
867,13,15:07:46
867,817,15:12:44
867,17,15:14:32
867,39,15:16:58
867,30,15:19:40
867,3,15:28:36
867,808,15:30:40
867,13,15:41:54
868,819,13:58:04
868,17,13:57:42
868,813,13:24:16
868,13,13:24:56
868,8,13:24:58
868,819,13:25:46
868,17,13:26:30
868,811,13:26:49
868,818,13:26:57
868,4,13:28:03
868,3,13:28:30
868,155,13:30:03
868,807,13:30:05
868,18,13:30:09
868,817,13:30:14
868,39,13:30:53
868,10,13:34:02
868,1,13:38:11
868,154,13:46:39
868,37,13:49:37
868,1,13:49:52
868,817,13:51:50
868,5,13:52:21
868,811,13:53:19
868,20,13:54:33
868,18,13:55:02
868,818,13:56:46
868,814,13:05:45
868,154,13:06:42
868,20,13:19:58
868,813,13:21:39
868,815,13:21:41
868,30,13:23:17
868,5,13:23:46
868,8,13:59:31
868,30,13:59:45
868,13,14:01:05
868,807,14:01:25
868,39,14:03:37
868,4,14:04:03
868,155,14:04:36
868,3,14:04:48
868,10,14:07:52
869,13,14:04:39
869,811,14:04:53
869,154,14:04:56
869,1,14:07:52
869,818,14:11:33
869,814,14:17:02
869,8,14:18:20
869,807,14:19:41
869,17,14:19:43
869,3,14:19:51
869,813,14:21:05
869,5,14:21:24
869,30,14:22:25
869,808,14:22:47
869,815,14:26:37
869,4,14:27:43
869,18,14:29:13
869,817,14:29:34
869,10,14:30:15
869,20,14:30:30
869,37,14:31:43
869,819,14:32:56
869,155,14:33:31
869,39,14:34:43
869,13,14:36:49
869,154,14:37:20
869,811,14:38:46
869,818,14:40:49
869,807,14:46:05
869,5,14:46:32
869,1,14:46:44
869,3,14:47:31
869,808,14:47:59
869,30,14:52:44
869,8,14:55:22
869,813,14:55:56
869,817,14:55:57
869,814,14:57:08
869,18,14:57:48
869,815,14:58:14
869,17,14:58:22
869,4,14:59:05
869,20,14:59:07
869,10,15:00:18
869,154,15:02:09
869,155,15:02:13
869,819,15:03:49
869,5,15:04:41
869,818,15:05:35
869,807,15:06:33
869,37,15:07:26
869,13,15:08:15
869,1,15:08:33
869,39,15:08:59
869,811,15:09:01
869,3,15:11:59
869,808,15:12:58
869,30,15:14:25
869,5,15:17:23
869,813,15:22:00
870,30,14:08:08
870,30,14:12:58
870,155,14:18:40
870,818,14:24:37
870,817,14:27:32
870,18,14:28:38
870,807,14:28:52
870,813,14:28:54
870,811,14:30:15
870,3,14:30:21
870,814,14:30:26
870,20,14:31:35
870,4,14:31:38
870,5,14:32:09
870,1,14:32:53
870,13,14:33:17
870,808,14:33:47
870,39,14:34:22
870,154,14:34:22
870,10,14:34:25
870,8,14:36:01
870,17,14:36:05
870,819,14:36:59
870,815,14:37:57
870,37,14:40:27
870,818,14:51:44
870,30,14:54:51
870,18,14:56:39
870,817,14:57:29
870,808,14:59:27
870,5,15:00:48
870,20,15:02:27
870,814,15:03:06
870,154,15:03:52
870,17,15:04:09
870,807,15:04:31
870,1,15:05:18
870,819,15:05:50
870,3,15:05:53
870,155,15:06:36
870,39,15:07:06
870,813,15:07:28
870,10,15:08:28
870,811,15:08:36
870,37,15:10:00
870,4,15:10:01
870,13,15:10:12
870,8,15:12:35
870,18,15:12:56
870,818,15:15:27
870,815,15:16:34
870,817,15:16:46
870,808,15:23:46
870,813,15:23:48
870,17,15:27:30
870,5,15:30:55
870,20,15:31:43
870,818,15:42:01
871,37,14:06:31
871,155,14:06:35
871,813,14:06:36
871,155,14:21:42
871,814,14:27:27
871,8,14:29:22
871,17,14:29:28
871,10,14:29:54
871,817,14:31:21
871,13,14:31:26
871,808,14:31:42
871,807,14:33:14
871,5,14:35:49
871,39,14:35:55
871,818,14:37:19
871,37,14:38:00
871,811,14:39:19
871,819,14:44:03
871,30,14:45:02
871,18,14:46:43
871,3,14:47:24
871,20,14:48:56
871,155,14:55:27
871,10,14:58:05
871,814,14:59:07
871,808,14:59:52
871,807,15:00:38
871,17,15:00:39
871,13,15:00:45
871,37,15:02:18
871,5,15:02:21
871,8,15:02:30
871,817,15:02:51
871,39,15:04:17
871,818,15:04:49
871,30,15:16:18
871,3,15:18:36
871,811,15:24:25
872,10,14:14:33
872,813,14:23:38
872,3,14:25:03
872,30,14:26:24
872,8,14:29:28
872,5,14:29:51
872,819,14:31:32
872,13,14:32:19
872,808,14:32:59
872,20,14:33:51
872,4,14:33:52
872,155,14:34:08
872,17,14:35:36
872,814,14:35:39
872,18,14:36:49
872,37,14:38:04
872,1,14:38:13
872,39,14:39:30
872,817,14:40:19
872,811,14:40:20
872,807,14:44:55
872,816,14:45:12
872,815,14:47:32
872,10,14:53:27
872,20,14:55:13
872,813,14:57:05
872,819,14:57:49
872,30,14:59:46
872,3,15:01:21
872,5,15:03:38
872,808,15:05:10
873,10,20:54:19
873,5,20:55:51
873,17,20:58:56
873,813,21:00:34
873,4,21:00:36
873,155,21:03:49
873,808,21:04:39
873,37,21:05:01
873,817,21:05:16
873,8,21:07:02
873,20,21:08:19
873,18,21:08:25
873,819,21:08:32
873,814,21:08:49
873,3,21:09:07
873,154,21:09:08
873,813,21:09:10
873,30,21:09:20
873,811,21:09:41
873,13,21:10:02
873,17,21:26:54
873,807,21:26:54
873,815,21:26:57
873,808,21:27:04
873,37,21:27:06
873,5,21:38:17
873,155,21:48:02
873,807,21:48:19
873,808,20:06:04
873,13,20:06:31
873,17,20:19:35
873,20,20:23:17
873,811,20:23:50
873,4,20:25:22
873,30,20:25:39
873,817,20:25:50
873,1,20:27:09
873,814,20:27:23
873,3,20:27:30
873,818,20:27:44
873,5,20:27:55
873,813,20:29:11
873,8,20:29:37
873,10,20:30:01
873,18,20:31:06
873,154,20:31:24
873,155,20:31:56
873,819,20:36:09
873,807,20:39:33
873,815,20:39:37
873,37,20:40:26
873,808,20:40:30
873,13,20:42:14
873,39,20:42:28
873,818,20:51:30
873,811,20:53:24
874,154,15:05:37
874,811,15:05:49
874,17,15:06:19
874,154,15:16:52
874,18,15:26:28
874,8,15:26:35
874,807,15:26:38
874,814,15:26:54
874,155,15:28:06
874,819,15:29:02
874,815,15:29:58
874,39,15:30:44
874,1,15:31:39
874,813,15:31:44
874,811,15:32:04
874,20,15:32:58
874,13,15:33:08
874,817,15:33:31
874,30,15:33:45
874,37,15:34:08
874,5,15:35:26
874,818,15:35:28
874,808,15:37:33
874,10,15:39:00
874,811,15:40:44
874,154,15:42:35
874,17,15:48:48
874,8,15:55:12
874,155,15:56:42
874,1,15:56:51
874,807,15:56:55
874,819,15:58:08
874,814,15:59:02
874,813,16:00:13
874,817,16:02:03
874,811,16:02:29
874,18,16:03:20
874,818,16:04:02
874,13,16:04:50
874,30,16:05:33
874,20,16:06:11
874,37,16:06:51
874,10,16:12:57
874,5,16:14:28
874,808,16:16:46
874,808,16:27:04
875,155,15:06:00
875,155,15:17:22
875,1,15:26:44
875,807,15:26:59
875,154,15:27:00
875,30,15:27:06
875,818,15:27:09
875,5,15:27:25
875,17,15:28:25
875,13,15:28:32
875,8,15:28:33
875,817,15:28:56
875,811,15:28:57
875,808,15:29:17
875,10,15:29:19
875,20,15:30:06
875,4,15:30:13
875,814,15:30:41
875,819,15:35:01
875,815,15:35:58
875,39,15:37:11
875,813,15:41:35
875,1,15:50:01
875,814,15:54:05
875,154,15:59:00
875,10,16:00:08
875,17,16:00:11
875,807,16:00:43
875,30,16:01:04
875,811,16:01:12
875,808,16:01:49
875,815,16:02:54
875,5,16:03:37
875,4,16:03:41
875,817,16:04:24
875,20,16:05:18
875,13,16:05:28
875,8,16:05:40
875,819,16:06:00
875,818,16:11:27
875,1,16:18:28
876,818,15:05:15
876,30,15:05:50
876,815,15:25:19
876,815,15:33:50
876,18,15:42:00
876,811,15:43:56
876,39,15:45:08
876,8,15:45:09
876,3,15:45:26
876,813,15:45:28
876,817,15:45:46
876,13,15:46:40
876,807,15:46:47
876,814,15:47:07
876,819,15:47:38
876,4,15:47:52
876,17,15:49:21
876,813,15:50:59
876,808,15:52:12
876,10,15:52:31
876,1,15:52:33
876,5,15:53:40
876,20,15:53:43
876,37,15:54:30
876,818,15:55:26
876,30,15:56:04
876,154,15:59:04
876,155,15:59:41
877,3,17:05:24
877,154,17:05:48
877,814,17:06:13
877,818,17:20:35
877,154,17:21:21
877,814,17:21:58
877,20,17:31:03
877,155,17:53:36
877,13,17:55:31
877,817,17:55:32
877,819,17:55:56
877,30,17:57:17
877,10,17:57:44
877,808,17:57:47
877,4,17:58:45
877,5,17:59:21
877,37,17:59:46
877,18,18:00:35
877,813,18:00:45
877,815,18:02:32
877,17,18:02:33
877,8,18:03:59
877,811,18:06:19
877,818,18:08:11
877,20,18:15:02
877,815,18:17:35
877,817,18:17:36
877,814,18:19:26
877,30,18:24:11
877,815,18:30:24
878,154,13:19:50
878,155,13:26:55
878,30,13:28:39
878,807,13:33:38
878,1,13:38:21
878,4,13:38:33
878,811,13:38:57
878,20,13:40:02
878,814,13:40:40
878,813,13:40:43
878,5,13:41:14
878,10,13:41:15
878,815,13:42:28
878,808,13:44:41
878,8,13:45:33
878,37,13:47:04
878,39,13:48:53
878,13,13:49:03
878,819,13:50:13
878,817,13:56:20
878,814,13:56:45
878,3,14:03:17
878,18,14:04:36
878,30,14:12:20
879,8,14:10:08
879,30,14:10:23
879,155,14:14:32
879,30,14:15:29
879,3,14:16:06
879,817,14:16:07
879,17,14:16:09
879,1,14:17:17
879,4,14:17:29
879,20,14:17:36
879,814,14:17:37
879,39,14:22:30
879,819,14:22:37
879,10,14:23:56
879,808,14:23:58
879,37,14:24:13
879,13,14:25:26
879,818,14:25:27
879,5,14:25:33
879,30,14:29:13
879,1,14:29:24
879,4,14:29:41
879,155,14:29:44
879,3,14:29:54
879,814,14:29:55
879,20,14:31:08
879,17,14:31:16
879,817,14:31:25
879,8,14:31:26
879,13,14:31:32
879,10,14:31:36
879,808,14:31:43
879,5,14:31:46
879,37,14:32:05
879,818,14:33:06
879,819,14:33:27
879,39,14:33:37
879,3,14:33:42
879,807,14:35:55
879,18,14:35:56
879,818,14:48:26
879,10,14:51:14
879,5,14:59:15
879,3,15:17:16
879,37,15:17:24
879,817,15:18:04
879,39,15:19:00
879,20,15:19:17
879,8,15:21:39
879,155,15:22:32
879,30,15:22:33
879,20,15:22:38
879,808,15:23:17
879,13,15:23:33
879,17,15:23:53
879,819,15:24:35
879,4,15:25:03
879,818,15:25:47
879,37,15:25:57
879,817,15:26:13
879,18,15:26:15
879,39,15:26:24
879,807,15:26:30
879,5,15:26:34
879,10,15:26:40
879,814,15:27:15
879,807,15:28:20
879,5,15:31:24
879,817,15:33:59
880,18,17:09:54
880,17,17:11:28
880,154,17:11:33
880,821,17:11:35
880,822,17:13:14
880,820,17:13:26
880,20,17:14:25
880,823,17:15:07
880,13,17:16:00
880,814,17:16:13
880,819,17:16:47
880,4,17:17:35
880,8,17:17:36
880,818,17:17:54
880,824,17:18:08
880,813,17:19:36
880,1,17:23:56
880,3,17:25:35
880,817,17:27:32
880,815,17:29:00
880,823,17:29:58
880,17,17:32:17
880,154,17:33:53
880,820,17:34:48
880,4,17:35:01
880,18,17:35:24
880,16,17:36:31
880,20,17:36:32
880,13,17:39:40
880,815,17:40:25
880,818,17:41:44
880,822,17:42:08
880,821,17:46:47
880,824,17:47:07
880,817,17:51:27
880,1,17:52:21
880,814,17:55:48
880,8,17:56:41
880,819,17:57:12
880,823,17:59:22
880,820,17:59:26
880,13,18:00:04
880,20,18:01:32
880,18,18:02:18
880,154,18:02:19
880,17,18:03:34
880,4,18:04:29
880,822,18:07:27
880,815,18:08:37
880,1,18:09:35
880,818,18:13:03
880,16,18:15:28
880,824,18:23:42
881,20,16:13:32
881,13,16:13:49
881,16,16:15:54
881,817,16:15:56
881,8,16:15:57
881,814,16:15:57
881,813,16:16:01
881,823,16:16:05
881,824,16:16:07
881,822,16:16:09
881,820,16:16:12
881,17,16:17:26
881,1,16:17:30
881,18,16:17:43
881,807,16:17:44
881,815,16:17:51
881,154,16:17:52
881,821,16:17:55
881,818,16:17:57
881,819,16:18:03
881,3,16:19:28
881,813,16:29:27
881,824,16:36:29
881,823,16:38:15
881,17,16:38:48
881,817,16:39:32
881,820,16:40:11
881,13,16:40:56
881,154,16:40:57
881,819,16:41:58
881,1,16:42:22
881,18,16:42:32
881,807,16:42:39
881,8,16:42:42
881,20,16:44:00
881,3,16:44:07
881,815,16:44:32
881,821,16:44:52
881,822,16:44:54
881,818,16:52:14
881,823,16:56:15
881,824,16:57:51
881,1,16:58:00
881,17,16:59:38
881,3,16:59:42
881,20,17:01:24
881,820,17:01:52
881,813,17:03:12
881,819,17:03:34
881,13,17:03:34
881,815,17:03:40
881,817,17:04:13
881,807,17:05:21
881,8,17:05:22
881,154,17:07:03
881,821,17:09:30
881,822,17:16:24
881,1,17:17:00
881,20,17:18:37
881,3,17:18:44
881,820,17:19:43
881,17,17:20:16
881,823,17:21:22
881,818,17:21:38
881,824,17:22:37
881,807,17:22:50
881,819,17:23:04
881,13,17:27:39
881,821,17:35:38
881,815,17:40:12
882,17,15:05:52
882,817,15:11:03
882,1,15:12:45
882,3,15:12:50
882,819,15:12:59
882,4,15:14:28
882,8,15:14:31
882,824,15:14:46
882,823,15:14:51
882,13,15:16:16
882,154,15:16:21
882,813,15:16:30
882,820,15:16:42
882,807,15:28:27
882,20,15:28:27
882,814,15:28:38
882,17,15:30:32
882,818,15:30:41
882,822,15:32:22
882,824,15:32:43
882,819,15:34:28
882,13,15:37:26
882,3,15:37:32
882,3,15:39:47
882,823,15:40:06
882,1,15:40:48
882,8,15:40:49
882,820,15:41:43
882,4,15:44:07
882,18,15:44:11
882,154,15:44:31
882,817,15:44:33
882,813,15:44:50
882,815,15:46:14
882,807,15:54:43
882,20,15:58:05
882,815,15:58:33
882,814,16:00:08
882,824,16:00:54
882,819,16:02:38
882,820,16:02:57
882,8,16:03:20
882,822,16:04:01
882,807,16:07:00
882,13,16:07:01
882,1,16:08:26
882,154,16:08:50
882,818,16:09:02
882,823,16:10:13
882,817,16:10:28
882,813,16:12:48
882,4,16:14:58
882,818,16:19:28
882,18,16:28:59
882,20,16:32:06
882,822,16:33:18
882,814,16:35:54
883,821,15:06:04
883,16,15:06:49
883,823,15:08:11
883,818,15:09:07
883,4,15:16:09
883,17,15:17:54
883,154,15:17:57
883,4,15:18:11
883,3,15:19:37
883,18,15:19:38
883,817,15:19:48
883,824,15:19:57
883,20,15:21:11
883,13,15:21:20
883,815,15:21:21
883,1,15:21:24
883,813,15:21:26
883,820,15:21:45
883,819,15:23:21
883,807,15:24:51
883,822,15:26:40
883,814,15:28:08
883,823,15:29:30
883,8,15:31:35
883,821,15:32:19
883,13,15:33:34
883,16,15:36:08
883,3,15:38:32
883,815,15:38:33
883,17,15:40:08
883,18,15:40:13
883,1,15:42:02
883,824,15:42:41
883,813,15:43:49
883,819,15:44:11
883,820,15:44:27
883,4,15:45:32
883,20,15:46:35
883,823,15:47:12
883,817,15:47:31
883,807,15:48:57
883,154,15:50:20
883,13,15:52:18
883,822,15:54:07
883,3,16:00:40
883,821,16:01:35
883,8,16:02:06
883,18,16:02:20
883,819,16:04:48
883,814,16:05:30
883,13,16:06:01
883,824,16:06:51
883,17,16:07:17
883,820,16:08:38
883,1,16:09:03
883,815,16:10:45
883,4,16:10:48
883,813,16:11:04
883,823,16:13:18
883,807,16:14:30
883,817,16:14:49
883,20,16:15:09
883,154,16:15:35
883,16,16:16:30
883,821,16:18:34
883,3,16:19:15
883,18,16:22:36
883,820,16:24:10
883,822,16:24:37
883,823,16:27:16
883,824,16:27:23
884,824,14:06:58
884,17,14:14:27
884,13,14:15:53
884,807,14:15:59
884,813,14:16:03
884,819,14:16:15
884,4,14:17:21
884,1,14:17:26
884,814,14:17:29
884,818,14:17:33
884,823,14:17:41
884,822,14:17:42
884,3,14:18:50
884,20,14:18:51
884,8,14:18:53
884,815,14:18:59
884,817,14:19:03
884,18,14:20:44
884,821,14:23:38
884,813,14:23:55
884,820,14:27:24
884,824,14:28:59
884,814,14:32:58
884,13,14:34:12
884,17,14:34:27
884,818,14:34:37
884,813,14:34:52
884,823,14:34:59
884,4,14:35:36
884,807,14:36:06
884,16,14:38:15
884,815,14:39:06
884,819,14:39:41
884,20,14:40:14
884,817,14:40:39
884,1,14:42:21
884,822,14:42:37
884,8,14:43:15
884,3,14:45:06
884,821,14:46:47
884,18,14:46:53
884,824,14:49:08
884,820,14:50:58
884,807,14:56:00
884,818,14:56:06
884,807,14:57:53
884,813,14:57:57
884,4,14:58:10
884,13,14:58:25
884,17,14:58:48
884,1,14:59:15
884,16,14:59:34
884,818,15:01:38
884,814,15:01:59
884,815,15:02:10
884,807,15:02:43
884,20,15:03:01
884,817,15:03:42
884,819,15:07:38
884,821,15:08:17
884,822,15:10:28
884,8,15:11:53
884,18,15:14:18
884,824,15:15:24
884,3,15:15:40
884,820,15:17:21
884,4,15:17:37
884,16,15:19:07
884,17,15:19:53
884,815,15:20:19
884,1,15:20:35
884,13,15:20:57
884,20,15:21:09
884,817,15:21:47
884,814,15:24:38
884,813,15:25:17
884,807,15:25:37
884,821,15:26:28
885,813,14:04:48
885,823,14:04:55
885,814,14:15:54
885,817,14:33:49
885,824,14:34:05
885,820,14:35:17
885,823,14:37:13
885,17,14:37:28
885,8,14:38:49
885,18,14:38:54
885,13,14:39:26
885,807,14:40:28
885,4,14:41:32
885,821,14:42:09
885,815,14:42:57
885,818,14:43:05
885,20,14:44:08
885,16,14:44:28
885,822,14:44:53
885,154,14:44:55
885,813,14:45:08
885,3,14:45:40
885,1,14:45:51
885,824,14:54:16
885,823,14:55:21
885,820,15:38:30
885,154,15:58:00
885,821,15:59:23
885,820,15:59:31
885,8,16:10:41
881,814,16:41:12
881,16,16:44:43
881,18,17:06:47
884,16,14:15:56
886,823,14:14:22
886,16,14:15:30
886,819,14:18:33
886,817,14:19:39
886,807,14:19:40
886,813,14:19:42
886,17,14:20:32
886,818,14:20:45
886,815,14:21:03
886,3,14:21:51
886,822,14:22:18
886,20,14:24:20
886,4,14:24:36
886,13,14:26:26
886,813,14:26:50
886,1,14:28:27
886,821,14:32:08
886,8,14:33:09
886,18,14:40:12
886,3,14:44:51
886,823,14:48:17
886,819,14:53:10
886,16,14:53:24
886,807,14:55:03
886,820,14:55:52
886,817,14:56:29
886,823,14:56:58
886,822,14:57:42
886,13,14:58:51
886,824,14:59:38
886,823,15:00:06
886,154,15:00:07
886,815,15:01:30
886,17,15:04:23
886,4,15:05:39
886,1,15:06:50
886,20,15:07:50
886,813,15:10:14
886,154,15:14:53
886,814,15:18:16
886,3,15:19:14
886,818,15:19:32
886,16,15:25:13
886,821,15:28:44
887,1,13:17:20
887,154,13:18:36
887,814,13:18:47
887,4,13:20:16
887,17,13:20:19
887,821,13:20:28
887,823,13:20:57
887,13,13:21:18
887,8,13:21:52
887,817,13:21:54
887,18,13:22:03
887,824,13:22:28
887,3,13:23:20
887,16,13:23:29
887,807,13:23:43
887,820,13:24:20
887,20,13:24:55
887,815,13:25:16
887,818,13:27:16
887,813,13:29:05
887,822,13:29:14
887,819,13:29:18
887,13,13:32:21
887,807,13:50:08
887,818,13:50:17
887,821,13:53:31
887,823,13:55:33
887,8,13:56:33
887,821,13:57:08
887,4,13:58:10
887,154,13:58:16
887,17,13:59:51
887,817,14:01:28
887,18,14:01:33
887,820,14:02:17
887,16,14:03:04
887,815,14:03:08
887,814,14:03:14
887,824,14:03:42
887,3,14:04:28
887,819,14:05:14
887,20,14:06:01
887,1,14:08:08
887,13,14:08:18
887,813,14:10:02
887,807,14:10:02
887,822,14:11:48
887,821,14:15:23
887,823,14:16:02
887,4,14:16:06
887,3,14:17:48
887,17,14:18:03
887,154,14:18:29
887,814,14:18:34
887,13,14:18:38
888,814,14:10:30
888,818,14:10:37
888,819,14:10:40
888,817,14:12:03
888,16,14:12:09
888,823,14:12:16
888,824,14:12:18
888,1,14:13:34
888,821,14:13:52
888,20,14:15:09
888,815,14:15:22
888,17,14:16:48
888,8,14:16:51
888,820,14:17:26
888,4,14:23:32
888,154,14:25:00
888,3,14:30:21
888,807,14:31:56
888,817,14:33:49
888,824,14:34:30
888,823,14:36:10
888,820,14:37:56
888,18,14:38:27
888,813,14:38:44
888,1,14:40:10
888,822,14:40:31
888,821,14:40:34
888,20,14:43:10
888,154,14:43:13
888,8,14:43:25
888,4,14:43:36
888,815,14:43:57
888,16,14:44:00
888,814,14:44:07
888,3,14:44:07
888,17,14:44:15
888,819,14:44:58
888,820,14:48:52
888,819,15:03:58
888,807,15:08:26
888,820,15:08:55
888,17,15:10:15
888,823,15:10:34
888,154,15:13:03
888,817,15:13:28
888,20,15:14:38
888,821,15:15:07
888,16,15:18:18
888,1,15:21:19
888,18,15:24:27
888,3,15:26:26
888,8,15:27:24
888,4,15:27:29
888,807,15:28:02
888,813,15:29:39
888,822,15:36:20
890,818,14:15:51
890,823,14:15:55
890,1,14:16:48
890,813,14:17:14
890,814,14:17:18
890,817,14:18:44
890,3,14:18:45
890,822,14:18:55
890,20,14:19:47
890,13,14:19:57
890,807,14:20:17
890,4,14:21:21
890,154,14:22:46
890,8,14:22:56
890,819,14:23:32
890,824,14:34:40
890,820,14:36:25
890,17,14:37:39
890,815,14:38:10
890,821,14:38:18
890,18,14:39:26
890,154,14:40:51
890,814,14:43:05
890,823,14:44:59
890,813,14:45:48
890,3,14:47:10
890,818,14:49:06
890,1,14:49:23
890,13,14:50:01
890,822,14:53:46
890,20,14:53:58
890,4,14:54:07
890,824,14:54:39
890,807,14:56:17
890,820,14:56:34
890,154,14:58:34
890,18,14:58:44
890,815,15:00:37
890,817,15:01:00
890,819,15:01:50
890,807,15:04:00
890,8,15:05:48
890,17,15:07:06
890,823,15:10:43
890,154,15:13:17
890,824,15:14:34
890,4,15:14:42
890,13,15:15:06
890,3,15:15:07
890,814,15:15:49
890,1,15:17:08
890,818,15:18:45
890,813,15:19:53
890,820,15:21:06
890,20,15:24:30
890,17,15:30:24
891,807,14:21:40
891,13,14:21:42
891,814,14:23:35
891,818,14:23:44
891,1,14:25:16
891,16,14:25:37
891,813,14:25:40
891,3,14:27:19
891,4,14:29:10
891,17,14:29:16
891,815,14:29:25
891,20,14:30:58
891,8,14:31:18
891,822,14:31:44
891,824,14:32:07
891,823,14:33:51
891,820,14:34:15
891,817,14:35:26
891,18,14:37:03
891,815,14:39:24
891,821,14:41:20
891,154,14:46:53
891,807,14:50:59
891,818,14:51:01
891,3,14:52:20
891,814,14:52:51
891,1,14:54:11
891,13,14:54:35
891,16,14:54:42
891,813,14:57:12
891,4,14:57:52
891,821,14:58:53
891,822,14:59:02
891,824,14:59:47
891,17,15:00:00
891,823,15:01:18
891,20,15:01:29
891,820,15:02:06
891,817,15:08:12
891,820,15:08:14
891,18,15:09:32
891,813,15:18:29
891,821,15:23:35
892,8,14:05:19
892,1,14:23:23
892,819,14:29:42
892,823,14:31:18
892,154,14:33:49
892,18,14:35:17
892,817,14:36:44
892,815,14:36:45
892,824,14:37:35
892,20,14:37:56
892,17,14:38:07
892,820,14:39:08
892,13,14:39:35
892,807,14:39:37
892,16,14:39:52
892,813,14:39:58
892,822,14:41:33
892,3,14:42:35
892,4,14:43:56
892,821,14:44:20
892,8,14:48:51
892,1,15:00:35
892,819,15:01:38
892,823,15:03:12
893,4,20:52:09
893,154,20:52:13
893,13,20:52:21
893,18,20:52:22
893,8,20:52:24
893,815,20:52:31
893,807,20:52:32
893,821,20:52:42
893,16,20:52:54
893,813,20:53:06
893,819,20:53:55
893,823,20:55:33
893,154,21:11:23
893,818,21:22:44
893,17,21:24:28
893,16,21:24:36
893,824,21:25:13
893,3,21:26:16
893,813,21:26:35
893,820,21:27:04
893,814,21:28:14
893,13,21:28:15
893,822,21:28:43
893,823,21:28:50
893,1,21:30:03
893,20,21:31:26
893,819,21:52:04
893,8,20:23:19
893,824,20:23:58
893,821,20:25:19
893,818,20:25:28
893,819,20:25:52
893,820,20:25:57
893,824,20:26:28
893,13,20:26:59
893,16,20:27:25
893,17,20:28:48
893,18,20:28:57
893,807,20:29:01
893,823,20:29:27
893,822,20:29:30
893,4,20:30:36
893,815,20:30:57
893,3,20:32:27
893,154,20:32:38
893,1,20:32:41
893,817,20:33:06
893,813,20:35:13
893,20,20:36:08
893,814,20:42:28
893,824,20:50:22
893,818,20:50:34
893,822,20:50:54
893,820,20:51:40
894,16,15:09:31
894,18,15:11:11
894,13,15:14:57
894,813,15:16:37
894,814,15:16:40
894,821,15:16:43
894,822,15:18:36
894,1,15:19:55
894,4,15:20:07
894,819,15:20:36
894,154,15:21:39
894,3,15:21:47
894,807,15:21:50
894,815,15:22:03
894,823,15:22:24
894,824,15:22:31
894,20,15:23:22
894,8,15:23:39
894,823,15:24:34
894,17,15:25:27
894,818,15:25:54
894,820,15:26:16
894,817,15:36:21
894,18,15:43:41
894,813,15:45:35
894,814,15:45:42
894,818,15:47:44
894,8,15:48:47
894,807,15:50:32
894,3,15:53:56
894,4,15:54:07
894,16,15:54:36
894,822,15:54:54
894,1,15:55:45
894,13,15:56:20
894,17,15:57:29
894,20,15:58:48
894,819,15:58:50
894,154,15:58:56
894,824,15:59:15
894,820,15:59:21
894,823,15:59:22
894,817,16:00:11
894,17,16:00:12
894,821,16:00:19
894,815,16:00:22
894,818,16:16:31
894,16,16:16:46
894,16,16:23:32
895,819,15:05:34
895,1,15:06:11
895,818,15:15:39
895,18,15:17:14
895,822,15:17:18
895,16,15:17:19
895,821,15:18:50
895,813,15:18:58
895,807,15:20:27
895,814,15:20:37
895,17,15:21:54
895,13,15:22:06
895,8,15:22:11
895,820,15:22:39
895,154,15:23:30
895,3,15:23:43
895,815,15:23:48
895,4,15:25:26
895,20,15:26:53
895,3,15:30:40
895,819,15:33:03
895,817,15:39:04
895,818,15:39:24
895,18,15:42:30
895,3,15:44:05
895,17,15:45:06
895,814,15:47:38
895,822,15:49:16
895,16,15:49:23
895,13,15:50:36
895,813,15:51:02
895,154,15:51:38
895,807,15:52:08
895,820,15:53:22
895,4,15:53:46
895,821,15:54:04
895,815,15:54:05
895,8,15:55:30
895,817,15:57:31
895,13,16:00:41
895,819,16:03:32
895,20,16:04:36
895,818,16:07:30
895,3,16:08:49
895,18,16:10:36
895,17,16:12:42
895,815,16:14:05
895,817,16:17:21
896,814,15:05:12
896,818,15:05:14
896,819,15:05:39
896,20,15:06:36
896,4,15:06:48
896,807,15:11:22
896,824,15:11:40
896,18,15:13:04
896,3,15:14:25
896,8,15:14:33
896,13,15:15:56
896,1,15:16:00
896,813,15:16:14
896,18,15:22:48
896,154,15:23:59
896,821,15:28:39
896,819,15:29:58
896,821,15:44:22
896,818,15:44:28
896,3,15:45:31
896,17,15:46:25
896,815,15:46:43
896,820,15:49:37
896,13,15:50:06
896,1,15:50:07
896,814,15:50:21
896,4,15:50:22
896,20,15:51:05
896,822,15:51:52
896,17,15:52:46
896,18,15:53:44
896,817,15:54:38
896,815,15:54:42
896,807,15:54:45
896,824,15:56:05
896,4,15:59:44
896,817,16:02:35
896,813,16:02:44
896,16,16:07:01
896,821,16:16:34
896,822,16:19:37
896,807,16:25:07
896,820,16:25:27
896,8,16:32:33
897,18,17:07:35
897,813,17:12:55
897,824,17:13:09
897,815,17:14:42
897,820,17:15:04
897,1,17:16:23
897,817,17:16:41
897,823,17:16:50
897,17,17:18:09
897,154,17:18:10
897,819,17:18:39
897,807,17:20:04
897,3,17:21:41
897,18,17:24:21
897,20,17:28:39
897,4,17:32:49
897,818,17:34:46
897,13,17:36:23
897,821,17:36:43
897,814,17:40:06
897,822,17:47:40
897,813,17:49:29
897,807,17:53:04
897,815,17:53:06
897,16,17:54:54
897,817,17:55:05
897,1,17:56:37
897,821,17:58:38
897,824,18:01:41
897,819,18:03:05
897,17,18:03:15
897,3,18:03:19
897,820,18:03:37
897,823,18:04:45
897,807,18:05:56
897,20,18:09:50
897,154,18:10:31
897,13,18:12:40
897,4,18:23:20
897,822,18:25:31
897,818,18:36:34
898,821,13:05:59
898,820,13:15:49
898,813,13:21:04
898,5,13:36:46
898,18,13:42:04
898,819,13:42:30
898,13,13:43:48
898,824,13:44:14
898,823,13:44:15
898,815,13:45:19
898,814,13:45:29
898,3,13:45:30
898,817,13:45:31
898,822,13:47:05
898,1,13:50:25
898,4,13:52:15
898,20,13:53:30
898,820,13:53:36
898,807,13:53:54
898,818,13:54:22
898,17,13:55:26
898,154,13:57:05
898,5,14:01:31
898,821,14:10:01
898,13,14:13:40
898,814,14:32:33
898,819,14:35:29
899,818,14:16:58
899,817,14:22:11
899,5,14:23:39
899,822,14:26:13
899,16,14:26:14
899,13,14:28:38
899,815,14:28:47
899,18,14:30:03
899,807,14:30:06
899,814,14:30:15
899,4,14:31:09
899,1,14:31:13
899,824,14:32:02
899,3,14:32:39
899,821,14:33:00
899,17,14:33:42
899,813,14:34:24
899,20,14:34:51
899,823,14:36:01
899,819,14:37:24
899,820,14:38:59
899,818,14:41:19
899,13,14:48:24
899,5,14:49:00
899,16,14:52:49
899,822,14:58:30
899,817,14:59:24
899,18,15:00:19
899,13,15:00:27
899,813,15:00:59
899,3,15:01:40
899,815,15:01:41
899,807,15:04:31
899,20,15:04:55
899,17,15:05:08
899,818,15:05:09
899,4,15:05:13
899,1,15:05:43
899,814,15:06:01
899,821,15:06:09
899,823,15:06:59
899,824,15:07:06
899,820,15:08:47
899,1,15:12:31
899,823,15:13:57
899,16,15:15:17
899,820,15:32:58
900,154,17:09:56
900,821,17:10:12
900,815,17:10:14
900,18,17:26:02
900,815,17:27:03
900,3,17:27:27
900,817,17:27:37
900,825,17:27:45
900,807,17:27:51
900,4,17:27:55
900,8,17:28:02
900,818,17:28:02
900,826,17:28:03
900,828,17:48:18
900,820,17:49:56
900,824,17:54:48
900,154,17:56:08
900,813,17:57:57
900,821,17:59:29
900,18,18:02:01
900,815,18:02:29
900,807,18:03:36
900,818,18:03:39
900,4,18:06:45
900,817,18:08:06
900,8,18:08:30
900,826,18:08:31
900,825,18:09:47
900,3,18:10:59
900,820,18:18:13
900,824,18:19:32
900,822,17:24:46
900,16,18:07:21
900,822,18:08:28
901,824,16:07:01
901,818,16:07:55
901,8,16:08:22
901,825,16:20:38
901,826,16:22:31
901,821,16:22:33
901,820,16:22:44
901,4,16:24:00
901,16,16:24:25
901,828,16:24:33
901,817,16:25:46
901,13,16:26:05
901,154,16:26:14
901,20,16:27:33
901,18,16:27:49
901,3,16:29:15
901,822,16:29:48
901,1,16:30:55
901,155,16:31:53
901,807,16:33:07
901,818,16:36:11
901,8,16:37:53
901,826,16:44:37
901,821,16:46:42
901,825,16:48:18
901,16,16:48:28
901,18,16:49:48
901,154,16:50:09
901,828,16:52:40
901,4,16:53:03
901,13,16:53:28
901,820,16:54:31
901,817,16:54:45
901,822,16:57:09
901,20,17:00:00
901,155,17:01:26
901,3,17:01:43
901,1,17:03:18
901,807,17:05:38
901,826,17:06:44
901,8,17:07:07
901,828,17:15:01
901,18,17:15:13
901,825,17:15:37
901,817,17:16:28
901,154,17:17:34
901,4,17:20:04
901,820,17:20:31
901,13,17:20:35
901,817,17:22:17
901,822,17:24:12
901,817,17:26:23
901,20,17:32:08
901,3,17:33:47
901,1,17:35:18
902,818,18:06:44
902,16,18:16:37
902,822,18:21:24
902,826,18:21:32
902,824,18:21:44
902,828,18:23:34
902,820,18:23:35
902,4,18:24:52
902,821,18:25:08
902,13,18:26:30
902,8,18:26:37
902,154,18:26:50
902,824,18:27:52
902,825,18:28:29
902,16,18:29:29
902,818,18:29:48
902,807,18:29:59
902,155,18:30:29
902,815,18:31:38
902,20,18:31:48
902,18,18:33:25
902,817,18:35:12
902,1,18:36:24
902,813,18:37:12
902,824,18:37:15
902,3,18:39:48
902,826,18:45:46
902,822,18:47:07
902,825,18:47:29
902,828,18:49:57
902,821,18:51:10
902,13,18:52:16
902,4,18:52:21
902,154,18:52:44
902,820,18:53:21
902,824,19:00:23
902,8,19:01:01
902,815,19:02:23
902,20,19:02:35
902,807,19:04:06
902,18,19:04:08
902,817,19:04:23
902,155,19:05:19
902,154,19:08:17
902,13,19:09:23
902,825,19:09:48
902,813,19:11:30
902,826,19:11:36
902,822,19:12:44
902,1,19:13:29
902,3,19:13:42
902,813,19:13:51
902,820,19:14:34
902,4,19:14:50
902,8,19:15:09
902,824,19:16:59
902,813,19:27:48
903,18,15:16:33
903,154,15:19:58
903,13,15:21:37
903,8,15:21:45
903,815,15:21:51
903,828,15:22:18
903,4,15:23:16
903,807,15:23:24
903,155,15:23:49
903,813,15:23:51
903,824,15:23:56
903,20,15:25:00
903,822,15:25:09
903,820,15:25:48
903,3,15:26:51
903,826,15:28:56
903,821,15:29:04
903,817,15:30:17
903,818,15:30:46
903,1,15:33:31
903,825,15:34:28
903,821,15:52:18
903,828,15:53:08
903,18,15:53:59
903,824,15:54:28
903,815,15:57:11
903,155,15:57:59
903,807,15:58:34
903,822,15:58:35
903,8,15:58:50
903,826,15:59:08
903,825,15:59:19
903,13,15:59:50
903,818,16:00:58
903,813,16:01:12
903,4,16:01:40
903,820,16:01:49
903,20,16:03:40
903,3,16:08:37
903,817,16:08:42
903,1,16:09:59
903,821,16:15:29
903,155,16:15:53
903,828,16:20:02
903,820,16:30:26
904,20,14:22:29
904,817,14:25:18
904,154,14:26:57
904,13,14:27:02
904,813,14:27:21
904,4,14:28:34
904,818,14:28:57
904,8,14:30:07
904,807,14:30:13
904,18,14:30:19
904,16,14:30:29
904,820,14:30:46
904,1,14:31:07
904,815,14:31:48
904,826,14:31:51
904,821,14:32:02
904,828,14:32:30
904,825,14:33:31
904,822,14:34:39
904,3,14:35:43
904,824,14:37:01
904,155,14:40:18
904,13,14:47:33
904,820,14:53:03
904,20,14:55:18
904,154,14:56:49
904,4,14:58:14
904,16,14:58:53
904,807,14:59:56
904,18,15:00:01
904,826,15:00:07
904,821,15:00:25
904,815,15:01:31
904,813,15:01:54
904,828,15:07:44
904,825,15:07:56
904,824,15:08:45
904,1,15:09:35
904,8,15:10:34
904,820,15:10:46
904,3,15:12:42
904,817,15:13:16
904,822,15:13:31
904,13,15:15:37
904,20,15:24:24
904,821,15:25:31
904,4,15:25:53
904,826,15:26:38
905,154,14:04:54
905,16,14:04:55
905,20,14:10:25
905,154,14:37:00
905,820,14:38:19
905,18,14:38:59
905,821,14:39:10
905,155,14:39:30
905,824,14:39:30
905,3,14:39:54
905,1,14:40:01
905,828,14:40:02
905,8,14:40:06
905,817,14:40:07
905,4,14:40:12
905,825,14:40:29
905,818,14:40:32
905,807,14:40:36
905,822,14:40:41
905,8,14:44:21
905,820,14:44:22
905,818,14:57:54
905,13,15:08:42
905,828,15:17:37
905,155,15:34:01
905,820,15:40:58
905,8,15:47:37
906,821,14:05:32
906,821,14:07:36
906,154,14:23:03
906,817,14:25:36
906,822,14:26:56
906,18,14:27:05
906,20,14:28:14
906,13,14:28:20
906,818,14:28:22
906,825,14:28:30
906,16,14:28:33
906,4,14:29:44
906,8,14:31:08
906,3,14:32:06
906,1,14:33:29
906,826,14:47:47
906,821,14:52:08
906,815,14:54:04
906,822,14:55:26
906,20,14:56:46
906,817,14:58:06
906,18,14:59:46
906,818,15:01:02
906,8,15:01:06
906,16,15:02:56
906,807,15:03:27
906,3,15:07:09
906,4,15:07:33
906,1,15:08:31
906,825,15:09:13
906,154,15:10:53
906,826,15:10:54
906,13,15:12:49
907,154,14:07:00
907,818,14:13:14
907,807,14:14:26
907,825,14:15:40
907,826,14:15:42
907,817,14:15:42
907,3,14:16:41
907,16,14:17:03
907,821,14:18:21
907,1,14:19:10
907,13,14:20:24
907,4,14:20:35
907,155,14:21:00
907,822,14:21:40
907,8,14:22:00
907,20,14:29:37
907,821,14:30:35
907,813,14:36:02
907,18,14:37:01
907,154,14:37:37
907,828,14:39:03
907,815,14:39:23
907,20,14:39:56
907,820,14:50:48
907,1,14:51:40
907,807,14:52:03
907,818,14:52:32
907,3,14:52:50
907,825,14:53:16
907,822,14:54:08
907,824,14:54:11
907,13,14:56:41
907,817,14:57:02
907,16,14:57:38
907,828,14:58:18
907,8,14:58:20
907,821,15:01:17
907,4,15:01:38
907,815,15:11:39
907,813,15:13:32
907,18,15:15:32
908,820,14:09:26
908,20,14:20:59
908,826,14:27:58
908,817,14:29:30
908,3,14:33:49
908,155,14:35:28
908,16,14:43:21
908,1,14:43:45
908,4,14:46:13
908,815,14:48:38
908,813,14:48:44
908,825,14:49:39
908,818,14:50:07
908,18,14:51:14
908,807,14:53:24
908,824,14:54:00
908,155,14:54:55
908,154,14:55:23
908,822,14:55:58
908,820,14:56:02
908,20,14:59:34
908,826,15:03:28
908,1,15:12:01
909,825,14:05:24
909,828,14:08:42
909,826,14:17:06
909,4,14:20:59
909,18,14:22:30
909,817,14:22:38
909,818,14:22:39
909,20,14:23:46
909,807,14:23:52
909,815,14:24:04
909,821,14:24:08
909,3,14:24:57
909,822,14:25:07
909,155,14:25:55
909,16,14:26:55
909,820,14:27:18
909,813,14:29:48
909,828,14:30:40
909,8,14:32:31
909,824,14:32:49
909,154,14:38:27
909,1,14:40:40
909,825,14:45:25
909,18,14:47:51
909,821,14:48:20
909,16,14:49:41
909,826,14:49:52
909,155,14:50:24
909,820,14:50:27
909,4,14:50:28
909,20,14:51:49
909,8,14:52:22
909,815,14:52:29
909,817,14:53:27
909,818,14:56:42
909,813,14:58:08
909,807,14:59:03
909,822,14:59:58
909,3,15:01:08
909,1,15:02:54
909,828,15:03:48
909,20,15:07:09
909,824,15:08:29
909,817,15:08:49
909,16,15:10:49
909,820,15:11:56
909,155,15:13:19
909,818,15:13:46
909,1,15:13:58
909,821,15:15:08
909,815,15:17:42
909,825,15:18:59
909,8,15:19:04
909,4,15:21:01
909,18,15:29:41
910,18,14:17:29
910,817,14:17:30
910,807,14:17:33
910,13,14:17:38
910,818,14:17:39
910,815,14:17:44
910,821,14:17:46
910,16,14:17:48
910,1,14:17:49
910,8,14:17:51
910,154,14:17:53
910,826,14:17:58
910,155,14:18:04
910,820,14:18:13
910,813,14:18:14
910,3,14:19:36
910,822,14:19:37
910,20,14:19:37
910,4,14:19:38
910,824,14:19:52
910,18,14:32:05
910,825,14:32:11
910,813,14:35:49
910,824,14:35:56
910,817,14:44:24
910,13,14:44:30
910,822,14:44:48
910,826,14:57:13
910,3,15:00:00
910,20,15:01:35
910,818,15:03:00
910,18,15:07:38
910,4,15:08:47
910,1,15:10:18
910,16,15:10:43
910,825,15:10:44
910,8,15:13:31
910,824,15:15:42
910,813,15:16:53
910,13,15:19:26
910,820,15:20:20
910,817,15:32:30
910,3,15:35:44
910,822,15:40:29
911,154,14:06:17
911,824,14:06:49
911,1,14:08:41
911,3,14:19:40
911,8,14:19:44
911,815,14:21:49
911,13,14:21:55
911,20,14:23:35
911,826,14:23:49
911,807,14:23:52
911,817,14:25:27
911,825,14:25:37
911,16,14:25:53
911,828,14:26:12
911,820,14:26:13
911,822,14:27:28
911,4,14:27:29
911,18,14:29:34
911,154,14:30:15
911,821,14:31:51
911,818,14:33:42
911,1,14:38:06
911,3,14:41:14
911,8,14:44:58
911,13,14:45:39
911,16,14:45:40
911,20,14:46:57
911,815,14:47:17
911,825,14:49:03
911,824,14:50:34
911,826,14:51:10
911,828,14:52:11
911,4,14:52:56
911,817,14:56:18
911,154,14:57:40
911,822,14:58:29
911,18,15:00:43
911,818,15:01:07
911,820,15:02:05
911,807,15:02:51
911,821,15:03:10
911,1,15:05:18
911,3,15:09:54
911,20,15:10:16
911,16,15:10:53
911,13,15:12:42
912,821,14:17:44
912,20,14:31:00
912,815,14:32:34
912,807,14:32:44
912,8,14:34:06
912,154,14:34:42
912,825,14:35:33
912,4,14:35:34
912,813,14:35:52
912,18,14:37:04
912,155,14:37:42
912,13,14:38:19
912,3,14:39:36
912,822,14:40:01
912,818,14:40:20
912,16,14:40:40
912,1,14:41:07
912,817,14:43:11
912,824,14:45:35
912,826,14:49:25
912,828,14:50:45
912,821,14:59:03
912,821,15:19:29
913,818,20:50:42
913,16,20:51:16
913,20,20:52:01
913,8,20:52:18
913,807,20:52:46
913,1,20:53:42
913,825,20:54:35
913,817,20:55:55
913,815,21:00:56
913,154,21:02:56
913,813,21:03:14
913,815,21:03:37
913,824,21:03:38
913,4,21:04:03
913,828,21:04:09
913,18,21:04:39
913,8,21:04:42
913,807,21:05:18
913,16,21:06:15
913,813,21:06:18
913,820,21:28:56
913,826,21:32:14
913,818,21:34:02
913,815,21:34:11
913,824,21:36:16
913,825,21:37:54
913,1,21:48:32
913,16,20:19:52
913,807,20:21:39
913,13,20:23:21
913,826,20:23:35
913,154,20:23:40
913,8,20:25:15
913,822,20:25:21
913,818,20:25:26
913,813,20:25:40
913,20,20:26:56
913,4,20:27:01
913,817,20:27:04
913,828,20:28:03
913,1,20:28:41
913,825,20:29:15
913,18,20:31:07
913,815,20:33:27
913,821,20:33:38
913,824,20:33:44
913,820,20:36:06
913,820,20:40:34
913,13,20:46:35
913,154,20:47:09
913,822,20:48:37
913,826,20:49:04
913,813,20:49:20
913,4,20:50:06
914,3,15:06:10
914,1,15:06:11
914,822,15:06:13
914,13,15:06:15
914,4,15:06:17
914,817,15:06:20
914,825,15:06:21
914,18,15:06:23
914,20,15:06:26
914,8,15:06:28
914,815,15:06:30
914,826,15:06:33
914,807,15:06:35
914,16,15:06:37
914,821,15:06:39
914,154,15:06:42
914,824,15:06:44
914,155,15:06:47
914,818,15:06:50
914,820,15:06:52
914,813,15:07:03
914,828,15:07:18
914,18,15:44:19
914,813,15:44:28
914,822,15:48:14
914,817,15:48:16
914,825,15:48:17
914,8,15:48:20
914,815,15:48:20
914,826,15:48:22
914,821,15:48:25
914,154,15:48:26
914,155,15:48:28
914,818,15:48:29
914,828,15:48:34
914,820,15:48:36
914,13,15:50:12
914,20,15:50:13
914,807,15:50:17
914,16,15:50:21
914,3,15:51:49
914,824,15:52:24
914,1,15:53:43
914,825,15:56:34
914,818,16:04:37
914,154,16:08:25
914,16,16:10:19
914,813,16:10:28
914,8,16:12:06
914,826,16:12:08
914,820,16:12:57
914,824,16:14:29
914,815,16:16:02
914,828,16:16:32
914,807,16:17:49
914,155,16:18:42
914,20,16:22:58
914,18,16:26:40
914,16,16:30:14
914,3,16:30:17
914,825,16:32:03
914,821,16:33:51
914,8,16:33:52
914,154,16:33:58
914,1,16:34:00
914,817,16:36:14
914,13,16:39:03
914,822,16:40:55
914,155,16:42:35
914,826,16:43:18
914,828,16:44:06
914,155,16:45:03
914,813,16:45:34
914,825,16:45:43
914,18,16:48:03
914,807,16:51:01
914,815,16:51:21
914,8,16:51:48
914,154,16:52:21
915,3,15:05:38
915,13,15:05:45
915,820,15:11:25
915,817,15:23:27
915,16,15:25:38
915,826,15:39:18
915,154,15:39:40
915,813,15:41:54
915,18,15:42:24
915,818,15:44:29
915,807,15:46:32
915,4,15:47:40
915,815,15:48:06
915,822,15:49:13
915,825,15:49:27
915,8,15:49:44
915,1,15:50:40
915,13,15:51:39
915,828,15:52:14
915,20,15:56:37
915,826,16:09:35
915,821,16:12:57
915,828,16:21:18
916,825,14:05:26
916,807,14:05:32
916,18,14:05:32
916,821,14:05:34
916,20,14:05:37
916,20,14:08:25
916,13,14:30:44
916,817,14:30:46
916,3,14:32:19
916,822,14:32:30
916,813,14:32:45
916,818,14:32:46
916,1,14:34:07
916,4,14:34:26
916,154,14:34:33
916,8,14:36:16
916,821,14:42:01
916,826,14:43:32
916,20,14:52:33
916,825,14:54:14
916,18,14:56:05
916,154,14:57:45
916,818,14:57:50
916,822,14:58:59
916,817,15:00:38
916,13,15:02:21
916,1,15:03:57
916,3,15:05:43
916,813,15:08:22
916,821,15:17:42
916,826,15:18:59
916,8,15:20:41
916,4,15:22:10
916,20,15:31:17
916,826,15:36:52
916,8,15:38:29
917,813,14:08:39
917,13,14:09:42
917,815,14:09:55
917,822,14:11:00
917,18,14:11:00
917,20,14:11:07
917,3,14:12:10
917,825,14:12:21
917,4,14:12:23
917,817,14:12:24
917,1,14:13:27
917,821,14:13:43
917,8,14:13:44
917,818,14:15:04
917,807,14:24:01
917,826,14:26:39
917,16,14:26:52
917,20,14:34:28
917,154,14:34:30
917,13,14:35:32
917,815,14:35:57
917,3,14:36:33
917,822,14:36:50
917,825,14:36:58
917,18,14:38:10
917,817,14:38:18
917,821,14:38:26
917,818,14:38:30
917,813,14:38:36
917,1,14:39:09
917,4,14:39:32
917,8,14:48:30
917,807,14:49:47
917,826,14:52:30
917,16,14:54:06
917,154,14:55:19
917,822,14:57:48
917,813,15:01:47
917,818,15:03:02
917,825,15:03:59
917,815,15:04:19
917,20,15:05:05
917,821,15:05:32
917,3,15:06:59
917,16,15:07:08
917,13,15:07:25
917,18,15:07:33
917,1,15:08:16
917,4,15:10:12
917,826,15:19:23
917,154,15:19:41
917,807,15:20:21
918,154,17:05:39
918,4,17:12:48
918,16,17:13:03
918,18,17:14:36
918,826,17:14:38
918,8,17:14:41
918,821,17:16:39
918,813,17:16:42
918,154,17:18:40
918,1,17:21:35
918,822,17:21:52
918,3,17:23:26
918,13,17:27:05
918,818,17:27:37
918,815,17:29:24
918,829,17:30:04
918,807,17:31:09
918,155,17:31:40
918,825,17:42:16
918,20,17:42:18
918,154,17:42:47
918,16,17:44:35
918,8,17:51:27
918,817,17:52:58
918,4,17:53:14
918,18,17:55:03
918,821,17:55:32
918,825,17:57:15
918,818,17:58:48
918,1,17:59:40
918,3,18:05:35
918,822,18:07:17
918,155,18:10:43
918,807,18:11:24
918,16,18:12:07
918,829,18:13:03
918,815,18:18:37
918,13,18:21:15
918,818,18:24:19
918,20,18:27:33
918,817,18:28:55
926,828,16:05:59
926,8,16:31:07
926,13,16:38:38
926,807,16:39:11
926,817,16:42:09
926,20,16:43:16
926,832,16:43:48
926,1,16:44:32
926,831,16:45:12
926,3,16:46:11
926,828,16:47:15
926,18,16:49:15
926,830,16:56:30
926,815,17:06:52
926,8,17:08:30
926,828,17:14:28
926,807,17:15:43
927,813,15:06:15
927,831,15:07:27
927,8,15:08:04
927,1,15:11:07
927,3,15:11:11
927,817,15:11:13
927,13,15:11:16
927,826,15:11:17
927,830,15:11:22
927,822,15:11:24
927,4,15:11:32
927,18,15:11:38
927,833,15:14:03
927,832,15:30:50
927,8,15:30:53
927,807,15:32:38
927,154,15:32:40
927,20,15:35:47
927,815,15:36:31
927,817,15:38:11
927,813,15:38:27
927,830,15:41:45
927,831,15:42:00
927,826,15:43:36
927,18,15:43:48
927,833,15:46:29
927,1,15:48:25
927,13,15:48:49
927,822,15:50:42
927,3,15:52:07
927,154,15:52:37
927,831,16:00:16
927,807,16:02:02
927,832,16:03:31
927,813,16:05:48
927,8,16:06:41
927,817,16:07:16
927,154,16:07:29
927,815,16:09:15
927,18,16:09:16
927,20,16:11:15
927,1,16:13:14
927,13,16:13:54
927,826,16:16:13
927,822,16:17:30
927,830,16:17:48
927,3,16:18:40
927,831,16:23:49
927,833,16:24:30
927,807,16:25:34
928,831,14:21:26
928,813,14:23:09
928,815,14:23:19
928,154,14:24:52
928,830,14:24:59
928,4,14:25:14
928,20,14:26:23
928,13,14:26:33
928,1,14:28:00
928,822,14:28:20
928,828,14:28:36
928,817,14:28:38
928,18,14:28:51
928,3,14:29:48
928,8,14:29:55
928,829,14:32:55
928,833,14:34:51
928,832,14:37:55
928,815,14:50:03
928,20,14:56:09
928,828,14:57:12
928,3,14:57:50
928,831,14:58:53
928,154,15:00:30
928,830,15:00:35
928,18,15:00:57
928,1,15:01:11
928,813,15:02:42
928,8,15:03:09
928,13,15:03:37
928,822,15:05:28
928,4,15:06:28
928,817,15:07:45
928,829,15:13:29
928,832,15:14:00
928,815,15:16:42
928,833,15:17:19
928,813,15:29:49
929,830,18:14:10
929,807,18:20:48
929,831,18:20:56
929,13,18:20:57
929,813,18:20:58
929,828,18:22:33
929,832,18:22:40
929,154,18:24:12
929,20,18:25:38
929,4,18:26:08
929,3,18:27:16
929,822,18:27:28
929,817,18:27:29
929,1,18:28:52
929,826,18:29:32
929,8,18:32:23
929,815,18:32:51
929,833,18:35:44
929,829,18:37:18
929,831,18:44:52
929,13,18:44:53
929,813,18:44:54
929,828,18:46:26
929,807,18:46:33
929,832,18:53:43
929,830,18:55:37
929,154,18:56:32
929,20,18:57:31
929,1,18:59:01
929,822,18:59:33
929,3,19:00:48
929,829,19:01:49
929,826,19:01:53
929,817,19:03:02
929,4,19:03:51
929,833,19:04:04
929,20,19:04:29
929,815,19:06:50
929,828,19:07:13
929,807,19:08:50
929,8,19:10:55
929,813,19:13:31
929,831,19:13:54
930,807,14:19:46
930,826,14:21:18
930,18,14:21:23
930,831,14:22:55
930,1,14:23:49
930,817,14:24:18
930,830,14:24:19
930,20,14:25:21
930,13,14:25:37
930,813,14:25:48
930,832,14:25:58
930,3,14:26:45
930,822,14:27:01
930,154,14:27:28
930,813,14:27:46
930,829,14:29:49
930,8,14:30:09
930,833,14:31:33
930,828,14:32:23
930,815,14:33:59
930,4,14:37:01
930,807,14:45:13
930,18,14:47:05
930,833,14:53:03
930,1,14:53:17
930,13,14:53:41
930,829,14:56:02
930,815,15:01:03
930,830,15:02:19
930,826,15:03:48
930,831,15:05:35
930,20,15:05:38
930,154,15:06:43
930,8,15:07:35
930,822,15:08:57
930,817,15:09:42
930,832,15:10:08
930,813,15:12:01
930,3,15:13:00
930,18,15:13:49
930,828,15:15:00
930,13,15:17:04
930,829,15:20:31
930,807,15:21:24
930,1,15:22:23
930,833,15:24:15
931,807,14:04:47
931,13,14:05:03
931,832,14:19:42
931,822,14:22:23
931,828,14:22:25
931,154,14:26:21
931,831,14:27:40
931,826,14:40:43
931,830,14:42:14
931,807,14:46:02
931,4,14:46:31
931,829,14:50:20
931,18,14:50:28
931,20,14:51:19
931,817,14:51:34
931,815,14:51:43
931,3,14:52:37
931,833,14:52:53
931,8,14:52:54
931,1,14:53:49
931,828,14:55:31
931,13,14:58:08
931,830,15:06:05
931,822,15:19:50
931,13,15:29:53
931,815,15:29:57
931,18,15:30:17
931,1,15:30:51
931,831,15:30:55
931,817,15:31:26
931,828,15:40:15
932,18,14:04:39
932,20,14:12:45
932,813,14:25:56
932,817,14:34:08
932,815,14:35:26
932,8,14:37:27
932,831,14:38:33
932,154,14:39:08
932,826,14:39:23
932,832,14:39:37
932,822,14:40:10
932,807,14:40:35
932,828,14:40:57
932,1,14:41:11
932,3,14:42:33
932,4,14:45:06
932,20,14:50:00
932,829,14:50:14
932,833,14:51:40
932,13,14:52:40
932,830,14:55:43
932,8,14:56:15
932,18,15:03:06
933,826,14:04:37
933,828,14:06:56
933,18,14:09:03
933,18,14:14:39
933,828,14:22:17
933,154,14:35:38
933,831,14:36:49
933,807,14:37:53
933,832,14:38:02
933,822,14:39:05
933,830,14:39:12
933,3,14:47:13
933,13,14:48:45
933,1,14:49:40
933,833,14:50:23
933,20,14:51:04
933,813,14:52:53
933,815,14:54:06
933,826,15:03:07
933,828,15:04:13
933,817,15:09:02
934,4,13:05:14
934,817,13:23:42
934,832,13:25:22
934,8,13:26:56
934,20,13:28:38
934,4,13:34:06
934,826,13:35:17
934,1,13:36:43
934,807,13:36:56
934,13,13:38:21
934,3,13:38:22
934,815,13:38:41
934,817,13:39:28
934,822,13:39:59
934,828,13:43:56
934,829,14:07:55
934,833,14:08:22
934,828,14:08:39
934,4,14:08:45
934,8,14:09:28
934,828,14:16:26
934,1,14:17:40
934,20,14:18:01
934,828,14:18:36
934,3,14:19:37
934,13,14:19:54
934,822,14:20:02
934,826,14:20:27
934,807,14:20:36
934,815,14:21:16
934,833,14:24:44
934,8,14:26:56
934,829,14:27:17
936,833,14:15:43
936,822,14:25:47
936,826,14:25:51
936,13,14:27:28
936,830,14:27:30
936,18,14:27:33
936,154,14:27:34
936,831,14:27:41
936,807,14:28:49
936,832,14:28:58
936,4,14:29:00
936,815,14:30:25
936,828,14:30:36
936,1,14:34:42
936,3,14:35:52
936,20,14:37:10
936,817,14:37:37
936,8,14:38:42
936,813,14:42:53
936,813,14:44:40
936,829,14:46:47
936,13,14:50:32
936,815,14:51:57
936,833,14:53:11
936,831,14:55:00
936,826,14:56:04
936,828,14:56:29
936,154,14:57:48
936,18,14:59:17
936,807,15:00:25
936,4,15:00:39
936,832,15:00:44
936,830,15:02:04
936,822,15:03:21
936,3,15:08:45
936,815,15:08:53
936,1,15:08:57
936,813,15:08:57
936,828,15:09:02
936,817,15:09:07
936,20,15:10:02
936,8,15:10:21
936,154,15:10:37
936,829,15:10:40
936,831,15:10:56
936,833,15:11:07
936,826,15:11:48
936,4,15:12:11
936,20,15:14:38
936,832,15:14:39
936,18,15:14:41
936,4,15:14:42
936,8,15:14:43
936,13,15:14:44
936,154,15:14:46
936,3,15:14:48
936,829,15:14:50
936,815,15:14:51
936,1,15:14:53
936,813,15:14:53
936,828,15:14:55
936,831,15:14:57
936,817,15:14:58
936,833,15:14:59
936,822,15:15:16
936,830,15:15:29
936,826,15:15:35
936,20,15:17:03
936,832,15:17:04
936,18,15:17:06
936,4,15:17:07
936,8,15:17:08
936,13,15:17:10
936,154,15:17:11
936,3,15:17:13
936,829,15:17:14
936,815,15:17:15
936,1,15:17:16
936,813,15:17:17
936,828,15:17:19
936,831,15:17:21
936,817,15:17:22
936,833,15:17:23
936,822,15:17:25
936,830,15:17:25
936,826,15:17:27
936,822,15:23:48
936,1,15:26:23
936,8,15:27:47
936,13,15:31:14
936,1,15:31:15
936,829,15:33:20
936,830,15:33:45
936,813,15:37:12
936,817,15:45:08
936,3,15:45:42
937,817,14:20:39
937,832,14:20:58
937,815,14:22:36
937,822,14:22:46
937,4,14:23:03
937,154,14:24:43
937,826,14:24:46
937,13,14:24:47
937,830,14:24:48
937,828,14:24:54
937,831,14:27:06
937,8,14:28:44
937,18,14:29:15
937,3,14:30:22
937,1,14:32:13
937,20,14:34:26
937,822,14:36:40
937,833,14:37:29
937,829,14:39:34
937,815,14:46:18
937,4,14:47:07
937,18,14:47:33
937,154,14:48:35
937,13,14:48:52
937,8,14:48:53
937,830,14:48:54
937,822,14:49:04
937,832,14:57:07
937,826,15:00:37
937,831,15:01:15
937,828,15:03:02
937,1,15:05:42
937,833,15:06:14
937,3,15:07:43
937,829,15:08:20
937,830,15:10:22
937,4,15:11:10
937,18,15:17:42
938,831,14:05:00
938,830,14:05:02
938,832,14:18:38
938,3,14:30:11
938,807,14:30:23
938,13,14:31:39
938,830,14:32:19
938,828,14:33:26
938,822,14:36:10
938,815,14:37:46
938,831,14:40:02
938,20,14:40:24
938,18,14:41:32
938,1,14:41:34
938,829,14:43:37
938,826,14:44:11
938,8,14:45:20
938,833,14:45:21
938,4,14:46:15
938,817,14:48:35
938,832,14:48:54
938,830,14:53:32
938,4,15:13:37
939,154,20:20:55
939,4,20:22:46
939,832,20:22:46
939,828,20:22:52
939,813,20:22:55
939,807,20:24:36
939,826,20:26:14
939,13,20:26:28
939,20,20:28:04
939,817,20:28:10
939,8,20:28:15
939,1,20:28:21
939,3,20:28:30
939,822,20:28:34
939,815,20:28:45
939,831,20:28:53
939,18,20:28:57
939,830,20:29:01
939,834,20:29:50
939,13,20:31:49
939,829,20:32:23
939,154,20:57:10
939,813,20:59:08
939,828,21:01:10
939,832,21:01:11
939,13,21:03:13
939,826,21:10:11
939,815,21:12:15
939,831,21:12:23
939,830,21:16:29
939,828,21:16:40
939,20,21:17:26
939,817,21:17:32
939,834,21:17:38
939,8,21:17:42
939,3,21:17:55
939,822,21:18:06
939,18,21:18:41
939,832,21:19:08
939,829,21:20:15
939,18,21:28:16
939,813,21:53:08
940,815,14:05:29
940,817,14:06:11
940,13,14:06:55
940,826,14:17:26
940,4,14:19:04
940,830,14:19:07
940,807,14:20:34
940,831,14:20:51
940,18,14:20:51
940,822,14:22:04
940,154,14:22:12
940,813,14:23:55
940,20,14:25:21
940,828,14:26:01
940,8,14:27:09
940,832,14:27:23
940,3,14:28:45
940,1,14:30:13
940,13,14:32:49
940,815,14:34:39
940,826,14:38:04
940,834,14:42:18
940,817,14:45:19
940,828,14:48:19
940,832,14:49:26
940,18,14:49:59
940,8,14:50:45
940,4,14:51:35
940,3,14:52:12
940,822,14:52:23
940,20,14:53:49
940,830,14:54:54
940,831,14:55:14
940,1,14:55:15
940,807,14:56:02
940,154,14:59:32
940,834,15:01:34
940,826,15:01:48
940,13,15:03:24
940,813,15:04:35
940,815,15:05:03
940,807,15:17:36
940,829,14:40:29
940,829,14:59:51
940,829,15:17:36
941,154,14:05:55
941,830,14:06:46
941,815,14:27:00
941,817,14:27:08
941,832,14:27:19
941,18,14:27:21
941,4,14:29:42
941,833,14:30:08
941,829,14:32:34
941,829,14:39:33
941,830,14:51:41
941,822,14:54:41
941,20,15:01:31
941,13,15:01:51
941,813,15:01:56
941,8,15:03:16
941,1,15:04:38
941,826,15:06:55
941,831,15:08:41
942,822,14:05:59
942,154,14:06:27
942,834,14:06:39
942,4,14:06:40
942,831,14:08:09
942,831,14:11:11
942,822,14:14:23
942,154,14:23:43
942,828,14:36:37
942,18,14:38:36
942,1,14:40:00
942,20,14:40:12
942,830,14:40:12
942,13,14:40:23
942,831,14:40:29
942,834,14:40:33
942,813,14:40:42
942,4,14:41:28
942,817,14:41:45
942,3,14:41:53
942,826,14:41:54
942,815,14:42:04
942,8,14:42:09
942,832,14:42:10
942,807,14:42:11
942,828,14:42:56
942,8,14:45:11
942,4,14:56:18
942,20,14:56:46
942,807,14:56:58
942,832,14:57:05
942,815,14:57:13
942,18,14:57:21
942,813,14:58:06
942,831,14:58:12
942,830,14:59:09
942,834,15:00:26
942,3,15:20:21
942,826,15:20:45
942,817,15:20:48
942,831,15:29:13
942,1,15:29:55
942,20,15:30:04
942,832,15:30:32
942,813,15:30:33
942,18,15:32:44
942,817,15:44:54
943,20,13:04:58
943,822,13:14:42
943,13,13:16:11
943,807,13:16:16
943,813,13:17:46
943,828,13:17:54
943,154,13:19:15
943,831,13:20:51
943,832,13:21:59
943,815,13:29:04
943,826,13:32:58
943,817,13:37:18
943,830,13:38:51
943,3,13:39:37
943,829,13:41:44
943,1,13:42:28
943,834,13:43:29
943,18,13:46:38
943,20,13:53:28
943,828,13:59:15
943,832,14:04:29
943,831,14:06:33
943,3,14:07:31
943,1,14:10:19
943,18,14:11:04
943,832,14:15:57
943,828,14:16:29
943,826,14:16:33
943,817,14:16:49
943,13,14:16:52
943,807,14:16:54
943,831,14:17:02
943,830,14:17:19
943,154,14:17:28
943,813,14:17:35
943,829,14:17:37
943,834,14:17:41
943,822,14:18:31
944,817,14:07:06
944,807,14:14:48
944,826,14:16:04
944,13,14:16:08
944,815,14:16:10
944,154,14:16:12
944,822,14:17:18
944,830,14:17:28
944,8,14:18:31
944,18,14:18:53
944,828,14:18:58
944,3,14:19:39
944,20,14:19:44
944,4,14:20:14
944,1,14:20:57
944,831,14:21:27
944,834,14:22:03
944,829,14:23:24
944,813,14:36:04
944,817,14:40:10
944,18,14:44:10
944,20,14:44:26
944,3,14:45:33
944,4,14:45:34
944,828,14:45:52
944,815,14:46:36
944,1,14:46:52
944,830,14:47:52
944,807,14:48:59
944,154,14:49:12
944,13,14:53:00
944,826,14:54:15
944,831,14:54:38
944,822,14:56:37
944,829,14:57:45
944,834,14:59:12
944,813,15:01:06
944,8,15:02:43
944,20,15:03:48
944,3,15:04:53
944,1,15:06:11
944,815,15:10:22
944,18,15:10:27
944,817,15:11:38
944,4,15:11:48
944,830,15:12:51
944,828,15:13:28
944,154,15:14:07
944,13,15:15:12
945,4,17:05:39
945,831,17:11:05
945,826,17:12:45
945,815,17:14:27
945,817,17:14:29
945,13,17:14:32
945,807,17:16:20
945,832,17:16:24
945,822,17:18:12
945,830,17:18:16
945,18,17:18:18
945,4,17:19:12
945,822,17:20:31
945,3,17:21:26
945,8,17:21:36
945,1,17:23:20
945,828,17:31:20
945,4,17:36:02
945,830,17:40:25
945,20,17:45:22
945,154,17:45:39
945,829,17:47:03
945,807,17:47:36
945,833,17:49:26
945,826,17:49:27
945,817,17:51:05
945,13,17:51:15
945,831,17:51:35
945,815,17:52:50
945,18,17:53:21
945,832,17:54:59
945,822,17:57:10
945,3,17:59:21
945,8,18:01:20
945,829,18:06:05
945,830,18:13:19
945,20,18:14:14
945,1,18:17:11
945,828,18:18:57
945,154,18:22:01
945,831,18:24:25
945,4,18:30:52
948,825,16:09:48
948,832,16:19:48
948,831,16:23:19
948,13,16:24:32
948,836,16:24:47
948,828,16:24:51
948,3,16:25:48
948,817,16:25:59
948,4,16:26:14
948,835,16:26:22
948,837,16:26:36
948,20,16:27:17
948,830,16:27:32
948,18,16:31:07
948,8,16:32:03
948,1,16:32:16
948,807,16:32:30
948,815,16:32:37
948,822,16:34:32
948,825,16:34:50
948,20,16:36:56
948,3,16:36:58
948,8,16:37:00
948,817,16:37:02
948,830,16:37:03
948,832,16:37:05
948,1,16:37:09
948,13,16:37:10
948,154,16:37:12
948,807,16:37:14
948,822,16:37:16
948,835,16:37:19
948,815,16:37:21
948,828,16:37:25
948,18,16:37:31
948,831,16:37:34
948,836,16:37:36
948,825,16:37:38
948,828,17:10:16
948,18,17:14:55
948,832,17:16:00
948,830,17:17:30
948,836,17:18:12
948,20,17:21:50
948,817,17:32:47
949,807,18:05:30
949,815,18:07:15
949,832,18:07:43
949,817,18:13:44
949,13,18:15:20
949,822,18:17:05
949,821,18:17:13
949,838,18:18:55
949,822,18:19:07
949,830,18:20:31
949,831,18:20:44
949,154,18:22:08
949,836,18:22:24
949,8,18:23:37
949,825,18:24:08
949,837,18:24:14
949,3,18:25:02
949,1,18:25:20
949,828,18:25:47
949,815,18:27:44
949,826,18:30:45
949,807,18:31:10
949,832,18:38:33
949,817,18:44:00
949,825,18:44:29
949,838,18:45:55
949,830,18:47:23
949,154,18:48:59
949,1,18:50:13
949,8,18:51:43
949,13,18:52:33
949,828,18:52:47
949,836,18:52:58
949,3,18:53:06
949,831,18:54:37
949,837,18:56:29
949,826,19:00:57
949,822,19:01:08
949,807,19:03:05
949,8,19:04:55
949,815,19:06:37
949,825,19:07:57
949,3,19:07:59
949,154,19:10:37
949,1,19:11:34
949,838,19:12:46
949,836,19:13:02
949,817,19:13:48
949,826,19:17:31
949,837,19:18:30
949,830,19:20:38
949,831,19:23:12
949,807,19:29:43
950,154,14:05:35
950,8,14:05:39
950,1,14:05:46
950,831,14:06:25
950,817,14:08:57
950,826,14:10:42
950,815,14:10:46
950,20,14:10:50
950,807,14:10:50
950,832,14:10:51
950,18,14:10:51
950,822,14:10:52
950,830,14:10:54
950,828,14:10:56
950,825,14:10:58
950,1,14:13:57
950,1,14:16:03
950,8,14:31:08
950,836,14:32:55
950,835,14:33:07
950,4,14:34:30
950,20,14:36:07
950,807,14:36:22
950,815,14:37:55
950,837,14:38:25
950,826,14:39:28
950,13,14:39:36
950,832,14:39:44
950,817,14:39:45
950,821,14:39:57
950,3,14:40:58
950,830,14:41:36
950,825,14:41:50
950,154,14:41:52
950,831,14:42:01
950,822,14:43:09
950,1,14:43:15
950,835,14:49:09
950,807,14:52:18
950,18,14:53:52
950,836,14:54:13
950,815,14:55:33
950,828,14:55:48
950,837,14:56:08
950,822,14:58:55
950,1,14:59:03
950,13,15:00:34
950,4,15:02:40
950,832,15:04:13
950,154,15:04:55
950,821,15:06:14
950,826,15:07:13
950,20,15:07:15
950,825,15:08:20
950,3,15:08:27
950,817,15:10:56
950,8,15:11:04
950,835,15:13:56
950,830,15:14:39
950,831,15:17:07
950,837,15:17:16
950,821,15:21:59
950,836,15:22:12
950,18,15:23:28
950,154,15:24:06
950,807,15:27:09
951,826,15:05:38
951,817,15:05:43
951,828,15:05:50
951,815,15:06:03
951,821,15:06:09
951,826,15:20:21
951,821,15:22:11
951,832,15:25:31
951,831,15:27:22
951,836,15:29:06
951,835,15:30:40
951,822,15:33:39
951,825,15:34:05
951,1,15:35:21
951,154,15:35:49
951,13,15:37:14
951,8,15:40:29
951,18,15:41:08
951,3,15:41:55
951,4,15:42:40
951,830,15:44:13
951,815,15:53:11
951,828,15:55:13
951,817,15:57:02
951,836,16:14:54
951,13,16:25:17
952,13,14:17:31
952,815,14:18:56
952,826,14:19:03
952,828,14:19:07
952,832,14:20:24
952,18,14:20:28
952,807,14:20:31
952,825,14:20:34
952,817,14:21:44
952,4,14:22:02
952,835,14:22:09
952,836,14:22:14
952,830,14:23:18
952,8,14:23:25
952,822,14:23:27
952,831,14:23:45
952,20,14:27:51
952,154,14:28:12
952,821,14:29:51
952,837,14:39:41
952,828,14:42:39
952,13,14:43:57
952,826,14:44:06
952,817,14:47:45
952,20,14:49:18
952,154,14:50:06
952,821,14:51:38
952,825,14:51:49
952,835,14:56:34
952,836,14:56:46
952,830,14:56:52
952,8,14:58:25
952,815,14:59:10
952,18,15:00:49
952,831,15:01:17
952,20,15:01:30
952,154,15:02:52
952,832,15:03:35
952,822,15:04:59
952,4,15:05:28
952,828,15:07:25
952,13,15:08:28
952,817,15:10:31
952,837,15:20:28
952,826,15:23:51
952,825,15:30:33
952,817,15:43:55
953,826,14:03:20
953,826,14:07:55
953,825,14:15:27
953,18,14:17:20
953,831,14:17:30
953,826,14:17:32
953,828,14:22:52
953,837,14:22:57
953,830,14:24:33
953,20,14:25:55
953,4,14:27:38
953,807,14:29:11
953,822,14:29:22
953,154,14:29:44
953,821,14:31:01
953,3,14:37:17
953,13,14:37:38
953,832,14:38:53
953,815,14:38:55
953,825,14:40:27
953,817,14:41:40
953,828,14:52:28
953,815,14:53:05
953,18,14:53:13
953,825,14:53:21
953,822,14:54:01
953,154,14:54:03
953,1,14:54:06
953,3,14:54:34
953,20,14:54:36
953,807,14:54:39
953,832,14:54:40
953,830,14:54:44
953,836,14:55:34
953,817,14:55:37
953,4,14:56:10
953,821,14:56:16
953,13,14:56:25
953,831,14:57:11
953,825,14:58:47
953,837,15:00:18
953,837,15:21:24
953,831,15:21:45
953,822,15:22:23
953,828,15:23:18
954,831,14:15:49
954,20,14:17:58
954,8,14:18:14
954,836,14:18:36
954,832,14:21:10
954,821,14:21:13
954,828,14:22:44
954,837,14:24:03
954,4,14:26:24
954,154,14:26:26
954,826,14:26:28
954,830,14:29:59
954,817,14:31:21
954,3,14:31:29
954,807,14:31:34
954,13,14:32:47
954,822,14:33:59
954,1,14:35:00
954,815,14:43:33
954,8,14:47:15
954,831,14:51:16
954,20,14:51:55
954,817,14:53:47
954,836,14:54:55
954,154,14:55:43
954,828,14:56:10
954,825,14:56:12
954,821,14:58:41
954,826,15:02:16
954,837,15:03:24
954,830,15:04:02
954,815,15:04:50
954,154,15:05:13
954,832,15:07:17
954,3,15:10:35
954,807,15:11:06
955,837,17:05:57
955,832,17:11:34
955,830,17:13:24
955,4,17:13:24
955,826,17:13:37
955,817,17:15:04
955,18,17:15:21
955,825,17:15:24
955,13,17:17:02
955,831,17:17:13
955,8,17:18:49
955,821,17:19:20
955,154,17:22:51
955,835,17:24:54
955,1,17:31:52
955,815,17:33:39
955,828,17:34:12
955,822,17:39:20
955,20,17:40:51
955,807,17:41:18
955,830,17:41:33
955,3,17:42:18
955,817,17:45:00
955,4,17:48:59
955,831,17:49:03
955,18,17:50:53
955,828,17:51:13
955,154,17:52:45
955,832,17:54:32
955,13,17:56:01
955,836,17:58:28
955,821,17:58:37
955,835,18:02:14
956,807,14:12:55
956,4,14:13:00
956,18,14:14:05
956,822,14:14:09
956,832,14:14:11
956,815,14:14:12
956,3,14:15:15
956,825,14:16:43
956,835,14:17:57
956,13,14:18:00
956,828,14:18:03
956,836,14:19:05
956,817,14:20:04
956,830,14:21:12
956,1,14:28:15
956,821,14:29:00
956,8,14:29:32
956,836,14:31:36
956,807,14:32:37
956,18,14:35:01
956,154,14:35:02
956,4,14:35:08
956,815,14:35:10
956,837,14:36:58
956,3,14:38:13
956,836,14:38:14
956,1,14:38:16
956,830,14:38:17
956,817,14:38:18
956,8,14:38:20
956,822,14:38:22
956,831,14:38:23
956,832,14:38:24
956,18,14:38:27
956,154,14:38:29
956,825,14:38:32
956,13,14:38:33
956,835,14:38:35
956,4,14:38:36
956,815,14:38:37
956,828,14:38:39
956,807,14:38:40
956,821,14:38:43
956,837,14:38:45
956,3,14:40:18
956,836,14:40:19
956,1,14:40:21
956,830,14:40:22
956,817,14:40:23
956,8,14:40:26
956,822,14:40:27
956,831,14:40:29
956,18,14:40:31
956,154,14:40:32
956,825,14:40:34
956,13,14:40:35
956,835,14:40:37
956,4,14:40:38
956,815,14:40:39
956,828,14:40:41
956,807,14:40:42
956,832,14:40:43
956,821,14:40:44
956,837,14:40:46
956,821,14:56:13
956,831,14:58:35
956,825,15:05:46
956,807,15:06:56
956,835,15:06:59
956,828,15:07:01
956,837,15:07:11
956,822,15:07:54
956,1,15:10:44
956,3,15:11:53
956,13,15:13:53
956,817,15:18:09
957,8,13:14:16
957,822,13:14:17
957,832,13:14:18
957,807,13:14:18
957,4,13:14:19
957,20,13:14:20
957,154,13:14:21
957,821,13:14:22
957,825,13:14:23
957,836,13:14:25
957,817,13:16:16
957,13,13:16:20
957,826,13:16:22
957,18,13:16:23
957,835,13:16:27
957,837,13:16:29
957,1,13:18:15
957,3,13:18:22
957,830,13:18:23
957,815,13:18:27
957,831,13:18:46
957,828,13:18:48
957,828,13:25:31
957,20,13:34:24
957,8,13:36:00
957,13,13:36:16
957,826,13:36:19
957,822,13:36:28
957,831,13:36:33
957,154,13:36:36
957,835,13:36:38
957,1,13:37:20
957,3,13:37:29
957,815,13:37:40
957,817,13:37:41
957,832,13:37:56
957,807,13:38:06
957,4,13:38:11
957,18,13:38:19
957,825,13:38:33
957,821,13:38:37
957,837,13:38:55
957,830,13:39:11
957,835,13:42:54
957,13,14:13:29
957,4,14:15:22
957,825,14:17:42
958,18,14:14:06
958,836,14:16:53
958,18,14:18:47
958,831,14:19:45
958,20,14:23:42
958,807,14:24:03
958,154,14:24:03
958,817,14:25:05
958,4,14:25:20
958,821,14:25:32
958,1,14:26:24
958,830,14:26:36
958,832,14:26:49
958,822,14:26:54
958,3,14:27:51
958,828,14:28:54
958,825,14:38:48
958,826,14:39:02
958,13,14:40:31
958,835,14:41:39
958,815,14:43:00
958,18,14:45:17
958,8,14:45:43
958,837,14:46:44
958,817,14:51:15
958,836,14:55:42
958,154,14:56:35
958,825,14:56:36
958,821,14:58:00
958,830,14:58:38
958,807,15:00:48
958,835,15:00:49
958,831,15:01:04
958,815,15:02:11
958,1,15:02:31
958,20,15:02:46
958,3,15:03:58
958,832,15:04:57
958,822,15:06:27
958,4,15:07:43
958,828,15:10:26
958,826,15:11:10
958,8,15:15:47
958,828,15:35:34
958,13,15:39:36
959,835,14:06:10
959,826,14:13:06
959,831,14:13:07
959,815,14:14:25
959,832,14:15:46
959,13,14:15:48
959,830,14:18:08
959,3,14:18:12
959,825,14:18:33
959,817,14:19:31
959,822,14:19:43
959,807,14:19:45
959,836,14:20:05
959,20,14:20:57
959,18,14:21:12
959,837,14:21:38
959,1,14:22:05
959,8,14:22:21
959,4,14:22:38
959,828,14:25:46
959,154,14:26:51
959,831,14:30:11
959,821,14:38:07
959,835,14:38:38
959,13,14:39:36
959,836,14:39:43
959,3,14:40:04
959,815,14:40:47
959,830,14:41:22
959,4,14:42:04
959,826,14:42:23
959,832,14:43:41
959,20,14:45:38
959,18,14:46:05
959,8,14:47:02
959,807,14:47:20
959,825,14:47:45
959,817,14:48:12
959,837,14:48:35
959,822,14:48:41
959,1,14:49:19
959,828,14:49:34
959,831,15:02:30
959,815,15:02:46
959,154,15:03:00
959,3,15:03:08
959,807,15:03:45
959,830,15:04:32
959,817,15:05:49
959,20,15:06:01
959,835,15:06:33
959,18,15:06:40
959,1,15:06:57
959,8,15:07:26
959,836,15:07:36
959,4,15:08:04
959,821,15:08:16
959,826,15:11:20
959,837,15:12:22
959,832,15:13:57
960,830,14:05:46
960,831,14:05:52
960,20,14:05:53
960,8,14:06:21
960,13,14:07:44
960,807,14:15:53
960,8,14:15:56
960,815,14:16:04
960,154,14:16:08
960,835,14:16:08
960,839,14:16:18
960,822,14:18:36
960,821,14:18:38
960,3,14:24:29
960,817,14:24:30
960,807,14:24:31
960,4,14:24:32
960,1,14:24:34
960,13,14:24:35
960,815,14:24:36
960,826,14:24:38
960,835,14:24:40
960,154,14:24:42
960,20,14:24:44
960,822,14:24:46
960,821,14:24:48
960,830,14:24:49
960,839,14:24:51
960,831,14:24:52
960,8,14:25:53
960,830,14:55:40
960,1,15:05:00
960,826,15:05:19
960,13,15:07:04
960,821,15:07:18
960,835,15:07:20
960,807,15:08:55
960,4,15:08:57
960,20,15:09:03
960,822,15:09:06
960,154,15:09:21
960,831,15:09:23
960,815,15:10:56
960,8,15:11:06
960,839,15:11:25
960,817,15:12:33
960,3,15:14:15
960,830,15:17:02
960,1,15:26:06
960,835,15:30:48
960,826,15:32:37
961,835,14:06:49
961,831,14:07:30
961,831,14:11:17
961,822,14:22:38
961,830,14:22:46
961,4,14:22:49
961,826,14:23:07
961,807,14:24:20
961,825,14:24:42
961,8,14:25:27
961,815,14:25:39
961,18,14:26:00
961,831,14:26:32
961,20,14:26:54
961,817,14:27:03
961,13,14:27:13
961,836,14:27:29
961,821,14:27:38
961,832,14:38:06
961,828,14:38:08
961,3,14:38:25
961,1,14:40:05
961,815,14:45:06
961,154,14:45:26
961,822,14:47:55
961,825,14:49:06
961,20,14:52:00
961,839,14:52:20
961,807,14:52:41
961,4,14:52:50
961,826,14:53:29
961,8,14:53:31
961,821,14:54:36
961,830,14:55:22
961,13,14:56:59
961,817,14:58:08
961,18,15:00:16
961,832,15:02:07
961,4,15:16:39
962,3,20:06:14
962,817,20:06:15
962,1,20:06:19
962,8,20:06:21
962,4,20:06:22
962,826,20:06:24
962,832,20:06:25
962,830,20:06:26
962,13,20:06:27
962,825,20:06:28
962,828,20:06:30
962,815,20:06:31
962,821,20:06:32
962,18,20:06:33
962,822,20:06:40
962,836,20:06:42
962,839,20:06:43
962,831,20:06:44
962,835,20:06:45
962,20,20:06:48
962,832,20:18:50
962,828,20:20:49
962,835,20:26:49
962,830,20:30:12
962,4,20:31:59
962,817,20:33:33
962,1,20:33:37
962,826,20:33:53
962,822,20:34:33
962,18,20:34:34
962,3,20:35:17
962,13,20:35:53
962,8,20:37:28
962,825,20:37:54
962,831,20:38:03
962,821,20:39:52
962,836,20:40:10
962,839,20:42:20
962,20,20:51:16
962,815,20:53:08
962,828,20:53:46
962,830,20:56:59
962,832,20:57:18
962,18,20:57:36
962,13,20:58:52
962,822,21:03:12
962,817,21:05:33
962,3,21:07:19
962,822,21:07:22
962,8,21:07:36
962,1,21:09:30
962,4,21:10:00
962,835,21:11:01
962,831,21:12:35
962,839,21:12:43
962,821,21:14:20
962,836,21:14:53
962,828,21:15:00
962,826,21:15:47
962,825,21:17:53
962,20,21:24:58
962,13,21:27:23
962,830,21:28:59
962,1,21:30:08
962,8,21:31:56
962,817,21:33:41
962,839,21:34:04
962,832,21:37:18
963,826,15:06:13
963,13,15:06:15
963,825,15:06:24
963,821,15:06:25
963,13,15:15:25
963,830,15:20:26
963,815,15:20:38
963,18,15:20:44
963,807,15:20:45
963,4,15:20:50
963,3,15:20:50
963,836,15:20:59
963,839,15:26:26
963,1,15:39:17
963,8,15:39:31
963,832,15:40:01
963,817,15:41:04
963,828,15:41:45
963,821,15:44:09
963,830,15:51:10
963,4,15:52:01
963,807,15:53:41
963,822,15:55:11
963,826,15:55:54
963,836,15:57:42
963,3,15:58:19
963,835,15:59:04
963,839,15:59:29
963,13,15:59:30
963,8,15:59:55
963,815,16:00:19
963,831,16:00:57
963,18,16:08:59
963,832,16:09:13
963,828,16:09:14
963,821,16:13:44
963,8,16:13:46
963,4,16:14:25
963,807,16:14:32
963,817,16:15:24
963,830,16:15:26
963,826,16:15:33
963,3,16:15:58
963,836,16:18:14
964,4,14:19:03
964,830,14:20:15
964,817,14:20:26
964,154,14:20:36
964,826,14:20:38
964,807,14:22:12
964,821,14:22:18
964,3,14:23:28
964,20,14:23:35
964,815,14:23:45
964,8,14:23:45
964,839,14:24:19
964,1,14:25:25
964,832,14:25:40
964,836,14:26:05
964,18,14:36:02
964,826,14:42:46
964,13,14:44:11
964,835,14:45:55
964,825,14:46:04
964,831,14:46:10
964,8,14:47:00
964,822,14:47:27
964,828,14:47:42
964,4,14:49:28
964,830,14:49:53
964,807,14:50:32
964,821,14:51:13
964,3,14:51:24
964,815,14:52:07
964,154,14:54:06
964,839,14:56:24
964,817,14:56:52
964,1,14:58:11
964,836,14:58:22
964,20,14:59:47
964,18,15:04:30
964,832,15:06:04
965,822,14:06:03
965,817,14:17:32
965,8,14:17:35
965,830,14:19:21
965,3,14:21:02
965,18,14:21:28
965,154,14:21:30
965,815,14:21:31
965,1,14:22:40
965,13,14:23:03
965,832,14:23:06
965,4,14:23:10
965,821,14:27:00
965,825,14:27:04
965,836,14:27:10
965,20,14:28:08
965,835,14:30:43
965,828,14:34:12
965,839,14:34:34
965,822,14:40:06
965,826,14:41:16
965,8,14:45:43
965,817,14:47:19
965,830,14:49:08
965,835,14:50:20
965,839,14:50:59
965,815,14:51:47
965,154,14:51:52
965,825,14:52:06
965,18,14:53:32
965,20,14:54:23
965,13,14:54:55
965,831,14:55:54
965,832,14:56:49
965,4,14:56:57
965,1,14:57:50
965,836,14:58:04
965,3,14:58:05
965,8,15:11:09
965,825,15:21:37
965,839,15:24:27
965,20,15:37:10
965,13,15:39:55
966,817,13:04:51
966,835,13:05:06
966,828,13:05:11
966,154,13:20:31
966,830,13:21:26
966,832,13:21:43
966,825,13:21:47
966,821,13:21:51
966,826,13:23:20
966,807,13:24:17
966,13,13:24:24
966,839,13:26:15
966,4,13:27:27
966,1,13:28:16
966,18,13:28:57
966,822,13:31:31
966,3,13:32:32
966,8,13:32:40
966,815,13:32:56
966,20,13:49:30
966,8,14:07:53
966,4,14:09:00
966,826,14:11:56
966,821,14:13:40
966,831,14:14:38
966,817,14:14:47
966,154,14:16:38
966,825,14:17:54
967,825,14:24:31
967,18,14:26:08
967,4,14:27:30
967,822,14:27:31
967,13,14:27:33
967,826,14:27:36
967,835,14:27:40
967,828,14:27:41
967,20,14:29:08
967,821,14:32:18
967,830,14:33:11
967,817,14:33:32
967,826,14:41:54
967,835,14:41:59
967,1,14:47:37
967,3,14:47:40
967,830,14:47:41
967,807,14:47:44
967,815,14:47:46
967,832,14:47:48
967,831,14:47:50
967,817,14:47:52
967,839,14:47:53
967,836,14:47:56
967,4,14:47:57
967,822,14:47:59
967,825,14:48:00
967,18,14:48:04
967,20,14:48:05
967,13,14:48:08
967,821,14:48:09
967,826,14:48:11
967,807,15:25:12
967,1,15:37:24
967,3,15:37:26
967,830,15:37:27
967,815,15:37:29
967,832,15:37:31
967,831,15:37:32
967,817,15:37:33
967,839,15:37:35
967,836,15:37:36
967,4,15:37:39
967,822,15:37:41
967,825,15:37:43
967,18,15:37:46
967,20,15:37:49
967,807,15:37:50
967,13,15:37:51
967,821,15:37:54
967,826,15:37:56
967,13,16:08:25
967,18,16:13:01
967,822,16:18:52
967,817,16:21:27
967,825,16:23:25
967,830,16:25:37
967,18,16:28:14
967,821,16:32:38
967,817,16:41:54
967,836,16:42:00
967,830,16:45:53
968,825,17:05:37
968,832,17:14:43
968,836,17:14:44
968,1,17:16:01
968,8,17:16:05
968,4,17:16:19
968,835,17:16:27
968,831,17:16:34
968,3,17:17:48
968,20,17:17:54
968,807,17:17:59
968,13,17:18:07
968,826,17:18:19
968,821,17:18:19
968,817,17:19:37
968,815,17:19:50
968,154,17:40:10
968,830,17:41:22
968,835,17:42:16
968,839,17:43:59
968,817,17:46:46
968,836,17:47:52
968,8,17:48:31
968,807,17:50:33
968,815,17:52:26
968,1,17:53:38
968,821,17:54:49
968,832,17:55:00
968,3,17:55:27
968,13,17:57:55
968,839,18:09:38
968,831,18:09:42
968,20,18:09:47
968,4,18:12:17
968,154,18:12:35
968,828,18:13:21
968,835,18:18:52
969,825,16:08:47
969,840,16:14:22
969,838,16:20:40
969,839,16:29:32
969,841,16:29:57
969,4,16:31:00
969,807,16:31:01
969,1,16:31:40
969,815,16:32:20
969,832,16:33:49
969,13,16:36:44
969,20,16:40:32
969,822,16:43:42
969,830,16:43:56
969,8,16:45:16
969,840,16:51:13
969,807,16:52:40
969,826,16:57:51
969,825,17:15:10
969,826,17:20:30
970,807,14:05:25
970,20,14:07:35
970,826,14:07:46
970,4,14:07:48
970,13,14:07:51
970,815,14:07:52
970,825,14:07:53
970,828,14:07:54
970,839,14:07:57
970,154,14:08:00
970,841,14:08:01
970,838,14:08:01
970,1,14:12:08
970,822,14:12:17
970,817,14:12:20
970,8,14:12:21
970,830,14:12:23
970,20,14:12:35
970,832,14:12:47
970,839,14:12:49
970,4,14:12:55
970,826,14:13:00
970,13,14:13:01
970,815,14:13:01
970,825,14:13:03
970,835,14:13:06
970,838,14:13:08
970,807,14:13:11
970,828,14:13:14
970,154,14:13:23
970,1,14:15:08
970,817,14:15:09
970,8,14:15:18
970,830,14:15:19
970,822,14:15:20
970,20,14:15:24
970,832,14:15:33
970,4,14:15:40
970,826,14:15:46
970,13,14:15:48
970,815,14:15:49
970,825,14:15:49
970,839,14:15:52
970,835,14:15:55
970,838,14:15:57
970,807,14:15:58
970,828,14:16:02
970,154,14:16:10
970,1,14:17:55
970,817,14:18:00
970,8,14:18:03
970,830,14:18:05
970,822,14:18:06
970,20,14:18:10
970,4,14:18:16
970,832,14:18:18
970,826,14:18:28
970,13,14:18:29
970,815,14:18:30
970,825,14:18:34
970,839,14:18:36
970,835,14:18:39
970,838,14:18:41
970,807,14:18:43
970,828,14:18:46
970,154,14:18:48
970,815,14:43:03
970,13,14:50:13
970,832,14:56:06
970,830,14:57:33
970,835,15:00:32
970,825,15:03:12
970,817,15:04:09
970,807,15:05:10
970,20,15:05:37
970,822,15:07:45
970,1,15:08:39
970,154,15:08:45
970,8,15:14:04
970,839,15:20:06
970,13,15:30:29
970,815,15:31:25
971,840,18:16:59
971,20,18:19:52
971,830,18:21:30
971,839,18:21:47
971,836,18:21:59
971,8,18:23:10
971,154,18:23:23
971,832,18:23:26
971,822,18:24:52
971,1,18:24:59
971,817,18:24:59
971,13,18:25:06
971,807,18:25:13
971,815,18:25:24
971,835,18:25:31
971,4,18:25:31
971,826,18:25:35
971,822,18:54:49
971,154,18:56:52
971,20,18:59:27
971,828,19:00:33
971,815,19:04:49
971,807,19:04:58
971,4,19:05:15
971,8,19:06:10
971,13,19:06:22
971,839,19:06:38
971,835,19:06:55
971,817,19:09:27
971,1,19:12:14
971,826,19:13:18
972,838,15:08:55
972,828,15:08:58
972,836,15:11:28
972,836,15:43:16
972,13,15:44:10
972,825,15:44:30
972,826,15:44:36
972,828,15:44:59
972,832,15:49:33
972,838,15:49:57
972,839,15:52:42
972,840,15:52:58
972,822,15:53:23
972,815,15:54:17
972,8,15:56:49
972,830,15:57:19
972,1,15:58:36
972,20,16:04:56
972,807,16:16:07
972,13,16:17:53
973,826,14:04:51
973,13,14:05:02
973,835,14:06:27
973,4,14:21:10
973,840,14:21:16
973,838,14:21:24
973,825,14:22:35
973,832,14:22:36
973,13,14:23:17
973,20,14:23:19
973,807,14:25:28
973,839,14:26:51
973,815,14:29:42
973,828,14:30:11
973,154,14:31:26
973,1,14:33:26
973,817,14:33:54
973,835,14:35:11
973,822,14:41:01
973,4,14:49:39
973,828,14:51:03
973,836,14:52:14
973,807,14:52:15
973,825,14:52:15
973,826,14:52:37
973,840,14:52:52
973,13,14:53:10
973,815,14:53:46
973,839,14:53:58
973,832,14:54:20
973,154,14:54:22
973,1,14:56:30
973,20,14:57:53
973,817,15:00:10
973,835,15:07:31
973,4,15:20:24
973,825,15:37:43
974,836,14:04:27
974,18,14:04:29
974,815,14:23:49
974,830,14:44:07
974,822,14:45:24
974,8,14:46:35
974,828,14:49:08
974,826,14:49:48
974,839,14:50:06
974,832,14:50:54
974,825,14:51:04
974,817,14:51:46
974,13,14:52:42
974,20,14:52:55
974,839,14:54:19
974,18,14:54:53
974,154,14:54:55
974,840,14:56:46
974,825,14:57:54
974,835,14:58:05
974,838,14:58:56
974,1,15:02:38
974,830,15:20:48
974,839,15:22:40
974,13,15:24:59
974,815,15:26:16
974,840,15:33:42
974,815,15:40:06
975,154,14:04:59
975,836,14:05:02
975,20,14:11:32
975,807,14:19:40
975,835,14:19:55
975,828,14:19:57
975,826,14:25:55
975,8,14:28:23
975,817,14:29:37
975,815,14:30:56
975,822,14:35:53
975,840,14:39:14
975,1,14:47:15
975,839,14:47:42
975,836,14:59:18
975,8,14:59:29
975,4,15:01:08
975,838,15:05:22
975,825,15:06:28
975,20,15:09:44
975,826,15:15:19
976,822,17:07:00
976,154,17:09:40
976,817,17:13:04
976,838,17:13:19
976,1,17:25:22
976,20,17:25:26
976,815,17:25:35
976,8,17:25:39
976,13,17:25:43
976,839,17:25:45
976,822,17:25:58
976,825,17:26:11
976,4,17:26:36
976,832,17:26:37
976,828,17:26:45
976,836,17:26:49
976,840,17:28:26
976,807,17:28:32
976,817,17:29:01
976,836,17:29:45
976,154,17:31:36
976,1,17:39:17
976,20,17:39:18
976,815,17:39:19
976,13,17:39:20
976,839,17:39:21
976,8,17:39:22
976,840,17:39:23
976,807,17:39:24
976,817,17:39:26
976,825,17:39:27
976,4,17:39:29
976,832,17:39:31
976,838,17:39:32
976,154,17:39:33
976,828,17:39:34
976,836,17:39:36
976,822,17:39:52
976,815,17:47:36
976,839,17:47:51
976,8,17:48:02
976,836,17:50:37
976,1,17:53:26
976,20,17:53:28
976,13,17:53:30
976,840,17:53:32
976,817,17:53:34
976,807,17:53:35
976,825,17:53:37
976,4,17:53:38
976,832,17:53:40
976,154,17:53:42
976,828,17:53:45
976,838,17:53:48
976,822,17:53:50
976,839,17:53:52
976,836,17:53:54
976,1,18:32:21
976,20,18:35:52
976,838,18:36:35
976,815,18:38:09
976,8,18:38:11
976,154,18:42:11
977,826,14:04:23
977,826,14:14:29
977,807,14:19:44
977,1,14:38:58
977,838,14:39:43
977,817,14:41:11
977,20,14:42:15
977,835,14:43:13
977,828,14:43:40
977,815,14:44:03
977,840,14:44:21
977,836,14:44:41
977,154,14:45:10
977,822,14:50:11
977,832,14:50:18
977,839,14:52:17
977,8,14:53:59
977,838,14:55:17
977,13,14:58:07
977,826,15:09:24
978,826,13:08:08
978,836,13:10:06
978,836,13:12:33
978,826,13:23:00
978,20,13:36:44
978,830,13:38:17
978,839,13:40:15
978,4,13:40:30
978,840,13:43:38
978,815,13:45:01
978,154,13:45:11
978,8,13:45:53
978,807,13:46:27
978,1,13:47:14
978,13,13:48:18
978,838,13:49:50
978,826,13:52:00
978,828,13:53:19
978,836,13:58:18
978,822,13:58:23
978,817,13:59:09
978,825,14:07:18
978,840,14:15:32
978,154,14:16:53
978,8,14:24:46
978,830,14:25:07
978,20,14:27:09
979,828,14:05:01
979,836,14:09:26
979,154,14:35:03
979,836,14:46:37
979,840,14:47:41
979,822,14:48:04
979,1,14:49:30
979,825,14:50:24
979,20,14:50:43
979,8,14:52:06
979,815,14:54:12
979,814,14:55:06
979,832,14:55:33
979,4,14:55:33
979,839,14:55:44
979,826,15:02:57
979,830,15:04:37
979,838,15:05:22
979,807,15:09:34
979,835,15:11:22
979,828,15:36:20
980,835,14:19:01
980,828,14:19:07
980,825,14:20:51
980,840,14:20:55
980,839,14:22:35
980,154,14:22:38
980,4,14:22:43
980,807,14:24:21
980,13,14:24:38
980,1,14:25:45
980,815,14:26:21
980,822,14:27:44
980,20,14:29:26
980,817,14:29:45
980,8,14:31:33
980,8,14:35:29
980,826,14:37:55
980,838,14:38:00
980,832,14:39:43
980,828,14:47:51
980,815,14:50:45
980,839,14:54:26
980,8,14:57:52
980,807,14:58:06
980,154,14:58:27
980,13,14:58:40
980,839,14:58:44
980,832,14:58:50
980,840,14:59:01
980,815,14:59:10
980,1,14:59:18
980,20,14:59:18
980,822,14:59:31
980,817,14:59:47
980,828,14:59:55
980,825,15:01:09
980,826,15:01:33
980,835,15:01:36
980,838,15:01:43
980,825,15:10:50
981,154,14:08:10
981,830,14:08:20
981,807,14:16:50
981,825,14:19:43
981,832,14:22:44
981,8,14:25:17
981,839,14:26:42
981,840,14:28:09
981,828,14:30:19
981,826,14:31:23
981,836,14:33:19
981,13,14:33:59
981,835,14:40:16
981,830,14:43:27
981,4,14:47:38
981,20,14:48:03
981,1,14:49:05
981,815,14:49:55
981,822,14:50:35
981,154,14:53:53
981,817,14:56:51
982,1,20:06:27
982,817,20:06:29
982,807,20:06:30
982,815,20:06:31
982,822,20:06:33
982,835,20:06:33
982,838,20:06:35
982,839,20:06:36
982,832,20:06:37
982,825,20:06:39
982,826,20:06:40
982,4,20:06:42
982,840,20:06:43
982,13,20:06:44
982,154,20:06:45
982,828,20:06:48
982,836,20:06:49
982,1,20:09:49
982,817,20:09:51
982,807,20:09:52
982,815,20:09:53
982,822,20:09:55
982,835,20:09:56
982,838,20:09:58
982,839,20:09:59
982,832,20:10:00
982,825,20:10:02
982,826,20:10:04
982,4,20:10:05
982,840,20:10:07
982,13,20:10:08
982,154,20:10:10
982,828,20:10:12
982,836,20:10:14
982,1,20:13:00
982,817,20:13:01
982,807,20:13:03
982,815,20:13:04
982,822,20:13:05
982,835,20:13:07
982,838,20:13:08
982,839,20:13:09
982,832,20:13:10
982,825,20:13:11
982,826,20:13:13
982,4,20:13:15
982,840,20:13:16
982,13,20:13:17
982,154,20:13:19
982,828,20:13:21
982,836,20:13:22
982,817,20:30:55
982,815,20:31:20
982,839,20:31:38
982,825,20:31:52
982,807,20:33:56
982,835,20:34:10
982,838,20:34:19
982,828,20:37:20
982,13,20:46:40
982,836,20:55:34
982,825,21:01:10
982,13,21:01:38
982,840,21:05:07
982,832,21:06:44
982,838,21:06:56
982,154,21:07:18
982,839,21:07:19
982,828,21:07:36
982,817,21:08:22
982,822,21:08:39
982,807,21:08:46
982,815,21:08:49
982,1,21:10:11
982,836,21:10:50
982,835,21:10:52
982,828,21:17:01
982,13,21:27:05
982,807,21:28:16
982,839,21:29:07
982,825,21:29:17
982,836,21:30:39
983,839,15:06:57
983,807,15:18:36
983,825,15:20:13
983,13,15:21:49
983,154,15:22:00
983,840,15:23:27
983,842,15:23:37
983,838,15:25:04
983,835,15:25:12
983,1,15:45:40
983,4,15:46:31
983,830,15:47:09
983,20,15:47:42
983,822,15:49:19
983,817,15:50:36
983,815,15:52:42
983,154,15:58:35
983,836,16:05:08
983,828,16:07:14
983,807,16:26:10
984,836,14:07:36
984,836,14:09:55
984,840,14:11:34
984,838,14:20:17
984,13,14:33:15
984,825,14:36:33
984,839,14:37:56
984,830,14:39:13
984,815,14:39:37
984,1,14:40:43
984,842,14:41:29
984,154,14:43:03
984,817,14:45:43
984,4,14:46:28
984,836,14:47:08
984,8,14:50:46
984,822,14:53:46
984,838,15:01:19
984,840,15:02:52
984,807,15:07:08
984,835,15:09:02
984,842,15:09:07
985,825,14:05:31
985,836,14:09:08
985,843,14:17:38
985,840,14:21:03
985,817,14:23:58
985,815,14:24:19
985,839,14:27:34
985,4,14:27:37
985,20,14:30:37
985,154,14:31:15
985,826,14:32:52
985,822,14:34:03
985,1,14:35:36
985,832,14:36:13
985,8,14:37:29
985,828,14:40:02
985,830,14:44:17
985,838,14:46:48
985,13,14:53:26
985,843,15:04:07
985,840,15:05:47
985,830,15:06:06
985,20,15:07:41
985,825,15:28:07
985,822,15:31:05
986,20,13:04:31
986,1,13:04:57
986,832,13:06:13
986,13,13:07:22
986,836,13:08:55
986,815,13:27:58
986,807,13:29:17
986,839,13:30:35
986,828,13:42:13
986,825,13:46:09
986,838,13:46:25
986,830,13:46:33
986,842,13:46:43
986,154,13:46:45
986,822,13:46:46
986,1,13:46:57
986,832,13:47:07
986,8,13:47:13
986,840,13:47:37
986,20,13:48:10
986,4,13:48:13
986,815,14:12:39
986,154,14:30:09
987,20,14:04:42
987,822,14:04:43
987,8,14:04:45
987,830,14:04:47
987,4,14:04:49
987,13,14:04:50
987,815,14:04:51
987,807,14:04:52
987,832,14:04:54
987,842,14:04:55
987,828,14:04:58
987,843,14:04:59
987,840,14:05:00
987,836,14:05:01
987,154,14:05:02
987,1,14:05:05
987,817,14:05:06
987,20,14:07:01
987,822,14:07:03
987,8,14:07:05
987,830,14:07:06
987,4,14:07:08
987,13,14:07:09
987,815,14:07:10
987,807,14:07:11
987,832,14:07:13
987,842,14:07:14
987,828,14:07:16
987,843,14:07:17
987,840,14:07:18
987,1,14:07:19
987,836,14:07:20
987,154,14:07:22
987,817,14:07:23
987,20,14:09:13
987,822,14:09:15
987,8,14:09:16
987,830,14:09:17
987,4,14:09:19
987,13,14:09:20
987,815,14:09:21
987,807,14:09:23
987,832,14:09:25
987,842,14:09:26
987,828,14:09:28
987,843,14:09:29
987,840,14:09:31
987,1,14:09:32
987,836,14:09:33
987,154,14:09:34
987,817,14:09:35
987,822,14:40:23
987,13,14:40:48
987,843,14:41:13
987,20,14:41:36
987,830,14:41:48
987,4,14:42:03
987,840,14:42:27
987,8,14:42:56
987,807,14:44:43
987,832,14:46:03
987,815,14:50:51
987,1,15:00:16
987,817,15:00:36
987,842,15:02:35
987,828,15:02:43
987,154,15:08:02
987,830,15:23:42
987,840,15:32:18
988,840,17:23:10
988,838,17:24:58
988,830,17:27:48
988,8,17:29:30
988,815,17:31:34
988,807,17:33:10
988,817,17:36:18
988,20,17:37:57
988,822,17:39:31
988,4,17:40:31
988,13,17:42:15
988,825,17:42:42
988,1,17:44:41
988,843,17:49:52
988,836,17:53:13
988,840,17:55:13
988,842,17:56:53
988,828,17:56:57
988,839,17:57:47
988,832,17:57:49
988,154,17:59:52
988,840,18:06:11
989,843,16:15:04
989,8,16:40:07
989,1,16:41:30
989,844,16:44:03
989,830,16:45:06
989,825,16:46:31
989,832,16:46:46
989,843,16:47:37
989,839,16:48:25
989,154,16:49:31
989,807,16:49:35
989,815,16:49:51
989,838,16:51:17
989,822,16:51:21
989,840,16:51:46
989,20,16:52:19
989,817,16:52:59
989,4,16:53:09
989,844,16:56:25
989,840,16:59:57
990,830,18:18:14
990,844,18:19:24
990,815,18:29:30
990,838,18:31:05
990,840,18:31:12
990,825,18:35:49
990,4,18:37:30
990,842,18:38:59
990,807,18:39:05
990,839,18:39:12
990,832,18:40:52
990,20,18:43:25
990,154,18:44:11
990,8,18:45:09
990,822,18:46:40
990,843,18:47:23
990,845,18:51:05
990,828,18:52:22
990,1,18:56:29
990,832,18:57:29
990,825,18:58:45
990,838,19:00:38
990,154,19:03:55
990,840,19:04:24
990,815,19:07:17
990,842,19:09:50
990,844,19:10:46
990,839,19:12:01
990,807,19:18:06
990,4,19:18:09
990,845,19:20:39
990,843,19:23:28
990,154,19:28:25
991,843,14:30:52
991,839,14:32:18
991,832,14:33:53
991,815,14:34:05
991,807,14:35:30
991,154,14:40:41
991,830,14:41:50
991,817,14:41:56
991,1,14:43:33
991,822,14:45:02
991,20,14:46:38
991,842,14:47:48
991,844,14:49:28
991,838,14:50:55
991,840,14:52:34
991,825,14:53:57
991,8,14:58:28
991,845,15:01:08
991,4,15:02:24
991,828,15:03:02
991,830,15:05:06
991,843,15:05:08
991,817,15:05:15
991,807,15:06:04
991,832,15:06:18
991,839,15:06:24
991,842,15:07:01
991,815,15:08:44
991,845,15:11:07
991,154,15:33:38
992,8,16:16:15
992,843,16:16:35
992,4,16:16:58
992,825,16:17:11
992,828,16:17:16
992,815,16:19:26
992,154,16:19:32
992,842,16:40:48
992,832,16:46:02
992,838,16:49:58
992,828,16:52:18
992,1,16:58:07
992,843,16:59:24
992,840,17:00:38
992,844,17:02:20
992,838,17:05:01
992,20,17:12:13
992,817,17:25:09
992,828,17:25:51
992,830,17:26:56
992,822,17:30:08
992,20,17:30:26
992,825,17:30:36
992,1,17:30:37
992,842,17:30:54
992,843,17:31:04
992,8,17:31:21
992,838,17:31:27
992,815,17:31:34
992,154,17:31:39
992,832,17:31:48
992,844,17:32:00
992,840,17:32:03
992,4,17:32:15
992,828,17:32:40
992,838,17:47:50
993,843,15:15:19
993,845,15:15:23
993,20,15:41:29
993,822,15:44:12
993,844,15:46:09
993,840,15:46:18
993,4,15:47:34
993,845,15:52:02
993,1,15:52:11
993,832,15:53:03
993,815,15:54:45
993,839,15:58:45
993,825,16:02:35
993,817,16:03:28
993,843,16:04:40
993,830,16:04:41
993,838,16:05:53
993,828,16:07:20
993,20,16:14:52
993,815,16:14:56
993,845,16:17:36
994,845,15:22:13
994,840,15:25:39
994,1,15:28:19
994,843,15:30:14
994,844,15:31:32
994,154,15:33:04
994,20,15:33:21
994,832,15:34:04
994,817,15:34:32
994,8,15:34:47
994,822,15:35:01
994,828,15:35:35
994,825,15:35:35
994,4,15:37:54
994,845,15:38:41
994,838,15:39:35
994,815,15:40:40
994,839,15:43:06
994,840,15:59:55
994,842,16:01:40
994,830,16:15:05
994,845,16:18:49
994,807,16:18:53
994,840,16:33:18
994,154,16:43:24
994,838,16:48:42
995,838,14:14:56
995,828,14:15:00
995,815,14:27:34
995,839,14:29:59
995,807,14:32:32
995,832,14:33:51
995,830,14:36:13
995,1,14:36:16
995,817,14:37:31
995,4,14:39:10
995,844,14:40:26
995,825,14:44:21
995,842,14:45:36
995,845,14:49:55
995,8,14:56:30
995,822,15:01:20
995,20,15:02:29
995,815,15:12:48
995,154,15:17:41
995,838,15:18:21
996,840,16:15:46
996,845,16:15:55
996,20,16:15:56
996,4,16:15:56
996,822,16:16:38
996,830,16:57:59
996,832,17:00:15
996,817,17:02:52
996,825,17:03:31
996,844,17:08:35
996,1,17:10:41
996,8,17:12:38
996,154,17:13:30
996,828,17:15:27
996,807,17:18:16
996,843,17:20:21
996,822,17:21:22
996,20,17:22:38
996,838,17:23:26
996,4,17:33:42
997,838,15:14:13
997,830,15:30:26
997,8,15:30:30
997,817,15:30:32
997,20,15:30:34
997,154,15:30:46
997,839,15:30:54
997,832,15:30:57
997,840,15:31:03
997,842,15:31:09
997,844,15:31:12
997,4,15:31:16
997,845,15:41:54
997,1,15:42:08
997,815,15:45:05
997,825,15:46:11
997,832,15:53:34
997,817,15:57:21
997,838,16:01:56
997,828,16:06:18
997,1,16:13:20
997,845,16:24:25
997,840,16:30:07
998,8,14:33:39
998,4,14:34:09
998,815,14:34:17
998,830,14:39:53
998,832,14:40:28
998,817,14:41:31
998,844,14:41:58
998,839,14:43:35
998,20,14:44:24
998,807,14:45:06
998,842,14:45:19
998,822,14:46:03
998,838,14:47:02
998,845,14:47:19
998,828,14:51:45
998,1,14:52:37
998,825,14:53:08
998,154,14:54:52
998,817,15:00:29
998,840,15:01:51
998,4,15:04:42
998,832,15:04:46
998,842,15:04:49
998,815,15:04:53
998,20,15:05:15
998,830,15:05:35
998,8,15:05:39
998,838,15:07:14
999,8,15:31:29
999,807,15:37:14
999,825,15:39:50
999,832,15:40:01
999,844,15:40:04
999,154,15:41:19
999,815,15:42:34
999,20,15:45:48
999,839,15:46:55
999,840,15:49:46
999,822,15:49:51
999,845,15:51:05
999,843,15:51:05
999,830,15:51:16
999,838,15:52:30
999,4,15:54:51
999,828,16:04:17
999,1,16:08:17
999,844,16:10:51
999,4,16:11:06
999,842,16:11:12
999,830,16:13:39
999,844,16:15:36
999,842,16:16:19
999,830,16:16:46
999,4,16:17:17
999,832,16:20:42
999,840,16:21:14
999,807,16:21:56
999,822,16:22:05
999,154,16:22:13
999,825,16:22:14
999,845,16:23:00
999,8,16:24:19
999,843,16:25:00
999,838,16:25:50
999,807,16:29:16
999,154,16:29:57
999,825,16:29:59
999,832,16:31:24
1000,828,15:22:06
1000,8,15:32:53
1000,822,15:34:11
1000,815,15:44:52
1000,807,15:46:04
1000,843,15:47:26
1000,1,15:47:53
1000,832,15:48:47
1000,154,15:54:26
1000,825,15:57:05
1000,845,15:57:50
1000,842,15:58:19
1000,8,16:06:22
1000,20,16:07:21
1000,4,16:08:27
1000,839,16:08:53
1000,838,16:09:54
1000,817,16:14:45
1000,840,16:20:54
1000,807,16:24:45
1001,20,15:15:59
1001,1,15:16:01
1001,815,15:16:02
1001,839,15:16:03
1001,830,15:16:04
1001,154,15:16:05
1001,825,15:16:07
1001,842,15:16:09
1001,828,15:16:11
1001,845,15:16:12
1001,840,15:16:13
1001,843,15:16:16
1001,832,15:16:18
1001,822,15:16:19
1001,838,15:16:21
1001,8,15:16:57
1001,822,15:19:21
1001,838,15:19:22
1001,8,15:30:50
1001,1,15:55:48
1001,20,15:57:33
1001,832,15:58:45
1001,154,16:00:10
1001,840,16:00:34
1001,839,16:01:54
1001,845,16:02:22
1001,815,16:03:39
1001,842,16:04:03
1001,830,16:05:08
1001,825,16:05:49
1001,828,16:05:55
1001,838,16:10:09
1001,822,16:11:03
1001,843,16:15:29
1002,807,15:15:34
1002,817,15:15:35
1002,20,15:15:36
1002,828,15:15:50
1002,825,15:21:22
1002,8,15:43:45
1002,154,15:48:27
1002,838,15:50:24
1002,830,15:52:26
1002,1,15:55:00
1002,20,15:56:58
1002,842,16:04:44
1002,844,16:04:46
1002,840,16:05:54
1002,822,16:06:30
1002,845,16:08:49
1002,839,16:09:51
1002,815,16:11:20
1002,832,16:11:32
1002,807,16:14:52
1002,828,16:16:25
1003,845,20:21:50
1003,20,20:42:01
1003,843,20:42:40
1003,1,20:43:42
1003,807,20:44:23
1003,822,20:45:39
1003,154,20:46:12
1003,830,20:47:19
1003,815,20:47:51
1003,8,20:56:20
1003,842,21:04:28
1003,825,21:04:30
1003,817,21:05:14
1003,815,21:17:29
1003,843,21:22:59
1003,825,21:23:01
1003,832,21:23:46
1003,4,21:25:29
1003,844,21:25:50
1003,815,21:28:41
1003,840,21:30:02
1003,838,21:35:11
1003,828,21:36:55
1003,845,21:39:51
1003,825,21:44:52
1004,843,14:18:54
1004,4,14:22:23
1004,840,14:25:54
1004,154,14:27:27
1004,825,14:28:59
1004,844,14:30:35
1004,839,14:30:40
1004,845,14:31:18
1004,828,14:32:34
1004,838,14:32:55
1004,822,14:33:30
1004,815,14:34:04
1004,20,14:35:13
1004,1,14:36:51
1004,8,14:43:40
1004,832,15:08:28
1004,807,15:12:47
1004,828,15:16:36
1004,817,15:18:49
1004,830,15:24:48
1005,825,14:17:48
1005,844,14:20:44
1005,845,14:20:51
1005,828,14:23:11
1005,840,14:39:30
1005,8,14:43:53
1005,830,14:50:08
1005,822,14:53:12
1005,817,14:53:24
1005,838,14:54:14
1005,1,14:54:41
1005,815,14:55:30
1005,839,14:58:45
1005,20,14:58:49
1005,4,14:58:57
1005,843,15:02:08
1005,154,15:03:29
1005,842,15:03:37
1005,807,15:05:33
1005,832,15:08:30
1005,844,15:13:39
1005,845,15:18:43
1005,840,15:20:25
1006,844,13:15:33
1006,840,13:15:34
1006,154,13:15:46
1006,840,13:23:02
1006,845,13:31:11
1006,838,13:31:16
1006,842,13:31:19
1006,1,13:32:38
1006,8,13:49:44
1006,830,13:51:28
1006,839,13:52:07
1006,822,13:53:07
1006,807,13:53:40
1006,832,13:55:25
1006,815,13:57:18
1006,20,13:58:25
1006,843,14:00:53
1006,845,14:04:26
1006,825,14:05:48
1006,828,14:06:07
1006,1,14:16:27
1006,842,14:16:33
1006,840,14:20:52
1006,838,14:23:09
1007,839,13:14:32
1007,843,13:14:35
1007,842,13:20:36
1007,840,13:27:33
1007,1,13:28:21
1007,822,13:28:30
1007,832,13:28:40
1007,845,13:29:04
1007,817,13:29:44
1007,807,13:30:08
1007,838,13:30:25
1007,830,13:31:00
1007,844,13:31:39
1007,828,13:36:10
1007,20,13:36:37
1007,8,13:36:57
1007,840,13:46:14
1007,843,13:47:35
1007,842,13:50:29
1007,815,13:56:04
1007,839,13:56:33
1007,825,14:15:14
1007,154,14:16:47
1007,20,14:18:25
1007,1,14:18:42
1007,830,14:19:35
1007,822,14:20:17
1007,154,14:40:00
1007,822,14:40:33
1008,4,15:32:38
1008,845,15:33:56
1008,840,15:35:13
1008,822,15:35:50
1008,828,15:36:28
1008,1,15:36:57
1008,842,15:41:18
1008,832,15:45:06
1008,20,15:47:00
1008,838,15:49:08
1008,8,15:51:53
1008,154,15:53:30
1008,830,15:56:38
1008,844,15:57:04
1008,817,16:01:41
1008,815,16:02:25
1008,839,16:03:50
1008,825,16:04:39
1008,832,16:14:02
1008,843,16:15:11
1008,20,16:19:07
1008,4,16:22:00
1008,839,16:25:23
1008,822,16:26:17
1008,840,16:35:55
1009,843,17:16:20
1009,1,17:29:33
1009,844,17:29:43
1009,154,17:29:48
1009,20,17:44:11
1009,822,17:45:52
1009,830,17:47:44
1009,839,17:49:58
1009,815,18:04:04
1009,4,18:06:10
1009,842,18:09:35
1009,817,18:15:29
1009,838,18:20:34
1009,845,18:20:39
1009,832,18:23:10
1009,822,18:27:52
1009,840,18:29:11
1009,825,18:30:42
1010,9,16:15:28
1010,817,16:15:30
1010,8,16:31:50
1010,807,16:33:19
1010,815,16:33:28
1010,20,16:34:28
1010,825,16:34:47
1010,848,16:34:57
1010,1,16:35:52
1010,154,16:36:19
1010,846,16:36:25
1010,822,16:47:33
1010,830,16:50:47
1010,826,16:52:54
1010,847,16:53:46
1010,840,16:54:21
1010,841,16:54:58
1010,844,16:55:26
1010,9,16:58:10
1010,842,17:09:14
1010,847,17:18:18
1010,9,17:22:42
1011,840,18:15:42
1011,154,18:15:49
1011,832,18:20:43
1011,815,18:26:49
1011,8,18:28:25
1011,842,18:28:32
1011,848,18:28:33
1011,846,18:30:09
1011,825,18:30:10
1011,830,18:31:32
1011,9,18:32:04
1011,822,18:33:08
1011,807,18:33:19
1011,826,18:33:44
1011,847,18:33:46
1011,844,18:34:36
1011,1,18:34:41
1011,20,18:36:18
1011,841,18:40:11
1011,840,18:52:28
1011,817,18:53:09
1011,832,18:54:12
1011,848,18:55:06
1011,847,18:57:17
1011,9,18:59:03
1011,830,19:05:59
1011,807,19:06:16
1011,8,19:08:04
1011,815,19:08:18
1011,1,19:08:53
1011,846,19:09:37
1011,20,19:10:26
1011,844,19:11:54
1011,822,19:13:58
1011,20,19:15:58
1011,826,19:16:45
1011,825,19:16:47
1011,842,19:17:58
1011,841,19:19:55
1011,832,19:20:46
1012,832,14:15:38
1012,846,14:15:45
1012,826,14:25:49
1012,841,14:25:51
1012,154,14:27:26
1012,825,14:29:10
1012,807,14:32:24
1012,830,14:42:01
1012,846,14:43:26
1012,20,14:43:39
1012,817,14:44:01
1012,842,14:45:31
1012,848,14:46:02
1012,815,14:47:27
1012,840,14:47:41
1012,822,14:48:27
1012,1,14:50:01
1012,844,14:50:21
1012,847,14:51:29
1012,8,14:55:54
1012,826,14:56:18
1012,9,14:58:30
1012,841,15:04:51
1012,826,15:04:57
1012,825,15:09:45
1012,830,15:10:12
1012,20,15:11:41
1012,846,15:12:20
1012,154,15:12:56
1012,1,15:13:05
1012,822,15:13:10
1012,832,15:14:58
1012,842,15:18:48
1012,844,15:23:18
1012,840,15:27:57
1012,847,15:37:27
1012,842,15:41:53
1013,826,16:23:10
1013,8,16:25:08
1013,825,16:26:55
1013,841,16:27:02
1013,807,16:28:49
1013,846,16:30:25
1013,815,16:32:13
1013,840,16:32:27
1013,817,16:32:28
1013,20,16:33:45
1013,822,16:35:24
1013,832,16:35:58
1013,848,16:36:16
1013,1,16:37:17
1013,830,16:39:16
1013,9,16:40:06
1013,9,16:57:00
1013,847,17:00:30
1013,844,17:14:53
1013,807,17:16:30
1013,154,17:16:33
1013,847,17:24:45
1013,846,17:25:02
1013,825,17:26:07
1013,9,17:33:14
1013,844,17:39:16
1014,841,15:21:55
1014,20,15:39:39
1014,830,15:40:52
1014,826,15:42:48
1014,842,15:43:55
1014,840,15:44:26
1014,825,15:45:34
1014,817,15:47:07
1014,832,15:47:10
1014,815,15:47:11
1014,844,15:47:53
1014,848,15:48:27
1014,822,15:49:04
1014,154,15:49:40
1014,846,15:50:07
1014,1,15:50:16
1014,8,15:53:02
1014,9,15:58:16
1014,847,15:59:33
1014,807,16:02:40
1014,20,16:08:48
1014,841,16:12:09
1014,830,16:12:43
1014,822,16:15:21
1014,826,16:16:25
1014,825,16:16:29
1014,848,16:16:34
1014,1,16:16:43
1014,817,16:16:58
1014,815,16:17:06
1014,847,16:17:28
1014,844,16:17:34
1014,8,16:17:38
1014,9,16:17:59
1014,842,16:18:00
1014,154,16:18:13
1014,832,16:18:55
1015,807,15:24:59
1015,844,15:25:11
1015,847,15:26:35
1015,1,15:27:03
1015,822,15:27:11
1015,830,15:27:12
1015,20,15:27:12
1015,817,15:27:55
1015,825,15:27:55
1015,815,15:28:09
1015,822,15:29:18
1015,844,15:36:31
1015,9,15:43:09
1015,842,15:50:18
1015,832,15:54:15
1015,826,15:56:48
1015,840,16:06:35
1015,848,16:07:15
1015,841,16:13:29
1015,8,16:15:59
1015,846,16:16:57
1015,154,16:20:12
1015,842,16:35:42
1016,848,14:14:33
1016,832,14:17:05
1016,8,14:21:09
1016,842,14:22:11
1016,817,14:23:27
1016,9,14:24:00
1016,847,14:25:14
1016,815,14:27:40
1016,826,14:28:56
1016,807,14:33:51
1016,20,14:46:21
1016,1,14:48:57
1016,822,14:51:51
1016,844,14:55:25
1016,841,14:56:30
1016,154,14:57:56
1016,9,15:04:19
1016,825,15:04:54
1016,840,15:11:32
1016,830,15:14:55
1016,8,15:28:58
1016,822,15:38:52
1017,841,15:25:01
1017,817,15:39:36
1017,825,15:39:52
1017,842,15:41:13
1017,846,15:42:44
1017,815,15:42:54
1017,832,15:44:20
1017,830,15:45:33
1017,844,15:47:03
1017,822,15:50:09
1017,1,15:51:35
1017,9,15:53:31
1017,20,15:53:36
1017,848,15:54:23
1017,847,15:55:03
1017,8,16:03:51
1017,154,16:04:18
1017,826,16:05:49
1017,847,16:08:33
1017,807,16:08:41
1017,841,16:09:23
1017,840,16:16:51
1017,20,16:35:13
1018,825,15:26:15
1018,825,15:29:01
1018,9,15:36:00
1018,822,15:37:18
1018,20,15:37:22
1018,844,15:38:23
1018,8,15:40:05
1018,841,15:41:20
1018,846,15:42:23
1018,842,15:42:27
1018,840,15:42:36
1018,807,15:43:43
1018,847,15:45:22
1018,815,15:46:02
1018,1,15:47:46
1018,830,15:49:00
1018,826,15:51:13
1018,154,15:53:32
1018,848,15:54:33
1018,832,16:01:19
1018,817,16:07:18
1018,20,16:11:04
1018,825,16:27:00
1019,154,14:15:12
1019,825,14:15:41
1019,842,14:31:30
1019,817,14:31:41
1019,826,14:31:52
1019,844,14:32:59
1019,830,14:33:00
1019,846,14:33:12
1019,848,14:33:18
1019,807,14:33:19
1019,840,14:33:24
1019,822,14:37:23
1019,8,14:39:34
1019,815,14:41:03
1019,1,14:43:34
1019,20,14:43:56
1019,830,14:44:20
1019,832,14:44:26
1019,817,14:44:42
1019,9,14:45:15
1019,844,14:46:29
1019,826,14:47:13
1019,847,14:47:16
1019,815,14:52:57
1019,846,15:09:29
1019,20,15:14:24
1019,840,15:15:42
1019,822,15:23:52
1019,815,15:26:57
1020,20,15:23:38
1020,848,15:23:41
1020,1,15:25:13
1020,822,15:25:19
1020,830,15:25:20
1020,8,15:25:22
1020,807,15:25:24
1020,844,15:25:25
1020,154,15:25:31
1020,842,15:25:33
1020,832,15:25:34
1020,841,15:25:37
1020,817,15:25:39
1020,826,15:25:41
1020,846,15:31:10
1020,840,15:32:46
1020,847,15:32:56
1020,9,15:33:00
1020,825,15:34:19
1020,844,15:44:43
1020,807,15:44:55
1020,825,15:55:12
1020,20,15:57:40
1020,9,15:59:08
1020,830,16:00:07
1020,847,16:00:34
1020,826,16:01:14
1020,846,16:01:15
1020,840,16:01:22
1020,822,16:01:40
1020,8,16:02:15
1020,841,16:02:33
1020,842,16:02:35
1020,154,16:02:44
1020,844,16:03:18
1020,848,16:04:06
1020,832,16:04:43
1020,1,16:04:58
1020,848,16:06:20
1020,8,16:06:40
1020,20,16:06:40
1020,842,16:06:54
1020,841,16:07:02
1020,826,16:07:11
1020,154,16:07:27
1020,830,16:07:40
1020,807,16:07:42
1020,840,16:08:19
1020,825,16:09:20
1020,822,16:09:52
1020,9,16:14:07
1020,830,16:28:42
1020,20,16:29:20
1020,154,16:29:35
1020,840,16:30:13
1020,847,16:30:14
1020,825,16:31:41
1020,840,16:35:25
1020,826,16:37:18
1020,825,16:37:20
1020,830,16:38:35
1020,822,16:38:41
1020,832,16:38:44
1020,842,16:38:45
1020,848,16:38:47
1020,154,16:38:49
1020,9,16:38:58
1020,1,16:40:10
1020,8,16:40:13
1020,20,16:40:14
1020,841,16:40:17
1020,847,16:40:24
1020,1,16:48:53
1020,1,16:53:29
1020,825,16:54:35
1020,9,16:55:04
1020,847,16:55:08
1021,822,15:19:58
1021,841,15:34:25
1021,847,15:35:47
1021,840,15:35:49
1021,815,15:38:23
1021,9,15:38:44
1021,154,15:39:45
1021,826,15:42:35
1021,830,15:46:59
1021,844,15:50:09
1021,846,15:52:00
1021,842,15:52:02
1021,848,15:52:18
1021,832,15:53:20
1021,8,15:53:23
1021,1,15:55:15
1021,807,16:03:27
1021,825,16:06:21
1021,20,16:06:53
1021,822,16:17:11
1021,817,16:17:28
1021,1,16:18:24
1021,840,16:23:45
1021,830,16:43:52
1022,817,15:16:08
1022,8,15:16:10
1022,832,15:16:37
1022,8,15:19:12
1022,807,15:37:54
1022,842,15:41:31
1022,840,15:43:25
1022,20,15:44:47
1022,815,15:45:09
1022,154,15:46:59
1022,846,15:52:24
1022,844,15:55:38
1022,1,15:57:31
1022,822,15:59:25
1022,848,16:00:08
1022,826,16:01:55
1022,825,16:04:08
1022,841,16:11:12
1022,840,16:13:12
1022,847,16:13:41
1022,807,16:15:01
1022,8,16:15:33
1022,9,16:15:35
1022,20,16:17:35
1023,830,15:14:58
1023,20,15:22:18
1023,154,15:23:54
1023,20,15:31:23
1023,840,15:35:16
1023,1,15:40:19
1023,8,15:41:10
1023,844,15:41:42
1023,825,15:42:25
1023,841,15:43:42
1023,840,15:45:38
1023,846,15:46:48
1023,847,15:47:03
1023,848,15:50:47
1023,822,15:51:41
1023,8,15:51:50
1023,832,15:52:12
1023,830,15:52:30
1023,826,15:53:53
1023,815,15:54:06
1023,842,15:54:11
1023,807,15:55:13
1023,9,15:56:17
1023,817,15:56:33
1023,154,15:56:36
1023,825,16:03:34
1023,20,16:13:46
1023,9,16:18:54
1023,1,16:23:22
1024,807,20:15:37
1024,847,20:15:56
1024,826,20:35:59
1024,815,20:37:45
1024,8,20:41:17
1024,825,20:46:43
1024,20,20:48:19
1024,830,20:48:22
1024,844,20:50:05
1024,848,20:50:14
1024,846,20:50:16
1024,9,20:52:58
1024,822,20:53:46
1024,154,20:56:19
1024,1,21:00:55
1024,840,21:10:22
1024,842,21:12:09
1024,841,21:16:02
1024,817,21:16:25
1024,154,21:18:29
1024,807,21:19:55
1024,826,21:20:05
1024,832,21:20:33
1024,841,21:20:38
1024,840,21:32:33
1024,9,21:38:24
1024,840,21:39:08
1024,825,22:04:12
1025,9,14:15:50
1025,817,14:16:36
1025,841,14:18:23
1025,9,14:18:29
1025,8,14:31:21
1025,807,14:43:01
1025,846,14:49:42
1025,832,14:51:18
1025,844,14:52:17
1025,815,14:54:44
1025,20,14:58:48
1025,842,15:00:10
1025,825,15:01:41
1025,840,15:01:45
1025,826,15:01:53
1025,847,15:02:17
1025,841,15:02:19
1025,8,15:02:26
1025,1,15:02:28
1025,822,15:02:47
1025,830,15:03:24
1025,848,15:06:07
1025,807,15:06:25
1025,826,15:06:31
1025,844,15:07:30
1026,844,14:18:21
1026,846,14:20:04
1026,848,14:37:38
1026,8,14:38:06
1026,20,14:38:55
1026,154,14:39:43
1026,822,14:40:21
1026,825,14:41:19
1026,842,14:42:36
1026,840,14:42:37
1026,841,14:42:53
1026,807,14:44:14
1026,815,14:44:18
1026,1,14:46:51
1026,9,14:50:09
1026,844,14:54:00
1026,846,14:54:15
1026,847,14:54:38
1026,832,14:55:21
1026,826,14:57:31
1026,817,15:00:26
1026,20,15:02:42
1026,848,15:07:55
1026,9,15:08:46
1026,822,15:10:17
1026,8,15:12:16
1026,815,15:19:44
1026,1,15:19:47
1026,844,15:27:14
1026,825,15:30:01
1026,841,15:33:08
1027,830,13:21:07
1027,842,13:26:22
1027,826,13:27:43
1027,848,13:32:50
1027,844,13:34:07
1027,832,13:34:37
1027,8,13:34:45
1027,807,13:38:48
1027,815,13:41:30
1027,841,13:43:03
1027,9,13:43:30
1027,847,13:44:55
1027,1,13:45:01
1027,825,13:53:14
1027,832,14:02:44
1027,822,14:02:45
1027,20,14:04:03
1027,840,14:04:58
1027,154,14:06:08
1027,844,14:12:15
1027,848,14:13:47
1027,826,14:14:40
1027,842,14:21:41
1027,817,14:22:29
1027,8,14:26:04
1027,9,14:38:15
1028,848,13:15:12
1028,840,13:29:09
1028,9,13:32:54
1028,830,13:35:21
1028,822,13:36:58
1028,841,13:43:05
1028,832,13:44:27
1028,8,13:44:29
1028,825,13:44:43
1028,846,13:46:03
1028,842,13:46:08
1028,844,13:47:33
1028,848,13:48:02
1028,817,13:49:25
1028,826,13:49:45
1028,847,13:53:46
1028,1,13:53:57
1028,815,13:54:54
1028,154,13:55:19
1028,807,14:00:05
1028,840,14:03:38
1028,830,14:10:45
1028,822,14:12:18
1028,807,14:20:30
1028,826,14:20:32
1028,841,14:20:57
1028,848,14:21:47
1028,8,14:22:07
1028,825,14:22:38
1028,844,14:24:44
1028,846,14:25:17
1028,847,14:33:29
1028,842,14:44:18
1029,817,14:23:15
1029,815,14:34:32
1029,1,14:37:36
1029,841,14:38:12
1029,9,14:38:47
1029,830,14:38:49
1029,8,14:39:23
1029,842,14:40:34
1029,826,14:42:08
1029,847,14:42:37
1029,848,14:42:52
1029,20,14:43:54
1029,822,14:45:14
1029,154,14:45:45
1029,846,14:47:00
1029,807,14:47:09
1029,825,14:47:22
1029,840,14:48:22
1029,844,14:49:09
1029,832,14:49:33
1029,9,14:59:30
1029,817,15:03:20
1029,822,15:03:49
1029,1,15:05:54
1029,830,15:07:03
1029,807,15:08:36
1029,815,15:09:29
1029,841,15:10:39
1029,826,15:10:52
1029,842,15:11:43
1029,8,15:11:48
1029,20,15:13:22
1029,848,15:14:54
1029,830,15:19:35
1029,846,15:19:55
1029,840,15:19:57
1029,825,15:20:13
1029,844,15:20:29
1029,807,15:20:31
1029,9,15:22:16
1029,847,15:22:31
1029,154,15:36:48
1029,1,15:37:46
1029,847,15:38:17
1029,9,15:40:02
1030,840,17:22:34
1030,846,17:27:40
1030,841,17:27:52
1030,817,17:32:58
1030,844,17:34:14
1030,20,17:34:22
1030,832,17:34:43
1030,848,17:36:11
1030,807,17:45:13
1030,154,17:45:37
1030,825,17:48:59
1030,8,17:52:32
1030,840,17:54:47
1030,9,17:56:31
1030,830,17:56:36
1030,1,17:58:06
1030,841,18:00:00
1030,822,18:04:02
1030,847,18:10:43
1030,815,18:18:24
1030,844,18:19:14
1030,20,18:19:36
1030,826,18:23:38
1030,832,18:25:36
1030,817,18:27:24
1031,154,15:37:03
1031,8,15:41:31
1031,841,15:42:49
1031,847,15:42:53
1031,822,15:43:06
1031,1,15:43:14
1031,848,15:43:25
1031,846,15:43:33
1031,815,15:43:34
1031,844,15:43:38
1031,832,15:43:41
1031,20,15:43:55
1031,842,15:44:02
1031,826,15:44:12
1031,839,15:44:17
1031,849,15:45:08
1031,848,16:15:09
1031,846,16:15:19
1031,844,16:15:24
1031,826,16:15:41
1031,8,16:15:48
1031,20,16:15:55
1031,849,16:16:23
1031,832,16:17:02
1031,841,16:22:14
1031,822,16:23:58
1031,1,16:24:00
1031,815,16:24:01
1031,848,16:24:03
1031,846,16:24:03
1031,844,16:24:05
1031,842,16:24:07
1031,832,16:24:08
1031,839,16:24:09
1031,826,16:24:11
1031,20,16:24:13
1031,849,16:24:14
1031,841,16:24:16
1032,844,15:14:20
1032,830,15:42:09
1032,842,15:42:46
1032,1,15:45:28
1032,825,15:51:02
1032,832,15:51:49
1032,849,15:52:24
1032,840,15:53:01
1032,822,15:53:38
1032,847,15:54:49
1032,848,15:55:11
1032,826,15:56:45
1032,817,15:57:33
1032,154,15:58:03
1032,815,15:58:45
1032,846,16:00:02
1032,841,16:00:18
1032,8,16:06:06
1032,842,16:12:15
1032,832,16:31:07
1032,830,16:32:33
1033,826,15:14:46
1033,844,15:16:15
1033,822,15:16:16
1033,1,15:17:37
1033,840,15:17:46
1033,20,15:17:50
1033,815,15:17:53
1033,832,15:17:55
1033,848,15:17:58
1033,849,15:18:00
1033,842,15:18:01
1033,8,15:18:04
1033,830,15:19:18
1033,817,15:19:30
1033,839,15:19:35
1033,846,15:19:40
1033,847,15:19:42
1033,841,15:19:50
1033,849,15:21:24
1033,826,15:39:53
1033,847,15:41:33
1033,844,15:42:29
1033,841,15:43:04
1033,20,15:54:50
1033,839,15:57:59
1033,822,15:59:47
1033,849,16:00:38
1033,8,16:00:45
1033,848,16:01:43
1033,154,16:01:59
1033,840,16:02:34
1033,825,16:03:02
1033,815,16:03:08
1033,846,16:03:33
1033,830,16:03:38
1033,1,16:04:39
1033,832,16:10:06
1033,841,16:11:01
1033,849,16:12:52
1033,817,16:14:04
1033,822,16:21:27
1033,847,16:24:28
1033,840,16:25:54
1033,849,16:31:33
1033,1,16:43:33
1034,848,14:26:01
1034,817,14:35:22
1034,846,14:35:24
1034,839,14:35:26
1034,20,14:35:27
1034,842,14:35:29
1034,841,14:35:30
1034,8,14:35:35
1034,847,14:35:36
1034,849,14:35:42
1034,1,14:37:01
1034,822,14:37:06
1034,830,14:37:10
1034,844,14:37:21
1034,832,14:37:27
1034,840,14:37:32
1034,848,15:08:33
1034,154,15:17:38
1034,8,15:35:09
1034,830,15:38:04
1034,822,15:38:33
1034,832,15:40:13
1035,848,14:22:39
1035,842,14:24:09
1035,841,14:24:23
1035,847,14:25:59
1035,825,14:27:31
1035,849,14:27:35
1035,846,14:31:56
1035,822,14:33:10
1035,1,14:34:45
1035,817,14:34:58
1035,807,14:36:26
1035,154,14:40:00
1035,840,14:41:04
1035,844,14:41:13
1035,826,14:43:00
1035,825,14:45:03
1035,832,14:47:30
1035,839,14:47:36
1035,20,14:47:40
1035,842,14:49:25
1035,847,14:51:11
1035,830,14:53:04
1035,817,14:53:46
1035,8,14:54:13
1035,849,14:54:19
1035,846,14:58:32
1035,807,14:59:44
1035,848,15:00:01
1035,840,15:01:17
1035,830,15:02:28
1035,822,15:02:31
1035,20,15:04:55
1035,841,15:05:16
1035,832,15:06:26
1035,826,15:07:54
1035,817,15:08:07
1035,154,15:12:59
1035,847,15:14:39
1035,1,15:16:16
1035,807,15:21:21
1035,849,15:25:31
1036,848,15:37:35
1036,847,15:40:50
1036,8,15:42:15
1036,830,15:42:49
1036,842,15:43:20
1036,846,15:43:22
1036,826,15:43:30
1036,841,15:43:48
1036,832,15:44:43
1036,1,15:45:28
1036,822,15:45:39
1036,840,15:51:47
1036,825,15:53:40
1036,849,15:54:06
1036,815,15:54:39
1036,844,15:54:45
1036,20,15:54:53
1036,154,15:59:39
1036,839,16:02:12
1036,817,16:03:27
1036,847,16:03:47
1036,848,16:09:10
1036,830,16:10:56
1036,832,16:11:55
1036,840,16:13:17
1036,842,16:13:22
1036,846,16:16:10
1036,8,16:16:43
1036,826,16:17:43
1036,841,16:18:12
1036,822,16:20:38
1036,1,16:23:05
1036,849,16:24:00
1036,154,16:42:16
1036,822,16:42:47
1037,844,15:32:40
1037,8,15:32:46
1037,154,15:32:51
1037,825,15:32:57
1037,849,15:33:00
1037,1,15:34:33
1037,822,15:34:37
1037,830,15:34:40
1037,817,15:34:49
1037,839,15:34:54
1037,848,15:34:55
1037,840,15:34:58
1037,846,15:35:05
1037,826,15:35:10
1037,20,15:35:12
1037,815,15:51:01
1037,844,16:02:10
1037,842,16:05:44
1037,849,16:13:23
1037,825,16:22:33
1038,1,15:54:50
1038,847,15:46:57
1038,154,15:46:57
1038,848,15:46:56
1038,826,15:46:56
1038,839,15:46:55
1038,830,15:46:50
1038,822,15:46:49
1038,817,15:46:48
1038,815,15:46:48
1038,846,15:46:47
1038,832,15:46:40
1038,841,15:42:53
1038,1,15:41:58
1038,842,15:40:55
1038,8,15:39:31
1038,844,15:38:12
1038,849,15:36:53
1038,825,15:15:04
1039,8,15:31:30
1039,847,15:31:28
1039,826,15:31:24
1039,848,15:28:39
1039,840,15:28:41
1039,817,15:28:42
1039,815,15:28:44
1039,846,15:28:45
1039,826,15:28:47
1039,839,15:28:49
1039,847,15:28:49
1039,8,15:28:51
1039,20,15:28:52
1039,154,15:28:53
1039,822,15:31:11
1039,1,15:31:13
1039,844,15:31:15
1039,848,15:31:16
1039,840,15:31:17
1039,20,15:15:41
1039,822,15:28:34
1039,1,15:28:37
1039,844,15:28:38
1039,8,15:15:33
1039,846,15:31:22
1039,817,15:31:19
1039,815,15:31:21
1039,20,15:31:32
1039,154,15:31:34
1039,844,16:15:31
1039,817,16:23:46
1039,8,16:24:17
1039,815,16:25:26
1039,20,16:25:43
1039,154,16:25:52
1039,846,16:26:50
1039,826,16:26:55
1039,847,16:27:04
1039,840,16:27:59
1039,822,16:29:09
1039,1,16:30:24
1039,848,16:30:50
1039,844,16:38:26
1039,8,16:45:58
1039,822,16:46:01
1039,154,16:46:13
1039,817,16:46:24
1039,848,16:46:29
1039,815,16:46:45
1039,846,16:46:51
1039,826,16:47:06
1039,847,16:47:25
1039,20,16:47:29
1039,1,16:47:42
1039,1,16:50:26
1039,822,16:50:27
1039,8,16:50:29
1039,154,16:50:31
1039,817,16:50:33
1039,848,16:50:35
1039,815,16:50:40
1039,846,16:50:53
1039,826,16:50:58
1039,844,16:51:08
1039,847,16:51:28
1039,20,16:51:32
1038,840,15:54:52
1038,842,15:54:53
1038,8,15:54:55
1038,841,15:54:57
1038,832,15:54:58
1038,846,15:55:02
1038,822,15:55:03
1038,849,15:55:05
1038,817,15:55:06
1038,830,15:55:08
1038,839,15:55:10
1038,826,15:55:12
1038,815,15:55:14
1038,847,15:55:17
1038,848,15:55:18
1038,154,15:55:20
1038,1,16:25:20
1038,841,16:28:15
1040,847,14:15:56
1040,848,14:16:00
1040,846,14:16:01
1040,847,14:43:16
1040,817,14:44:24
1040,1,14:45:50
1040,841,14:46:23
1040,154,14:48:03
1040,849,14:48:20
1040,839,14:49:24
1040,842,14:49:32
1040,825,14:51:23
1040,815,14:52:46
1040,830,15:00:57
1040,822,15:02:26
1040,848,15:05:10
1040,844,15:06:20
1040,826,15:09:46
1040,20,15:10:13
1040,8,15:18:43
1040,842,15:30:21
1040,154,15:31:06
1040,846,15:39:13
1040,847,15:45:09
1041,848,14:24:20
1041,844,14:29:03
1041,8,14:29:22
1041,20,14:30:54
1041,847,14:30:54
1041,822,14:33:18
1041,825,14:35:37
1041,849,14:35:40
1041,841,14:37:09
1041,1,14:37:59
1041,830,14:38:04
1041,817,14:38:37
1041,826,14:41:05
1041,815,14:57:23
1041,832,14:57:31
1041,154,14:57:54
1041,846,14:58:56
1041,807,14:59:24
1041,842,15:00:55
1041,849,15:06:01
1041,825,15:07:30
1041,844,15:08:35
1041,841,15:10:28
1041,20,15:18:18
1041,817,15:22:03
1041,832,15:22:26
1041,1,15:22:31
1041,830,15:22:43
1041,842,15:23:04
1041,807,15:23:08
1041,8,15:23:17
1041,826,15:23:55
1041,815,15:24:17
1042,815,13:14:54
1042,8,13:28:58
1042,817,13:33:08
1042,846,13:38:42
1042,840,13:38:52
1042,848,13:40:09
1042,830,13:45:13
1042,849,13:47:22
1042,826,13:48:37
1042,832,13:49:45
1042,154,13:50:03
1042,20,13:51:14
1042,842,13:52:25
1042,841,13:52:49
1042,825,13:57:08
1042,844,14:00:19
1042,840,14:01:48
1042,847,14:03:48
1042,1,14:07:56
1042,822,14:09:27
1042,846,14:13:48
1042,815,14:15:49
1042,848,14:17:42
1042,839,14:26:47
1042,826,14:30:36
1043,840,13:14:49
1043,154,13:25:41
1043,841,13:27:00
1043,847,13:28:18
1043,844,13:30:49
1043,846,13:30:56
1043,839,13:30:59
1043,817,13:32:09
1043,848,13:32:12
1043,826,13:32:12
1043,832,13:36:15
1043,830,13:37:06
1043,822,13:38:22
1043,815,13:49:28
1043,825,13:50:01
1043,1,13:52:53
1043,840,13:53:03
1043,849,13:59:15
1043,20,14:05:39
1043,8,14:17:39
1043,154,14:21:06
1043,822,14:21:18
1043,815,14:21:54
1043,826,14:22:09
1043,832,14:22:11
1043,1,14:22:55
1043,20,14:22:57
1043,840,14:25:09
1043,846,14:25:29
1043,848,14:37:02
1044,839,13:15:59
1044,844,13:25:49
1044,822,13:27:48
1044,20,13:28:57
1044,1,13:29:04
1044,8,13:29:23
1044,825,13:29:27
1044,841,13:29:38
1044,826,13:29:42
1044,154,13:29:52
1044,840,13:30:37
1044,849,13:30:54
1044,846,13:31:36
1044,815,13:32:35
1044,817,13:32:52
1044,832,13:32:56
1044,842,13:33:26
1044,839,13:33:43
1044,830,13:34:27
1044,848,13:36:22
1044,830,13:47:55
1044,844,14:08:52
1044,8,14:09:48
1044,817,14:12:20
1044,847,14:13:13
1044,20,14:13:43
1044,832,14:14:01
1044,842,14:14:57
1044,848,14:15:35
1044,825,14:16:33
1044,840,14:18:49
1044,846,14:19:42
1044,154,14:20:55
1044,849,14:26:46
1044,830,14:31:06
1044,847,14:31:11
1044,822,14:37:34
1044,8,14:44:57
1045,1,17:15:42
1045,830,17:15:44
1045,815,17:15:46
1045,848,17:15:51
1045,817,17:15:56
1045,822,17:15:57
1045,842,17:16:02
1045,839,17:16:04
1045,846,17:16:13
1045,844,17:16:14
1045,841,17:16:18
1045,840,17:16:19
1045,832,17:16:21
1045,825,17:16:23
1045,20,17:16:26
1045,849,17:16:29
1045,8,17:16:31
1045,847,17:16:34
1045,826,17:16:36
1045,825,18:41:46
1045,822,18:43:43
1045,817,19:06:25
1045,839,19:07:58
1045,826,19:08:09
1045,8,19:08:14
1045,846,19:09:33
1045,1,19:10:46
1045,848,19:11:03
1045,830,19:12:27
1045,815,19:12:34
1045,847,19:13:06
1045,841,19:13:16
1045,20,19:13:19
1045,832,19:14:28
1045,849,19:14:54
1045,844,19:17:53
1045,842,19:21:01
1045,822,19:21:09
1045,825,19:24:46
1045,826,19:34:29
1045,830,19:34:47
1045,848,19:35:11
1045,839,19:35:41
1045,1,19:36:16
1045,815,19:38:16
1045,817,19:38:50
1045,849,19:41:05
1045,846,19:41:45
1045,822,19:42:04
1045,832,19:43:27
1045,847,19:44:08
1045,20,19:44:14
1045,844,19:45:27
1045,8,19:45:59
1045,830,19:53:52
1045,841,20:07:02
1045,825,20:07:38
1046,815,20:14:22
1046,846,20:35:27
1046,8,20:38:44
1046,841,20:41:34
1046,825,20:41:37
1046,826,20:42:12
1046,849,20:42:32
1046,832,20:43:07
1046,842,20:43:13
1046,817,20:44:08
1046,20,20:46:25
1046,851,20:46:36
1046,850,20:46:50
1046,839,20:55:57
1046,840,20:56:54
1046,847,20:59:22
1046,815,21:01:49
1046,848,21:01:54
1046,822,21:03:18
1046,842,21:05:56
1046,826,21:07:47
1046,846,21:09:09
1046,850,21:09:11
1046,20,21:09:21
1046,841,21:09:30
1046,825,21:09:40
1046,851,21:09:43
1046,8,21:09:49
1046,832,21:09:54
1046,817,21:09:56
1046,851,21:15:05
1046,847,21:16:30
1046,822,21:16:37
1046,848,21:17:23
1046,847,21:18:22
1046,8,21:18:42
1046,20,21:19:11
1046,850,21:20:20
1046,847,21:35:26
1047,830,17:30:57
1047,822,17:31:02
1047,1,17:31:09
1047,848,17:31:15
1047,846,17:31:22
1047,832,17:31:29
1047,840,17:31:30
1047,842,17:31:33
1047,826,17:31:37
1047,839,17:31:40
1047,8,17:31:49
1047,847,17:31:56
1047,850,17:32:05
1047,849,17:34:29
1047,844,17:54:48
1047,841,18:03:41
1047,825,18:10:52
1047,850,18:16:09
1047,20,18:17:15
1047,849,18:17:41
1047,817,18:23:37
1047,825,18:39:11
1047,850,18:41:11
1052,815,18:11:56
1052,842,18:16:14
1052,4,18:27:32
1052,846,18:29:05
1052,844,18:29:06
1052,840,18:29:09
1052,841,18:29:14
1052,1,18:30:29
1052,817,18:30:45
1052,8,18:30:52
1052,839,18:30:55
1052,847,18:31:02
1052,849,18:32:44
1052,854,18:32:58
1052,832,18:34:04
1052,852,18:34:12
1052,822,18:35:24
1052,830,18:36:54
1052,815,18:40:35
1052,842,18:41:17
1052,20,18:49:08
1052,1,18:54:40
1052,840,18:55:23
1052,8,18:57:06
1052,4,18:57:13
1052,822,18:57:58
1052,841,18:58:53
1052,839,19:00:29
1052,844,19:01:40
1052,817,19:01:44
1052,849,19:02:32
1052,846,19:03:11
1052,852,19:03:36
1052,854,19:04:27
1052,847,19:08:48
1052,832,19:09:53
1052,815,19:11:20
1052,830,19:12:13
1052,842,19:13:55
1052,822,19:36:21
1053,839,15:05:16
1053,20,15:10:09
1053,854,15:15:11
1053,853,15:27:20
1053,842,15:30:10
1053,20,15:39:11
1053,854,15:41:24
1053,20,15:42:52
1053,853,15:45:20
1053,852,15:46:39
1053,847,15:47:53
1053,8,15:47:55
1053,830,15:47:59
1053,842,15:48:45
1053,832,15:48:51
1053,817,15:48:57
1053,840,15:49:16
1053,1,15:49:27
1053,841,15:49:32
1053,839,15:49:42
1053,844,15:49:43
1053,815,15:49:58
1053,846,15:50:11
1053,822,15:50:46
1053,4,15:51:18
1053,1,15:55:30
1053,839,15:56:23
1053,830,15:58:11
1053,840,15:58:13
1053,8,15:58:16
1053,1,15:58:17
1053,854,15:58:20
1053,852,15:58:24
1053,841,15:58:26
1053,844,15:58:28
1053,4,15:58:37
1053,839,15:58:48
1053,853,15:58:57
1053,846,15:59:06
1053,815,15:59:11
1053,832,15:59:14
1053,842,15:59:18
1053,20,15:59:21
1053,817,15:59:25
1053,840,16:24:36
1053,8,16:24:42
1053,1,16:24:48
1053,852,16:24:52
1053,841,16:24:58
1053,4,16:25:04
1053,839,16:25:06
1053,842,16:25:09
1053,20,16:25:15
1053,854,16:25:16
1053,853,16:25:22
1053,841,16:36:13
1054,822,15:06:11
1054,1,15:06:13
1054,830,15:06:14
1054,832,15:06:16
1054,815,15:06:18
1054,846,15:06:19
1054,839,15:06:21
1054,844,15:06:23
1054,842,15:06:24
1054,20,15:06:26
1054,847,15:06:27
1054,841,15:06:29
1054,817,15:06:31
1054,4,15:06:34
1054,852,15:06:36
1054,840,15:06:37
1054,849,15:06:39
1054,854,15:06:40
1054,853,15:06:42
1054,822,15:08:34
1054,1,15:08:36
1054,830,15:08:37
1054,832,15:08:38
1054,815,15:08:39
1054,846,15:08:40
1054,839,15:08:42
1054,844,15:08:43
1054,842,15:08:45
1054,20,15:08:48
1054,847,15:08:48
1054,841,15:08:50
1054,817,15:08:51
1054,4,15:08:53
1054,852,15:08:55
1054,840,15:08:57
1054,849,15:08:58
1054,854,15:09:00
1054,853,15:09:01
1054,832,15:36:07
1054,852,15:36:23
1054,846,15:37:29
1054,839,15:37:35
1054,20,15:37:40
1054,841,15:37:41
1054,842,15:40:23
1054,849,15:40:50
1054,844,15:41:44
1054,847,15:46:30
1054,853,15:50:54
1054,854,15:52:09
1054,830,15:55:06
1054,822,15:56:27
1054,1,15:57:46
1054,840,16:01:22
1054,4,16:02:37
1054,817,16:03:56
1054,853,16:08:31
1054,815,16:17:18
1054,822,16:33:39
1054,830,16:34:55
1055,841,15:15:06
1055,847,15:17:07
1055,849,15:17:10
1055,842,15:30:37
1055,4,15:34:51
1055,20,15:34:52
1055,832,15:36:10
1055,840,15:36:15
1055,853,15:36:40
1055,822,15:37:18
1055,839,15:37:33
1055,846,15:37:35
1055,854,15:37:59
1055,830,15:38:32
1055,817,15:40:16
1055,815,15:43:06
1055,849,15:43:32
1055,1,15:44:07
1055,844,15:44:20
1055,847,15:44:52
1055,8,15:57:41
1055,20,15:59:08
1055,840,16:00:28
1055,841,16:00:52
1055,1,16:03:32
1055,853,16:05:36
1055,817,16:09:49
1055,832,16:09:50
1055,842,16:11:47
1055,849,16:16:19
1055,854,16:16:33
1055,846,16:17:08
1055,822,16:18:52
1055,815,16:24:55
1055,844,16:26:05
1055,830,16:28:18
1055,4,16:31:41
1056,1,15:40:07
1056,846,15:41:20
1056,842,15:41:23
1056,20,15:42:42
1056,847,15:43:46
1056,832,15:43:47
1056,841,15:45:42
1056,830,15:46:10
1056,815,15:47:44
1056,853,15:48:25
1056,817,15:49:52
1056,839,15:50:48
1056,854,15:52:43
1056,8,15:58:41
1056,849,15:59:23
1056,4,16:01:34
1056,840,16:17:28
1056,852,16:26:09
1056,1,16:28:48
1057,847,16:06:06
1057,841,16:07:56
1057,4,16:16:54
1057,846,16:16:56
1057,854,16:19:00
1057,844,16:20:20
1057,852,16:20:28
1057,849,16:20:47
1057,853,16:20:57
1057,832,16:22:11
1057,1,16:23:50
1057,842,16:23:55
1057,822,16:24:08
1057,817,16:24:12
1057,830,16:25:37
1057,815,16:27:25
1057,8,16:27:59
1057,20,16:36:33
1057,4,17:09:13
1057,841,17:09:14
1057,847,17:09:15
1057,854,17:09:16
1057,853,17:11:01
1057,854,17:28:35
1057,853,17:29:37
1057,815,17:33:39
1057,1,17:33:39
1057,20,17:33:42
1057,842,17:33:45
1057,844,17:33:48
1057,852,17:33:50
1057,846,17:33:53
1057,832,17:33:56
1057,817,17:34:01
1057,4,17:34:03
1057,8,17:34:05
1057,841,17:34:07
1057,822,17:34:08
1057,847,17:34:08
1057,853,17:34:18
1057,854,17:35:06
1057,815,17:36:45
1057,1,17:36:47
1057,20,17:36:49
1057,842,17:36:52
1057,844,17:36:53
1057,852,17:36:55
1057,846,17:36:57
1057,832,17:36:58
1057,817,17:37:00
1057,4,17:37:04
1057,8,17:37:06
1057,841,17:37:08
1057,849,17:37:10
1057,822,17:37:13
1057,847,17:37:18
1057,853,17:37:20
1057,854,17:37:47
1057,853,18:09:58
1059,844,15:26:59
1059,852,15:28:52
1059,854,15:29:09
1059,817,15:30:21
1059,822,15:31:34
1059,832,15:32:00
1059,842,15:32:01
1059,847,15:32:17
1059,830,15:33:10
1059,4,15:33:49
1059,849,15:34:01
1059,1,15:34:46
1059,815,15:43:14
1059,846,15:43:44
1059,839,15:50:47
1059,841,15:50:48
1059,853,15:56:17
1059,830,15:56:20
1059,8,15:59:18
1059,840,16:00:37
1059,20,16:05:29
1059,844,16:07:29
1058,844,15:04:22
1058,849,15:04:58
1058,853,15:28:40
1058,841,15:30:50
1058,847,15:33:03
1058,815,15:33:46
1058,849,15:34:10
1058,852,15:34:15
1058,847,15:34:49
1058,822,15:34:56
1058,4,15:35:25
1058,20,15:35:28
1058,1,15:35:48
1058,840,15:36:35
1058,830,15:36:53
1058,846,15:39:53
1058,854,15:43:09
1058,8,15:46:10
1058,839,15:46:14
1058,844,15:47:22
1058,832,15:51:48
1058,817,15:52:04
1058,815,16:06:26
1058,1,16:23:22
1060,841,15:04:39
1060,852,15:18:55
1060,842,15:20:04
1060,840,15:21:20
1060,20,15:24:54
1060,853,15:37:15
1060,817,15:38:55
1060,841,15:39:18
1060,846,15:39:39
1060,822,15:39:41
1060,847,15:40:16
1060,1,15:40:45
1060,830,15:41:42
1060,815,15:42:28
1060,4,15:42:41
1060,849,15:44:01
1060,844,15:44:47
1060,854,15:45:26
1060,8,15:48:30
1060,842,15:57:48
1060,853,15:58:58
1060,840,15:59:19
1060,832,16:01:07
1060,20,16:02:39
1060,852,16:04:57
1060,1,16:06:32
1060,830,16:14:03
1061,844,15:07:57
1061,1,15:08:00
1061,822,15:08:02
1061,846,15:08:03
1061,817,15:08:05
1061,20,15:08:08
1061,4,15:08:10
1061,832,15:08:12
1061,8,15:08:14
1061,839,15:08:16
1061,840,15:08:18
1061,842,15:08:21
1061,841,15:08:22
1061,847,15:08:25
1061,852,15:08:28
1061,854,15:08:30
1061,849,15:08:32
1061,853,15:08:35
1061,815,15:08:37
1061,8,16:09:59
1061,815,16:10:00
1061,847,16:10:03
1061,20,16:10:08
1061,839,16:11:30
1061,849,16:11:41
1061,817,16:12:48
1061,846,16:14:08
1061,822,16:15:42
1061,840,16:17:39
1061,841,16:17:51
1061,4,16:19:10
1061,854,16:20:00
1061,853,16:21:37
1061,1,16:23:17
1061,832,16:25:06
1061,842,16:25:29
1061,844,16:26:18
1061,852,16:28:42
1061,815,16:41:17
1061,842,16:53:40
1061,815,16:56:54
1062,830,15:05:21
1062,853,15:05:28
1062,846,15:05:33
1062,841,15:05:53
1062,1,15:07:57
1062,839,15:07:59
1062,20,15:08:02
1062,832,15:08:04
1062,852,15:08:08
1062,849,15:08:10
1062,4,15:08:13
1062,847,15:08:17
1062,8,15:08:20
1062,854,15:08:22
1062,842,15:08:25
1062,817,15:08:28
1062,830,15:08:31
1062,853,15:08:34
1062,841,15:08:38
1062,839,15:34:31
1062,20,15:34:31
1062,832,15:34:32
1062,852,15:34:33
1062,849,15:34:34
1062,4,15:34:40
1062,847,15:34:41
1062,8,15:34:41
1062,854,15:34:42
1062,842,15:34:43
1062,817,15:34:43
1062,830,15:34:44
1062,841,15:34:48
1062,1,15:36:34
1062,841,15:46:53
1062,8,15:52:26
1062,1,15:58:08
1062,817,15:59:29
1062,830,15:59:31
1062,847,16:00:52
1062,852,16:02:06
1062,849,16:03:29
1062,842,16:13:24
1062,832,16:15:52
1062,841,16:18:12
1062,854,16:19:34
1062,20,16:21:14
1062,839,16:22:34
1062,4,16:25:35
1062,830,16:27:50
1062,1,16:36:41
1062,8,16:45:57
1062,842,17:05:56
1064,854,15:08:42
1064,815,15:13:52
1064,20,15:16:24
1064,1,15:28:18
1064,830,15:29:30
1064,849,15:33:19
1064,842,15:33:50
1064,841,15:38:13
1064,847,15:38:14
1064,840,15:38:17
1064,817,15:42:01
1064,822,15:42:24
1064,832,15:42:58
1064,839,15:43:12
1064,852,15:43:30
1064,854,15:43:39
1064,4,15:45:41
1064,841,15:46:17
1064,853,15:46:35
1064,844,15:46:39
1064,1,15:52:19
1064,830,15:53:30
1064,9,15:55:29
1064,846,15:57:26
1064,20,16:00:37
1064,815,16:03:51
1064,822,16:27:35
1064,1,16:30:49
1064,847,16:30:57
1065,841,15:05:21
1065,817,15:35:18
1065,20,15:35:56
1065,830,15:36:46
1065,849,15:37:22
1065,854,15:37:49
1065,846,15:38:19
1065,853,15:39:22
1065,1,15:39:44
1065,840,15:40:09
1065,4,15:40:14
1065,841,15:40:55
1065,844,15:41:30
1065,815,15:41:34
1065,832,15:41:48
1065,822,15:41:50
1065,839,15:42:10
1065,847,15:42:13
1065,9,15:42:21
1065,20,15:42:41
1065,853,15:47:13
1065,853,16:05:25
1066,840,15:24:13
1066,847,15:25:55
1066,849,15:26:27
1066,852,15:26:28
1066,832,15:27:33
1066,853,15:28:09
1066,839,15:29:27
1066,8,15:29:28
1066,854,15:38:36
1066,817,15:41:11
1066,1,15:47:52
1066,830,15:47:58
1066,20,15:48:09
1066,846,15:51:03
1066,822,15:51:35
1066,842,16:00:00
1066,844,16:03:07
1066,815,16:04:32
1066,4,16:04:40
1066,841,16:05:27
1066,847,16:23:56
1066,822,16:23:58
1066,8,16:23:59
1066,853,16:24:05
1066,852,16:24:44
1066,830,16:25:32
1066,832,16:25:33
1066,817,16:25:35
1066,840,16:26:01
1066,1,16:26:32
1066,852,16:29:31
1066,4,16:29:34
1066,815,16:29:36
1066,20,16:30:10
1066,842,16:30:49
1066,839,16:30:58
1066,841,16:31:14
1066,846,16:31:33
1066,844,16:32:51
1067,817,15:37:18
1067,4,15:51:43
1067,846,15:57:20
1067,849,15:58:22
1067,852,15:59:39
1067,847,15:59:42
1067,830,15:59:52
1067,832,16:00:33
1067,853,16:00:40
1067,20,16:00:56
1067,822,16:01:20
1067,815,16:01:47
1067,8,16:02:50
1067,20,16:03:36
1067,842,16:05:01
1067,840,16:05:17
1067,854,16:07:05
1067,841,16:07:22
1067,844,16:17:27
1067,1,16:22:19
1069,853,14:05:35
1069,839,14:09:03
1069,849,14:12:39
1069,4,14:16:03
1069,841,14:17:44
1069,852,14:19:23
1069,847,14:19:32
1069,830,14:20:36
1069,846,14:21:01
1069,842,14:21:07
1069,817,14:22:38
1069,832,14:22:41
1069,854,14:23:10
1069,815,14:24:06
1069,844,14:24:15
1069,8,14:24:38
1069,1,14:25:41
1069,822,14:29:44
1069,20,14:33:24
1069,840,14:35:13
1069,853,14:46:40
1069,849,14:47:47
1069,839,14:47:50
1069,841,14:49:12
1069,4,14:52:44
1069,830,14:52:59
1069,832,14:53:43
1069,815,14:55:02
1069,817,14:55:23
1069,846,14:55:31
1069,8,14:57:43
1069,847,14:58:07
1069,844,14:58:34
1069,852,14:59:23
1069,822,15:02:17
1069,840,15:03:12
1069,854,15:03:41
1069,1,15:06:30
1069,20,15:09:49
1069,853,15:09:52
1069,4,15:11:40
1070,817,13:05:11
1070,822,13:05:16
1070,849,13:21:22
1070,840,13:22:45
1070,853,13:24:11
1070,839,13:25:30
1070,847,13:26:51
1070,841,13:28:00
1070,1,13:45:17
1070,844,13:47:01
1070,842,13:48:20
1070,8,13:50:02
1070,830,13:50:33
1070,20,13:51:22
1070,840,13:53:37
1070,817,13:58:47
1070,4,13:59:43
1070,815,14:00:14
1070,822,14:01:30
1070,832,14:03:25
1070,846,14:06:38
1070,849,14:14:59
1070,853,14:28:22
1070,822,14:33:17
1070,822,14:39:06
1071,846,14:04:50
1071,852,14:08:22
1071,847,14:11:08
1071,852,14:11:57
1071,846,14:12:08
1071,830,14:12:32
1071,815,14:12:34
1071,1,14:12:37
1071,822,14:12:38
1071,844,14:12:40
1071,832,14:12:42
1071,20,14:12:43
1071,842,14:12:45
1071,839,14:12:46
1071,817,14:12:47
1071,4,14:12:52
1071,840,14:12:53
1071,841,14:12:55
1071,853,14:12:56
1071,854,14:12:57
1071,849,14:12:59
1071,8,14:13:01
1071,847,14:13:02
1071,852,14:13:33
1071,846,14:13:44
1071,830,14:14:46
1071,815,14:14:48
1071,1,14:14:49
1071,822,14:14:50
1071,844,14:14:52
1071,832,14:14:54
1071,20,14:14:57
1071,842,14:14:58
1071,839,14:15:00
1071,817,14:15:01
1071,4,14:15:04
1071,840,14:15:06
1071,841,14:15:07
1071,853,14:15:10
1071,854,14:15:11
1071,849,14:15:12
1071,8,14:15:15
1071,847,14:15:17
1071,852,14:15:18
1071,846,14:15:20
1071,854,14:20:29
1071,849,14:23:27
1071,840,14:34:51
1071,842,14:38:27
1071,1,14:39:27
1071,832,14:39:40
1071,830,14:40:38
1071,844,14:40:53
1071,815,14:42:01
1071,20,14:42:22
1071,8,14:42:38
1071,841,14:43:50
1071,822,14:44:40
1071,854,14:44:54
1071,817,14:44:58
1071,839,14:45:08
1071,4,14:50:16
1071,853,14:50:55
1071,846,14:54:11
1071,852,14:56:53
1071,849,14:57:10
1071,830,14:57:11
1071,822,14:58:30
1071,847,14:59:33
1071,815,14:59:48
1071,841,15:00:49
1071,1,15:00:52
1071,842,15:11:27
1071,844,15:12:32
1071,8,15:13:19
1071,832,15:13:50
1071,20,15:16:50
1071,854,15:26:09
1071,815,15:33:06
1051,852,17:17:42
1051,8,17:19:14
1051,842,17:23:37
1051,841,17:26:54
1051,830,17:29:03
1051,847,17:30:00
1051,1,17:30:21
1051,849,17:31:31
1051,815,17:32:28
1051,854,17:37:38
1051,4,17:38:20
1051,840,17:38:40
1051,839,17:40:07
1051,846,17:41:32
1051,817,17:43:19
1051,20,17:43:20
1051,832,17:44:36
1051,844,17:44:46
1051,8,17:49:40
1051,853,17:51:36
1051,841,17:52:43
1051,822,17:53:44
1051,852,17:55:29
1051,842,17:56:42
1051,830,18:04:20
1051,815,18:05:15
1051,1,18:05:37
1051,846,18:17:08
1051,847,18:18:36
1051,830,18:24:59
1072,840,20:48:30
1072,847,20:48:32
1072,1,20:49:49
1072,822,20:49:57
1072,844,20:50:01
1072,815,20:50:04
1072,846,20:50:14
1072,4,20:50:27
1072,849,20:50:43
1072,830,20:58:28
1072,1,20:58:32
1072,822,20:58:35
1072,839,20:58:37
1072,817,20:58:41
1072,844,20:58:42
1072,842,20:58:44
1072,815,20:58:46
1072,832,20:58:47
1072,841,20:58:49
1072,852,20:58:51
1072,8,20:58:54
1072,20,20:58:56
1072,846,20:58:57
1072,4,20:59:01
1072,853,20:59:05
1072,847,20:59:08
1072,840,20:59:12
1072,849,20:59:20
1072,830,21:21:56
1072,839,21:21:58
1072,1,21:22:02
1072,817,21:22:05
1072,822,21:22:07
1072,842,21:22:09
1072,844,21:22:10
1072,841,21:22:14
1072,832,21:22:15
1072,20,21:22:20
1072,8,21:22:24
1072,852,21:22:26
1072,4,21:22:31
1072,840,21:22:33
1072,849,21:22:34
1072,846,21:22:36
1072,852,21:57:04
1072,8,22:01:34
1072,4,22:32:14
1073,854,17:18:55
1073,830,17:22:42
1073,1,17:24:04
1073,844,17:26:08
1073,839,17:26:13
1073,846,17:29:04
1073,841,17:29:20
1073,817,17:30:47
1073,832,17:31:59
1073,815,17:34:55
1073,840,17:35:25
1073,8,17:35:29
1073,852,17:38:05
1073,20,17:38:23
1073,849,17:46:18
1073,822,17:48:30
1073,844,17:56:24
1073,830,17:57:06
1073,815,17:57:40
1073,4,17:58:06
1073,842,17:58:06
1073,846,18:16:06
1073,830,18:22:37
1073,817,18:22:38
1073,840,18:22:55
1073,815,18:23:09
1073,854,18:23:42
1073,852,18:24:01
1073,842,18:25:56
1020,1,16:07:32
1074,1,18:21:54
1074,4,18:22:10
1074,854,18:24:08
1074,848,18:25:47
1074,830,18:26:43
1074,832,18:26:50
1074,825,18:27:07
1074,842,18:27:08
1074,839,18:27:11
1074,822,18:27:19
1074,849,18:27:38
1074,844,18:28:19
1074,815,18:28:32
1074,847,18:28:38
1074,852,18:28:57
1074,855,18:29:03
1074,817,18:32:46
1074,840,18:34:18
1074,807,18:36:11
1074,846,18:44:41
1074,4,18:45:53
1074,1,18:48:44
1074,852,18:52:37
1074,830,18:53:16
1074,839,18:54:12
1074,844,18:54:52
1074,842,18:57:23
1074,849,18:58:19
1074,832,18:58:21
1074,815,18:58:23
1074,847,18:58:45
1074,817,18:59:53
1074,825,19:00:39
1074,854,19:02:58
1074,848,19:03:09
1074,822,19:04:16
1074,855,19:06:00
1074,807,19:06:47
1074,840,19:08:04
1074,846,19:13:23
1074,4,19:14:26
1074,830,19:14:40
1074,815,19:14:56
1074,839,19:15:58
1074,832,19:16:30
1074,1,19:16:52
1074,852,19:17:39
1074,817,19:18:41
1074,847,19:18:53
1074,807,19:18:58
1074,822,19:19:39
1074,855,19:19:45
1074,844,19:19:53
1074,840,19:20:32
1074,846,19:20:59
1074,849,19:21:07
1074,825,19:21:29
1074,848,19:22:54
1075,817,20:16:37
1075,840,20:24:49
1075,848,20:24:54
1075,815,20:27:12
1075,842,20:27:52
1075,844,20:28:55
1075,830,20:28:58
1075,832,20:29:04
1075,847,20:29:21
1075,4,20:29:40
1075,822,20:29:43
1075,839,20:29:50
1075,846,20:29:54
1075,855,20:29:56
1075,855,20:51:18
1075,822,21:03:48
1075,825,21:06:57
1075,807,21:07:16
1075,1,21:12:59
1076,840,15:08:15
1076,840,15:10:29
1076,849,15:25:03
1076,854,15:26:23
1076,839,15:30:30
1076,830,15:31:37
1076,852,15:32:02
1076,815,15:34:33
1076,846,15:34:40
1076,817,15:36:06
1076,842,15:36:15
1076,855,15:36:22
1076,844,15:37:04
1076,1,15:37:22
1076,822,15:37:40
1076,847,15:38:51
1076,840,15:39:30
1076,849,15:40:00
1076,4,16:05:24
1076,825,16:05:30
1076,4,16:25:28
1076,848,16:30:33
1077,817,15:07:48
1077,817,15:31:14
1077,20,15:32:26
1077,842,15:32:38
1077,848,15:32:41
1077,815,15:33:26
1077,847,15:33:46
1077,822,15:33:47
1077,825,15:33:56
1077,852,15:34:06
1077,840,15:34:06
1077,1,15:34:07
1077,839,15:34:08
1077,849,15:34:17
1077,855,15:34:18
1077,854,15:34:18
1077,830,15:34:49
1077,844,15:34:56
1077,846,15:35:07
1077,817,15:51:37
1077,844,16:16:19
1077,815,16:17:38
1077,830,16:18:44
1077,854,16:22:04
1077,844,16:22:17
1078,852,15:51:11
1078,825,15:52:43
1078,854,15:55:54
1078,4,15:57:23
1078,842,15:58:56
1078,848,15:59:11
1078,846,16:02:13
1078,1,16:08:23
1078,844,16:11:03
1078,830,16:14:04
1078,822,16:14:35
1078,832,16:15:51
1078,815,16:16:00
1078,817,16:21:25
1078,849,16:28:20
1078,847,16:36:53
1078,840,16:37:28
1078,842,16:37:43
1078,815,16:38:38
1078,839,16:39:21
1078,20,16:39:42
1078,817,16:39:49
1078,852,16:40:43
1078,825,16:41:34
1078,854,17:03:43
1079,1,15:05:05
1079,825,15:05:25
1079,832,15:18:23
1079,4,15:18:24
1079,842,15:18:27
1079,855,15:18:29
1079,852,15:19:52
1079,817,15:19:54
1079,848,15:20:05
1079,846,15:21:18
1079,854,15:21:23
1079,849,15:21:38
1079,847,15:22:29
1079,830,15:22:30
1079,839,15:22:43
1079,822,15:24:08
1079,840,15:24:34
1079,815,15:28:29
1079,844,15:34:08
1079,20,15:35:06
1079,1,15:36:50
1079,848,15:41:42
1079,849,15:43:09
1079,840,15:44:33
1079,830,15:44:56
1079,842,15:47:23
1079,825,15:47:59
1079,854,15:48:45
1079,832,15:49:46
1079,4,15:50:10
1079,817,15:50:18
1079,852,15:51:35
1079,846,15:52:58
1079,822,15:54:04
1079,839,15:55:53
1079,847,15:56:49
1079,815,15:58:12
1079,20,16:06:42
1079,830,16:08:25
1079,832,16:10:31
1079,848,16:12:16
1079,842,16:13:00
1079,840,16:13:18
1079,1,16:15:01
1079,817,16:15:50
1079,847,16:19:02
1079,849,16:19:30
1079,846,16:19:48
1079,839,16:21:10
1079,852,16:21:27
1079,815,16:21:47
1079,4,16:22:49
1079,848,16:26:07
1080,840,16:07:59
1080,849,16:08:10
1080,842,16:10:02
1080,840,16:10:09
1080,849,16:10:20
1080,854,16:13:36
1080,20,16:16:58
1080,852,16:17:00
1080,1,16:31:22
1080,815,16:32:29
1080,846,16:34:17
1080,854,16:35:15
1080,844,16:35:26
1080,830,16:35:33
1080,848,16:36:49
1080,817,16:38:22
1080,855,16:38:23
1080,849,16:38:26
1080,822,16:39:34
1080,832,16:40:05
1080,844,16:40:08
1080,847,16:40:29
1080,4,16:40:33
1080,839,16:40:50
1080,852,16:41:30
1080,815,16:41:35
1080,830,16:41:38
1080,846,16:41:58
1080,1,16:42:19
1080,842,16:42:42
1080,848,16:43:36
1080,20,16:44:09
1080,840,16:45:45
1080,815,16:55:41
1080,832,16:55:42
1080,830,16:55:43
1080,840,16:55:46
1080,844,16:55:47
1080,852,16:55:51
1080,855,16:55:52
1080,847,16:55:54
1080,846,16:55:56
1080,849,16:55:58
1080,4,16:56:01
1080,1,16:56:02
1080,848,16:56:04
1080,839,16:56:06
1080,822,16:56:07
1080,20,16:56:28
1080,842,16:56:31
1080,817,16:56:33
1080,846,17:44:43
1080,852,17:52:23
1081,849,15:09:50
1081,844,15:20:26
1081,847,15:20:43
1081,842,15:20:49
1081,1,15:20:54
1081,20,15:20:55
1081,852,15:20:57
1081,855,15:21:08
1081,825,15:21:11
1081,848,15:21:16
1081,854,15:21:23
1081,815,15:33:43
1081,849,15:37:03
1081,830,15:37:17
1081,4,15:37:59
1081,846,15:41:42
1081,854,15:47:51
1081,848,15:58:39
1081,840,16:00:30
1081,830,16:04:40
1081,815,16:04:56
1081,847,16:05:19
1081,1,16:05:49
1081,817,16:06:02
1081,839,16:06:22
1081,822,16:06:34
1081,852,16:15:56
1082,20,14:10:02
1082,842,14:10:04
1082,825,14:12:33
1082,830,14:15:15
1082,1,14:15:24
1082,852,14:15:50
1082,849,14:15:59
1082,848,14:28:07
1082,847,14:29:03
1082,839,14:29:16
1082,855,14:29:24
1082,817,14:29:26
1082,846,14:29:34
1082,20,14:29:44
1082,832,14:30:33
1082,4,14:41:26
1082,842,14:52:35
1082,849,14:54:22
1082,844,14:58:44
1082,830,15:00:29
1082,846,15:00:41
1082,1,15:02:06
1082,847,15:03:30
1082,840,15:06:55
1082,852,15:07:00
1082,832,15:08:24
1082,848,15:08:45
1082,839,15:09:34
1082,4,15:09:42
1082,822,15:09:50
1082,855,15:10:04
1082,817,15:10:08
1083,830,15:05:31
1083,832,15:05:33
1083,1,15:05:36
1083,844,15:05:37
1083,4,15:05:41
1083,815,15:05:43
1083,846,15:05:46
1083,849,15:05:48
1083,822,15:05:50
1083,817,15:05:52
1083,842,15:05:55
1083,825,15:05:57
1083,20,15:06:00
1083,840,15:06:02
1083,854,15:06:04
1083,852,15:06:40
1083,839,15:07:49
1083,815,16:04:31
1083,20,16:06:13
1083,830,16:15:21
1083,840,16:20:37
1083,842,16:22:13
1083,852,16:25:31
1083,849,16:26:52
1083,854,16:26:53
1083,832,16:27:47
1083,817,16:28:29
1083,839,16:31:35
1083,825,16:31:40
1083,830,16:33:05
1083,844,16:35:33
1083,817,16:47:52
1083,1,16:47:54
1083,4,16:48:31
1083,846,16:50:02
1083,832,16:57:33
1083,1,16:57:35
1083,817,16:57:44
1083,815,16:58:08
1083,852,16:58:09
1083,4,16:58:32
1083,20,16:59:03
1083,830,16:59:10
1083,854,16:59:12
1083,849,16:59:24
1083,846,17:00:36
1083,840,17:01:33
1084,815,15:05:03
1084,822,15:10:38
1084,847,15:16:24
1084,848,15:16:33
1084,817,15:17:44
1084,842,15:17:45
1084,849,15:17:50
1084,830,15:18:34
1084,846,15:20:05
1084,825,15:21:15
1084,839,15:22:24
1084,854,15:22:28
1084,20,15:27:30
1084,855,15:32:20
1084,844,15:33:54
1084,852,15:34:42
1084,832,15:35:10
1084,4,15:35:56
1084,1,15:36:38
1084,840,15:38:12
1084,849,15:45:51
1084,830,15:45:57
1084,822,15:50:27
1084,847,15:51:25
1084,842,15:51:40
1084,825,15:52:37
1084,848,15:52:47
1084,854,15:54:56
1084,846,15:55:00
1084,839,15:56:05
1084,817,15:56:18
1084,20,15:56:41
1084,855,15:58:57
1084,852,15:58:59
1084,844,16:01:09
1084,840,16:01:18
1084,832,16:02:23
1084,1,16:04:01
1084,4,16:11:50
1084,844,16:12:03
1084,830,16:12:09
1084,4,16:13:43
1085,825,15:17:07
1085,854,15:18:50
1085,855,15:18:55
1085,852,15:22:23
1085,830,15:29:58
1085,1,15:33:29
1085,815,15:33:34
1085,847,15:33:35
1085,4,15:33:47
1085,846,15:33:55
1085,839,15:34:00
1085,832,15:34:02
1085,817,15:34:05
1085,840,15:34:07
1085,848,15:34:13
1085,842,15:34:17
1085,822,15:34:25
1085,825,15:34:37
1085,854,15:34:48
1085,20,15:36:34
1085,849,15:36:38
1085,855,15:42:44
1085,822,16:05:53
1085,849,16:09:37
1085,832,16:15:12
1086,848,15:06:40
1086,825,15:12:24
1086,852,15:22:33
1086,846,15:23:43
1086,840,15:23:56
1086,817,15:25:20
1086,20,15:25:23
1086,847,15:26:14
1086,830,15:26:25
1086,842,15:26:55
1086,832,15:27:39
1086,815,15:29:20
1086,849,15:29:51
1086,1,15:30:39
1086,844,15:33:16
1086,4,15:33:45
1086,854,15:33:58
1086,848,15:34:22
1086,839,15:36:35
1086,822,15:41:08
1086,855,15:42:36
1086,852,15:51:30
1086,825,15:54:34
1086,830,15:57:25
1086,844,15:58:41
1086,847,15:58:47
1086,849,16:00:11
1086,848,16:01:49
1086,854,16:03:01
1086,815,16:03:23
1086,846,16:03:39
1086,817,16:09:35
1086,840,16:09:36
1086,20,16:09:42
1086,842,16:09:48
1086,832,16:10:02
1086,1,16:15:42
1086,855,16:17:20
1086,852,16:17:46
1086,844,16:20:03
1086,849,16:24:42
1086,825,16:40:35
1087,844,15:11:12
1087,849,15:11:25
1087,848,15:25:41
1087,842,15:25:49
1087,832,15:27:20
1087,4,15:27:31
1087,825,15:27:45
1087,817,15:29:33
1087,839,15:29:35
1087,847,15:31:15
1087,846,15:31:34
1087,815,15:33:07
1087,20,15:33:20
1087,855,15:33:31
1087,854,15:33:42
1087,830,15:34:57
1087,840,15:35:24
1087,849,15:35:37
1087,852,15:41:15
1087,842,15:49:05
1087,832,15:54:09
1087,844,15:54:29
1087,4,15:54:38
1087,848,15:56:46
1087,840,15:56:48
1087,815,15:57:52
1087,825,15:58:52
1087,855,16:00:41
1087,847,16:01:48
1087,846,16:02:33
1087,830,16:03:17
1087,852,16:04:30
1087,854,16:04:45
1087,839,16:08:04
1087,817,16:08:17
1087,20,16:09:55
1087,849,16:12:36
1087,844,16:26:44
1088,20,15:14:56
1088,842,15:17:31
1088,817,15:17:33
1088,4,15:18:45
1088,855,15:18:49
1088,854,15:20:02
1088,852,15:20:05
1088,849,15:20:19
1088,832,15:21:02
1088,815,15:21:05
1088,825,15:21:35
1088,840,15:23:49
1088,822,15:24:05
1088,844,15:24:47
1088,846,15:25:04
1088,830,15:25:58
1088,839,15:26:30
1088,848,15:30:35
1088,849,15:37:39
1088,817,15:38:47
1088,1,15:40:15
1088,847,15:42:53
1088,842,15:45:03
1088,854,15:46:28
1088,822,15:47:42
1088,825,15:47:53
1088,20,15:49:07
1088,855,15:51:33
1088,840,15:52:27
1088,815,15:54:40
1088,852,15:57:54
1088,848,15:58:02
1088,832,15:58:43
1088,844,16:00:48
1088,852,16:01:22
1088,846,16:04:07
1088,4,16:04:12
1088,830,16:04:44
1088,1,16:05:02
1088,847,16:05:08
1088,854,16:05:28
1088,825,16:05:32
1088,817,16:05:38
1088,20,16:07:10
1088,849,16:15:44
1088,830,16:15:47
1088,848,16:16:14
1088,844,16:16:24
1088,815,16:16:29
1088,855,16:16:34
1088,817,16:16:52
1088,839,16:17:06
1088,840,16:17:12
1088,842,16:17:37
1088,1,16:18:18
1088,849,16:18:20
1088,847,16:18:21
1088,830,16:18:22
1088,848,16:18:24
1088,854,16:18:26
1088,20,16:18:30
1088,844,16:18:32
1088,825,16:18:34
1088,815,16:18:36
1088,855,16:18:40
1088,832,16:18:46
1088,846,16:18:50
1088,4,16:18:53
1088,817,16:19:00
1088,839,16:19:10
1088,840,16:19:11
1088,842,16:19:20
1089,815,15:13:53
1089,844,15:21:01
1089,849,15:26:02
1089,842,15:30:13
1089,855,15:30:16
1089,840,15:30:22
1089,817,15:31:40
1089,856,15:31:43
1089,839,15:31:50
1089,852,15:31:51
1089,847,15:37:02
1089,825,15:39:20
1089,830,15:39:43
1089,832,15:47:28
1089,844,15:51:22
1089,1,15:52:05
1089,854,15:52:21
1089,846,15:54:54
1089,822,15:55:18
1089,815,16:05:01
1089,847,16:11:50
1089,825,16:12:00
1089,832,16:12:01
1089,846,16:12:41
1089,830,16:13:04
1089,852,16:13:25
1089,844,16:13:27
1089,849,16:13:35
1091,825,21:23:45
1091,847,21:54:16
1091,842,22:19:45
1091,852,22:20:11
1091,822,22:20:13
1091,825,22:20:17
1091,844,22:20:56
1091,1,22:21:36
1091,20,22:21:44
1091,854,22:22:03
1091,815,22:22:51
1091,832,22:23:17
1091,830,22:23:33
1091,840,22:23:50
1091,847,22:25:08
1091,846,22:25:51
1091,817,22:26:23
1091,830,22:36:35
1091,854,22:39:34
1091,847,22:39:46
1091,847,22:59:32
1092,842,14:06:24
1092,830,14:08:39
1092,844,14:08:41
1092,815,14:08:44
1092,839,14:08:46
1092,1,14:08:49
1092,4,14:08:52
1092,847,14:08:54
1092,817,14:08:57
1092,852,14:09:00
1092,854,14:09:04
1092,840,14:09:07
1092,825,14:09:08
1092,846,14:09:10
1092,822,14:09:11
1092,849,14:09:14
1092,20,14:09:17
1092,855,14:09:20
1092,842,14:09:22
1092,849,16:23:57
1092,20,16:23:58
1092,846,16:25:53
1092,822,16:25:56
1092,830,16:27:26
1092,844,16:27:27
1092,815,16:27:32
1092,839,16:27:34
1092,1,16:27:36
1092,847,16:27:40
1092,852,16:27:44
1092,825,16:27:47
1092,840,16:27:48
1092,842,16:27:52
1092,4,16:29:28
1092,817,16:29:36
1092,855,16:31:37
1092,854,16:35:25
1092,855,16:48:24
1092,840,16:50:04
1092,842,16:50:13
1092,852,16:51:53
1092,4,16:55:11
1093,849,14:12:42
1093,848,14:19:29
1093,855,14:19:31
1093,822,14:21:08
1093,852,14:21:14
1093,817,14:21:17
1093,842,14:22:51
1093,1,14:24:13
1093,830,14:25:50
1093,847,14:26:03
1093,815,14:27:47
1093,846,14:28:05
1093,840,14:29:39
1093,844,14:34:58
1093,20,14:35:06
1093,4,14:35:26
1093,839,14:35:37
1093,854,14:35:37
1093,825,14:35:42
1093,848,14:35:50
1093,849,14:36:12
1093,4,14:45:23
1093,855,14:48:10
1093,842,15:05:32
1093,852,15:07:16
1093,854,15:07:18
1093,1,15:08:39
1093,846,15:08:59
1093,830,15:10:18
1093,844,15:10:26
1093,817,15:10:56
1093,847,15:12:10
1093,815,15:15:33
1093,20,15:20:46
1093,839,15:28:05
1093,847,15:42:52
1094,840,14:27:31
1094,815,14:35:10
1094,849,14:36:14
1094,854,14:37:37
1094,830,14:37:51
1094,844,14:42:33
1094,1,14:43:26
1094,832,14:43:52
1094,852,14:44:16
1094,846,14:47:02
1094,839,14:49:47
1094,847,14:50:27
1094,20,14:57:10
1094,848,14:57:16
1094,825,14:57:34
1094,822,14:58:09
1094,4,14:59:30
1094,842,15:00:02
1094,840,15:00:20
1094,817,15:05:25
1094,855,15:07:02
1094,849,15:17:55
1094,847,15:39:22
1095,848,15:10:31
1095,830,15:15:34
1095,844,15:15:42
1095,4,15:24:40
1095,855,15:27:16
1095,832,15:28:17
1095,842,15:31:04
1095,852,15:32:36
1095,849,15:32:40
1095,844,15:34:01
1095,815,15:35:54
1095,830,15:36:31
1095,847,15:37:06
1095,846,15:37:31
1095,822,15:37:32
1095,839,15:37:35
1095,854,15:37:40
1095,848,15:39:08
1095,20,15:40:04
1095,1,15:43:41
1095,840,15:44:14
1095,849,15:48:45
1095,4,15:51:56
1095,842,15:52:05
1095,832,15:52:50
1095,855,15:54:45
1095,852,15:58:47
1095,844,16:03:38
1095,822,16:04:45
1095,20,16:04:49
1095,846,16:04:59
1095,854,16:06:22
1095,815,16:06:49
1095,839,16:07:25
1095,848,16:07:54
1095,1,16:08:02
1095,830,16:08:48
1095,840,16:08:59
1095,847,16:09:08
1095,4,16:13:58
1095,842,16:14:19
1095,832,16:14:50
1095,849,16:15:23
1095,852,16:18:28
1096,848,17:21:53
1096,840,17:23:19
1096,839,17:24:48
1096,852,17:24:50
1096,854,17:24:59
1096,842,17:25:03
1096,815,17:26:00
1096,847,17:26:08
1096,846,17:26:16
1096,855,17:26:28
1096,849,17:26:44
1096,832,17:29:08
1096,1,17:30:48
1096,4,17:32:33
1096,817,17:32:38
1096,830,17:33:31
1096,844,17:35:10
1096,20,17:41:51
1096,825,17:46:53
1096,822,17:49:54
1096,815,17:53:33
1096,854,17:55:56
1096,848,17:57:22
1096,852,18:01:49
1096,832,18:02:41
1096,847,18:02:44
1096,849,18:02:50
1096,840,18:04:44
1096,839,18:06:09
1096,846,18:07:36
1096,855,18:11:10
1098,842,18:18:56
1098,846,18:20:31
1098,852,18:20:34
1098,822,18:22:06
1098,848,18:22:12
1098,807,18:22:21
1098,856,18:22:21
1098,1,18:23:40
1098,839,18:23:50
1098,858,18:23:55
1098,855,18:24:01
1098,844,18:25:06
1098,832,18:25:17
1098,847,18:25:24
1098,830,18:26:35
1098,4,18:27:02
1098,840,18:28:45
1098,825,18:29:10
1098,839,18:29:11
1098,815,18:31:42
1098,846,18:32:38
1098,842,18:45:48
1098,848,18:47:25
1098,852,18:47:26
1098,807,18:47:41
1098,856,18:49:16
1098,846,18:49:35
1098,822,18:52:16
1098,825,18:52:40
1098,1,18:53:36
1098,840,18:53:45
1098,858,18:54:09
1098,832,18:55:11
1098,847,18:55:21
1098,855,18:57:31
1098,839,18:58:03
1098,844,18:58:16
1098,815,18:59:45
1098,4,19:00:09
1098,830,19:02:47
1098,846,19:06:27
1098,848,19:10:51
1098,842,19:10:52
1098,852,19:10:53
1098,858,19:11:05
1098,825,19:11:20
1098,807,19:11:26
1098,846,19:23:45
1098,855,19:34:31
1098,846,19:35:35
1099,857,20:05:36
1099,846,20:07:18
1099,825,20:16:55
1099,822,20:18:38
1099,855,20:21:41
1099,807,20:21:43
1099,840,20:24:39
1099,842,20:26:26
1099,832,20:27:49
1099,844,20:29:29
1099,839,20:29:34
1099,852,20:31:24
1099,848,20:31:32
1099,856,20:31:39
1099,822,20:32:08
1099,815,20:32:46
1099,4,20:32:54
1099,847,20:33:05
1099,830,20:33:15
1099,1,20:33:24
1099,858,20:33:55
1099,855,20:34:06
1099,846,20:36:25
1099,822,21:02:57
1100,839,15:05:04
1100,855,15:05:11
1100,858,15:05:13
1100,815,15:05:15
1100,822,15:05:16
1100,858,15:07:25
1100,815,15:07:26
1100,847,15:15:01
1100,832,15:15:05
1100,825,15:15:21
1100,1,15:17:43
1100,830,15:17:45
1100,4,15:17:48
1100,840,15:17:51
1100,842,15:17:53
1100,807,15:17:55
1100,847,15:17:59
1100,852,15:18:02
1100,846,15:18:04
1100,857,15:18:06
1100,832,15:18:08
1100,856,15:18:11
1100,839,15:18:14
1100,815,15:18:16
1100,855,15:18:19
1100,822,15:18:21
1100,858,15:18:23
1100,825,15:18:27
1100,858,16:15:29
1100,856,16:28:14
1100,822,16:39:03
1100,857,16:40:06
1100,855,16:40:31
1100,852,16:40:36
1100,830,16:41:38
1100,1,16:41:40
1100,4,16:41:42
1100,822,16:41:44
1100,832,16:41:45
1100,842,16:41:47
1100,840,16:41:50
1100,815,16:41:53
1100,858,16:41:54
1100,846,16:41:56
1100,807,16:41:58
1100,856,16:42:01
1100,839,16:42:03
1100,857,16:42:20
1100,855,16:42:47
1100,852,16:42:52
1100,822,16:55:40
1100,858,16:55:45
1100,856,16:55:47
1100,830,17:02:10
1100,1,17:02:11
1100,832,17:02:13
1100,807,17:02:14
1100,852,17:02:16
1100,846,17:02:17
1100,857,17:02:19
1100,855,17:02:22
1100,822,17:02:23
1100,815,17:02:25
1100,4,17:02:27
1100,840,17:02:29
1101,842,15:13:22
1101,822,15:15:14
1101,848,15:16:57
1101,852,15:18:43
1101,857,15:18:44
1101,858,15:18:50
1101,1,15:20:23
1101,846,15:20:27
1101,830,15:22:00
1101,825,15:22:35
1101,815,15:24:20
1101,844,15:24:25
1101,832,15:24:33
1101,4,15:24:35
1101,847,15:24:42
1101,840,15:24:42
1101,855,15:25:01
1101,822,15:27:47
1101,842,15:48:15
1101,822,16:08:14
1101,847,16:34:10
1101,807,16:34:47
1101,839,16:36:20
1102,858,15:37:09
1102,846,15:40:18
1102,857,15:41:49
1102,825,15:55:45
1102,842,15:57:16
1102,822,15:57:23
1102,856,15:57:33
1102,847,16:00:18
1102,844,16:00:25
1102,832,16:01:46
1102,815,16:04:48
1102,848,16:08:22
1102,4,16:11:02
1102,855,16:22:27
1102,807,16:25:26
1102,852,16:30:01
1102,1,16:31:29
1102,839,16:34:33
1102,840,16:39:18
1102,830,16:42:58
1104,807,15:04:32
1104,855,15:04:37
1104,815,15:04:37
1104,848,15:27:12
1104,858,15:30:02
1104,858,15:34:16
1104,1,15:43:34
1104,839,15:44:45
1104,832,15:46:05
1104,815,15:48:26
1104,844,16:00:25
1104,842,16:04:16
1104,846,16:08:48
1104,822,16:10:46
1104,840,16:10:52
1104,855,16:12:35
1104,848,16:12:37
1104,852,16:13:18
1104,858,16:13:19
1104,4,16:13:32
1104,856,16:13:47
1104,847,16:13:57
1104,839,16:14:06
1104,1,16:14:09
1104,842,16:14:18
1104,815,16:14:19
1104,830,16:15:17
1104,857,16:15:18
1104,846,16:15:20
1104,4,16:15:37
1104,807,16:16:01
1104,844,16:16:03
1104,832,16:16:04
1104,825,16:20:26
1104,815,16:21:27
1104,807,16:25:02
1104,815,16:43:16
1105,846,15:04:44
1105,822,15:10:18
1105,807,15:14:21
1105,855,15:15:38
1105,856,15:15:44
1105,852,15:17:01
1105,825,15:17:06
1105,839,15:21:01
1105,840,15:22:19
1105,832,15:23:33
1105,844,15:25:17
1105,848,15:25:24
1105,857,15:26:32
1105,858,15:26:49
1105,4,15:29:09
1105,842,15:29:18
1105,846,15:33:50
1105,1,15:35:37
1105,825,15:36:26
1105,847,15:37:07
1105,830,15:38:06
1105,807,15:39:04
1105,815,15:39:57
1105,840,15:49:34
1105,852,15:49:38
1105,839,15:50:57
1105,855,15:52:25
1105,858,15:52:53
1105,848,15:54:12
1105,856,15:55:17
1105,857,15:56:28
1105,842,15:56:30
1105,822,15:56:58
1105,832,15:58:46
1105,844,15:59:13
1105,825,16:00:59
1105,807,16:02:05
1105,4,16:03:01
1105,847,16:03:58
1105,1,16:10:22
1105,815,16:10:42
1105,846,16:11:39
1105,830,16:12:44
1106,852,14:04:32
1106,842,14:16:36
1106,807,14:17:50
1106,840,14:17:53
1106,856,14:17:56
1106,830,14:18:49
1106,1,14:18:59
1106,4,14:19:00
1106,839,14:19:12
1106,857,14:19:16
1106,846,14:19:24
1106,848,14:19:25
1106,855,14:19:31
1106,847,14:19:55
1106,840,14:42:23
1106,807,14:47:37
1106,855,14:48:55
1106,842,14:50:14
1106,852,14:51:31
1106,846,14:52:42
1106,825,14:53:34
1106,839,14:53:56
1106,822,14:53:58
1106,815,14:55:06
1106,857,14:55:21
1106,832,14:56:16
1106,844,14:57:32
1106,1,14:58:46
1106,4,14:59:58
1106,830,15:01:10
1106,856,15:13:30
1106,825,15:17:18
1106,815,15:34:57
1107,825,15:04:16
1107,852,15:04:31
1107,830,15:05:57
1107,844,15:05:59
1107,832,15:06:01
1107,1,15:06:03
1107,846,15:06:05
1107,4,15:06:08
1107,807,15:06:09
1107,840,15:06:11
1107,842,15:06:12
1107,848,15:06:13
1107,847,15:06:17
1107,839,15:06:19
1107,815,15:06:20
1107,855,15:06:22
1107,857,15:06:23
1107,858,15:06:25
1107,822,15:06:27
1107,856,15:06:28
1107,825,15:06:31
1107,852,15:06:33
1107,855,15:14:10
1107,807,15:17:41
1107,856,15:19:01
1107,1,15:21:10
1107,846,15:21:12
1107,842,15:21:20
1107,848,15:21:22
1107,847,15:21:23
1107,839,15:21:26
1107,857,15:21:27
1107,858,15:21:32
1107,844,15:22:36
1107,832,15:22:41
1107,4,15:22:48
1107,840,15:22:54
1107,822,15:30:27
1107,857,15:31:40
1107,852,15:32:50
1107,830,15:33:13
1107,815,15:34:47
1107,825,15:46:08
1107,840,15:48:10
1107,856,15:49:41
1107,855,15:50:48
1107,839,15:52:55
1107,822,15:53:22
1107,846,15:53:39
1107,847,15:53:57
1107,848,15:54:04
1107,857,15:54:36
1107,1,15:54:50
1107,858,15:56:40
1107,852,15:56:56
1107,4,15:57:15
1107,842,15:57:30
1107,832,15:58:10
1107,844,16:00:26
1107,830,16:02:31
1107,815,16:04:07
1107,840,16:09:28
1107,830,16:25:43
1108,807,15:14:17
1108,852,15:25:15
1108,844,15:31:08
1108,855,15:40:56
1108,832,15:43:36
1108,856,15:45:34
1108,847,15:46:37
1108,815,15:46:50
1108,857,15:48:05
1108,858,15:48:37
1108,842,15:51:30
1108,840,15:51:39
1108,848,15:53:10
1108,844,15:53:11
1108,822,15:53:38
1108,852,15:53:48
1108,856,15:53:55
1108,807,15:54:11
1108,830,15:54:29
1108,846,15:54:43
1108,1,15:54:58
1108,4,15:55:09
1108,855,15:56:08
1108,855,16:02:39
1109,848,15:14:47
1109,840,15:16:10
1109,852,15:16:10
1109,822,15:16:11
1109,855,15:17:40
1109,858,15:21:59
1109,825,15:23:24
1109,832,15:24:37
1109,1,15:25:56
1109,807,15:26:11
1109,846,15:27:16
1109,844,15:27:23
1109,857,15:28:39
1109,817,15:29:10
1109,4,15:31:46
1109,830,15:35:32
1109,815,15:37:20
1109,847,15:43:20
1109,817,15:45:13
1109,848,15:47:54
1109,840,15:52:02
1109,858,15:52:24
1109,807,15:57:58
1109,855,15:58:02
1109,822,16:00:39
1109,825,16:02:32
1109,857,16:02:48
1109,815,16:02:51
1109,844,16:04:31
1109,4,16:04:39
1109,846,16:05:28
1109,832,16:05:56
1109,852,16:06:33
1109,847,16:08:49
1109,1,16:12:41
1109,830,16:14:53
1110,846,15:13:27
1110,825,15:13:30
1110,817,15:13:31
1110,839,15:15:23
1110,822,15:15:24
1110,848,15:17:14
1110,832,15:17:20
1110,855,15:17:21
1110,858,15:19:14
1110,852,15:20:59
1110,4,15:22:48
1110,1,15:26:27
1110,807,15:26:56
1110,815,15:28:09
1110,844,15:28:16
1110,830,15:30:04
1110,846,15:36:37
1110,840,15:42:12
1110,847,15:46:00
1110,817,15:46:18
1110,842,15:48:00
1110,848,15:48:02
1110,852,15:49:52
1110,822,15:50:02
1110,807,15:50:04
1110,858,15:50:09
1110,839,15:51:50
1110,825,15:51:55
1110,855,15:52:01
1110,1,15:55:00
1110,844,15:56:48
1110,815,15:58:34
1110,4,15:59:01
1110,830,16:00:16
1110,848,16:07:06
1110,858,16:09:09
1110,1,16:23:05
1111,815,15:04:43
1111,844,15:04:46
1111,842,15:04:47
1111,855,15:04:49
1111,852,15:04:50
1111,859,15:04:53
1111,825,15:04:55
1111,830,15:06:25
1111,4,15:06:26
1111,832,15:06:31
1111,839,15:06:39
1111,846,15:08:18
1111,1,15:08:35
1111,847,15:10:00
1111,840,15:10:16
1111,825,15:16:59
1111,1,15:17:26
1111,840,15:17:44
1111,855,15:18:09
1111,4,15:18:10
1111,832,15:18:16
1111,852,15:18:24
1111,839,15:18:26
1111,846,15:18:33
1111,859,15:18:37
1111,847,15:18:55
1111,830,15:19:24
1111,842,15:19:34
1111,844,15:19:46
1111,815,15:20:46
1111,857,15:25:18
1111,822,15:27:09
1111,807,15:27:10
1111,847,15:27:30
1111,840,15:27:53
1111,859,15:29:22
1111,840,15:53:38
1111,825,15:54:48
1111,855,15:57:19
1111,832,16:02:07
1111,846,16:03:37
1111,839,16:04:50
1111,848,16:06:01
1111,815,16:06:58
1111,1,16:07:26
1111,842,16:08:21
1111,857,16:08:46
1111,859,16:09:09
1111,822,16:10:17
1111,4,16:10:51
1111,807,16:11:31
1111,830,16:11:52
1111,822,16:25:45
1111,859,16:25:48
1111,815,16:26:00
1111,842,16:26:21
1111,832,16:26:22
1111,1,16:26:30
1111,847,16:26:34
1111,846,16:26:35
1111,857,16:26:40
1111,852,16:26:50
1111,855,16:26:53
1111,840,16:26:58
1111,807,16:26:58
1111,825,16:27:09
1111,830,16:27:10
1111,4,16:27:35
1111,848,16:27:57
1111,839,16:28:03
1111,830,16:30:26
1111,815,16:31:04
1111,846,16:31:28
1111,847,16:31:31
1111,848,16:31:37
1111,857,16:31:49
1111,839,16:31:53
1111,852,16:32:13
1111,840,16:32:20
1111,807,16:32:22
1111,822,16:32:29
1111,859,16:32:43
1111,825,16:32:48
1111,830,16:32:50
1111,4,16:33:22
1111,842,16:33:40
1111,832,16:33:44
1111,1,16:33:59
1111,815,17:13:46
1111,846,17:13:49
1111,847,17:13:59
1111,848,17:14:02
1111,857,17:14:06
1111,839,17:14:09
1111,852,17:14:14
1111,840,17:14:17
1111,807,17:14:19
1111,822,17:14:22
1111,859,17:14:27
1111,825,17:14:31
1111,847,17:20:51
1112,842,15:38:07
1112,855,15:39:33
1112,825,15:41:12
1112,859,15:42:27
1112,807,15:43:56
1112,858,15:43:57
1112,848,15:45:13
1112,832,15:50:52
1112,847,15:50:56
1112,830,15:52:13
1112,844,15:52:19
1112,840,15:52:50
1112,815,15:53:46
1112,4,15:54:03
1112,846,15:55:26
1112,857,15:56:53
1112,839,15:58:45
1112,822,16:00:06
1112,1,16:02:46
1112,842,16:09:08
1112,859,16:11:56
1112,855,16:11:58
1112,825,16:12:15
1112,807,16:20:52
1112,857,16:23:21
1113,855,20:07:21
1113,858,20:36:42
1113,832,20:37:19
1113,844,20:37:28
1113,847,20:37:29
1113,846,20:37:31
1113,1,20:37:33
1113,4,20:37:39
1113,839,20:37:43
1113,825,20:37:50
1113,807,20:37:53
1113,842,20:37:54
1113,859,20:37:55
1113,857,20:37:58
1113,848,20:37:59
1113,855,20:38:30
1113,815,21:11:53
1113,830,21:13:21
1113,822,21:13:47
1113,848,21:18:51
1113,825,21:19:04
1113,858,21:19:17
1113,847,21:20:21
1113,1,21:20:24
1113,4,21:20:59
1114,848,14:06:29
1114,855,14:06:34
1114,839,14:06:45
1114,822,14:06:58
1114,815,14:08:56
1114,858,14:09:11
1114,858,14:16:24
1114,822,14:18:28
1114,807,14:21:18
1114,852,14:22:56
1114,859,14:24:35
1114,855,14:24:44
1114,4,14:26:10
1114,815,14:28:22
1114,825,14:28:23
1114,857,14:29:24
1114,848,14:29:58
1114,840,14:31:37
1114,815,14:31:50
1114,830,14:34:31
1114,1,14:34:49
1114,846,14:36:20
1114,844,14:36:23
1114,832,14:38:04
1114,842,14:38:20
1114,807,14:43:39
1114,858,14:44:16
1114,847,14:48:05
1114,4,14:50:07
1114,859,14:50:20
1114,839,14:55:08
1114,855,14:57:06
1114,852,14:58:41
1114,825,15:00:39
1114,844,15:04:38
1114,1,15:04:43
1114,842,15:05:03
1114,857,15:06:11
1114,846,15:07:43
1114,830,15:09:05
1114,807,15:10:23
1114,832,15:11:15
1114,815,15:14:59
1115,847,20:05:46
1115,822,20:10:22
1115,825,20:10:26
1115,840,20:10:27
1115,859,20:10:28
1115,852,20:20:28
1115,839,20:21:53
1115,4,20:23:19
1115,842,20:23:25
1115,857,20:24:45
1115,844,20:24:49
1115,846,20:26:21
1115,807,20:26:32
1115,858,20:26:35
1115,847,20:27:57
1115,830,20:32:05
1115,815,20:32:32
1115,848,20:33:58
1115,855,20:34:06
1115,822,20:38:42
1115,840,20:38:45
1115,825,20:38:52
1115,859,20:38:54
1115,852,20:40:25
1115,857,20:44:26
1115,844,20:44:40
1115,839,20:44:42
1115,4,20:46:01
1115,842,20:46:12
1115,858,20:46:27
1115,846,20:47:29
1115,807,20:47:58
1115,815,20:53:34
1115,848,20:53:43
1115,847,20:54:52
1115,830,20:57:24
1115,855,20:59:41
1115,822,21:05:42
1115,840,21:05:45
1115,825,21:05:53
1115,859,21:06:05
1115,807,21:06:08
1115,852,21:07:30
1115,857,21:10:55
1115,844,21:11:17
1115,839,21:11:27
1115,815,21:11:35
1115,846,21:12:24
1115,4,21:12:50
1115,842,21:12:58
1115,848,21:13:12
1115,847,21:21:11
1115,830,21:22:13
1115,855,21:24:48
1116,822,14:52:29
1116,848,14:54:08
1116,825,14:54:24
1116,1,14:37:53
1116,840,14:38:28
1116,847,14:39:49
1116,848,14:21:07
1116,822,14:21:09
1116,825,14:21:11
1116,858,14:22:55
1116,830,14:31:06
1116,846,14:32:42
1116,832,14:32:54
1116,815,14:32:58
1116,852,14:33:06
1116,842,14:34:46
1116,4,14:36:41
1116,807,14:36:48
1116,855,14:19:22
1116,855,14:50:48
1116,832,15:03:42
1116,830,15:03:31
1116,807,15:02:47
1116,858,14:59:24
1116,846,15:01:53
1116,852,15:02:26
1116,817,14:43:10
1116,815,15:07:07
1116,842,15:07:28
1116,1,15:08:41
1116,847,15:10:47
1116,840,15:12:45
1116,4,15:16:00
1116,817,15:25:15
1116,852,15:36:35
1116,844,14:43:10
1117,852,14:16:34
1117,846,14:19:23
1117,830,14:30:10
1117,855,14:33:34
1117,858,14:35:03
1117,807,14:36:19
1117,825,14:36:27
1117,1,14:37:21
1117,857,14:38:53
1117,847,14:40:18
1117,817,14:41:39
1117,842,14:43:24
1117,4,14:45:06
1117,832,14:45:46
1117,840,14:46:28
1117,844,14:47:01
1117,822,14:47:48
1117,830,14:50:02
1117,846,14:50:50
1117,848,14:50:54
1117,830,14:52:56
1117,844,14:52:57
1117,1,14:52:59
1117,832,14:53:00
1117,817,14:53:02
1117,857,14:53:04
1117,847,14:53:10
1117,852,14:53:13
1117,807,14:53:15
1117,846,14:53:17
1117,842,14:53:20
1117,848,14:53:22
1117,855,14:53:24
1117,839,14:53:30
1117,858,14:53:33
1117,822,14:53:35
1117,840,14:53:38
1117,4,14:53:42
1118,830,14:05:19
1118,846,14:05:21
1118,1,14:05:24
1118,4,14:05:26
1118,840,14:05:28
1118,847,14:05:30
1118,815,14:05:32
1118,832,14:05:33
1118,839,14:05:35
1118,857,14:05:36
1118,852,14:05:39
1118,842,14:05:40
1118,822,14:05:41
1118,855,14:05:45
1118,858,14:05:46
1118,817,14:05:47
1118,807,14:05:49
1118,830,14:07:42
1118,846,14:07:44
1118,1,14:07:46
1118,4,14:07:47
1118,840,14:07:50
1118,847,14:07:53
1118,815,14:07:55
1118,832,14:07:57
1118,839,14:07:59
1118,852,14:08:02
1118,842,14:08:04
1118,822,14:08:05
1118,855,14:08:09
1118,858,14:08:10
1118,807,14:08:14
1118,857,14:33:41
1118,817,14:33:47
1118,839,14:48:20
1118,855,14:49:40
1118,858,14:52:18
1118,1,14:53:23
1118,822,14:53:31
1118,847,14:54:41
1118,815,14:55:57
1118,807,14:57:33
1118,840,14:58:34
1118,4,15:02:12
1118,857,15:02:38
1118,832,15:03:43
1118,842,15:03:46
1118,852,15:03:48
1118,830,15:04:35
1118,846,15:04:39
1118,817,15:05:07
1118,839,15:10:28
1118,858,15:27:16
1118,847,15:28:17
1118,815,15:29:13
1118,1,15:29:28
1118,842,15:29:32
1118,807,15:30:00
1118,4,15:30:25
1118,832,15:35:44
1118,839,15:36:12
1118,840,15:36:55
1118,857,15:38:37
1118,852,15:41:00
1118,830,15:41:21
1118,817,15:42:16
1118,846,15:45:16
1119,815,22:06:05
1119,4,22:06:26
1119,822,22:06:30
1119,840,22:10:06
1119,832,22:10:19
1119,852,22:25:26
1119,807,22:28:45
1119,825,22:32:02
1119,847,22:33:29
1119,858,22:33:40
1119,830,22:35:04
1119,848,22:35:17
1119,857,22:35:19
1119,842,22:36:53
1119,1,22:37:11
1119,817,22:37:13
1119,839,22:41:58
1119,844,22:43:18
1119,852,22:44:16
1119,822,22:49:10
1119,815,22:51:52
1119,840,22:52:07
1119,830,22:52:08
1119,847,22:52:11
1119,832,22:52:13
1119,4,22:52:17
1119,855,22:52:26
1119,825,22:52:38
1119,807,22:52:42
1119,1,22:52:49
1119,857,23:22:11
1120,825,17:11:16
1120,817,17:14:15
1120,4,17:21:44
1120,857,17:23:13
1120,807,17:23:25
1120,855,17:23:27
1120,846,17:24:40
1120,847,17:24:42
1120,1,17:26:21
1120,839,17:26:22
1120,858,17:26:35
1120,830,17:27:36
1120,848,17:28:04
1120,844,17:29:09
1120,815,17:29:21
1120,842,17:29:26
1120,852,17:36:54
1120,840,17:36:59
1120,825,17:37:30
1120,832,17:38:36
1120,822,17:48:01
1120,817,17:50:51
1120,842,17:52:26
1120,846,17:53:31
1120,807,17:54:04
1120,847,17:54:57
1120,844,17:56:25
1120,1,17:56:42
1120,857,17:58:08
1120,4,17:58:11
1120,855,18:00:12
1120,858,18:06:20
1120,815,18:06:56
1120,840,18:07:20
1120,830,18:08:09
1120,848,18:09:09
1120,832,18:28:24
1121,807,18:05:33
1121,855,18:18:39
1121,840,18:18:42
1121,839,18:20:20
1121,858,18:21:19
1121,847,18:21:38
1121,844,18:21:41
1121,825,18:21:55
1121,815,18:23:16
1122,830,20:15:25
1121,1,18:23:26
1121,842,18:23:38
1121,822,18:23:42
1122,815,20:15:30
1121,817,18:25:17
1121,832,18:26:32
1121,852,18:26:47
1121,4,18:28:24
1121,848,18:28:29
1121,830,18:31:12
1121,807,18:37:08
1121,840,18:48:25
1121,855,18:49:59
1121,858,18:51:33
1121,839,18:53:30
1121,822,18:53:32
1121,847,18:54:21
1121,842,18:55:10
1121,825,18:56:37
1122,844,20:15:31
1121,1,18:57:45
1121,844,18:59:13
1122,857,20:15:36
1121,852,18:59:47
1121,832,19:00:38
1121,817,19:01:34
1121,815,19:02:12
1121,848,19:03:09
1121,830,19:03:29
1121,4,19:10:58
1121,858,19:11:22
1121,807,19:11:29
1121,842,19:14:55
1121,857,18:23:24
1121,846,18:25:00
1121,846,18:57:39
1121,857,18:59:20
1122,4,20:15:37
1122,847,20:15:42
1122,852,20:15:51
1122,860,20:15:51
1122,825,20:15:53
1122,848,20:15:53
1122,817,20:15:57
1122,839,20:15:59
1122,822,20:16:00
1122,858,20:16:01
1122,807,20:59:21
1122,822,21:02:58
1122,1,21:03:38
1123,817,15:10:25
1122,855,21:12:03
1122,846,21:05:08
1123,848,15:11:45
1123,855,15:11:49
1123,1,15:13:04
1123,825,15:13:08
1123,847,15:14:23
1123,840,15:14:26
1123,822,15:14:30
1123,844,15:15:42
1123,857,15:15:43
1123,852,15:15:50
1123,839,15:15:55
1123,846,15:22:37
1123,815,15:22:45
1123,832,15:25:14
1123,839,15:25:58
1123,4,15:27:06
1123,807,15:27:28
1123,842,15:27:32
1123,848,15:41:35
1123,817,15:44:29
1123,825,15:49:58
1123,844,15:50:35
1123,815,15:52:18
1123,807,15:52:40
1123,855,15:52:50
1123,852,15:53:59
1123,822,15:54:30
1123,840,15:55:19
1123,857,15:57:32
1123,846,15:58:46
1123,832,15:59:57
1123,4,16:00:37
1123,842,16:01:21
1123,839,16:02:51
1123,847,16:06:07
1124,830,14:05:50
1124,815,14:05:52
1124,846,14:05:54
1124,832,14:05:57
1124,4,14:06:00
1124,857,14:06:03
1124,1,14:06:12
1124,844,14:06:13
1124,847,14:06:18
1124,807,14:06:21
1124,822,14:06:22
1124,852,14:06:25
1124,839,14:06:28
1124,842,14:06:30
1124,840,14:06:35
1124,825,14:06:40
1124,858,14:06:43
1124,855,14:06:50
1124,807,14:40:46
1124,822,14:42:21
1124,852,14:43:59
1124,855,14:44:07
1124,846,14:50:21
1124,855,14:51:01
1124,857,14:52:06
1124,840,14:52:17
1124,4,14:53:43
1124,815,14:56:51
1124,832,14:56:55
1124,830,14:58:23
1124,842,14:59:18
1124,839,15:04:11
1124,847,15:08:39
1124,825,15:09:03
1124,822,15:09:04
1124,858,15:09:04
1124,852,15:09:05
1124,840,15:09:06
1124,1,15:10:21
1124,844,15:15:01
1124,846,15:15:02
1124,857,15:25:00
1124,842,15:26:03
1124,815,15:26:18
1124,4,15:26:33
1124,807,15:27:22
1124,839,15:27:33
1124,830,15:27:43
1124,840,15:28:58
1124,858,15:29:04
1124,832,15:31:14
1124,847,15:33:07
1124,1,15:36:25
1124,858,15:41:24
1125,807,15:17:30
1125,852,15:17:35
1125,855,15:17:39
1125,840,15:19:10
1125,822,15:19:12
1125,839,15:19:14
1125,848,15:19:15
1125,1,15:19:19
1125,4,15:22:28
1125,847,15:22:32
1125,842,15:22:43
1125,858,15:24:34
1125,830,15:25:33
1125,815,15:25:43
1125,817,15:27:53
1125,857,15:31:03
1125,832,15:32:49
1125,825,15:33:13
1125,844,15:39:34
1125,840,15:40:07
1125,1,15:40:23
1125,846,15:41:37
1125,830,15:43:44
1125,815,15:44:03
1125,4,15:44:21
1125,847,15:44:25
1125,807,15:44:41
1125,839,15:44:48
1125,852,15:44:54
1125,848,15:44:57
1125,855,15:45:02
1125,842,15:45:12
1125,857,15:46:41
1125,858,15:47:14
1125,840,15:51:46
1125,825,15:54:22
1125,840,16:10:09
1125,842,16:15:11
1125,855,16:18:35
1125,4,16:23:18
1126,848,16:19:16
1126,840,16:20:48
1126,858,16:20:52
1126,822,16:20:55
1126,807,16:22:21
1126,842,16:22:22
1126,815,16:29:57
1126,844,16:32:56
1126,839,16:38:08
1126,4,16:38:11
1126,825,16:38:18
1126,830,16:39:17
1126,847,16:41:18
1126,1,16:44:23
1126,857,16:45:31
1126,832,16:45:33
1126,815,16:47:40
1126,852,16:47:44
1126,855,16:48:01
1126,817,16:48:05
1126,807,16:48:13
1126,840,16:48:15
1126,825,16:48:47
1126,846,16:49:15
1126,822,16:50:34
1126,825,16:54:36
1126,857,17:08:34
1126,848,17:29:03
1127,4,15:13:08
1127,848,15:14:25
1127,842,15:14:26
1127,822,15:14:28
1127,848,15:17:08
1127,817,15:18:29
1127,852,15:19:49
1127,807,15:21:11
1127,847,15:31:57
1127,846,15:33:08
1127,857,15:34:37
1127,830,15:35:46
1127,848,15:36:52
1127,844,15:37:15
1127,839,15:37:56
1127,832,15:40:03
1127,1,15:40:14
1127,848,15:44:25
1127,842,15:45:06
1127,858,15:46:28
1127,855,15:49:09
1127,815,15:54:16
1127,840,15:54:22
1127,825,15:54:36
1127,4,15:59:03
1127,847,16:14:22
1127,4,16:25:23
1129,825,14:14:25
1129,807,14:22:33
1129,855,14:40:42
1129,830,14:40:52
1129,847,14:40:52
1129,857,14:40:53
1129,4,14:41:12
1129,1,14:41:13
1129,840,14:41:47
1129,848,14:41:54
1129,844,14:41:58
1129,832,14:42:01
1129,825,14:42:03
1129,842,14:42:06
1129,815,14:42:09
1129,807,14:42:21
1129,846,14:42:44
1129,817,14:43:37
1129,844,14:47:31
1129,844,14:53:31
1129,842,15:05:55
1129,825,15:07:24
1129,822,15:08:45
1129,1,15:09:46
1129,817,15:10:10
1129,832,15:10:12
1129,815,15:10:12
1129,857,15:11:10
1129,4,15:11:23
1129,852,15:11:26
1129,840,15:11:30
1129,839,15:11:32
1129,848,15:11:34
1129,807,15:11:43
1129,855,15:11:53
1129,830,15:12:29
1129,847,15:12:31
1129,846,15:15:19
1129,855,15:25:02
1129,847,15:25:19
1129,1,15:25:24
1129,825,15:26:25
1128,844,15:04:50
1128,857,15:04:52
1128,846,15:04:54
1128,847,15:04:56
1128,830,15:04:57
1128,1,15:05:00
1128,852,15:05:02
1128,848,15:05:05
1128,842,15:05:07
1128,840,15:05:10
1128,817,15:05:13
1128,4,15:05:15
1128,858,15:05:16
1128,822,15:05:19
1128,832,15:05:27
1128,855,15:05:31
1128,822,16:04:57
1128,840,16:41:05
1128,840,16:49:27
1128,1,16:52:10
1128,830,16:53:26
1128,858,17:01:43
1128,855,17:19:04
1130,855,15:15:47
1130,852,15:15:48
1130,825,15:17:08
1130,822,15:18:28
1130,807,15:19:44
1130,839,15:21:03
1130,815,15:21:05
1130,842,15:22:19
1130,858,15:22:45
1130,847,15:23:33
1130,832,15:23:36
1130,1,15:24:57
1130,817,15:25:24
1130,830,15:26:11
1130,840,15:26:39
1130,848,15:28:15
1130,4,15:29:25
1130,857,15:31:54
1130,846,15:34:21
1130,844,15:35:49
1130,852,15:40:44
1130,822,15:41:58
1130,825,15:43:22
1130,815,15:45:43
1130,858,15:50:28
1130,847,15:52:01
1130,832,15:52:05
1130,839,15:53:54
1130,840,15:54:06
1130,842,15:55:06
1130,807,15:55:17
1130,855,15:59:31
1130,817,16:01:01
1130,1,16:01:21
1130,830,16:02:29
1130,848,16:02:33
1130,852,16:04:06
1130,4,16:04:54
1130,857,16:05:37
1130,846,16:06:31
1130,844,16:06:44
1130,815,16:09:52
1131,844,15:04:20
1131,858,15:04:23
1131,825,15:15:02
1131,817,15:15:04
1131,807,15:16:12
1131,4,15:16:18
1131,848,15:17:30
1131,844,15:22:38
1131,839,15:25:51
1131,822,15:26:01
1131,842,15:27:05
1131,840,15:27:11
1131,858,15:27:51
1131,1,15:28:03
1131,815,15:28:10
1131,852,15:28:21
1131,847,15:29:09
1131,832,15:29:12
1131,830,15:30:10
1131,846,15:30:16
1131,857,15:32:49
1131,855,15:37:09
1131,844,15:43:03
1131,4,15:45:19
1131,817,15:47:39
1131,825,15:48:49
1131,807,15:49:55
1131,848,15:50:11
1131,842,15:53:40
1131,822,15:53:49
1131,839,15:54:52
1131,840,15:54:58
1131,852,15:56:07
1131,847,15:57:41
1131,832,15:58:55
1131,858,16:03:04
1131,830,16:03:13
1131,846,16:03:21
1131,857,16:03:40
1131,815,16:04:03
1131,844,16:04:33
1131,855,16:05:02
1131,1,16:06:06
1131,830,16:19:06
1131,4,16:25:31
1132,855,15:22:07
1132,844,15:32:51
1132,815,15:32:59
1132,839,15:33:21
1132,855,15:33:46
1132,839,15:37:02
1132,830,15:43:41
1132,832,15:43:42
1132,807,15:43:59
1132,840,15:44:01
1132,817,15:44:23
1132,822,15:44:42
1132,846,15:45:13
1132,1,15:45:17
1132,847,15:45:20
1132,4,15:45:51
1132,852,15:45:52
1132,848,15:45:53
1132,839,15:45:57
1132,825,15:45:59
1132,858,15:46:01
1132,855,15:46:39
1132,857,15:47:12
1132,844,15:47:17
1132,815,15:49:13
1132,825,16:03:41
1132,817,16:03:44
1132,822,16:04:05
1132,1,16:04:09
1132,830,16:04:14
1132,857,16:04:29
1132,844,16:04:40
1132,815,16:04:59
1132,4,16:05:03
1132,852,16:05:07
1132,848,16:05:11
1132,858,16:05:23
1132,846,16:05:44
1132,855,16:06:00
1132,832,16:06:06
1132,807,16:06:28
1132,840,16:06:33
1132,839,16:06:52
1132,815,16:20:38
1132,832,16:22:59
