qualifyId,raceId,driverId,constructorId,position,q1,q2,q3
1,18,1,1,1,1:26.572,1:25.187,1:26.714
2,18,9,2,2,1:26.103,1:25.315,1:26.869
3,18,5,1,3,1:25.664,1:25.452,1:27.079
4,18,13,6,4,1:25.994,1:25.691,1:27.178
5,18,2,2,5,1:25.960,1:25.518,1:27.236
6,18,15,7,6,1:26.427,1:26.101,1:28.527
7,18,3,3,7,1:26.295,1:26.059,1:28.687
8,18,14,9,8,1:26.381,1:26.063,1:29.041
9,18,10,7,9,1:26.919,1:26.164,1:29.593
23,19,13,6,1,1:35.347,1:34.412,1:35.748
24,19,8,6,2,1:35.645,1:34.188,1:36.230
25,19,5,1,3,1:35.227,1:34.759,1:36.613
26,19,1,1,4,1:35.392,1:34.627,1:36.709
27,19,15,7,5,1:35.205,1:34.960,1:36.711
28,19,9,2,6,1:35.794,1:34.811,1:36.727
29,19,2,2,7,1:35.729,1:34.648,1:36.753
30,19,17,9,8,1:35.440,1:34.967,1:37.009
31,19,4,4,9,1:35.983,1:35.140,1:38.450
32,19,10,7,10,1:35.891,1:35.000,1:39.656
45,20,9,2,1,1:32.893,1:31.745,1:33.096
46,20,13,6,2,1:31.937,1:31.188,1:33.123
47,20,1,1,3,1:32.750,1:31.922,1:33.292
48,20,8,6,4,1:32.652,1:31.933,1:33.418
49,20,5,1,5,1:33.057,1:31.718,1:33.488
50,20,2,2,6,1:33.137,1:31.909,1:33.737
51,20,15,7,7,1:32.493,1:32.159,1:33.994
52,20,3,3,8,1:32.903,1:32.185,1:34.015
53,20,18,11,9,1:32.793,1:32.362,1:35.057
54,20,4,4,10,1:32.947,1:32.345,1:35.115
67,21,8,6,1,1:20.701,1:20.784,1:21.813
68,21,4,4,2,1:21.347,1:20.804,1:21.904
69,21,13,6,3,1:21.528,1:20.584,1:22.058
70,21,9,2,4,1:21.423,1:20.597,1:22.065
71,21,1,1,5,1:21.366,1:20.825,1:22.096
72,21,5,1,6,1:21.430,1:20.817,1:22.231
73,21,17,9,7,1:21.494,1:20.984,1:22.429
74,21,15,7,8,1:21.158,1:20.907,1:22.529
75,21,2,2,9,1:21.466,1:20.815,1:22.542
76,21,12,4,10,1:21.409,1:20.894,1:22.699
89,22,13,6,1,1:25.994,1:26.192,1:27.617
90,22,5,1,2,1:26.736,1:26.290,1:27.808
91,22,1,1,3,1:26.192,1:26.477,1:27.923
92,22,8,6,4,1:26.457,1:26.050,1:27.936
93,22,9,2,5,1:26.761,1:26.129,1:28.390
94,22,17,9,6,1:26.773,1:26.466,1:28.417
95,22,4,4,7,1:26.836,1:26.522,1:28.422
96,22,15,7,8,1:26.695,1:26.822,1:28.836
97,22,2,2,9,1:27.107,1:27.607,1:28.882
98,22,14,9,10,1:26.939,1:26.520,1:29.959
109,23,13,6,1,1:15.190,1:15.110,1:15.787
110,23,8,6,2,1:15.717,1:15.404,1:15.815
111,23,1,1,3,1:15.582,1:15.322,1:15.839
112,23,5,1,4,1:15.295,1:15.389,1:16.165
113,23,9,2,5,1:15.977,1:15.483,1:16.171
114,23,3,3,6,1:15.935,1:15.287,1:16.548
115,23,4,4,7,1:16.646,1:15.827,1:16.852
116,23,15,7,8,1:16.306,1:15.598,1:17.203
117,23,17,9,9,1:16.074,1:15.745,1:17.343
129,24,1,1,1,1:16.909,1:17.034,1:17.886
130,24,9,2,2,1:17.471,1:17.679,1:18.498
131,24,8,6,3,1:17.301,1:17.364,1:18.735
132,24,4,4,4,1:17.415,1:17.488,1:18.746
133,24,3,3,5,1:17.991,1:17.891,1:18.844
134,24,13,6,6,1:17.231,1:17.353,1:19.048
135,24,5,1,7,1:17.287,1:17.684,1:19.089
136,24,2,2,8,1:18.082,1:17.781,1:19.633
137,24,22,11,9,1:18.256,1:18.020,1:20.848
149,25,8,6,1,1:15.133,1:15.161,1:16.449
150,25,13,6,2,1:15.024,1:15.041,1:16.490
151,25,1,1,3,1:15.634,1:15.293,1:16.693
152,25,4,4,4,1:15.754,1:15.483,1:16.840
153,25,15,7,5,1:15.521,1:15.362,1:16.920
154,25,5,1,6,1:15.965,1:15.639,1:16.944
155,25,9,2,7,1:15.687,1:15.723,1:17.037
156,25,17,9,8,1:16.020,1:15.488,1:17.233
157,25,14,9,9,1:15.802,1:15.654,1:17.426
158,25,10,7,10,1:15.727,1:15.558,1:17.596
169,26,5,1,1,1:19.957,1:19.597,1:21.049
170,26,17,9,2,1:20.982,1:19.710,1:21.554
171,26,8,6,3,1:20.370,1:19.971,1:21.706
172,26,1,1,4,1:20.288,1:19.537,1:21.835
173,26,2,2,5,1:21.022,1:19.802,1:21.873
174,26,4,4,6,1:20.998,1:19.992,1:22.029
175,26,12,4,7,1:20.818,1:20.115,1:22.491
176,26,20,5,8,1:20.318,1:20.109,1:23.251
177,26,13,6,9,1:20.676,1:20.086,1:23.305
189,27,1,1,1,1:15.218,1:14.603,1:15.666
190,27,13,6,2,1:14.921,1:14.747,1:15.859
191,27,5,1,3,1:15.476,1:14.855,1:16.143
192,27,15,7,4,1:15.560,1:15.122,1:16.191
193,27,4,4,5,1:15.917,1:14.943,1:16.385
194,27,8,6,6,1:15.201,1:14.949,1:16.389
195,27,9,2,7,1:15.985,1:15.109,1:16.521
196,27,17,9,8,1:15.900,1:15.481,1:17.014
197,27,20,5,9,1:15.532,1:15.420,1:17.244
198,27,14,9,10,1:15.975,1:15.338,1:17.503
209,28,1,1,1,1:19.376,1:19.473,1:20.899
210,28,5,1,2,1:19.945,1:19.480,1:21.140
211,28,13,6,3,1:19.578,1:19.068,1:21.191
212,28,9,2,4,1:20.053,1:19.776,1:21.281
213,28,10,7,5,1:19.980,1:19.246,1:21.326
214,28,8,6,6,1:20.006,1:19.546,1:21.516
215,28,4,4,7,1:20.229,1:19.816,1:21.698
216,28,17,9,8,1:20.073,1:20.046,1:21.732
217,28,15,7,9,1:19.942,1:19.486,1:21.767
218,28,12,4,10,1:20.583,1:20.131,1:22.371
229,29,13,6,1,1:38.176,1:37.859,1:38.989
230,29,1,1,2,1:38.464,1:37.954,1:39.199
231,29,9,2,3,1:38.347,1:38.050,1:39.392
232,29,8,6,4,1:38.703,1:38.229,1:39.488
233,29,5,1,5,1:38.656,1:38.120,1:39.937
234,29,20,5,6,1:38.141,1:37.842,1:40.142
235,29,15,7,7,1:37.948,1:37.928,1:40.309
236,29,2,2,8,1:38.738,1:37.859,1:40.631
237,29,3,3,9,1:38.595,1:38.336,1:40.721
238,29,7,5,10,1:38.622,1:38.417,1:40.750
249,30,1,1,1,1:46.887,1:46.088,1:47.338
250,30,13,6,2,1:46.873,1:46.391,1:47.678
251,30,5,1,3,1:46.812,1:46.037,1:47.815
252,30,8,6,4,1:46.960,1:46.298,1:47.992
253,30,2,2,5,1:47.419,1:46.311,1:48.315
254,30,4,4,6,1:47.154,1:46.491,1:48.504
255,30,17,9,7,1:47.270,1:46.814,1:48.736
256,30,9,2,8,1:47.093,1:46.494,1:48.763
257,30,7,5,9,1:46.777,1:46.544,1:48.951
258,30,20,5,10,1:47.152,1:46.804,1:50.319
269,31,20,5,1,1:35.464,1:35.837,1:37.555
270,31,5,1,2,1:35.214,1:35.843,1:37.631
271,31,17,9,3,1:36.001,1:36.306,1:38.117
272,31,7,5,4,1:35.543,1:36.175,1:38.445
273,31,3,3,5,1:35.485,1:35.898,1:38.767
274,31,13,6,6,1:35.536,1:36.676,1:38.894
275,31,15,7,7,1:35.906,1:36.008,1:39.152
276,31,4,4,8,1:36.297,1:36.518,1:39.751
277,31,10,7,9,1:35.737,1:36.525,1:39.787
278,31,2,2,10,1:35.709,1:36.626,1:39.906
289,32,13,6,1,1:44.519,1:44.014,1:44.801
290,32,1,1,2,1:44.501,1:44.932,1:45.465
291,32,8,6,3,1:44.282,1:44.232,1:45.617
292,32,9,2,4,1:44.740,1:44.519,1:45.779
293,32,5,1,5,1:44.311,1:44.207,1:45.873
294,32,2,2,6,1:45.548,1:44.520,1:45.964
295,32,20,5,7,1:45.042,1:44.261,1:46.244
296,32,10,7,8,1:45.184,1:44.441,1:46.328
297,32,3,3,9,1:45.103,1:44.429,1:46.611
298,32,6,3,10,1:45.127,1:44.826,1:47.547
309,33,1,1,1,1:18.071,1:17.462,1:18.404
310,33,8,6,2,1:18.160,1:17.733,1:18.644
311,33,5,1,3,1:18.220,1:17.360,1:18.821
312,33,4,4,4,1:18.290,1:17.871,1:18.852
313,33,13,6,5,1:18.110,1:17.287,1:18.874
314,33,9,2,6,1:18.684,1:17.931,1:18.979
315,33,15,7,7,1:18.501,1:17.541,1:19.026
316,33,10,7,8,1:17.945,1:17.670,1:19.118
317,33,20,5,9,1:18.559,1:17.714,1:19.638
318,33,7,5,10,1:18.593,1:18.102,1:20.167
329,34,1,1,1,1:35.566,1:34.947,1:36.303
330,34,8,6,2,1:35.983,1:35.355,1:36.645
331,34,13,6,3,1:35.971,1:35.135,1:36.889
332,34,4,4,4,1:35.769,1:35.461,1:36.927
333,34,5,1,5,1:35.623,1:35.216,1:36.930
334,34,17,9,6,1:36.238,1:35.686,1:37.083
335,34,2,2,7,1:36.224,1:35.403,1:37.201
336,34,20,5,8,1:35.752,1:35.386,1:37.685
337,34,15,7,9,1:36.104,1:35.715,1:37.934
338,34,7,5,10,1:36.239,1:35.478,1:38.885
349,35,13,6,1,1:11.830,1:11.875,1:12.368
350,35,15,7,2,1:12.226,1:12.107,1:12.737
351,35,8,6,3,1:12.083,1:11.950,1:12.825
352,35,1,1,4,1:12.213,1:11.856,1:12.830
353,35,5,1,5,1:12.366,1:11.768,1:12.917
354,35,4,4,6,1:12.214,1:12.090,1:12.967
355,35,20,5,7,1:12.390,1:11.845,1:13.082
356,35,2,2,8,1:12.371,1:12.026,1:13.297
357,35,7,5,9,1:12.498,1:12.075,1:14.105
358,35,10,7,10,1:12.223,1:11.909,1:14.230
369,36,8,6,1,1:26.644,1:25.644,1:26.072
370,36,4,1,2,1:26.697,1:25.326,1:26.493
371,36,2,2,3,1:26.895,1:25.358,1:26.556
372,36,1,1,4,1:26.674,1:25.577,1:26.755
373,36,9,2,5,1:26.696,1:25.882,1:27.347
374,36,21,4,6,1:27.270,1:25.944,1:27.634
375,36,17,9,7,1:26.978,1:26.623,1:27.934
376,36,15,7,8,1:27.014,1:26.688,1:28.404
377,36,23,7,9,1:27.328,1:26.739,1:28.692
378,36,11,8,10,1:27.365,1:26.758,1:28.871
391,37,13,6,1,1:35.340,1:34.454,1:35.043
392,37,4,1,2,1:34.942,1:34.057,1:35.310
393,37,8,6,3,1:35.138,1:34.687,1:35.479
394,37,1,1,4,1:35.028,1:34.650,1:36.045
395,37,2,2,5,1:35.617,1:35.203,1:36.543
396,37,3,3,6,1:35.755,1:35.380,1:36.829
397,37,9,2,7,1:35.294,1:34.739,1:36.839
398,37,15,7,8,1:35.666,1:35.255,1:36.902
399,37,23,7,9,1:35.736,1:35.595,1:37.078
400,37,17,9,10,1:35.727,1:35.579,1:37.345
413,38,13,6,1,1:32.443,1:31.359,1:32.652
414,38,1,1,2,1:32.580,1:31.752,1:32.935
415,38,8,6,3,1:33.161,1:31.812,1:33.131
416,38,4,1,4,1:33.049,1:32.214,1:33.192
417,38,2,2,5,1:33.164,1:32.154,1:33.404
418,38,9,2,6,1:33.348,1:32.292,1:33.710
419,38,21,4,7,1:33.556,1:32.889,1:34.056
420,38,17,9,8,1:33.496,1:32.808,1:34.106
421,38,15,7,9,1:33.218,1:32.429,1:34.154
422,38,3,3,10,1:33.349,1:32.815,1:34.399
435,39,13,6,1,1:21.375,1:20.597,1:21.421
436,39,4,1,2,1:21.609,1:20.797,1:21.451
437,39,8,6,3,1:21.802,1:20.741,1:21.723
438,39,1,1,4,1:21.120,1:20.713,1:21.785
439,39,9,2,5,1:21.941,1:21.381,1:22.253
440,39,15,7,6,1:22.501,1:21.554,1:22.324
441,39,2,2,7,1:21.625,1:21.113,1:22.389
442,39,5,4,8,1:21.790,1:21.623,1:22.568
443,39,14,9,9,1:22.491,1:21.488,1:22.749
444,39,21,4,10,1:22.064,1:21.677,1:22.881
457,40,4,1,1,1:16.059,1:15.431,1:15.726
458,40,1,1,2,1:15.685,1:15.479,1:15.905
459,40,13,6,3,1:16.786,1:16.034,1:15.967
460,40,21,4,4,1:17.596,1:16.054,1:16.285
461,40,3,3,5,1:16.870,1:16.100,1:16.439
462,40,17,9,6,1:17.816,1:16.420,1:16.784
463,40,2,2,7,1:17.385,1:15.733,1:16.832
464,40,9,2,8,1:17.584,1:15.576,1:16.955
465,40,22,11,9,1:17.244,1:16.454,1:17.498
466,40,18,11,10,1:17.297,1:16.457,1:17.939
479,41,1,1,1,1:16.576,1:15.486,1:15.707
480,41,4,1,2,1:16.562,1:15.522,1:16.163
481,41,2,2,3,1:17.006,1:15.960,1:16.266
482,41,8,6,4,1:16.468,1:16.592,1:16.411
483,41,13,6,5,1:16.756,1:16.138,1:16.570
484,41,17,9,6,1:17.315,1:16.257,1:16.913
485,41,3,3,7,1:17.016,1:16.190,1:16.919
486,41,9,2,8,1:17.267,1:16.368,1:16.993
487,41,21,4,9,1:16.805,1:16.288,1:17.229
488,41,15,7,10,1:17.324,1:16.600,1:17.747
501,42,1,1,1,1:12.563,1:12.065,1:12.331
502,42,4,1,2,1:12.416,1:11.926,1:12.500
503,42,13,6,3,1:12.731,1:12.180,1:12.703
504,42,8,6,4,1:12.732,1:12.111,1:12.839
505,42,2,2,5,1:12.543,1:12.188,1:12.847
506,42,5,4,6,1:12.998,1:12.599,1:13.308
507,42,20,2,7,1:12.711,1:12.644,1:13.513
508,42,15,7,8,1:13.186,1:12.828,1:13.789
509,42,17,9,9,1:13.425,1:12.788,1:13.871
510,42,21,4,10,1:13.168,1:12.603,1:13.953
523,43,13,6,1,1:15.303,1:14.822,1:15.034
524,43,1,1,2,1:14.805,1:14.795,1:15.104
525,43,8,6,3,1:14.872,1:14.828,1:15.257
526,43,9,2,4,1:15.778,1:15.066,1:15.493
527,43,21,4,5,1:16.047,1:15.227,1:15.674
528,43,5,4,6,1:15.524,1:15.272,1:15.826
529,43,2,2,7,1:15.783,1:15.149,1:15.900
530,43,15,7,8,1:16.118,1:15.379,1:15.935
531,43,3,3,9,1:16.092,1:15.331,1:16.328
545,44,1,1,1,1:19.885,1:19.400,1:19.997
546,44,8,6,2,1:19.753,1:19.252,1:20.099
547,44,4,1,3,1:19.330,1:19.152,1:20.147
548,44,13,6,4,1:19.790,1:19.421,1:20.265
549,44,9,2,5,1:20.294,1:20.054,1:20.401
550,44,23,7,6,1:20.513,1:19.860,1:20.516
551,44,5,4,7,1:20.570,1:20.077,1:20.721
552,44,21,4,8,1:20.842,1:20.042,1:20.775
553,44,2,2,9,1:20.534,1:20.178,1:20.894
554,44,15,7,10,1:21.150,1:20.133,1:21.240
567,45,8,6,1,1:31.522,1:31.237,1:31.450
568,45,4,1,2,1:31.074,1:30.983,1:31.741
569,45,13,6,3,1:31.447,1:30.912,1:31.778
570,45,2,2,4,1:31.889,1:31.652,1:31.840
571,45,9,2,5,1:31.961,1:31.444,1:32.123
572,45,17,9,6,1:32.629,1:31.661,1:32.476
573,45,5,4,7,1:32.594,1:31.783,1:32.478
574,45,15,7,8,1:32.381,1:31.859,1:32.501
575,45,23,7,9,1:32.446,1:31.843,1:32.570
576,45,1,1,10,1:31.587,1:31.185,1:33.833
589,46,4,1,1,1:20.425,1:19.661,1:19.674
590,46,1,1,2,1:19.570,1:19.301,1:19.781
591,46,2,2,3,1:20.751,1:20.322,1:20.259
592,46,8,6,4,1:20.435,1:20.107,1:20.410
593,46,3,3,5,1:20.547,1:20.188,1:20.632
594,46,23,7,6,1:20.449,1:20.455,1:20.714
595,46,9,2,7,1:20.366,1:20.703,1:20.876
596,46,21,4,8,1:21.645,1:20.590,1:21.079
597,46,15,7,9,1:20.481,1:19.951,1:21.206
598,46,17,9,10,1:20.794,1:20.439,1:21.256
611,47,13,6,1,1:27.488,1:27.039,1:27.329
612,47,1,1,2,1:27.513,1:26.936,1:27.373
613,47,8,6,3,1:27.294,1:26.902,1:27.546
614,47,4,1,4,1:27.328,1:26.841,1:27.574
615,47,9,2,5,1:27.997,1:27.253,1:27.722
616,47,2,2,6,1:28.099,1:27.253,1:28.037
617,47,5,4,7,1:28.127,1:27.039,1:28.491
618,47,3,3,8,1:28.275,1:27.750,1:28.501
619,47,15,7,9,1:28.318,1:27.801,1:28.740
620,47,21,4,10,1:28.313,1:27.880,1:29.322
633,48,4,1,1,1:21.718,1:21.356,1:21.997
634,48,1,1,2,1:21.956,1:21.746,1:22.034
635,48,13,6,3,1:22.309,1:21.993,1:22.549
636,48,2,2,4,1:23.107,1:22.466,1:23.174
637,48,8,6,5,1:22.673,1:22.369,1:23.183
638,48,9,2,6,1:23.088,1:22.400,1:23.446
639,48,5,4,7,1:23.505,1:23.134,1:24.102
640,48,3,3,8,1:23.333,1:22.748,1:24.382
641,48,15,7,9,1:23.724,1:23.107,1:24.555
642,48,18,11,10,1:23.639,1:23.021,1:25.165
655,49,8,6,1,1:46.242,1:45.070,1:45.994
656,49,13,6,2,1:46.060,1:45.173,1:46.011
657,49,4,1,3,1:46.058,1:45.442,1:46.091
658,49,1,1,4,1:46.437,1:45.132,1:46.406
659,49,3,3,5,1:46.950,1:46.469,1:47.334
660,49,2,2,6,1:46.923,1:45.994,1:47.409
661,49,17,9,7,1:47.084,1:46.426,1:47.524
662,49,15,7,8,1:47.143,1:46.480,1:47.798
663,49,5,4,9,1:46.971,1:46.240,1:48.505
668,49,9,2,14,1:46.707,1:45.885,1:46.996
677,50,1,1,1,1:25.489,1:24.753,1:25.368
678,50,4,1,2,1:25.379,1:24.806,1:25.438
679,50,8,6,3,1:25.390,1:24.988,1:25.516
680,50,13,6,4,1:25.359,1:25.049,1:25.765
681,50,2,2,5,1:25.971,1:25.248,1:26.505
682,50,18,11,6,1:26.614,1:25.454,1:26.913
683,50,17,9,7,1:25.970,1:25.535,1:26.914
684,50,20,5,8,1:26.025,1:25.909,1:26.973
685,50,9,2,9,1:26.300,1:25.530,1:27.225
692,50,3,3,16,1:26.579,1:25.816,1:26.728
699,51,1,1,1,1:35.798,1:35.898,1:35.908
700,51,8,6,2,1:35.692,1:35.381,1:36.044
701,51,13,6,3,1:35.792,1:35.796,1:36.221
702,51,4,1,4,1:35.809,1:35.845,1:36.576
703,51,14,9,5,1:36.930,1:36.252,1:37.619
704,51,23,7,6,1:37.135,1:36.709,1:38.013
705,51,17,9,7,1:37.199,1:36.602,1:38.153
706,51,2,2,8,1:36.737,1:36.217,1:38.455
707,51,9,2,9,1:36.309,1:36.116,1:38.472
708,51,18,11,10,1:37.092,1:36.771,1:39.285
721,52,13,6,1,1:12.303,1:12.374,1:11.931
722,52,1,1,2,1:13.033,1:12.296,1:12.082
723,52,8,6,3,1:13.016,1:12.161,1:12.322
724,52,4,1,4,1:12.895,1:12.637,1:12.356
725,52,17,9,5,1:13.081,1:12.683,1:12.928
726,52,2,2,6,1:13.472,1:12.888,1:13.081
727,52,9,2,7,1:13.085,1:12.641,1:13.129
728,52,15,7,8,1:13.470,1:12.832,1:13.195
729,52,14,9,9,1:13.264,1:12.846,1:13.272
730,52,3,3,10,1:13.707,1:12.752,1:13.477
743,53,30,6,1,1:33.310,1:32.025,1:31.431
744,53,13,6,2,1:33.579,1:32.014,1:31.478
745,53,18,11,3,1:32.603,1:32.025,1:31.549
746,53,4,4,4,1:32.433,1:31.215,1:31.702
747,53,31,1,5,1:33.233,1:31.487,1:32.164
748,53,22,11,6,1:33.922,1:32.322,1:32.579
749,53,17,3,7,1:33.454,1:32.309,1:33.006
750,53,32,9,8,1:34.308,1:32.106,1:33.112
751,53,21,4,9,1:32.934,1:31.831,1:33.496
752,53,2,2,10,1:33.374,1:31.958,1:33.926
765,54,21,4,1,1:35.488,1:33.623,1:33.840
766,54,18,11,2,1:35.023,1:33.527,1:33.986
767,54,3,3,3,1:35.105,1:34.563,1:34.626
768,54,30,6,4,1:35.810,1:34.574,1:34.668
769,54,17,3,5,1:35.252,1:34.279,1:34.672
770,54,31,1,6,1:34.536,1:34.568,1:34.916
771,54,8,1,7,1:34.667,1:34.351,1:34.983
772,54,4,4,8,1:35.514,1:33.997,1:35.747
773,54,32,9,9,1:35.171,1:34.537,1:38.715
787,55,18,11,1,1:28.081,1:26.337,1:25.229
788,55,21,4,2,1:27.765,1:26.196,1:25.635
789,55,4,4,3,1:28.569,1:25.729,1:25.778
790,55,8,1,4,1:27.193,1:26.161,1:25.822
791,55,31,1,5,1:27.079,1:25.902,1:25.976
792,55,23,7,6,1:28.007,1:26.596,1:26.612
793,55,17,3,7,1:27.669,1:26.075,1:26.937
794,55,2,2,8,1:27.796,1:26.014,1:27.579
795,55,35,2,9,1:28.460,1:26.714,1:29.239
809,56,30,6,1,1:24.598,1:22.579,1:22.795
810,56,18,11,2,1:24.480,1:23.749,1:22.988
811,56,22,11,3,1:24.727,1:23.760,1:23.242
812,56,13,6,4,1:24.884,1:23.595,1:23.702
813,56,4,4,5,1:23.536,1:23.743,1:23.709
814,56,23,7,6,1:24.370,1:23.565,1:23.772
815,56,31,1,7,1:24.960,1:23.760,1:24.021
816,56,8,1,8,1:24.259,1:23.190,1:24.158
817,56,15,7,9,1:24.446,1:23.727,1:24.172
818,56,17,3,10,1:24.992,1:23.718,1:24.795
831,57,4,4,1,1:31.138,1:30.336,1:29.816
832,57,30,6,2,1:31.235,1:30.013,1:30.028
833,57,13,6,3,1:31.921,1:30.732,1:30.407
834,57,22,11,4,1:31.671,1:30.469,1:30.754
835,57,8,1,5,1:31.263,1:30.203,1:30.933
836,57,18,11,6,1:31.420,1:30.755,1:30.940
837,57,15,7,7,1:31.809,1:30.733,1:31.419
838,57,35,2,8,1:31.545,1:30.865,1:31.542
839,57,31,1,9,1:31.774,1:30.671,1:31.880
840,57,17,3,10,1:31.712,1:30.892,1:33.405
853,58,4,4,1,1:15.816,1:15.124,1:14.648
854,58,21,4,2,1:16.046,1:14.766,1:14.709
855,58,30,6,3,1:16.049,1:14.637,1:14.970
856,58,13,6,4,1:16.359,1:15.245,1:15.442
857,58,22,11,5,1:16.266,1:15.258,1:15.885
858,58,23,7,6,1:16.234,1:15.164,1:15.885
859,58,15,7,7,1:16.174,1:15.068,1:15.976
860,58,18,11,8,1:16.054,1:15.150,1:16.008
861,58,8,1,9,1:16.613,1:15.422,1:16.015
862,58,2,2,10,1:16.322,1:15.468,1:17.144
875,59,4,4,1,1:14.232,1:13.622,1:13.962
876,59,17,3,2,1:14.305,1:13.728,1:14.082
877,59,8,1,3,1:13.887,1:13.532,1:14.140
878,59,31,1,4,1:14.483,1:14.295,1:14.664
879,59,22,11,5,1:14.766,1:14.312,1:15.804
880,59,15,7,6,1:14.883,1:14.211,1:15.857
881,59,14,9,7,1:15.090,1:13.687,1:16.426
882,59,3,3,8,1:14.888,1:13.909,1:16.636
883,59,21,4,9,1:14.614,1:13.647,1:17.260
897,60,4,4,1,1:21.018,1:20.271,1:20.253
898,60,8,1,2,1:21.648,1:20.497,1:20.397
899,60,30,6,3,1:22.096,1:20.659,1:20.574
900,60,13,6,4,1:21.647,1:20.846,1:20.764
901,60,21,4,5,1:22.411,1:20.594,1:20.919
902,60,22,11,6,1:22.965,1:20.929,1:20.943
903,60,23,7,7,1:22.886,1:21.043,1:21.073
904,60,31,1,8,1:22.169,1:20.816,1:21.107
905,60,2,2,9,1:21.670,1:20.629,1:21.329
906,60,35,2,10,1:21.637,1:20.672,1:21.599
919,61,4,4,1,1:15.350,1:14.726,1:14.942
920,61,21,4,2,1:15.917,1:15.295,1:15.178
921,61,8,1,3,1:15.376,1:15.273,1:15.386
922,61,15,7,4,1:16.455,1:15.506,1:15.968
923,61,30,6,5,1:15.716,1:15.139,1:15.986
924,61,3,3,6,1:16.404,1:15.269,1:16.012
925,61,31,1,7,1:16.251,1:15.253,1:16.228
926,61,18,11,8,1:16.594,1:15.814,1:16.608
927,61,22,11,9,1:16.735,1:15.601,1:16.912
928,61,13,6,10,1:16.259,1:15.555,1:17.209
941,62,30,6,1,1:11.588,1:10.636,1:10.832
942,62,13,6,2,1:11.088,1:11.146,1:11.435
943,62,21,4,3,1:12.287,1:11.200,1:11.920
944,62,22,11,4,1:12.156,1:11.263,1:12.109
945,62,4,4,5,1:12.416,1:11.877,1:12.449
946,62,35,2,6,1:12.114,1:11.724,1:12.479
947,62,18,11,7,1:12.238,1:11.865,1:12.523
948,62,23,7,8,1:11.879,1:11.673,1:12.795
949,62,8,1,9,1:12.777,1:12.135,1:13.174
950,62,2,2,10,1:11.891,1:11.718,1:15.280
963,63,30,6,1,1:15.865,1:15.111,1:15.493
964,63,13,6,2,1:16.277,1:15.679,1:15.510
965,63,4,4,3,1:16.328,1:15.706,1:15.785
966,63,15,7,4,1:15.550,1:15.776,1:16.036
967,63,23,7,5,1:15.949,1:15.625,1:16.091
968,63,8,1,6,1:16.154,1:15.742,1:16.281
969,63,21,4,7,1:16.825,1:15.901,1:16.345
970,63,37,1,8,1:16.679,1:15.902,1:16.632
971,63,3,3,9,1:16.534,1:15.926,1:18.272
972,63,14,9,10,1:16.350,1:15.974,1:18.663
985,64,8,1,1,1:15.214,1:14.410,1:14.070
986,64,30,6,2,1:14.904,1:13.778,1:14.205
987,64,13,6,3,1:14.412,1:14.094,1:14.569
988,64,18,11,4,1:15.869,1:14.378,1:14.862
989,64,21,4,5,1:15.916,1:14.540,1:14.894
990,64,22,11,6,1:15.757,1:14.652,1:14.934
991,64,4,4,7,1:15.518,1:14.746,1:15.282
992,64,23,7,8,1:15.789,1:14.743,1:15.923
993,64,37,1,9,1:15.655,1:15.021,1:15.936
994,64,14,9,10,1:15.836,1:14.826,1:16.326
1007,65,8,1,1,1:20.080,1:19.704,1:19.599
1008,65,13,6,2,1:19.742,1:19.504,1:19.886
1009,65,22,11,3,1:21.141,1:19.783,1:20.085
1010,65,18,11,4,1:20.820,1:19.943,1:20.092
1011,65,37,1,5,1:21.288,1:19.991,1:20.117
1012,65,17,3,6,1:21.335,1:20.047,1:20.266
1013,65,23,7,7,1:21.112,1:20.243,1:20.759
1014,65,21,4,8,1:21.370,1:20.154,1:20.924
1015,65,15,7,9,1:21.434,1:20.231,1:21.132
1016,65,9,2,10,1:20.891,1:20.256,1:22.049
1029,66,13,6,1,1:27.306,1:27.059,1:26.907
1030,66,30,6,2,1:27.385,1:25.850,1:27.284
1031,66,4,4,3,1:27.861,1:26.917,1:27.321
1032,66,21,4,4,1:28.175,1:27.346,1:27.564
1033,66,23,7,5,1:27.668,1:27.062,1:27.569
1034,66,2,2,6,1:28.200,1:27.251,1:27.785
1035,66,18,11,7,1:28.222,1:26.872,1:27.790
1036,66,8,1,8,1:28.236,1:27.202,1:27.866
1037,66,9,2,9,1:28.212,1:27.405,1:28.167
1038,66,17,3,10,1:28.307,1:27.608,1:29.436
1051,67,8,1,1,1:21.994,1:21.349,1:21.484
1052,67,30,6,2,1:21.711,1:21.353,1:21.486
1053,67,2,2,3,1:21.764,1:21.425,1:21.653
1054,67,13,6,4,1:22.028,1:21.225,1:21.704
1055,67,18,11,5,1:22.512,1:21.572,1:22.011
1056,67,9,2,6,1:22.437,1:21.270,1:22.258
1057,67,37,1,7,1:22.422,1:21.878,1:22.280
1058,67,22,11,8,1:22.640,1:21.688,1:22.787
1059,67,21,4,9,1:22.486,1:21.722,1:23.175
1060,67,4,4,10,1:21.747,1:21.526,1:25.688
1073,68,4,4,1,1:44.128,1:43.951,1:44.360
1074,68,21,4,2,1:44.378,1:44.336,1:44.992
1075,68,22,11,3,1:47.072,1:45.228,1:45.503
1076,68,18,11,4,1:45.809,1:44.662,1:45.503
1077,68,8,1,5,1:44.909,1:45.622,1:45.754
1078,68,30,6,6,1:47.366,1:45.660,1:45.775
1079,68,37,1,7,1:44.808,1:45.095,1:45.877
1080,68,2,2,8,1:46.249,1:45.055,1:46.053
1081,68,9,2,9,1:46.049,1:45.576,1:46.632
1082,68,38,9,10,1:46.387,1:45.747,1:48.021
1095,69,13,6,1,1:30.112,1:29.830,1:29.599
1096,69,30,6,2,1:31.279,1:28.954,1:29.711
1097,69,23,7,3,1:30.595,1:30.299,1:29.989
1098,69,15,7,4,1:30.420,1:30.204,1:30.039
1099,69,4,4,5,1:30.976,1:30.357,1:30.371
1100,69,21,4,6,1:31.696,1:30.306,1:30.599
1101,69,18,11,7,1:30.847,1:30.268,1:30.992
1102,69,22,11,8,1:31.972,1:30.598,1:31.478
1103,69,2,2,9,1:31.811,1:30.470,1:31.513
1104,69,3,3,10,1:30.585,1:30.321,1:31.856
1117,70,13,6,1,1:10.643,1:10.775,1:10.680
1118,70,8,1,2,1:12.035,1:11.386,1:11.299
1119,70,15,7,3,1:11.885,1:11.343,1:11.328
1120,70,4,4,4,1:11.791,1:11.148,1:11.567
1121,70,22,11,5,1:12.017,1:11.578,1:11.619
1122,70,21,4,6,1:12.042,1:11.461,1:11.629
1123,70,23,7,7,1:11.713,1:11.550,1:11.695
1124,70,2,2,8,1:12.307,1:11.648,1:11.882
1125,70,9,2,9,1:12.040,1:11.589,1:12.131
2986,1,18,23,1,1:25.211,1:24.855,1:26.202
2987,1,22,23,2,1:25.006,1:24.783,1:26.505
2988,1,20,9,3,1:25.938,1:25.121,1:26.830
2989,1,9,2,4,1:25.922,1:25.152,1:26.914
2990,1,3,3,5,1:25.846,1:25.123,1:26.973
2991,1,10,7,6,1:25.499,1:25.281,1:26.975
2992,1,13,6,7,1:25.844,1:25.319,1:27.033
2993,1,15,7,8,1:26.194,1:25.265,1:27.127
2994,1,8,6,9,1:25.899,1:25.380,1:27.163
2995,1,17,9,10,1:25.427,1:25.241,1:27.246
3006,2,18,23,1,1:35.058,1:33.784,1:35.181
3007,2,15,7,2,1:34.745,1:33.990,1:35.273
3008,2,20,9,3,1:34.935,1:34.276,1:35.518
3009,2,22,23,4,1:34.681,1:34.387,1:35.651
3010,2,10,7,5,1:34.907,1:34.258,1:35.690
3011,2,3,3,6,1:35.083,1:34.547,1:35.750
3012,2,17,9,7,1:35.027,1:34.222,1:35.797
3013,2,9,2,8,1:35.166,1:34.562,1:36.106
3014,2,8,6,9,1:35.476,1:34.456,1:36.170
3015,2,4,4,10,1:35.260,1:34.706,1:37.659
3026,3,20,9,1,1:36.565,1:35.130,1:36.184
3027,3,4,4,2,1:36.443,1:35.803,1:36.381
3028,3,17,9,3,1:35.751,1:35.173,1:36.466
3029,3,22,23,4,1:35.701,1:35.503,1:36.493
3030,3,18,23,5,1:35.533,1:35.556,1:36.532
3031,3,15,7,6,1:36.308,1:35.645,1:36.835
3032,3,3,3,7,1:35.941,1:35.809,1:37.397
3033,3,8,6,8,1:36.137,1:35.856,1:38.089
3034,3,1,1,9,1:35.776,1:35.740,1:38.595
3035,3,67,5,10,1:36.284,1:35.965,1:39.321
3046,4,15,7,1,1:32.799,1:32.671,1:33.431
3047,4,10,7,2,1:33.165,1:32.613,1:33.712
3048,4,20,9,3,1:32.680,1:32.474,1:34.015
3049,4,18,23,4,1:32.978,1:32.842,1:34.044
3050,4,1,1,5,1:32.851,1:32.877,1:34.196
3051,4,22,23,6,1:33.116,1:32.842,1:34.239
3052,4,4,4,7,1:33.627,1:32.860,1:34.578
3053,4,13,6,8,1:33.297,1:33.014,1:34.818
3054,4,3,3,9,1:33.672,1:33.166,1:35.134
3055,4,8,6,10,1:33.117,1:32.827,1:35.380
3066,5,18,23,1,1:20.707,1:20.192,1:20.527
3067,5,20,9,2,1:20.715,1:20.220,1:20.660
3068,5,22,23,3,1:20.808,1:19.954,1:20.762
3069,5,13,6,4,1:20.484,1:20.149,1:20.934
3070,5,17,9,5,1:20.689,1:20.007,1:21.049
3071,5,10,7,6,1:20.877,1:20.107,1:21.247
3072,5,15,7,7,1:21.189,1:20.420,1:21.254
3073,5,4,4,8,1:21.186,1:20.509,1:21.392
3074,5,3,3,9,1:20.745,1:20.256,1:22.558
3075,5,9,2,10,1:20.931,1:20.408,1:22.685
3086,6,18,23,1,1:15.210,1:15.016,1:14.902
3087,6,8,6,2,1:15.746,1:14.514,1:14.927
3088,6,22,23,3,1:15.425,1:14.829,1:15.077
3089,6,20,9,4,1:15.915,1:14.879,1:15.271
3090,6,13,6,5,1:15.340,1:15.001,1:15.437
3091,6,3,3,6,1:15.094,1:14.846,1:15.455
3092,6,5,1,7,1:15.495,1:14.809,1:15.516
3093,6,17,9,8,1:15.260,1:14.825,1:15.653
3094,6,4,4,9,1:15.898,1:15.200,1:16.009
3095,6,6,3,10,1:15.930,1:15.579,1:17.344
3106,7,20,9,1,1:27.330,1:27.016,1:28.316
3107,7,18,23,2,1:27.355,1:27.230,1:28.421
3108,7,22,23,3,1:27.371,1:27.418,1:28.579
3109,7,17,9,4,1:27.466,1:27.416,1:28.613
3110,7,15,7,5,1:27.529,1:27.195,1:28.666
3111,7,8,6,6,1:27.556,1:27.387,1:28.815
3112,7,13,6,7,1:27.508,1:27.349,1:28.858
3113,7,4,4,8,1:27.988,1:27.473,1:29.075
3114,7,3,3,9,1:27.517,1:27.418,1:29.191
3115,7,9,2,10,1:27.788,1:27.455,1:29.357
3126,8,20,9,1,1:18.685,1:18.119,1:19.509
3127,8,22,23,2,1:19.325,1:18.335,1:19.856
3128,8,17,9,3,1:18.674,1:18.209,1:19.868
3129,8,15,7,4,1:18.886,1:18.240,1:20.091
3130,8,6,3,5,1:18.530,1:18.575,1:20.216
3131,8,18,23,6,1:18.957,1:18.663,1:20.289
3132,8,3,3,7,1:19.228,1:18.591,1:20.361
3133,8,10,7,8,1:19.198,1:18.791,1:20.490
3134,8,8,6,9,1:19.010,1:18.566,1:20.715
3135,8,4,4,10,1:19.167,1:18.761,1:20.741
3146,9,17,9,1,1:31.257,1:38.038,1:32.230
3147,9,22,23,2,1:31.482,1:34.455,1:32.357
3148,9,18,23,3,1:31.568,1:39.032,1:32.473
3149,9,20,9,4,1:31.430,1:39.504,1:32.480
3150,9,1,1,5,1:31.473,1:39.149,1:32.616
3151,9,5,1,6,1:31.881,1:40.826,1:33.859
3152,9,16,10,7,1:32.015,1:36.740,1:34.316
3153,9,13,6,8,1:31.600,1:41.708,1:34.574
3154,9,8,6,9,1:31.869,1:41.730,1:34.710
3155,9,12,4,10,1:32.128,1:35.737,1:34.803
3166,10,4,4,1,1:21.313,1:20.826,1:21.569
3167,10,20,9,2,1:21.178,1:20.604,1:21.607
3168,10,17,9,3,1:20.964,1:20.358,1:21.741
3169,10,1,1,4,1:20.842,1:20.465,1:21.839
3170,10,3,3,5,1:20.793,1:20.862,1:21.890
3171,10,5,1,6,1:21.659,1:20.807,1:22.095
3172,10,8,6,7,1:21.500,1:20.647,1:22.468
3173,10,18,23,8,1:21.471,1:20.707,1:22.511
3174,10,6,3,9,1:21.407,1:20.570,1:22.835
3186,11,1,1,1,1:38.649,1:38.182,1:39.489
3187,11,5,1,2,1:38.816,1:38.230,1:39.532
3188,11,22,23,3,1:39.019,1:38.076,1:39.563
3189,11,20,9,4,1:39.295,1:38.273,1:39.789
3190,11,18,23,5,1:38.531,1:38.601,1:39.821
3191,11,8,6,6,1:38.843,1:38.782,1:40.144
3192,11,3,3,7,1:39.039,1:38.346,1:40.185
3193,11,4,4,8,1:39.155,1:38.717,1:40.236
3194,11,17,9,9,1:38.983,1:38.625,1:40.239
3195,11,9,2,10,1:38.806,1:38.747,1:40.512
3206,12,21,10,1,1:45.102,1:44.667,1:46.308
3207,12,15,7,2,1:45.140,1:44.503,1:46.395
3208,12,2,2,3,1:45.566,1:44.709,1:46.500
3209,12,22,23,4,1:45.237,1:44.834,1:46.513
3210,12,9,2,5,1:45.655,1:44.557,1:46.586
3211,12,8,6,6,1:45.579,1:44.953,1:46.633
3212,12,10,7,7,1:45.450,1:44.877,1:46.677
3213,12,20,9,8,1:45.372,1:44.592,1:46.761
3214,12,17,9,9,1:45.350,1:44.924,1:46.788
3215,12,3,3,10,1:45.486,1:45.047,1:47.362
3226,13,1,1,1,1:23.375,1:22.973,1:24.066
3227,13,16,10,2,1:23.576,1:23.070,1:24.261
3228,13,8,6,3,1:23.349,1:23.426,1:24.523
3229,13,5,1,4,1:23.515,1:23.528,1:24.845
3230,13,22,23,5,1:23.483,1:22.976,1:25.015
3231,13,18,23,6,1:23.403,1:22.955,1:25.030
3232,13,24,10,7,1:23.578,1:23.207,1:25.043
3233,13,4,4,8,1:23.708,1:23.497,1:25.072
3234,13,20,9,9,1:23.558,1:23.545,1:25.180
3235,13,17,9,10,1:23.755,1:23.273,1:25.314
3246,14,1,1,1,1:46.977,1:46.657,1:47.891
3247,14,20,9,2,1:47.541,1:46.362,1:48.204
3248,14,3,3,3,1:47.390,1:46.197,1:48.348
3249,14,17,9,4,1:47.646,1:46.328,1:48.722
3250,14,22,23,5,1:47.397,1:46.787,1:48.828
3251,14,4,4,6,1:47.757,1:46.767,1:49.054
3252,14,10,7,7,1:47.770,1:46.707,1:49.180
3253,14,2,2,8,1:47.347,1:46.832,1:49.307
3254,14,9,2,9,1:47.615,1:46.813,1:49.514
3255,14,5,1,10,1:47.542,1:46.842,1:49.778
3266,15,20,9,1,1:30.883,1:30.341,1:32.160
3267,15,15,7,2,1:31.063,1:30.737,1:32.220
3268,15,1,1,3,1:30.917,1:30.627,1:32.395
3269,15,16,10,4,1:31.386,1:31.222,1:32.466
3270,15,22,23,5,1:31.272,1:31.055,1:32.660
3271,15,2,2,6,1:31.501,1:31.260,1:32.945
3272,15,18,23,7,1:31.041,1:30.880,1:32.962
3273,15,8,6,8,1:31.288,1:31.052,1:32.980
3286,16,22,23,1,1:24.100,1:21.659,1:19.576
3287,16,17,9,2,1:24.722,1:20.803,1:19.668
3288,16,16,10,3,1:24.447,1:20.753,1:19.912
3289,16,15,7,4,1:24.621,1:20.635,1:20.097
3290,16,8,6,5,1:23.047,1:21.378,1:20.168
3291,16,67,5,6,1:24.591,1:20.701,1:20.250
3292,16,3,3,7,1:22.828,1:20.368,1:20.326
3293,16,9,2,8,1:23.072,1:21.147,1:20.631
3294,16,6,3,9,1:23.161,1:20.427,1:20.674
3295,16,4,4,10,1:24.842,1:21.657,1:21.422
3306,17,1,1,1,1:39.873,1:39.695,1:40.948
3307,17,20,9,2,1:40.666,1:39.984,1:41.615
3308,17,17,9,3,1:40.667,1:40.272,1:41.726
3309,17,22,23,4,1:40.574,1:40.421,1:41.786
3310,17,18,23,5,1:40.378,1:40.148,1:41.892
3311,17,15,7,6,1:40.517,1:40.373,1:41.897
3312,17,9,2,7,1:40.520,1:40.545,1:41.992
3313,17,2,2,8,1:40.558,1:40.635,1:42.343
3314,17,3,3,9,1:40.842,1:40.661,1:42.583
3315,17,67,5,10,1:40.908,1:40.430,1:42.713
3326,337,20,9,1,1:55.029,1:53.883,1:54.101
3327,337,13,6,2,1:55.313,1:54.331,1:54.242
3328,337,4,6,3,1:54.612,1:54.172,1:54.608
3329,337,1,1,4,1:55.341,1:54.707,1:55.217
3330,337,3,131,5,1:55.463,1:54.682,1:55.241
3331,337,17,9,6,1:55.298,1:54.318,1:55.284
3332,337,30,131,7,1:55.593,1:55.105,1:55.524
3333,337,18,1,8,1:55.715,1:55.168,1:55.672
3334,337,9,4,9,1:55.511,1:54.963,1:55.885
3335,337,16,10,10,1:55.213,1:54.996,1:56.309
3350,338,20,9,1,1:24.774,1:24.096,1:23.919
3351,338,17,9,2,1:25.286,1:24.276,1:24.035
3352,338,4,6,3,1:25.082,1:24.335,1:24.111
3353,338,18,1,4,1:24.897,1:24.531,1:24.675
3354,338,13,6,5,1:25.548,1:25.010,1:24.837
3355,338,3,131,6,1:24.788,1:24.788,1:24.884
3356,338,30,131,7,1:25.351,1:24.871,1:24.927
3357,338,22,3,8,1:25.702,1:25.085,1:25.217
3358,338,9,4,9,1:25.588,1:25.122,1:25.372
3359,338,16,10,10,1:25.504,1:25.046,1:26.036
3374,339,17,9,1,1:51.886,1:48.210,1:49.327
3375,339,3,131,2,1:52.560,1:47.417,1:50.673
3376,339,20,9,3,1:47.632,1:46.828,1:50.789
3377,339,16,10,4,1:49.479,1:47.085,1:50.914
3378,339,807,3,5,1:49.664,1:47.346,1:51.001
3379,339,9,4,6,1:46.283,1:46.951,1:51.051
3380,339,22,3,7,1:50.301,1:48.371,1:51.511
3381,339,30,131,8,1:52.239,1:48.400,1:51.717
3382,339,155,15,9,1:48.467,1:47.792,1:51.767
3383,339,24,10,10,1:49.922,1:48.238,1:52.254
3398,340,20,9,1,1:36.317,1:35.280,1:34.558
3399,340,17,9,2,1:35.978,1:35.100,1:34.808
3400,340,4,6,3,1:35.987,1:35.235,1:34.913
3401,340,3,131,4,1:35.952,1:35.134,1:34.923
3402,340,18,1,5,1:36.122,1:35.443,1:34.979
3403,340,1,1,6,1:35.641,1:34.928,1:35.034
3404,340,13,6,7,1:36.076,1:35.290,1:35.180
3405,340,9,4,8,1:36.348,1:35.550,1:35.364
3406,340,30,131,9,1:36.484,1:35.715,1:35.646
3407,340,16,10,10,1:36.671,1:35.665,1:35.963
3422,341,17,9,1,1:21.412,1:20.655,1:19.995
3423,341,20,9,2,1:21.680,1:20.772,1:20.101
3424,341,1,1,3,1:21.723,1:21.415,1:20.829
3425,341,4,6,4,1:21.957,1:21.549,1:20.937
3426,341,18,1,5,1:21.915,1:21.168,1:20.991
3427,341,30,131,6,1:22.528,1:21.557,1:21.294
3428,341,9,4,7,1:22.488,1:21.599,1:21.353
3429,341,3,131,8,1:22.419,1:21.867,1:21.408
3430,341,13,6,9,1:22.564,1:21.841,1:21.585
3431,341,155,15,10,1:22.577,1:21.725,1:21.984
3446,342,17,9,1,1:15.035,1:14.462,1:13.826
3447,342,9,4,2,1:15.045,1:14.549,1:14.120
3448,342,20,9,3,1:15.110,1:14.568,1:14.227
3449,342,13,6,4,1:14.757,1:14.405,1:14.283
3450,342,1,1,5,1:15.676,1:14.527,1:14.432
3451,342,3,131,6,1:15.188,1:14.375,1:14.544
3452,342,30,131,7,1:15.649,1:14.691,1:14.590
3453,342,18,1,8,1:15.623,1:15.150,1:14.637
3454,342,22,3,9,1:15.590,1:15.083,1:14.901
3455,342,24,10,10,1:15.397,1:15.061,1:15.170
3470,343,17,9,1,1:27.500,1:26.818,1:26.295
3471,343,1,1,2,1:27.667,1:27.013,1:26.433
3472,343,20,9,3,1:27.067,1:26.729,1:26.760
3473,343,18,1,4,1:27.555,1:27.277,1:26.781
3474,343,30,131,5,1:27.756,1:27.438,1:26.857
3475,343,3,131,6,1:27.649,1:27.141,1:26.952
3476,343,9,4,7,1:27.766,1:27.426,1:27.039
3477,343,13,6,8,1:27.993,1:27.200,1:27.082
3478,343,808,4,9,1:27.620,1:27.387,1:27.430
3479,343,155,15,10,1:28.158,1:27.434,1:28.122
3494,344,1,1,1,1:15.889,1:15.528,1:15.105
3495,344,17,9,2,1:16.423,1:15.692,1:15.373
3496,344,20,9,3,1:16.129,1:15.556,1:15.420
3497,344,4,6,4,1:16.171,1:15.597,1:15.435
3498,344,18,1,5,1:16.371,1:15.742,1:15.520
3499,344,24,10,6,1:17.086,1:16.171,1:15.648
3500,344,13,6,7,1:16.673,1:16.314,1:15.688
3501,344,9,4,8,1:16.370,1:15.682,1:15.715
3502,344,16,10,9,1:16.495,1:16.295,1:15.881
3503,344,3,131,10,1:16.350,1:16.001,1:16.071
3518,345,20,9,1,1:38.324,1:38.015,1:37.587
3519,345,17,9,2,1:38.549,1:38.041,1:37.662
3520,345,1,1,3,1:38.697,1:38.158,1:37.969
3521,345,4,6,4,1:38.472,1:38.179,1:38.075
3522,345,13,6,5,1:38.657,1:38.046,1:38.127
3523,345,9,4,6,1:38.132,1:38.062,1:38.137
3524,345,18,1,7,1:38.360,1:38.399,1:38.210
3525,345,807,3,8,1:38.843,1:38.523,1:38.428
3526,345,22,3,9,1:38.449,1:38.326,1:38.428
3527,345,808,4,10,1:39.004,1:38.552,1:38.523
3542,346,20,9,1,1:30.841,1:30.480,1:29.615
3543,346,17,9,2,1:30.858,1:30.114,1:29.758
3544,346,4,6,3,1:30.997,1:30.700,1:30.426
3545,346,1,1,4,1:31.297,1:31.118,1:30.556
3546,346,3,131,5,1:31.626,1:31.085,1:30.625
3547,346,9,4,6,1:31.680,1:31.344,1:31.040
3548,346,13,6,7,1:31.313,1:31.010,1:31.172
3549,346,22,3,8,1:31.424,1:31.126,1:31.175
3550,346,37,15,9,1:31.533,1:31.327,1:31.274
3551,346,30,131,10,1:32.058,1:31.022,1:31.430
3566,347,20,9,1,1:15.152,1:14.249,1:13.791
3567,347,4,6,2,1:14.808,1:14.081,1:13.793
3568,347,13,6,3,1:15.216,1:14.478,1:14.290
3569,347,17,9,4,1:15.334,1:14.340,1:14.347
3570,347,18,1,5,1:15.823,1:14.716,1:14.427
3571,347,1,1,6,1:15.505,1:14.488,1:14.566
3572,347,9,4,7,1:15.736,1:14.835,1:15.079
3573,347,22,3,8,1:16.398,1:14.698,1:15.109
3574,347,3,131,9,1:16.178,1:15.018,1:15.179
3575,347,807,3,10,1:16.387,1:14.943,1:15.339
3590,348,20,9,1,1:20.417,1:19.573,1:18.773
3591,348,17,9,2,1:21.132,1:19.531,1:19.184
3592,348,4,6,3,1:21.278,1:20.237,1:19.987
3593,348,13,6,4,1:21.299,1:20.857,1:20.331
3594,348,1,1,5,1:21.455,1:20.877,1:20.499
3595,348,3,131,6,1:21.212,1:20.811,1:21.082
3596,348,808,4,7,1:21.558,1:20.797,1:21.229
3597,348,9,4,8,1:21.159,1:20.867,1:21.328
3598,348,37,15,9,1:21.891,1:21.273,1:21.411
3599,348,807,3,10,1:21.598,1:21.275,1:21.710
3614,349,17,9,1,1:57.352,1:47.253,1:45.778
3615,349,1,1,2,1:56.706,1:46.211,1:45.863
3616,349,9,4,3,1:56.041,1:47.320,1:46.100
3617,349,20,9,4,1:58.487,1:47.245,1:46.127
3618,349,18,1,5,1:57.981,1:46.790,1:46.206
3619,349,13,6,6,1:58.323,1:47.322,1:46.314
3620,349,22,3,7,1:55.757,1:47.797,1:46.602
3621,349,16,10,8,1:58.730,1:47.292,1:46.659
3622,349,807,3,9,1:55.442,1:47.821,1:47.053
3623,349,4,6,10,1:57.023,1:47.544,1:47.441
3638,350,4,6,1,1:22.646,1:22.297,1:21.962
3639,350,18,1,2,1:23.085,1:22.354,1:22.084
3640,350,13,6,3,1:22.421,1:22.610,1:22.293
3641,350,17,9,4,1:23.431,1:22.706,1:22.433
3642,350,1,1,5,1:22.830,1:22.394,1:22.623
3643,350,20,9,6,1:23.235,1:22.701,1:22.675
3644,350,3,131,7,1:23.529,1:23.055,1:23.027
3645,350,807,3,8,1:23.516,1:22.989,1:23.037
3646,350,9,4,9,1:23.234,1:22.880,1:23.039
3647,350,22,3,10,1:23.695,1:23.142,1:23.328
3662,351,4,6,1,1:46.541,1:45.809,1:45.390
3663,351,20,9,2,1:46.960,1:45.561,1:45.457
3664,351,1,1,3,1:48.296,1:46.042,1:45.571
3665,351,18,1,4,1:48.032,1:46.490,1:45.944
3666,351,17,9,5,1:47.088,1:45.908,1:45.977
3667,351,22,3,6,1:48.183,1:47.019,1:46.236
3668,351,3,131,7,1:48.554,1:46.783,1:46.443
3669,351,9,4,8,1:47.657,1:46.949,1:46.593
3670,351,30,131,9,1:48.425,1:47.160,1:46.702
3671,351,155,15,10,1:48.908,1:47.559,1:47.884
3686,352,20,9,1,1:32.035,1:31.184,1:30.785
3687,352,17,9,2,1:32.476,1:31.241,1:30.853
3688,352,1,1,3,1:32.809,1:31.523,1:31.169
3689,352,9,4,4,1:32.808,1:32.042,1:31.231
3690,352,4,6,5,1:32.555,1:31.819,1:31.352
3691,352,18,1,6,1:32.636,1:31.763,1:31.378
3692,352,3,131,7,1:32.238,1:31.886,1:31.494
3693,352,22,3,8,1:32.361,1:31.874,1:31.535
3694,352,807,3,9,1:32.211,1:31.926,1:31.559
3695,352,30,131,10,1:32.513,1:32.073,1:31.846
3710,353,20,9,1,1:37.123,1:36.074,1:35.585
3711,353,17,9,2,1:37.373,1:36.039,1:35.659
3712,353,4,6,3,1:37.144,1:36.287,1:35.766
3713,353,1,1,4,1:37.113,1:36.197,1:36.062
3714,353,3,131,5,1:37.708,1:36.791,1:36.535
3715,353,13,6,6,1:37.515,1:36.169,1:36.571
3716,353,18,1,7,1:38.123,1:37.064,1:36.731
3717,353,9,4,8,1:37.703,1:37.179,1:36.824
3718,353,30,131,9,1:37.980,1:37.077,1:36.950
3719,353,22,3,10,1:38.257,1:37.511,1:36.998
3734,354,807,3,1,1:20.050,1:19.144,1:14.470
3735,354,20,9,2,1:19.160,1:18.691,1:15.519
3736,354,17,9,3,1:19.025,1:18.516,1:15.637
3737,354,1,1,4,1:19.931,1:18.921,1:15.747
3738,354,4,6,5,1:18.987,1:19.010,1:15.989
3739,354,22,3,6,1:19.799,1:18.925,1:16.203
3740,354,9,4,7,1:19.249,1:18.877,1:16.552
3741,354,30,131,8,1:19.879,1:18.923,1:16.925
3742,354,13,6,9,1:19.778,1:19.200,1:17.101
3743,354,808,4,10,1:20.189,1:19.153,1:17.656
3758,355,20,9,1,1:40.318,1:39.874,1:39.394
3759,355,1,1,2,1:40.335,1:40.119,1:39.425
3760,355,4,6,3,1:40.170,1:40.311,1:39.792
3761,355,18,1,4,1:40.877,1:40.014,1:39.823
3762,355,17,9,5,1:40.690,1:40.074,1:39.925
3763,355,13,6,6,1:40.942,1:40.323,1:40.202
3764,355,22,3,7,1:40.904,1:40.476,1:40.203
3765,355,30,131,8,1:41.222,1:40.452,1:40.516
3766,355,3,131,9,1:40.231,1:40.060,1:40.589
3767,355,808,4,10,1:41.018,1:40.658,1:40.901
4537,841,20,9,1,1:25.296,1:24.090,1:23.529
4538,841,1,1,2,1:25.384,1:24.595,1:24.307
4539,841,17,9,3,1:25.900,1:24.658,1:24.395
4540,841,18,1,4,1:25.886,1:24.957,1:24.779
4541,841,4,6,5,1:25.707,1:25.242,1:24.974
4542,841,808,4,6,1:25.543,1:25.582,1:25.247
4543,841,3,131,7,1:25.856,1:25.606,1:25.421
4544,841,13,6,8,1:26.031,1:25.611,1:25.599
4545,841,155,15,9,1:25.717,1:25.405,1:25.626
4546,841,67,5,10,1:26.232,1:25.882,1:27.066
4562,842,20,9,1,1:37.468,1:35.934,1:34.870
4563,842,1,1,2,1:36.861,1:35.852,1:34.974
4564,842,17,9,3,1:37.924,1:36.080,1:35.179
4565,842,18,1,4,1:37.033,1:35.569,1:35.200
4566,842,4,6,5,1:36.897,1:36.320,1:35.802
4567,842,2,4,6,1:37.224,1:36.811,1:36.124
4568,842,13,6,7,1:36.744,1:36.557,1:36.251
4569,842,808,4,8,1:37.210,1:36.642,1:36.324
4570,842,3,131,9,1:37.316,1:36.388,1:36.809
4571,842,155,15,10,1:36.994,1:36.691,1:36.820
4586,843,20,9,1,1:35.674,1:34.776,1:33.706
4587,843,18,1,2,1:35.924,1:34.662,1:34.421
4588,843,1,1,3,1:36.091,1:34.486,1:34.463
4589,843,3,131,4,1:35.272,1:35.850,1:34.670
4590,843,4,6,5,1:35.389,1:35.165,1:35.119
4591,843,13,6,6,1:35.478,1:35.437,1:35.145
4592,843,153,5,7,1:36.133,1:35.563,1:36.158
4593,843,814,10,8,1:35.702,1:35.858,1:36.190
4594,843,67,5,9,1:36.110,1:35.500,1:36.203
4610,844,20,9,1,1:27.039,1:25.610,1:25.049
4611,844,17,9,2,1:27.090,1:26.075,1:25.454
4612,844,3,131,3,1:27.514,1:25.801,1:25.574
4613,844,1,1,4,1:27.091,1:26.066,1:25.595
4614,844,4,6,5,1:27.349,1:26.152,1:25.851
4615,844,18,1,6,1:27.374,1:26.485,1:25.982
4616,844,808,4,7,1:27.475,1:26.654,1:26.296
4617,844,30,131,8,1:27.697,1:26.121,1:26.646
4618,844,2,4,9,1:27.901,1:26.740,1:26.659
4633,845,17,9,1,1:23.619,1:21.773,1:20.981
4634,845,20,9,2,1:24.142,1:21.540,1:21.181
4635,845,1,1,3,1:24.370,1:22.148,1:21.961
4636,845,4,6,4,1:23.485,1:22.813,1:21.964
4637,845,18,1,5,1:24.428,1:22.050,1:21.996
4638,845,808,4,6,1:23.069,1:22.948,1:22.471
4639,845,3,131,7,1:23.507,1:22.569,1:22.599
4640,845,13,6,8,1:23.506,1:23.026,1:22.888
4641,845,813,3,9,1:23.406,1:22.854,1:22.952
4656,846,20,9,1,1:15.606,1:14.277,1:13.556
4657,846,18,1,2,1:15.397,1:14.545,1:13.997
4658,846,17,9,3,1:16.087,1:14.742,1:14.019
4659,846,4,6,4,1:16.051,1:14.569,1:14.483
4660,846,30,131,5,1:16.092,1:14.981,1:14.682
4661,846,13,6,6,1:16.309,1:14.648,1:14.877
4662,846,1,1,7,1:15.207,1:14.275,1:15.280
4663,846,3,131,8,1:15.858,1:14.741,1:15.766
4664,846,813,3,9,1:15.819,1:15.545,1:16.528
4680,847,20,9,1,1:14.011,1:13.486,1:13.014
4681,847,4,6,2,1:13.822,1:13.672,1:13.199
4682,847,13,6,3,1:14.026,1:13.431,1:13.217
4683,847,17,9,4,1:14.375,1:13.654,1:13.429
4684,847,1,1,5,1:14.114,1:13.926,1:13.565
4685,847,3,131,6,1:14.920,1:13.950,1:13.814
4686,847,18,1,7,1:14.374,1:13.955,1:13.838
4687,847,30,131,8,1:14.970,1:14.242,1:13.864
4688,847,2,4,9,1:15.096,1:14.467,1:14.062
4689,847,808,4,10,1:14.699,1:14.354,1:14.085
4704,848,20,9,1,1:39.116,1:37.305,1:36.975
4705,848,17,9,2,1:39.956,1:38.058,1:37.163
4706,848,1,1,3,1:39.244,1:37.727,1:37.380
4707,848,4,6,4,1:39.725,1:37.930,1:37.454
4708,848,13,6,5,1:38.413,1:38.566,1:37.535
4709,848,18,1,6,1:39.453,1:37.749,1:37.645
4710,848,3,131,7,1:39.266,1:38.373,1:38.231
4711,848,30,131,8,1:39.198,1:38.365,1:38.240
4728,849,17,9,1,1:32.670,1:31.673,1:30.399
4729,849,20,9,2,1:32.977,1:32.379,1:30.431
4730,849,4,6,3,1:32.986,1:31.727,1:30.516
4731,849,13,6,4,1:32.760,1:31.640,1:31.124
4732,849,18,1,5,1:34.230,1:32.273,1:31.898
4733,849,814,10,6,1:34.472,1:32.569,1:31.929
4734,849,813,3,7,1:32.702,1:32.588,1:31.933
4735,849,155,15,8,1:34.324,1:32.399,1:32.128
4736,849,3,131,9,1:34.186,1:32.295,1:32.209
4737,849,1,1,10,1:33.581,1:32.505,1:32.376
4752,850,17,9,1,1:33.096,1:31.311,1:30.079
4753,850,1,1,2,1:32.934,1:30.998,1:30.134
4754,850,20,9,3,1:32.973,1:31.017,1:30.216
4755,850,4,6,4,1:32.916,1:31.150,1:30.442
4756,850,13,6,5,1:31.826,1:31.582,1:30.910
4757,850,3,131,6,1:32.785,1:31.343,1:31.263
4758,850,18,1,7,1:33.224,1:31.532,1:31.288
4759,850,16,10,8,1:32.286,1:31.809,1:32.010
4760,850,808,4,9,1:33.187,1:31.985,1:32.187
4761,850,30,131,10,1:32.603,1:32.180,1:32.482
4776,851,20,9,1,1:21.740,1:21.095,1:19.815
4777,851,1,1,2,1:21.636,1:21.105,1:19.978
4778,851,18,1,3,1:22.038,1:20.578,1:20.024
4779,851,13,6,4,1:22.130,1:21.099,1:20.350
4780,851,4,6,5,1:21.578,1:20.262,1:20.365
4781,851,17,9,6,1:22.208,1:20.890,1:20.474
4782,851,3,131,7,1:22.996,1:21.243,1:21.098
4783,851,16,10,8,1:22.237,1:22.000,1:21.445
4784,851,30,131,9,1:22.876,1:21.852,1:21.907
4800,852,20,9,1,2:03.029,2:03.317,1:48.298
4801,852,1,1,2,2:03.008,2:02.823,1:48.730
4802,852,17,9,3,2:02.827,2:03.302,1:49.376
4803,852,13,6,4,2:05.834,2:04.507,1:50.256
4804,852,3,131,5,2:05.091,2:03.723,1:50.552
4805,852,153,5,6,2:05.419,2:04.561,1:50.773
4806,852,811,4,7,2:05.047,2:04.452,1:51.121
4807,852,4,6,8,2:04.450,2:02.768,1:51.251
4808,852,815,15,9,2:06.284,2:04.625,1:51.374
4809,852,808,4,10,2:05.292,2:03.466,1:52.303
4823,854,20,9,1,1:46.397,1:44.931,1:44.381
4824,854,17,9,2,1:47.332,1:45.651,1:44.732
4825,854,18,1,3,1:46.956,1:45.472,1:44.804
4826,854,1,1,4,1:47.014,1:46.829,1:44.809
4827,854,4,6,5,1:47.054,1:45.779,1:44.874
4828,854,13,6,6,1:47.945,1:45.955,1:45.800
4829,854,3,131,7,1:47.688,1:46.405,1:46.013
4847,855,20,9,1,1:33.051,1:31.424,1:30.466
4848,855,18,1,2,1:32.947,1:31.434,1:30.475
4849,855,1,1,3,1:32.843,1:31.139,1:30.617
4850,855,13,6,4,1:33.235,1:31.909,1:30.804
4851,855,4,6,5,1:32.817,1:31.612,1:30.886
4852,855,17,9,6,1:33.135,1:31.576,1:31.156
4871,856,1,1,1,1:37.525,1:36.526,1:35.820
4872,856,20,9,2,1:39.093,1:37.285,1:36.042
4873,856,18,1,3,1:37.929,1:37.302,1:36.126
4874,856,17,9,4,1:39.071,1:37.292,1:36.468
4875,856,13,6,5,1:38.670,1:37.313,1:36.831
4876,856,4,6,6,1:38.393,1:37.352,1:36.980
4877,856,3,131,7,1:38.426,1:37.892,1:37.754
4878,856,808,4,8,1:38.378,1:38.186,1:38.124
4895,857,20,9,1,1:26.218,1:24.657,1:24.178
4896,857,1,1,2,1:26.563,1:25.019,1:24.474
4897,857,17,9,3,1:26.473,1:25.282,1:24.508
4898,857,4,6,4,1:26.774,1:25.158,1:24.519
4899,857,18,1,5,1:26.225,1:25.299,1:24.950
4900,857,13,6,6,1:27.012,1:25.522,1:25.122
4901,857,3,131,7,1:26.364,1:25.555,1:25.451
4919,858,20,9,1,1:40.478,1:38.516,1:38.481
4920,858,1,1,2,1:39.782,1:38.434,1:38.622
4921,858,18,1,3,1:40.227,1:39.097,1:38.631
4922,858,17,9,4,1:40.167,1:38.821,1:38.858
4923,858,4,6,5,1:41.380,1:39.058,1:39.058
4924,858,13,6,6,1:41.592,1:39.623,1:39.695
4925,858,3,131,7,1:41.120,1:39.420,1:39.773
4926,858,30,131,8,1:42.605,1:40.554,1:40.662
4927,858,16,10,9,1:40.595,1:40.205,1:40.768
4942,859,20,9,1,1:13.664,1:12.446,1:11.918
4943,859,17,9,2,1:13.467,1:12.658,1:12.099
4944,859,18,1,3,1:13.281,1:12.820,1:12.283
4945,859,1,1,4,1:13.361,1:12.811,1:12.480
4946,859,4,6,5,1:13.969,1:12.870,1:12.591
4947,859,3,131,6,1:14.083,1:12.569,1:13.050
4948,859,13,6,7,1:14.269,1:13.291,1:13.068
4949,859,16,10,8,1:13.480,1:13.261,1:13.298
4950,859,811,4,9,1:14.453,1:13.300,1:13.761
4966,860,1,1,1,1:26.800,1:25.626,1:24.922
4967,860,18,1,2,1:26.832,1:25.663,1:25.074
4968,860,154,208,3,1:26.498,1:25.845,1:25.302
4969,860,30,131,4,1:26.586,1:25.571,1:25.336
4970,860,17,9,5,1:27.117,1:26.597,1:25.651
4971,860,20,9,6,1:26.773,1:25.982,1:25.668
4972,860,3,131,7,1:26.763,1:25.469,1:25.686
4973,860,813,3,8,1:26.803,1:26.206,1:25.908
4974,860,807,10,9,1:27.464,1:26.314,1:26.451
4990,861,1,1,1,1:37.813,1:37.106,1:36.219
4991,861,18,1,2,1:37.575,1:36.928,1:36.368
4992,861,30,131,3,1:37.517,1:37.017,1:36.391
4993,861,17,9,4,1:37.172,1:37.375,1:36.461
4994,861,8,208,5,1:37.961,1:36.715,1:36.461
4995,861,20,9,6,1:38.102,1:37.419,1:36.634
4996,861,154,208,7,1:38.058,1:37.338,1:36.658
4997,861,3,131,8,1:37.696,1:36.996,1:36.664
4998,861,4,6,9,1:38.151,1:37.379,1:37.566
4999,861,815,15,10,1:37.933,1:37.477,1:37.698
5014,862,3,131,1,1:36.875,1:35.725,1:35.121
5015,862,1,1,2,1:36.763,1:35.902,1:35.626
5016,862,30,131,3,1:36.797,1:35.794,1:35.691
5017,862,155,15,4,1:36.863,1:35.853,1:35.784
5018,862,8,208,5,1:36.850,1:35.921,1:35.898
5019,862,18,1,6,1:36.746,1:35.942,1:36.191
5020,862,17,9,7,1:36.682,1:35.700,1:36.290
5021,862,815,15,8,1:36.198,1:35.831,1:36.524
5022,862,4,6,9,1:36.292,1:35.982,1:36.622
5038,863,20,9,1,1:34.308,1:33.527,1:32.422
5039,863,1,1,2,1:34.813,1:33.209,1:32.520
5040,863,17,9,3,1:34.015,1:33.311,1:32.637
5041,863,18,1,4,1:34.792,1:33.416,1:32.711
5042,863,3,131,5,1:34.588,1:33.219,1:32.821
5043,863,817,5,6,1:33.988,1:33.556,1:32.912
5044,863,154,208,7,1:34.041,1:33.246,1:33.008
5045,863,815,15,8,1:33.814,1:33.660,1:33.394
5062,864,1,1,1,1:22.583,1:22.465,1:21.707
5063,864,813,3,2,1:23.380,1:22.105,1:22.285
5064,864,4,6,3,1:23.276,1:22.862,1:22.302
5065,864,154,208,4,1:23.248,1:22.667,1:22.424
5066,864,8,208,5,1:23.406,1:22.856,1:22.487
5067,864,815,15,6,1:24.261,1:22.773,1:22.533
5068,864,3,131,7,1:23.370,1:22.882,1:23.005
5086,865,30,131,1,1:15.873,1:15.062,1:14.301
5087,865,17,9,2,1:16.013,1:15.035,1:14.381
5088,865,3,131,3,1:15.900,1:15.022,1:14.448
5089,865,1,1,4,1:16.063,1:15.166,1:14.583
5090,865,154,208,5,1:15.718,1:15.219,1:14.639
5091,865,4,6,6,1:16.153,1:15.128,1:14.948
5092,865,13,6,7,1:15.983,1:14.911,1:15.049
5093,865,8,208,8,1:15.889,1:15.322,1:15.199
5094,865,813,3,9,1:16.017,1:15.026,1:15.245
5109,866,20,9,1,1:14.661,1:14.187,1:13.784
5110,866,1,1,2,1:14.891,1:14.371,1:14.087
5111,866,4,6,3,1:14.916,1:14.314,1:14.151
5112,866,17,9,4,1:14.956,1:14.479,1:14.346
5113,866,3,131,5,1:15.098,1:14.568,1:14.411
5114,866,13,6,6,1:15.194,1:14.641,1:14.465
5115,866,154,208,7,1:15.163,1:14.627,1:14.645
5116,866,814,10,8,1:15.019,1:14.639,1:14.705
5117,866,30,131,9,1:14.892,1:14.480,1:14.812
5118,866,18,1,10,1:14.799,1:14.680,1:15.182
5133,867,20,9,1,1:39.626,1:38.530,1:38.086
5134,867,1,1,2,1:39.169,1:38.616,1:38.410
5135,867,813,3,3,1:38.825,1:38.570,1:38.475
5136,867,154,208,4,1:39.530,1:38.489,1:38.505
5137,867,8,208,5,1:39.464,1:38.531,1:38.513
5138,867,3,131,6,1:39.061,1:38.504,1:38.623
5139,867,155,15,7,1:39.651,1:38.703,1:38.741
5140,867,807,10,8,1:39.009,1:38.689,1:38.752
5141,867,18,1,9,1:39.622,1:38.563,1:38.801
5142,867,814,10,10,1:38.858,1:38.519,1:38.992
5156,868,4,6,1,1:46.515,1:56.921,1:51.746
5157,868,17,9,2,1:47.276,1:55.898,1:51.793
5158,868,30,131,3,1:46.571,1:55.799,1:52.020
5159,868,20,9,4,1:46.279,1:56.931,1:52.199
5160,868,13,6,5,1:47.401,1:56.388,1:53.065
5161,868,8,208,6,1:47.309,1:56.469,1:53.290
5162,868,813,3,7,1:46.449,1:56.802,1:53.539
5163,868,1,1,8,1:47.433,1:54.897,1:53.543
5164,868,807,10,9,1:46.334,1:55.556,1:54.382
5180,869,4,6,1,1:16.073,1:38.521,1:40.621
5181,869,20,9,2,1:16.393,1:38.309,1:41.026
5182,869,17,9,3,1:16.500,1:39.382,1:41.496
5183,869,30,131,4,1:16.686,1:38.010,1:42.459
5184,869,807,10,5,1:16.271,1:39.467,1:43.501
5185,869,813,3,6,1:16.181,1:38.731,1:43.950
5186,869,18,1,7,1:16.507,1:38.659,1:44.113
5187,869,1,1,8,1:16.221,1:37.365,1:44.186
5188,869,814,10,9,1:16.352,1:39.703,1:44.889
5189,869,8,208,10,1:15.693,1:39.729,1:45.811
5204,870,1,1,1,1:21.794,1:21.060,1:20.953
5205,870,154,208,2,1:22.755,1:21.657,1:21.366
5206,870,20,9,3,1:22.948,1:21.407,1:21.416
5207,870,18,1,4,1:22.028,1:21.618,1:21.583
5208,870,8,208,5,1:22.234,1:21.583,1:21.730
5209,870,4,6,6,1:22.095,1:21.598,1:21.844
5210,870,13,6,7,1:22.203,1:21.534,1:21.900
5211,870,813,3,8,1:22.475,1:21.504,1:21.939
5212,870,811,3,9,1:22.271,1:21.697,1:22.343
5213,870,807,10,10,1:22.176,1:21.653,1:22.847
5228,871,18,1,1,1:49.250,1:47.654,1:47.573
5229,871,155,15,2,1:49.686,1:48.569,1:47.871
5230,871,813,3,3,1:48.993,1:48.780,1:47.893
5231,871,8,208,4,1:49.546,1:48.414,1:48.205
5232,871,815,15,5,1:49.642,1:47.980,1:48.219
5233,871,4,6,6,1:49.401,1:48.598,1:48.313
5234,871,17,9,7,1:49.859,1:48.546,1:48.392
5235,871,1,1,8,1:49.605,1:48.563,1:48.394
5236,871,154,208,9,1:50.126,1:48.714,1:48.538
5237,871,814,10,10,1:50.033,1:48.729,1:48.890
5252,872,1,1,1,1:24.211,1:24.394,1:24.010
5253,872,18,1,2,1:24.672,1:24.255,1:24.133
5254,872,13,6,3,1:24.882,1:24.505,1:24.247
5255,872,814,10,4,1:24.875,1:24.345,1:24.304
5256,872,30,131,5,1:25.302,1:24.675,1:24.540
5257,872,20,9,6,1:25.011,1:24.687,1:24.802
5258,872,3,131,7,1:24.689,1:24.515,1:24.833
5259,872,8,208,8,1:25.151,1:24.742,1:24.855
5260,872,155,15,9,1:25.317,1:24.683,1:25.109
5261,872,4,6,10,1:24.175,1:24.242,1:25.678
5275,873,1,1,1,1:48.285,1:46.665,1:46.362
5276,873,813,3,2,1:49.494,1:47.602,1:46.804
5277,873,20,9,3,1:48.240,1:46.791,1:46.905
5278,873,18,1,4,1:49.381,1:47.661,1:46.939
5279,873,4,6,5,1:49.391,1:47.567,1:47.216
5280,873,814,10,6,1:48.028,1:47.667,1:47.241
5281,873,17,9,7,1:48.717,1:47.513,1:47.475
5282,873,154,208,8,1:47.688,1:47.529,1:47.788
5299,874,20,9,1,1:32.608,1:31.501,1:30.839
5300,874,17,9,2,1:32.951,1:31.950,1:31.090
5301,874,18,1,3,1:33.077,1:31.772,1:31.290
5302,874,155,15,4,1:32.042,1:31.886,1:31.700
5303,874,154,208,5,1:32.029,1:31.988,1:31.898
5304,874,815,15,6,1:32.147,1:32.169,1:32.022
5305,874,4,6,7,1:32.459,1:31.833,1:32.114
5306,874,8,208,8,1:32.221,1:31.826,1:32.208
5307,874,1,1,9,1:33.061,1:32.121,1:32.327
5323,875,17,9,1,1:38.397,1:38.220,1:37.242
5324,875,20,9,2,1:38.208,1:37.767,1:37.316
5325,875,1,1,3,1:39.180,1:38.000,1:37.469
5326,875,4,6,4,1:39.144,1:37.987,1:37.534
5327,875,8,208,5,1:38.887,1:38.227,1:37.625
5328,875,13,6,6,1:38.937,1:38.253,1:37.884
5329,875,154,208,7,1:38.863,1:38.275,1:37.934
5330,875,807,10,8,1:38.981,1:38.428,1:38.266
5331,875,3,131,9,1:38.999,1:38.417,1:38.361
5332,875,30,131,10,1:38.808,1:38.436,1:38.513
5346,876,20,9,1,1:26.387,1:25.435,1:25.283
5347,876,17,9,2,1:26.744,1:25.610,1:25.327
5348,876,1,1,3,1:26.516,1:25.816,1:25.544
5349,876,18,1,4,1:26.564,1:25.467,1:25.659
5350,876,4,6,5,1:26.829,1:25.834,1:25.773
5351,876,13,6,6,1:26.939,1:26.111,1:25.857
5352,876,8,208,7,1:26.740,1:26.101,1:26.236
5353,876,815,15,8,1:27.179,1:26.076,1:26.360
5354,876,813,3,9,1:26.048,1:25.983,1:26.713
5370,877,1,1,1,1:41.497,1:40.901,1:40.630
5371,877,17,9,2,1:41.933,1:41.277,1:40.978
5372,877,20,9,3,1:42.160,1:41.511,1:41.073
5373,877,813,3,4,1:41.981,1:41.907,1:41.226
5374,877,8,208,5,1:42.222,1:41.532,1:41.260
5375,877,18,1,6,1:42.342,1:41.873,1:41.290
5376,877,4,6,7,1:41.939,1:41.514,1:41.582
5377,877,3,131,8,1:41.926,1:41.698,1:41.603
5378,877,13,6,9,1:41.974,1:41.846,1:41.723
5379,877,154,208,10,1:42.046,1:41.620,1:41.778
5394,878,20,9,1,1:36.558,1:35.796,1:35.657
5395,878,1,1,2,1:37.058,1:36.795,1:35.766
5396,878,17,9,3,1:37.215,1:36.298,1:36.174
5397,878,154,208,4,1:37.486,1:36.906,1:36.587
5398,878,8,208,5,1:38.051,1:37.404,1:36.708
5399,878,30,131,6,1:37.927,1:37.102,1:36.794
5400,878,13,6,7,1:37.667,1:36.549,1:36.937
5401,878,807,10,8,1:37.756,1:37.066,1:37.141
5402,878,4,6,9,1:37.968,1:37.123,1:37.300
5403,878,813,3,10,1:37.537,1:37.011,1:37.842
5418,879,1,1,1,1:15.075,1:13.398,1:12.458
5419,879,18,1,2,1:15.456,1:13.515,1:12.513
5420,879,17,9,3,1:16.180,1:13.667,1:12.581
5421,879,20,9,4,1:15.644,1:13.209,1:12.760
5422,879,13,6,5,1:16.263,1:14.048,1:12.987
5423,879,813,3,6,1:16.266,1:13.698,1:13.174
5424,879,807,10,7,1:15.536,1:13.704,1:13.206
5425,879,4,6,8,1:16.097,1:13.856,1:13.253
5426,879,8,208,9,1:16.432,1:13.698,1:13.298
5427,879,3,131,10,1:15.929,1:13.848,1:13.489
5442,880,20,9,1,1:44.657,1:36.745,1:27.407
5443,880,17,9,2,1:44.472,1:36.524,1:27.827
5444,880,1,131,3,1:45.456,1:36.625,1:28.087
5445,880,13,6,4,1:44.635,1:36.666,1:28.490
5446,880,4,6,5,1:43.850,1:36.691,1:28.493
5447,880,3,131,6,1:43.380,1:36.194,1:28.523
5448,880,8,208,7,1:45.545,1:37.517,1:28.738
5449,880,154,208,8,1:44.284,1:37.641,1:29.013
5450,880,814,10,9,1:45.601,1:36.901,1:29.305
5451,880,18,1,10,1:44.688,1:36.644,1:30.357
5464,881,20,9,1,1:37.899,1:37.245,1:49.674
5465,881,13,6,2,1:37.712,1:36.874,1:50.587
5466,881,4,6,3,1:37.314,1:36.877,1:50.727
5467,881,1,131,4,1:37.513,1:36.517,1:51.699
5468,881,17,9,5,1:37.619,1:36.449,1:52.244
5469,881,3,131,6,1:37.239,1:36.190,1:52.519
5470,881,8,208,7,1:36.959,1:36.640,1:52.970
5471,881,18,1,8,1:37.487,1:37.117,1:53.175
5472,881,16,10,9,1:36.809,1:36.834,1:53.439
5473,881,815,1,10,1:37.702,1:37.342,1:54.136
5486,882,1,131,1,1:35.793,1:35.078,1:34.484
5487,882,8,208,2,1:37.046,1:35.659,1:34.761
5488,882,4,6,3,1:36.253,1:35.148,1:34.788
5489,882,3,131,4,1:35.959,1:35.537,1:34.861
5490,882,13,6,5,1:35.972,1:35.403,1:34.933
5491,882,154,208,6,1:36.929,1:36.065,1:35.364
5492,882,817,5,7,1:36.993,1:36.258,1:35.998
5493,882,18,1,8,1:36.667,1:35.784,2:05.673
5508,883,3,131,1,1:33.364,1:32.867,1:32.330
5509,883,20,9,2,1:33.327,1:32.746,1:32.584
5510,883,4,6,3,1:32.878,1:33.316,1:32.667
5511,883,1,131,4,1:33.498,1:33.346,1:32.762
5512,883,17,9,5,1:33.966,1:33.098,1:33.078
5513,883,13,6,6,1:33.780,1:33.358,1:33.207
5514,883,814,10,7,1:33.762,1:33.335,1:33.235
5515,883,16,10,8,1:34.048,1:33.378,1:33.246
5516,883,8,208,9,1:33.827,1:33.146,1:33.327
5530,884,3,131,1,1:21.913,1:21.776,1:20.718
5531,884,1,131,2,1:21.728,1:21.001,1:20.972
5532,884,20,9,3,1:22.158,1:21.602,1:21.054
5533,884,8,208,4,1:22.210,1:21.676,1:21.177
5534,884,4,6,5,1:22.264,1:21.646,1:21.218
5535,884,13,6,6,1:22.492,1:21.978,1:21.219
5536,884,154,208,7,1:22.613,1:21.998,1:21.308
5537,884,17,9,8,1:22.342,1:21.718,1:21.570
5538,884,815,1,9,1:23.116,1:21.790,1:22.069
5539,884,814,10,10,1:22.663,1:22.019,1:22.233
5552,885,3,131,1,1:24.620,1:16.135,1:13.876
5553,885,1,131,2,1:23.779,1:16.265,1:13.967
5554,885,20,9,3,1:24.243,1:15.988,1:13.980
5555,885,17,9,4,1:25.352,1:17.322,1:14.181
5556,885,8,208,5,1:25.835,1:16.040,1:14.822
5557,885,4,6,6,1:23.712,1:16.510,1:14.824
5558,885,815,1,7,1:24.682,1:17.748,1:15.138
5559,885,16,10,8,1:25.108,1:17.261,1:15.383
5560,885,18,1,9,1:23.744,1:17.420,1:15.647
5561,885,818,5,10,1:23.699,1:17.623,1:15.703
5574,886,20,9,1,1:22.318,1:28.166,1:25.425
5575,886,1,131,2,1:23.801,1:27.649,1:25.512
5576,886,822,3,3,1:23.446,1:28.419,1:25.897
5577,886,3,131,4,1:23.840,1:28.420,1:26.008
5578,886,17,9,5,1:23.247,1:28.145,1:26.208
5579,886,4,6,6,1:23.224,1:28.788,1:26.504
5580,886,818,5,7,1:24.159,1:28.527,1:26.543
5581,886,16,10,8,1:24.551,1:28.799,1:27.348
5582,886,8,208,9,1:24.451,1:28.667,1:27.432
5583,886,817,5,10,1:24.770,1:29.359,1:27.946
5596,887,1,131,1,1:30.995,1:31.224,1:29.607
5597,887,3,131,2,1:31.355,1:31.028,1:30.059
5598,887,20,9,3,1:31.559,1:30.990,1:30.211
5599,887,17,9,4,1:31.605,1:31.002,1:30.220
5600,887,814,10,5,1:32.062,1:31.291,1:30.736
5601,887,817,5,6,1:32.097,1:31.182,1:30.757
5602,887,16,10,7,1:32.002,1:31.097,1:30.908
5603,887,154,208,8,1:31.466,1:31.530,1:30.955
5604,887,8,208,9,1:31.400,1:31.592,1:30.962
5605,887,4,6,10,1:32.266,1:31.387,1:30.979
5618,888,1,131,1,1:31.131,1:30.152,1:29.398
5619,888,20,9,2,1:31.269,1:29.992,1:29.501
5620,888,17,9,3,1:31.428,1:30.217,1:29.608
5621,888,8,208,4,1:30.676,1:29.852,1:29.892
5622,888,154,208,5,1:31.242,1:30.005,1:29.959
5623,888,817,5,6,1:31.081,1:30.223,1:30.528
5624,888,13,6,7,1:30.547,1:29.825,1:31.126
5625,888,4,6,8,1:30.709,1:29.962,1:31.209
5640,890,1,131,1,1:20.363,1:19.862,1:19.388
5641,890,20,9,2,1:20.646,1:19.992,1:19.426
5642,890,154,208,3,1:20.447,1:20.101,1:19.595
5643,890,3,131,4,1:20.350,1:19.778,1:19.720
5644,890,4,6,5,1:20.652,1:20.183,1:19.791
5645,890,8,208,6,1:20.867,1:20.243,1:19.851
5646,890,13,6,7,1:21.004,1:20.460,1:19.929
5647,890,817,5,8,1:21.181,1:20.527,1:20.641
5648,890,815,1,9,1:21.612,1:20.545,1:22.398
5662,891,1,131,1,2:00.368,1:49.067,2:01.012
5663,891,20,9,2,2:01.863,1:48.646,2:01.200
5664,891,17,9,3,2:01.597,1:48.641,2:01.325
5665,891,3,131,4,2:01.099,1:48.552,2:02.251
5666,891,814,10,5,2:02.338,1:48.925,2:02.332
5667,891,18,1,6,2:01.301,1:48.641,2:03.075
5668,891,154,208,7,2:02.476,1:48.649,2:03.081
5669,891,8,208,8,2:01.151,1:48.296,2:03.390
5670,891,4,6,9,2:00.190,1:48.309,2:03.482
5671,891,13,6,10,2:01.462,1:49.020,2:04.059
5684,892,20,9,1,1:24.319,1:23.977,1:23.755
5685,892,17,9,2,1:24.923,1:24.263,1:23.968
5686,892,807,15,3,1:24.776,1:24.305,1:24.065
5687,892,13,6,4,1:24.950,1:24.479,1:24.132
5688,892,4,6,5,1:24.661,1:24.227,1:24.142
5689,892,3,131,6,1:24.527,1:24.393,1:24.192
5690,892,817,5,7,1:24.655,1:24.290,1:24.209
5691,892,815,1,8,1:24.635,1:24.592,1:24.502
5692,892,18,1,9,1:24.739,1:24.563,1:24.515
5693,892,818,5,10,1:24.630,1:24.575,1:28.050
5706,893,20,9,1,1:45.376,1:42.905,1:42.841
5707,893,3,131,2,1:45.208,1:43.892,1:42.932
5708,893,154,208,3,1:45.851,1:43.957,1:43.058
5709,893,17,9,4,1:45.271,1:43.272,1:43.152
5710,893,1,131,5,1:44.196,1:43.920,1:43.254
5711,893,13,6,6,1:45.658,1:44.376,1:43.890
5712,893,4,6,7,1:45.115,1:44.153,1:43.938
5713,893,18,1,8,1:45.009,1:44.497,1:44.282
5714,893,817,5,9,1:45.379,1:44.407,1:44.439
5728,894,20,9,1,1:38.683,1:37.569,1:37.202
5729,894,1,131,2,1:38.574,1:37.824,1:37.420
5730,894,17,9,3,1:39.138,1:37.840,1:37.464
5731,894,154,208,4,1:39.065,1:38.076,1:37.531
5732,894,3,131,5,1:38.418,1:38.031,1:37.679
5733,894,4,6,6,1:38.520,1:37.978,1:38.038
5734,894,13,6,7,1:38.884,1:38.295,1:38.223
5735,894,807,15,8,1:38.427,1:37.913,1:38.237
5736,894,821,15,9,1:38.725,1:38.327,1:38.405
5737,894,8,208,10,1:38.341,1:38.181,1:38.822
5750,895,17,9,1,1:32.271,1:31.513,1:30.915
5751,895,20,9,2,1:32.397,1:31.290,1:31.089
5752,895,1,131,3,1:32.340,1:31.636,1:31.253
5753,895,154,208,4,1:31.824,1:31.565,1:31.365
5754,895,13,6,5,1:31.994,1:31.668,1:31.378
5755,895,3,131,6,1:32.244,1:31.764,1:31.397
5756,895,807,15,7,1:32.465,1:31.848,1:31.644
5757,895,4,6,8,1:32.371,1:31.828,1:31.665
5758,895,8,208,9,1:32.377,1:31.662,1:31.684
5759,895,18,1,10,1:32.606,1:31.838,1:31.827
5772,896,20,9,1,1:25.943,1:24.568,1:24.119
5773,896,3,131,2,1:25.833,1:25.304,1:24.871
5774,896,1,131,3,1:25.802,1:25.259,1:24.941
5775,896,17,9,4,1:25.665,1:25.097,1:25.047
5776,896,13,6,5,1:25.793,1:25.389,1:25.201
5777,896,8,208,6,1:25.819,1:25.191,1:25.248
5778,896,807,15,7,1:25.883,1:25.339,1:25.334
5779,896,4,6,8,1:25.934,1:24.885,1:25.826
5780,896,815,1,9,1:26.107,1:25.365,1:26.153
5781,896,18,1,10,1:25.574,1:25.458,1:26.487
5794,897,17,9,1,1:41.568,1:40.575,1:39.957
5795,897,20,9,2,1:41.683,1:40.781,1:40.075
5796,897,3,131,3,1:41.420,1:40.473,1:40.419
5797,897,1,131,4,1:40.693,1:40.477,1:40.501
5798,897,8,208,5,1:41.276,1:40.971,1:40.542
5799,897,807,15,6,1:41.631,1:40.931,1:40.576
5800,897,154,208,7,1:41.447,1:40.948,1:40.997
5801,897,13,6,8,1:41.254,1:40.989,1:41.015
5802,897,815,1,9,1:41.687,1:40.812,1:41.068
5803,897,817,5,10,1:41.884,1:40.852,1:41.111
5816,898,20,9,1,1:38.516,1:37.065,1:36.338
5817,898,17,9,2,1:38.161,1:37.312,1:36.441
5818,898,154,208,3,1:38.676,1:37.523,1:37.155
5819,898,807,15,4,1:38.339,1:37.828,1:37.296
5820,898,1,131,5,1:37.959,1:37.854,1:37.345
5821,898,4,6,6,1:38.929,1:37.368,1:37.376
5822,898,815,1,7,1:38.367,1:38.040,1:37.452
5823,898,5,208,8,1:38.375,1:38.078,1:37.715
5824,898,822,3,9,1:37.821,1:37.439,1:37.836
5825,898,821,15,10,1:38.082,1:38.031,1:38.034
5838,899,20,9,1,1:25.381,1:26.420,1:26.479
5839,899,3,131,2,1:25.556,1:26.626,1:27.102
5840,899,4,6,3,1:26.656,1:26.590,1:27.539
5841,899,17,9,4,1:26.689,1:26.963,1:27.572
5842,899,1,131,5,1:25.342,1:26.698,1:27.677
5843,899,154,208,6,1:26.453,1:26.161,1:27.737
5844,899,817,5,7,1:27.209,1:27.078,1:28.052
5845,899,818,5,8,1:27.124,1:27.363,1:28.081
5846,899,13,6,9,1:26.817,1:27.049,1:28.109
5847,899,807,15,10,1:26.071,1:27.441,1:29.582
5860,900,1,131,1,1:31.699,1:42.890,1:44.231
5861,900,817,9,2,1:30.775,1:42.295,1:44.548
5862,900,3,131,3,1:32.564,1:42.264,1:44.595
5863,900,825,1,4,1:30.949,1:43.247,1:45.745
5864,900,4,6,5,1:31.388,1:42.805,1:45.819
5865,900,818,5,6,1:33.488,1:43.849,1:45.864
5866,900,807,10,7,1:33.893,1:43.658,1:46.030
5867,900,826,5,8,1:33.777,1:44.331,1:47.368
5868,900,13,3,9,1:31.228,1:44.242,1:48.079
5869,900,822,3,10,1:31.601,1:43.852,1:48.147
5882,901,1,131,1,1:57.202,1:59.041,1:59.431
5883,901,20,9,2,1:57.654,1:59.399,1:59.486
5884,901,3,131,3,1:57.183,1:59.445,2:00.050
5885,901,4,6,4,1:58.889,2:01.356,2:00.175
5886,901,817,9,5,1:58.913,2:00.147,2:00.541
5887,901,8,6,6,1:59.257,2:01.532,2:01.218
5888,901,807,10,7,1:58.883,2:00.839,2:01.712
5889,901,825,1,8,2:00.356,2:02.094,2:02.213
5890,901,818,5,9,2:01.689,2:02.096,2:03.078
5891,901,18,1,10,2:00.889,2:01.810,2:04.053
5904,902,3,131,1,1:35.439,1:33.708,1:33.185
5905,902,1,131,2,1:35.323,1:33.872,1:33.464
5906,902,817,9,3,1:36.220,1:34.592,1:34.051
5907,902,822,3,4,1:34.934,1:34.842,1:34.247
5908,902,815,10,5,1:34.998,1:34.747,1:34.346
5909,902,8,6,6,1:35.234,1:34.925,1:34.368
5910,902,18,1,7,1:35.699,1:34.714,1:34.387
5911,902,13,3,8,1:35.085,1:34.842,1:34.511
5912,902,825,1,9,1:35.288,1:34.904,1:34.712
5913,902,4,6,10,1:35.251,1:34.723,1:34.992
5926,853,20,9,1,1:24.002,1:22.914,1:22.275
5927,853,1,1,2,1:23.976,1:23.172,1:22.725
5928,853,18,1,3,1:24.013,1:23.031,1:22.777
5929,853,4,6,4,1:24.134,1:23.342,1:22.841
5930,853,17,9,5,1:24.148,1:23.387,1:22.972
5931,853,13,6,6,1:24.523,1:23.681,1:23.188
5932,853,808,4,7,1:24.486,1:23.741,1:23.530
5933,853,30,131,8,1:25.108,1:23.671,1:23.777
5934,853,3,131,9,1:24.550,1:23.335,1:24.477
5950,903,1,131,1,1:55.516,1:54.029,1:53.860
5951,903,817,9,2,1:56.641,1:55.302,1:54.455
5952,903,20,9,3,1:55.926,1:54.499,1:54.960
5953,903,3,131,4,1:56.058,1:55.294,1:55.143
5954,903,4,6,5,1:56.961,1:55.765,1:55.637
5955,903,13,3,6,1:56.850,1:56.757,1:56.147
5956,903,822,3,7,1:56.501,1:56.253,1:56.282
5957,903,807,10,8,1:55.913,1:56.847,1:56.366
5958,903,818,5,9,1:57.477,1:56.584,1:56.773
5959,903,154,208,10,1:58.411,1:56.407,1:57.079
5972,904,1,131,1,1:27.238,1:26.210,1:25.232
5973,904,3,131,2,1:26.764,1:26.088,1:25.400
5974,904,817,9,3,1:28.053,1:26.613,1:26.285
5975,904,822,3,4,1:28.198,1:27.563,1:26.632
5976,904,154,208,5,1:28.472,1:27.258,1:26.960
5977,904,8,6,6,1:28.308,1:27.335,1:27.104
5978,904,4,6,7,1:28.329,1:27.602,1:27.140
5979,904,18,1,8,1:28.279,1:27.570,1:27.335
5980,904,13,3,9,1:28.061,1:27.016,1:27.402
5994,905,3,131,1,1:17.678,1:16.465,1:15.989
5995,905,1,131,2,1:17.823,1:16.354,1:16.048
5996,905,817,9,3,1:17.900,1:17.233,1:16.384
5997,905,20,9,4,1:18.383,1:17.074,1:16.547
5998,905,4,6,5,1:17.853,1:17.200,1:16.686
5999,905,8,6,6,1:17.902,1:17.398,1:17.389
6000,905,818,5,7,1:17.557,1:17.657,1:17.540
6001,905,825,1,8,1:17.978,1:17.609,1:17.555
6002,905,826,5,9,1:18.616,1:17.594,1:18.090
6003,905,815,10,10,1:18.108,1:17.755,1:18.327
6016,906,3,131,1,1:16.471,1:15.289,1:14.874
6017,906,1,131,2,1:15.750,1:15.054,1:14.953
6018,906,20,9,3,1:17.470,1:16.109,1:15.548
6019,906,822,3,4,1:16.772,1:15.806,1:15.550
6020,906,13,3,5,1:16.666,1:15.773,1:15.578
6021,906,817,9,6,1:17.113,1:15.897,1:15.589
6022,906,4,6,7,1:17.010,1:16.131,1:15.814
6023,906,818,5,8,1:17.178,1:16.255,1:16.162
6024,906,18,1,9,1:16.631,1:16.214,1:16.182
6025,906,8,6,10,1:17.013,1:16.245,1:16.214
6038,907,13,3,1,1:10.292,1:09.239,1:08.759
6039,907,822,3,2,1:10.356,1:09.096,1:08.846
6040,907,3,131,3,1:09.695,1:08.974,1:08.944
6041,907,4,6,4,1:10.405,1:09.479,1:09.285
6042,907,817,9,5,1:10.395,1:09.638,1:09.466
6043,907,825,1,6,1:10.081,1:09.473,1:09.515
6044,907,826,5,7,1:09.678,1:09.490,1:09.619
6045,907,8,6,8,1:10.285,1:09.657,1:10.795
6060,908,3,131,1,1:40.380,1:35.179,1:35.766
6061,908,20,9,2,1:45.086,1:36.410,1:37.386
6062,908,18,1,3,1:44.425,1:36.579,1:38.200
6063,908,807,10,4,1:41.271,1:37.112,1:38.329
6064,908,825,1,5,1:42.507,1:37.370,1:38.417
6065,908,1,131,6,1:41.058,1:34.870,1:39.232
6066,908,815,10,7,1:42.146,1:37.350,1:40.457
6067,908,817,9,8,1:44.710,1:38.166,1:40.606
6068,908,826,5,9,1:41.032,1:36.813,1:40.707
6069,908,818,5,10,1:43.040,1:37.800,1:40.855
6082,909,3,131,1,1:17.631,1:17.109,1:16.540
6083,909,822,3,2,1:18.215,1:17.353,1:16.759
6084,909,13,3,3,1:18.381,1:17.370,1:17.078
6085,909,825,1,4,1:18.260,1:17.788,1:17.214
6086,909,817,9,5,1:18.117,1:17.855,1:17.273
6087,909,20,9,6,1:18.194,1:17.646,1:17.577
6088,909,4,6,7,1:18.389,1:17.866,1:17.649
6089,909,826,5,8,1:18.530,1:18.103,1:17.965
6090,909,807,10,9,1:18.927,1:18.017,1:18.014
6091,909,815,10,10,1:18.916,1:18.161,1:18.035
6104,910,3,131,1,1:25.227,1:23.310,1:22.715
6105,910,20,9,2,1:25.662,1:23.606,1:23.201
6106,910,822,3,3,1:25.690,1:23.776,1:23.354
6107,910,817,9,4,1:25.495,1:23.676,1:23.391
6108,910,4,6,5,1:26.087,1:24.249,1:23.909
6109,910,13,3,6,1:26.592,1:24.030,1:24.223
6110,910,18,1,7,1:26.612,1:24.502,1:24.294
6111,910,818,5,8,1:24.941,1:24.637,1:24.720
6112,910,807,10,9,1:26.149,1:24.647,1:24.775
6126,911,3,131,1,2:07.130,2:06.723,2:05.591
6127,911,1,131,2,2:07.280,2:06.609,2:05.819
6128,911,20,9,3,2:10.105,2:08.868,2:07.717
6129,911,4,6,4,2:10.197,2:08.450,2:07.786
6130,911,817,9,5,2:10.089,2:08.989,2:07.911
6131,911,822,3,6,2:09.250,2:08.451,2:08.049
6132,911,825,1,7,2:11.081,2:08.901,2:08.679
6133,911,8,6,8,2:09.885,2:08.646,2:08.780
6134,911,13,3,9,2:08.403,2:08.833,2:09.178
6135,911,18,1,10,2:10.529,2:09.272,2:09.776
6148,912,1,131,1,1:25.363,1:24.560,1:24.109
6149,912,3,131,2,1:25.493,1:24.600,1:24.383
6150,912,822,3,3,1:26.012,1:24.858,1:24.697
6151,912,13,3,4,1:25.528,1:25.046,1:24.865
6152,912,825,1,5,1:26.337,1:25.973,1:25.314
6153,912,18,1,6,1:26.328,1:25.630,1:25.379
6154,912,4,6,7,1:26.514,1:25.525,1:25.430
6155,912,20,9,8,1:26.631,1:25.769,1:25.436
6156,912,817,9,9,1:26.721,1:25.946,1:25.709
6157,912,815,10,10,1:26.569,1:25.863,1:25.944
6170,913,1,131,1,1:46.921,1:46.287,1:45.681
6171,913,3,131,2,1:47.244,1:45.825,1:45.688
6172,913,817,9,3,1:47.488,1:46.493,1:45.854
6173,913,20,9,4,1:47.476,1:46.586,1:45.902
6174,913,4,6,5,1:46.889,1:46.328,1:45.907
6175,913,13,3,6,1:47.615,1:46.472,1:46.000
6176,913,8,6,7,1:46.685,1:46.359,1:46.170
6177,913,822,3,8,1:47.196,1:46.622,1:46.187
6178,913,825,1,9,1:47.976,1:46.700,1:46.250
6179,913,826,5,10,1:47.656,1:46.926,1:47.362
6192,914,3,131,1,1:33.671,1:32.950,1:32.506
6193,914,1,131,2,1:33.611,1:32.982,1:32.703
6194,914,822,3,3,1:34.301,1:33.443,1:33.128
6195,914,13,3,4,1:34.483,1:33.551,1:33.527
6196,914,4,6,5,1:34.497,1:33.675,1:33.740
6197,914,817,9,6,1:35.593,1:34.466,1:34.075
6198,914,825,1,7,1:34.930,1:34.229,1:34.242
6199,914,18,1,8,1:35.150,1:34.648,1:34.317
6200,914,20,9,9,1:35.517,1:34.784,1:34.432
6201,914,8,6,10,1:34.984,1:34.771,1:34.548
6214,915,1,131,1,1:38.759,1:38.338,1:38.513
6215,915,3,131,2,1:39.076,1:38.606,1:38.713
6216,915,822,3,3,1:39.125,1:38.971,1:38.920
6217,915,18,1,4,1:39.560,1:39.381,1:39.121
6218,915,826,5,5,1:40.074,1:39.296,1:39.277
6219,915,825,1,6,1:39.735,1:39.022,1:39.629
6220,915,817,9,7,1:40.519,1:39.666,1:39.635
6221,915,4,6,8,1:40.255,1:39.786,1:39.709
6222,915,8,6,9,1:40.098,1:39.838,1:39.771
6223,915,818,5,10,1:40.354,1:39.929,1:40.020
6235,916,3,131,1,1:38.303,1:36.290,1:36.067
6236,916,1,131,2,1:37.196,1:37.287,1:36.443
6237,916,822,3,3,1:38.249,1:37.499,1:36.906
6238,916,13,3,4,1:37.877,1:37.347,1:37.205
6239,916,817,9,5,1:38.814,1:37.873,1:37.244
6240,916,4,6,6,1:38.349,1:38.010,1:37.610
6241,916,18,1,7,1:38.574,1:38.024,1:37.655
6242,916,825,1,8,1:38.557,1:38.047,1:37.706
6243,916,8,6,9,1:38.669,1:38.263,1:37.804
6244,916,16,15,10,1:38.855,1:38.378,1:38.810
6253,917,3,131,1,1:10.347,1:10.303,1:10.023
6254,917,1,131,2,1:10.457,1:10.712,1:10.056
6255,917,13,3,3,1:10.602,1:10.343,1:10.247
6256,917,822,3,4,1:10.832,1:10.421,1:10.305
6257,917,18,1,5,1:11.097,1:11.127,1:10.930
6258,917,20,9,6,1:11.880,1:11.129,1:10.938
6259,917,825,1,7,1:11.134,1:11.211,1:10.969
6260,917,4,6,8,1:11.558,1:11.215,1:10.977
6261,917,817,9,9,1:11.593,1:11.208,1:11.075
6262,917,8,6,10,1:11.193,1:11.188,1:11.099
6298,918,4,6,8,1:42.467,1:41.940,1:42.866
6297,918,8,6,7,1:42.439,1:42.168,1:42.236
6296,918,18,1,6,1:42.137,1:41.875,1:41.964
6295,918,826,5,5,1:42.302,1:42.082,1:41.908
6294,918,13,3,4,1:41.475,1:41.144,1:41.119
6293,918,822,3,3,1:42.346,1:41.376,1:41.025
6292,918,1,131,2,1:41.207,1:40.920,1:40.866
6291,918,3,131,1,1:41.308,1:41.459,1:40.480
6309,926,1,131,1,1:28.586,1:26.894,1:26.327
6310,926,3,131,2,1:28.906,1:27.097,1:26.921
6311,926,13,3,3,1:29.246,1:27.895,1:27.718
6312,926,20,6,4,1:29.307,1:27.742,1:27.757
6313,926,8,6,5,1:29.754,1:27.807,1:27.790
6314,926,822,3,6,1:29.641,1:27.796,1:28.087
6315,926,817,9,7,1:29.788,1:28.679,1:28.329
6316,926,832,5,8,1:29.597,1:28.601,1:28.510
6317,926,154,208,9,1:29.537,1:28.589,1:28.560
6318,926,813,208,10,1:29.847,1:28.726,1:29.480
6327,927,1,131,1,1:39.269,1:41.517,1:49.834
6328,927,20,6,2,1:39.814,1:39.632,1:49.908
6329,927,3,131,3,1:39.374,1:39.377,1:50.299
6330,927,817,9,4,1:40.504,1:41.085,1:51.541
6331,927,826,9,5,1:40.546,1:41.665,1:51.951
6332,927,830,5,6,1:40.793,1:41.430,1:51.981
6333,927,13,3,7,1:40.543,1:41.230,1:52.473
6334,927,154,208,8,1:40.303,1:41.209,1:52.981
6335,927,822,3,9,1:40.249,1:40.650,1:53.179
6336,927,828,15,10,1:40.340,1:41.748,1:53.261
6346,928,1,131,1,1:38.285,1:36.423,1:35.782
6347,928,3,131,2,1:38.496,1:36.747,1:35.828
6348,928,20,6,3,1:37.502,1:36.957,1:36.687
6349,928,13,3,4,1:38.433,1:37.357,1:36.954
6350,928,822,3,5,1:38.014,1:37.763,1:37.143
6351,928,8,6,6,1:37.790,1:37.109,1:37.232
6352,928,817,9,7,1:38.534,1:37.939,1:37.540
6353,928,154,208,8,1:38.209,1:38.063,1:37.905
6354,928,831,15,9,1:38.521,1:38.017,1:38.067
6355,928,828,15,10,1:38.941,1:38.127,1:38.158
6366,929,1,131,1,1:33.928,1:32.669,1:32.571
6367,929,20,6,2,1:34.919,1:33.623,1:32.982
6368,929,3,131,3,1:34.398,1:33.878,1:33.129
6369,929,8,6,4,1:34.568,1:33.540,1:33.227
6370,929,822,3,5,1:34.161,1:33.897,1:33.381
6371,929,13,3,6,1:34.488,1:33.551,1:33.744
6372,929,817,9,7,1:34.691,1:34.403,1:33.832
6373,929,807,10,8,1:35.653,1:34.613,1:34.450
6374,929,832,5,9,1:35.371,1:34.641,1:34.462
6375,929,154,208,10,1:35.007,1:34.123,1:34.484
6385,930,3,131,1,1:26.490,1:25.166,1:24.681
6386,930,1,131,2,1:26.382,1:25.740,1:24.948
6387,930,20,6,3,1:27.534,1:26.167,1:25.458
6388,930,822,3,4,1:27.262,1:26.197,1:25.694
6389,930,832,5,5,1:26.773,1:26.475,1:26.136
6390,930,830,5,6,1:27.393,1:26.441,1:26.249
6391,930,8,6,7,1:26.637,1:26.016,1:26.414
6392,930,826,9,8,1:27.833,1:26.889,1:26.629
6393,930,13,3,9,1:27.165,1:26.147,1:26.757
6394,930,817,9,10,1:27.611,1:26.692,1:26.770
6405,931,1,131,1,1:16.588,1:15.864,1:15.098
6406,931,3,131,2,1:16.528,1:15.471,1:15.440
6407,931,20,6,3,1:17.502,1:16.181,1:15.849
6408,931,817,9,4,1:17.254,1:16.706,1:16.041
6409,931,826,9,5,1:16.845,1:16.453,1:16.182
6410,931,8,6,6,1:17.660,1:16.440,1:16.427
6411,931,815,10,7,1:17.376,1:16.999,1:16.808
6412,931,832,5,8,1:17.246,1:16.762,1:16.931
6413,931,813,208,9,1:17.630,1:16.775,1:16.946
6414,931,830,5,10,1:16.750,1:16.546,1:16.957
6425,932,1,131,1,1:15.895,1:14.661,1:14.393
6426,932,3,131,2,1:15.893,1:14.673,1:14.702
6427,932,8,6,3,1:16.259,1:15.348,1:15.014
6428,932,822,3,4,1:16.552,1:15.506,1:15.102
6429,932,154,208,5,1:15.833,1:15.187,1:15.194
6430,932,813,208,6,1:16.098,1:15.622,1:15.329
6431,932,807,10,7,1:16.186,1:15.706,1:15.614
6432,932,826,9,8,1:16.415,1:15.891,1:16.079
6433,932,817,9,9,1:16.410,1:16.006,1:16.114
6434,932,815,10,10,1:16.827,1:15.974,1:16.338
6444,933,1,131,1,1:12.218,1:09.062,1:08.455
6445,933,3,131,2,1:10.976,1:08.634,1:08.655
6446,933,20,6,3,1:11.184,1:09.392,1:08.810
6447,933,13,3,4,1:11.830,1:09.719,1:09.192
6448,933,807,10,5,1:11.319,1:09.604,1:09.278
6449,933,822,3,6,1:11.894,1:09.598,1:09.319
6450,933,830,5,7,1:11.307,1:09.631,1:09.612
6451,933,826,9,8,1:12.092,1:10.187,1:09.694
6452,933,831,15,9,1:12.001,1:09.652,1:09.713
6464,934,1,131,1,1:33.796,1:33.068,1:32.248
6465,934,3,131,2,1:33.475,1:32.737,1:32.361
6466,934,13,3,3,1:34.542,1:33.707,1:33.085
6467,934,822,3,4,1:34.171,1:33.020,1:33.149
6468,934,8,6,5,1:33.426,1:33.911,1:33.379
6469,934,20,6,6,1:33.562,1:33.641,1:33.547
6470,934,826,9,7,1:34.422,1:33.520,1:33.636
6471,934,832,5,8,1:34.641,1:34.071,1:33.649
6472,934,807,10,9,1:34.594,1:33.693,1:33.673
6473,934,817,9,10,1:34.272,1:33.749,1:33.943
6484,936,1,131,1,1:22.890,1:22.285,1:22.020
6485,936,3,131,2,1:22.979,1:22.775,1:22.595
6486,936,20,6,3,1:23.312,1:23.168,1:22.739
6487,936,817,9,4,1:24.408,1:23.230,1:22.774
6488,936,8,6,5,1:23.596,1:23.460,1:23.020
6489,936,822,3,6,1:23.649,1:23.555,1:23.222
6490,936,826,9,7,1:23.587,1:23.597,1:23.332
6491,936,13,3,8,1:23.895,1:23.598,1:23.537
6492,936,830,5,9,1:24.032,1:23.781,1:23.679
6493,936,154,208,10,1:24.242,1:23.805,1:24.181
6504,937,1,131,1,1:48.908,1:48.024,1:47.197
6505,937,3,131,2,1:48.923,1:47.955,1:47.655
6506,937,822,3,3,1:49.026,1:49.044,1:48.537
6507,937,154,208,4,1:49.353,1:48.981,1:48.561
6508,937,815,10,5,1:49.006,1:48.792,1:48.599
6509,937,817,9,6,1:49.664,1:49.042,1:48.639
6510,937,13,3,7,1:49.688,1:48.806,1:48.685
6511,937,813,208,8,1:49.568,1:48.956,1:48.754
6512,937,20,6,9,1:49.264,1:48.761,1:48.825
6513,937,832,5,10,1:49.109,1:49.065,1:49.771
6524,938,1,131,1,1:24.251,1:23.383,1:23.397
6525,938,8,6,2,1:24.662,1:23.757,1:23.631
6526,938,20,6,3,1:24.989,1:23.577,1:23.685
6527,938,3,131,4,1:24.609,1:23.864,1:23.703
6528,938,13,3,5,1:25.184,1:23.983,1:23.940
6529,938,822,3,6,1:24.979,1:24.313,1:24.127
6530,938,815,10,7,1:24.801,1:24.379,1:24.626
6531,938,154,208,8,1:25.144,1:24.448,1:25.054
6532,938,807,10,9,1:24.937,1:24.510,1:25.317
6533,938,828,15,10,1:25.122,1:24.457,1:26.214
6544,939,20,6,1,1:46.017,1:44.743,1:43.885
6545,939,817,9,2,1:46.166,1:45.291,1:44.428
6546,939,8,6,3,1:46.467,1:45.140,1:44.667
6547,939,826,9,4,1:45.340,1:44.979,1:44.745
6548,939,1,131,5,1:45.765,1:45.650,1:45.300
6549,939,3,131,6,1:46.201,1:45.653,1:45.415
6550,939,822,3,7,1:46.231,1:45.887,1:45.676
6551,939,830,5,8,1:46.483,1:45.635,1:45.798
6552,939,13,3,9,1:46.879,1:45.701,1:46.077
6553,939,154,208,10,1:46.860,1:45.805,1:46.413
6564,940,3,131,1,1:33.015,1:32.632,1:32.584
6565,940,1,131,2,1:32.844,1:32.789,1:32.660
6566,940,822,3,3,1:34.326,1:33.416,1:33.024
6567,940,20,6,4,1:34.431,1:33.844,1:33.245
6568,940,13,3,5,1:34.744,1:33.377,1:33.337
6569,940,8,6,6,1:34.171,1:33.361,1:33.347
6570,940,817,9,7,1:34.399,1:34.153,1:33.497
6571,940,154,208,8,1:34.398,1:34.278,1:33.967
6584,941,3,131,1,1:38.343,1:37.500,1:37.113
6585,941,1,131,2,1:38.558,1:37.672,1:37.433
6586,941,822,3,3,1:38.448,1:38.194,1:37.912
6587,941,20,6,4,1:38.598,1:38.402,1:37.965
6588,941,8,6,5,1:39.207,1:38.224,1:38.348
6589,941,807,10,6,1:39.250,1:38.727,1:38.659
6590,941,815,10,7,1:39.617,1:38.914,1:38.691
6591,941,154,208,8,1:39.056,1:38.754,1:38.787
6592,941,830,5,9,1:39.411,1:39.119,1:38.924
6593,941,817,9,10,1:39.574,1:39.005,1:39.728
6623,943,3,131,1,1:20.436,1:20.053,1:19.480
6624,943,1,131,2,1:20.808,1:19.829,1:19.668
6625,943,20,6,3,1:20.503,1:20.045,1:19.850
6626,943,826,9,4,1:20.826,1:20.490,1:20.398
6627,943,817,9,5,1:21.166,1:20.783,1:20.399
6628,943,822,3,6,1:20.817,1:20.458,1:20.448
6629,943,13,3,7,1:21.379,1:20.642,1:20.567
6630,943,830,5,8,1:20.995,1:20.894,1:20.710
6631,943,815,10,9,1:20.966,1:20.669,1:20.716
6632,943,807,10,10,1:21.315,1:20.935,1:20.788
6643,944,3,131,1,1:11.746,1:12.213,1:11.282
6644,944,1,131,2,1:11.682,1:11.665,1:11.360
6645,944,20,6,3,1:12.240,1:11.928,1:11.804
6646,944,822,3,4,1:12.934,1:12.374,1:12.085
6647,944,8,6,5,1:12.185,1:12.243,1:12.144
6648,944,807,10,6,1:12.595,1:12.485,1:12.265
6649,944,826,9,7,1:12.730,1:12.527,1:12.322
6650,944,13,3,8,1:12.980,1:12.858,1:12.415
6651,944,817,9,9,1:12.639,1:12.825,1:12.417
6652,944,830,5,10,1:12.824,1:12.712,1:12.739
6663,945,3,131,1,1:41.111,1:40.979,1:40.237
6664,945,1,131,2,1:40.974,1:40.758,1:40.614
6665,945,8,6,3,1:42.500,1:41.612,1:41.051
6666,945,815,10,4,1:41.983,1:41.560,1:41.184
6667,945,817,9,5,1:42.275,1:41.830,1:41.444
6668,945,822,3,6,1:42.608,1:41.868,1:41.656
6669,945,807,10,7,1:41.996,1:41.925,1:41.686
6670,945,13,3,8,1:42.303,1:42.349,1:41.759
6671,945,826,9,9,1:42.540,1:42.328,1:41.933
6672,945,832,5,10,1:42.911,1:42.482,1:42.708
6683,948,1,131,1,1:25.351,1:24.605,1:23.837
6684,948,3,131,2,1:26.934,1:24.796,1:24.197
6685,948,20,6,3,1:26.945,1:25.257,1:24.675
6686,948,8,6,4,1:26.579,1:25.615,1:25.033
6687,948,830,5,5,1:26.934,1:25.615,1:25.434
6688,948,13,3,6,1:25.918,1:25.644,1:25.458
6689,948,832,5,7,1:27.057,1:25.384,1:25.582
6690,948,817,9,8,1:26.945,1:25.599,1:25.589
6705,949,1,131,1,1:31.391,1:30.039,1:29.493
6706,949,3,131,2,1:31.325,1:30.535,1:29.570
6707,949,20,6,3,1:31.636,1:30.409,1:30.012
6708,949,8,6,4,1:31.685,1:30.559,1:30.244
6709,949,817,9,5,1:31.403,1:31.122,1:30.854
6710,949,822,3,6,1:31.672,1:30.931,1:31.153
6711,949,13,3,7,1:32.045,1:31.374,1:31.155
6712,949,807,10,8,1:31.987,1:31.604,1:31.620
6727,950,3,131,1,1:37.669,1:36.240,1:35.402
6728,950,817,9,2,1:37.672,1:36.815,1:35.917
6729,950,8,6,3,1:37.347,1:36.118,1:35.972
6730,950,20,6,4,1:37.001,1:36.183,1:36.246
6731,950,822,3,5,1:37.537,1:36.831,1:36.296
6732,950,826,9,6,1:37.719,1:36.948,1:36.399
6733,950,815,10,7,1:38.096,1:37.149,1:36.865
6734,950,832,5,8,1:37.656,1:37.204,1:36.881
6735,950,830,5,9,1:38.181,1:37.265,1:37.194
6749,951,3,131,1,1:36.119,1:35.337,1:35.417
6750,951,20,6,2,1:36.555,1:36.623,1:36.123
6751,951,822,3,3,1:37.746,1:37.140,1:36.536
6752,951,8,6,4,1:36.976,1:36.741,1:36.663
6753,951,13,3,5,1:37.753,1:37.230,1:37.016
6754,951,817,9,6,1:38.091,1:37.569,1:37.125
6755,951,815,10,7,1:38.006,1:37.282,1:37.212
6756,951,826,9,8,1:38.265,1:37.606,1:37.459
6757,951,830,5,9,1:38.123,1:37.510,1:37.583
6771,952,1,131,1,1:23.214,1:22.159,1:22.000
6772,952,3,131,2,1:23.002,1:22.759,1:22.280
6773,952,817,9,3,1:23.749,1:23.585,1:22.680
6774,952,830,9,4,1:23.578,1:23.178,1:23.087
6775,952,8,6,5,1:23.796,1:23.504,1:23.113
6776,952,20,6,6,1:24.124,1:23.688,1:23.334
6777,952,822,3,7,1:24.251,1:24.023,1:23.522
6778,952,832,5,8,1:24.496,1:24.077,1:23.643
6779,952,815,10,9,1:24.698,1:24.003,1:23.782
6780,952,4,1,10,1:24.578,1:24.192,1:23.981
6793,953,817,9,1,1:14.912,1:14.357,1:13.622
6794,953,3,131,2,1:14.873,1:14.043,1:13.791
6795,953,1,131,3,1:14.826,1:14.056,1:13.942
6796,953,20,6,4,1:14.610,1:14.318,1:14.552
6797,953,807,10,5,1:15.333,1:14.989,1:14.726
6798,953,8,6,6,1:15.499,1:14.789,1:14.732
6799,953,832,5,7,1:15.467,1:14.805,1:14.749
6800,953,815,10,8,1:15.328,1:14.937,1:14.902
6801,953,826,5,9,1:15.384,1:14.794,1:15.273
6802,953,4,1,10,1:15.504,1:15.107,1:15.363
6815,954,1,131,1,1:14.121,1:13.076,1:12.812
6816,954,3,131,2,1:13.714,1:13.094,1:12.874
6817,954,20,6,3,1:13.925,1:13.857,1:12.990
6818,954,817,9,4,1:14.030,1:13.540,1:13.166
6819,954,830,9,5,1:14.601,1:13.793,1:13.414
6820,954,8,6,6,1:14.477,1:13.849,1:13.579
6821,954,822,3,7,1:14.389,1:13.791,1:13.670
6822,954,13,3,8,1:14.815,1:13.864,1:13.769
6823,954,807,10,9,1:14.663,1:14.166,1:13.952
6824,954,4,1,10,1:15.026,1:14.260,1:14.338
6836,955,3,131,1,1:43.685,1:42.520,1:42.758
6837,955,815,10,2,1:44.462,1:43.939,1:43.515
6838,955,817,9,3,1:44.570,1:44.141,1:43.966
6839,955,20,6,4,1:45.062,1:44.461,1:43.966
6840,955,8,6,5,1:44.936,1:44.533,1:44.269
6841,955,13,3,6,1:45.494,1:44.696,1:44.483
6842,955,826,5,7,1:44.694,1:44.687,1:44.717
6843,955,822,3,8,1:44.706,1:44.477,1:45.246
6844,955,830,9,9,1:44.939,1:44.387,1:45.570
6845,955,1,131,10,1:44.259,1:43.526,2:01.954
6858,956,1,131,1,1:06.947,1:06.228,1:07.922
6859,956,3,131,2,1:06.516,1:06.403,1:08.465
6860,956,807,10,3,1:07.385,1:07.257,1:09.285
6861,956,20,6,4,1:06.761,1:06.602,1:09.781
6862,956,18,1,5,1:07.653,1:07.572,1:09.900
6863,956,8,6,6,1:07.240,1:06.940,1:09.901
6864,956,817,9,7,1:07.500,1:06.840,1:09.980
6865,956,822,3,8,1:07.148,1:06.911,1:10.440
6866,956,830,9,9,1:07.131,1:06.866,1:11.153
6867,956,13,3,10,1:07.419,1:07.145,1:11.977
6880,957,1,131,1,1:30.739,1:29.243,1:29.287
6881,957,3,131,2,1:30.724,1:29.970,1:29.606
6882,957,830,9,3,1:31.305,1:30.697,1:30.313
6883,957,817,9,4,1:31.684,1:31.319,1:30.618
6884,957,8,6,5,1:31.326,1:31.385,1:30.881
6885,957,20,6,6,1:31.606,1:30.711,1:31.490
6886,957,822,3,7,1:31.913,1:31.478,1:31.557
6887,957,832,5,8,1:32.115,1:31.708,1:31.989
6888,957,807,10,9,1:32.349,1:31.770,1:32.172
6889,957,4,1,10,1:32.281,1:31.740,1:32.343
6901,958,3,131,1,1:33.302,1:22.806,1:19.965
6902,958,1,131,2,1:34.210,1:24.836,1:20.108
6903,958,817,9,3,1:39.968,1:23.234,1:20.280
6904,958,830,9,4,1:40.424,1:22.660,1:20.557
6905,958,20,6,5,1:35.718,1:24.082,1:20.874
6906,958,832,5,6,1:36.115,1:24.734,1:21.131
6907,958,4,1,7,1:35.165,1:23.816,1:21.211
6908,958,18,1,8,1:37.983,1:24.456,1:21.597
6909,958,807,10,9,1:41.471,1:23.901,1:21.823
6910,958,822,3,10,1:42.758,1:24.506,1:22.182
6923,959,3,131,1,1:15.485,1:14.839,1:14.363
6924,959,1,131,2,1:15.243,1:14.748,1:14.470
6925,959,817,9,3,1:15.591,1:15.545,1:14.726
6926,959,830,9,4,1:15.875,1:15.124,1:14.834
6927,959,8,6,5,1:15.752,1:15.242,1:15.142
6928,959,20,6,6,1:15.927,1:15.630,1:15.315
6929,959,807,10,7,1:16.301,1:15.623,1:15.510
6930,959,822,3,8,1:15.952,1:15.490,1:15.530
6931,959,815,10,9,1:16.169,1:15.500,1:15.537
6932,959,13,3,10,1:16.503,1:15.699,1:15.615
6945,960,3,131,1,1:48.019,1:46.999,1:46.744
6946,960,830,9,2,1:48.407,1:47.163,1:46.893
6947,960,8,6,3,1:47.912,1:47.664,1:46.910
6948,960,20,6,4,1:47.802,1:47.944,1:47.108
6949,960,817,9,5,1:48.407,1:48.027,1:47.216
6950,960,815,10,6,1:48.106,1:47.485,1:47.407
6951,960,807,10,7,1:48.080,1:47.317,1:47.543
6952,960,822,3,8,1:48.655,1:47.918,1:47.612
6953,960,18,1,9,1:48.700,1:48.051,1:48.114
6954,960,13,3,10,1:47.738,1:47.667,1:48.263
6966,961,1,131,1,1:21.854,1:21.498,1:21.135
6967,961,3,131,2,1:22.497,1:21.809,1:21.613
6968,961,20,6,3,1:23.077,1:22.275,1:21.972
6969,961,8,6,4,1:23.217,1:22.568,1:22.065
6970,961,822,3,5,1:23.264,1:22.499,1:22.388
6971,961,817,9,6,1:23.158,1:22.638,1:22.389
6972,961,830,9,7,1:23.229,1:22.857,1:22.411
6973,961,815,10,8,1:23.439,1:22.922,1:22.814
6974,961,807,10,9,1:23.259,1:22.951,1:22.836
6975,961,821,210,10,1:23.386,1:22.856,1:23.184
6987,962,3,131,1,1:45.316,1:43.020,1:42.584
6988,962,817,9,2,1:44.255,1:43.933,1:43.115
6989,962,1,131,3,1:45.167,1:43.471,1:43.288
6990,962,830,9,4,1:45.036,1:44.112,1:43.328
6991,962,8,6,5,1:44.964,1:44.159,1:43.540
6992,962,832,5,6,1:45.499,1:44.493,1:44.197
6993,962,826,5,7,1:45.291,1:44.475,1:44.469
6994,962,807,10,8,1:46.081,1:44.737,1:44.479
6995,962,4,1,9,1:45.373,1:44.653,1:44.553
6996,962,815,10,10,1:45.204,1:44.703,1:44.582
7009,963,1,131,1,1:34.444,1:33.046,1:32.850
7010,963,3,131,2,1:34.460,1:33.609,1:33.264
7011,963,830,9,3,1:35.443,1:33.775,1:33.420
7012,963,817,9,4,1:35.079,1:33.888,1:33.467
7013,963,20,6,5,1:34.557,1:33.972,1:33.584
7014,963,8,6,6,1:34.556,1:33.903,1:33.632
7015,963,815,10,7,1:35.068,1:34.538,1:34.319
7016,963,807,10,8,1:34.827,1:34.441,1:34.489
7017,963,18,1,9,1:35.267,1:34.431,1:34.518
7018,963,13,3,10,1:35.267,1:34.422,1:34.671
7031,964,3,131,1,1:31.858,1:30.714,1:30.647
7032,964,1,131,2,1:32.218,1:31.129,1:30.660
7033,964,8,6,3,1:31.674,1:31.406,1:30.949
7034,964,20,6,4,1:31.659,1:31.227,1:31.028
7035,964,830,9,5,1:32.487,1:31.489,1:31.178
7036,964,817,9,6,1:32.538,1:31.719,1:31.240
7037,964,815,10,7,1:32.682,1:32.237,1:31.961
7038,964,154,210,8,1:32.458,1:32.176,1:31.961
7039,964,807,10,9,1:32.448,1:32.200,1:32.142
7040,964,821,210,10,1:32.620,1:32.155,1:32.547
7053,965,1,131,1,1:36.296,1:36.450,1:34.999
7054,965,3,131,2,1:36.397,1:36.351,1:35.215
7055,965,817,9,3,1:36.759,1:36.255,1:35.509
7056,965,830,9,4,1:36.613,1:36.857,1:35.747
7057,965,8,6,5,1:36.985,1:36.584,1:36.131
7058,965,20,6,6,1:37.151,1:36.462,1:36.358
7059,965,807,10,7,1:36.950,1:36.626,1:36.628
7060,965,822,3,8,1:37.456,1:37.202,1:37.116
7061,965,13,3,9,1:37.402,1:37.214,1:37.269
7062,965,832,5,10,1:37.744,1:37.175,1:37.326
7075,966,1,131,1,1:19.447,1:19.137,1:18.704
7076,966,3,131,2,1:19.996,1:19.761,1:18.958
7077,966,830,9,3,1:19.874,1:18.972,1:19.054
7078,966,817,9,4,1:19.713,1:19.553,1:19.133
7079,966,807,10,5,1:20.599,1:19.769,1:19.330
7080,966,8,6,6,1:19.554,1:19.936,1:19.376
7081,966,20,6,7,1:19.865,1:19.385,1:19.381
7082,966,822,3,8,1:20.338,1:19.958,1:19.551
7083,966,13,3,9,1:20.423,1:20.151,1:20.032
7084,966,832,5,10,1:20.457,1:20.169,1:20.378
7096,967,1,131,1,1:11.511,1:11.238,1:10.736
7097,967,3,131,2,1:11.815,1:11.373,1:10.838
7098,967,8,6,3,1:12.100,1:12.301,1:11.404
7099,967,830,9,4,1:11.957,1:11.834,1:11.485
7100,967,20,6,5,1:12.159,1:12.010,1:11.495
7101,967,817,9,6,1:12.409,1:12.047,1:11.540
7102,967,154,210,7,1:12.893,1:12.343,1:11.937
7103,967,807,10,8,1:12.428,1:12.360,1:12.104
7104,967,815,10,9,1:12.684,1:12.331,1:12.165
7105,967,4,1,10,1:12.700,1:12.312,1:12.266
7118,968,1,131,1,1:39.487,1:39.382,1:38.755
7119,968,3,131,2,1:40.511,1:39.490,1:39.058
7120,968,817,9,3,1:41.002,1:40.429,1:39.589
7121,968,8,6,4,1:40.338,1:39.629,1:39.604
7122,968,20,6,5,1:40.341,1:40.034,1:39.661
7123,968,830,9,6,1:40.424,1:39.903,1:39.818
7124,968,807,10,7,1:41.000,1:40.709,1:40.501
7125,968,815,10,8,1:40.864,1:40.743,1:40.519
7126,968,4,1,9,1:41.616,1:41.044,1:41.106
7127,968,13,3,10,1:41.157,1:40.858,1:41.213
7140,969,1,131,1,1:24.191,1:23.251,1:22.188
7141,969,20,6,2,1:25.210,1:23.401,1:22.456
7142,969,822,131,3,1:24.514,1:23.215,1:22.481
7143,969,8,6,4,1:24.352,1:23.376,1:23.033
7144,969,830,9,5,1:24.482,1:24.092,1:23.485
7145,969,154,210,6,1:25.419,1:24.718,1:24.074
7146,969,13,3,7,1:25.099,1:24.597,1:24.443
7147,969,832,5,8,1:25.542,1:24.997,1:24.487
7148,969,826,5,9,1:25.970,1:24.864,1:24.512
7160,970,1,131,1,1:33.333,1:32.406,1:31.678
7161,970,20,6,2,1:33.078,1:32.391,1:31.864
7162,970,822,131,3,1:33.684,1:32.552,1:31.865
7163,970,8,6,4,1:33.341,1:32.181,1:32.140
7164,970,817,9,5,1:34.041,1:33.546,1:33.033
7165,970,13,3,6,1:34.205,1:33.759,1:33.507
7166,970,807,4,7,1:34.453,1:33.636,1:33.580
7167,970,815,10,8,1:34.657,1:33.920,1:33.706
7168,970,826,5,9,1:34.440,1:34.034,1:33.719
7169,970,840,3,10,1:33.986,1:34.090,1:34.220
7180,971,822,131,1,1:31.041,1:29.555,1:28.769
7181,971,1,131,2,1:30.814,1:29.535,1:28.792
7182,971,20,6,3,1:31.037,1:29.596,1:29.247
7183,971,817,9,4,1:31.667,1:30.497,1:29.545
7184,971,8,6,5,1:30.988,1:29.843,1:29.567
7185,971,830,9,6,1:30.904,1:30.307,1:29.687
7186,971,807,4,7,1:31.057,1:30.169,1:29.842
7187,971,13,3,8,1:31.373,1:30.677,1:30.074
7188,971,154,210,9,1:31.691,1:30.857,1:30.763
7189,971,835,4,10,1:31.458,1:30.899,1:31.074
7200,972,20,6,1,1:34.493,1:34.038,1:33.194
7201,972,8,6,2,1:34.953,1:33.663,1:33.253
7202,972,822,131,3,1:34.041,1:33.264,1:33.289
7203,972,1,131,4,1:34.409,1:33.760,1:33.767
7204,972,817,9,5,1:35.560,1:35.483,1:34.905
7205,972,13,3,6,1:35.828,1:35.049,1:35.110
7206,972,830,9,7,1:35.301,1:35.221,1:35.161
7207,972,807,4,8,1:35.507,1:35.328,1:35.285
7208,972,815,10,9,1:36.185,1:35.513,1:35.337
7209,972,839,10,10,1:35.372,1:35.729,1:35.430
7220,973,1,131,1,1:20.511,1:20.210,1:19.149
7221,973,20,6,2,1:20.939,1:20.295,1:19.200
7222,973,822,131,3,1:20.991,1:20.300,1:19.373
7223,973,8,6,4,1:20.742,1:20.621,1:19.439
7224,973,830,9,5,1:21.430,1:20.722,1:19.706
7225,973,817,9,6,1:21.704,1:20.855,1:20.175
7226,973,4,1,7,1:22.015,1:21.251,1:21.048
7227,973,815,10,8,1:21.998,1:21.239,1:21.070
7228,973,13,3,9,1:22.138,1:21.222,1:21.232
7229,973,839,10,10,1:21.901,1:21.148,1:21.272
7240,974,8,6,1,1:13.117,1:12.231,1:12.178
7241,974,20,6,2,1:13.090,1:12.449,1:12.221
7242,974,822,131,3,1:13.325,1:12.901,1:12.223
7243,974,830,9,4,1:13.078,1:12.697,1:12.496
7244,974,817,9,5,1:13.219,1:13.011,1:12.998
7245,974,832,5,6,1:13.526,1:13.397,1:13.162
7246,974,815,10,7,1:13.530,1:13.430,1:13.329
7247,974,154,210,8,1:13.786,1:13.203,1:13.349
7248,974,18,1,9,1:13.723,1:13.453,1:13.613
7260,975,1,131,1,1:12.692,1:12.496,1:11.459
7261,975,20,6,2,1:13.046,1:12.749,1:11.789
7262,975,822,131,3,1:12.685,1:12.563,1:12.177
7263,975,8,6,4,1:13.548,1:12.580,1:12.252
7264,975,830,9,5,1:13.177,1:12.751,1:12.403
7265,975,817,9,6,1:13.543,1:12.810,1:12.557
7266,975,13,3,7,1:13.435,1:13.012,1:12.858
7267,975,815,10,8,1:13.470,1:13.262,1:13.018
7268,975,839,10,9,1:13.520,1:13.320,1:13.135
7269,975,807,4,10,1:13.804,1:13.406,1:13.271
7280,976,1,131,1,1:41.983,1:41.275,1:40.593
7281,976,822,131,2,1:43.026,1:41.502,1:41.027
7282,976,8,6,3,1:42.678,1:42.090,1:41.693
7283,976,20,6,4,1:42.952,1:41.911,1:41.841
7284,976,830,9,5,1:42.544,1:41.961,1:41.879
7285,976,815,10,6,1:43.162,1:42.467,1:42.111
7286,976,839,10,7,1:43.051,1:42.751,1:42.186
7287,976,840,3,8,1:43.613,1:42.284,1:42.753
7288,976,13,3,9,1:43.165,1:42.735,1:42.798
7289,976,817,9,10,1:42.857,1:42.215,1:43.414
7300,977,822,131,1,1:05.760,1:04.316,1:04.251
7301,977,20,6,2,1:05.585,1:04.772,1:04.293
7302,977,1,131,3,1:05.064,1:04.800,1:04.424
7303,977,8,6,4,1:05.148,1:05.004,1:04.779
7304,977,817,9,5,1:05.854,1:05.161,1:04.896
7305,977,830,9,6,1:05.779,1:04.948,1:04.983
7306,977,154,210,7,1:05.902,1:05.319,1:05.480
7307,977,815,10,8,1:05.975,1:05.435,1:05.605
7308,977,839,10,9,1:06.033,1:05.550,1:05.674
7309,977,832,5,10,1:05.675,1:05.544,1:05.726
7320,978,1,131,1,1:39.069,1:27.893,1:26.600
7321,978,8,6,2,1:40.455,1:28.992,1:27.147
7322,978,20,6,3,1:39.962,1:28.978,1:27.356
7323,978,822,131,4,1:39.698,1:28.732,1:27.376
7324,978,830,9,5,1:38.912,1:29.431,1:28.130
7325,978,807,4,6,1:39.201,1:29.340,1:28.856
7326,978,815,10,7,1:42.009,1:29.824,1:28.902
7327,978,839,10,8,1:39.738,1:29.701,1:29.074
7328,978,838,1,9,1:40.011,1:30.105,1:29.418
7329,978,154,210,10,1:42.042,1:29.966,1:29.549
7340,979,20,6,1,1:17.244,1:16.802,1:16.276
7341,979,8,6,2,1:17.364,1:17.207,1:16.444
7342,979,822,131,3,1:18.058,1:17.362,1:16.530
7343,979,1,131,4,1:17.492,1:16.693,1:16.707
7344,979,830,9,5,1:17.266,1:17.028,1:16.797
7345,979,817,9,6,1:17.702,1:17.698,1:16.818
7346,979,807,4,7,1:18.137,1:17.655,1:17.468
7347,979,4,1,8,1:18.395,1:17.919,1:17.549
7348,979,838,1,9,1:18.479,1:18.000,1:17.894
7349,979,832,5,10,1:18.948,1:18.311,1:18.912
7360,980,1,131,1,1:44.184,1:42.927,1:42.553
7361,980,20,6,2,1:44.275,1:43.987,1:42.795
7362,980,822,131,3,1:44.773,1:43.249,1:43.094
7363,980,8,6,4,1:44.729,1:43.700,1:43.270
7364,980,830,9,5,1:44.535,1:43.940,1:43.380
7365,980,817,9,6,1:45.114,1:44.224,1:43.863
7366,980,807,4,7,1:45.280,1:44.988,1:44.982
7367,980,815,10,8,1:45.591,1:44.894,1:45.244
7368,980,839,10,9,1:45.277,1:45.006,1:45.369
7380,981,1,131,1,1:36.009,1:34.660,1:35.554
7381,981,830,9,2,1:37.344,1:36.113,1:36.702
7382,981,817,9,3,1:38.304,1:37.313,1:36.841
7383,981,840,3,4,1:37.653,1:37.002,1:37.032
7384,981,839,10,5,1:38.775,1:37.580,1:37.719
7385,981,822,131,6,1:35.716,1:35.396,1:37.833
7386,981,8,6,7,1:38.235,1:37.031,1:37.987
7387,981,20,6,8,1:37.198,1:36.223,1:38.064
7388,981,13,3,9,1:38.338,1:37.456,1:38.251
7389,981,838,1,10,1:38.767,1:37.471,1:39.157
7400,982,20,6,1,1:43.336,1:40.529,1:39.491
7401,982,830,9,2,1:42.010,1:40.332,1:39.814
7402,982,817,9,3,1:42.063,1:40.385,1:39.840
7403,982,8,6,4,1:43.328,1:40.525,1:40.069
7404,982,1,131,5,1:42.455,1:40.577,1:40.126
7405,982,822,131,6,1:43.137,1:41.409,1:40.810
7406,982,807,4,7,1:42.586,1:41.277,1:41.013
7407,982,4,1,8,1:42.086,1:41.442,1:41.179
7408,982,838,1,9,1:42.222,1:41.227,1:41.398
7409,982,832,5,10,1:42.176,1:41.826,1:42.056
7420,983,1,131,1,1:31.605,1:30.977,1:30.076
7421,983,8,6,2,1:32.259,1:30.926,1:30.121
7422,983,830,9,3,1:31.920,1:30.931,1:30.541
7423,983,817,9,4,1:32.416,1:31.061,1:30.595
7425,983,839,10,6,1:32.527,1:31.651,1:31.478
7426,983,838,1,7,1:32.838,1:31.848,1:31.582
7427,983,807,4,8,1:32.586,1:31.778,1:31.607
7428,983,815,10,9,1:32.768,1:31.484,1:31.658
7429,983,4,1,10,1:33.049,1:32.010,1:31.704
7439,983,822,131,5,1:32.254,1:30.803,1:30.758
7440,984,1,131,1,1:29.047,1:27.819,1:27.319
7441,984,822,131,2,1:29.332,1:28.543,1:27.651
7442,984,20,6,3,1:29.352,1:28.225,1:27.791
7443,984,817,9,4,1:29.475,1:28.935,1:28.306
7444,984,830,9,5,1:29.181,1:28.747,1:28.332
7445,984,8,6,6,1:29.163,1:29.079,1:28.498
7446,984,839,10,7,1:30.115,1:29.199,1:29.111
7447,984,815,10,8,1:29.696,1:29.343,1:29.260
7448,984,13,3,9,1:30.352,1:29.687,1:29.480
7449,984,4,1,10,1:30.525,1:29.749,1:30.687
7460,985,1,131,1,1:34.822,1:33.437,1:33.108
7461,985,20,6,2,1:35.420,1:34.103,1:33.347
7462,985,822,131,3,1:35.309,1:33.769,1:33.568
7463,985,817,9,4,1:35.991,1:34.495,1:33.577
7464,985,8,6,5,1:35.649,1:33.840,1:33.577
7465,985,830,9,6,1:34.899,1:34.716,1:33.658
7466,985,839,10,7,1:35.849,1:35.113,1:34.647
7467,985,832,4,8,1:35.517,1:34.899,1:34.852
7468,985,4,1,9,1:35.712,1:35.046,1:35.007
7469,985,815,10,10,1:36.358,1:34.789,1:35.148
7480,986,20,6,1,1:17.665,1:16.870,1:16.488
7481,986,830,9,2,1:17.630,1:16.524,1:16.574
7482,986,1,131,3,1:17.518,1:17.035,1:16.934
7483,986,822,131,4,1:17.578,1:17.161,1:16.958
7484,986,8,6,5,1:18.148,1:17.534,1:17.238
7485,986,839,10,6,1:18.336,1:17.827,1:17.437
7486,986,817,9,7,1:18.208,1:17.631,1:17.447
7487,986,807,4,8,1:18.322,1:17.792,1:17.466
7488,986,832,4,9,1:18.405,1:17.753,1:17.794
7489,986,815,10,10,1:18.020,1:17.868,1:17.807
7499,987,822,131,1,1:09.452,1:08.638,1:08.322
7500,987,20,6,2,1:09.643,1:08.494,1:08.360
7501,987,8,6,3,1:09.405,1:09.116,1:08.538
7502,987,830,9,4,1:09.820,1:09.050,1:08.925
7503,987,817,9,5,1:09.828,1:09.533,1:09.330
7504,987,815,10,6,1:10.145,1:09.760,1:09.598
7505,987,4,1,7,1:10.172,1:09.593,1:09.617
7506,987,807,4,8,1:10.078,1:09.726,1:09.703
7507,987,832,4,9,1:10.227,1:09.768,1:09.805
7508,987,13,3,10,1:09.789,1:09.612,1:09.841
7520,988,822,131,1,1:37.356,1:36.822,1:36.231
7521,988,1,131,2,1:37.391,1:36.742,1:36.403
7522,988,20,6,3,1:37.817,1:37.023,1:36.777
7523,988,817,9,4,1:38.016,1:37.583,1:36.959
7524,988,8,6,5,1:37.453,1:37.302,1:36.985
7525,988,830,9,6,1:38.021,1:37.777,1:37.328
7526,988,807,4,7,1:38.781,1:38.138,1:38.282
7527,988,815,10,8,1:38.601,1:38.359,1:38.374
7528,988,839,10,9,1:38.896,1:38.392,1:38.397
7529,988,13,3,10,1:38.629,1:38.565,1:38.550
7540,989,1,131,1,1:22.824,1:22.051,1:21.164
7541,989,8,6,2,1:23.096,1:22.507,1:21.828
7542,989,20,6,3,1:23.348,1:21.944,1:21.838
7543,989,830,9,4,1:23.483,1:22.416,1:21.879
7544,989,817,9,5,1:23.494,1:22.897,1:22.152
7545,989,825,210,6,1:23.909,1:23.300,1:23.187
7546,989,154,210,7,1:23.671,1:23.468,1:23.339
7547,989,807,4,8,1:23.782,1:23.544,1:23.532
7548,989,832,4,9,1:23.529,1:23.061,1:23.577
7560,990,20,6,1,1:29.060,1:28.341,1:27.958
7561,990,8,6,2,1:28.951,1:28.515,1:28.101
7562,990,822,131,3,1:29.275,1:28.794,1:28.124
7563,990,1,131,4,1:29.396,1:28.458,1:28.220
7564,990,817,9,5,1:29.552,1:28.962,1:28.398
7565,990,842,5,6,1:30.121,1:29.836,1:29.329
7566,990,825,210,7,1:29.594,1:29.623,1:29.358
7567,990,807,4,8,1:30.260,1:29.187,1:29.570
7568,990,839,10,9,1:30.338,1:30.009,1:29.874
7569,990,832,4,10,1:29.893,1:29.802,1:29.986
7580,991,20,6,1,1:32.171,1:32.385,1:31.095
7581,991,8,6,2,1:32.474,1:32.286,1:31.182
7582,991,822,131,3,1:32.921,1:32.063,1:31.625
7583,991,1,131,4,1:33.283,1:31.914,1:31.675
7584,991,830,9,5,1:32.932,1:32.809,1:31.796
7585,991,817,9,6,1:33.877,1:32.688,1:31.948
7586,991,807,4,7,1:33.545,1:32.494,1:32.532
7587,991,815,10,8,1:33.464,1:32.931,1:32.758
7588,991,832,4,9,1:33.315,1:32.970,1:32.819
7589,991,154,210,10,1:33.238,1:32.524,1:32.855
7600,992,20,6,1,1:42.762,1:43.015,1:41.498
7601,992,1,131,2,1:42.693,1:42.676,1:41.677
7602,992,822,131,3,1:43.355,1:42.679,1:41.837
7603,992,817,9,4,1:42.857,1:43.482,1:41.911
7604,992,830,9,5,1:42.642,1:42.901,1:41.994
7605,992,8,6,6,1:42.538,1:42.510,1:42.490
7606,992,839,10,7,1:43.021,1:42.967,1:42.523
7607,992,815,10,8,1:43.992,1:43.366,1:42.547
7608,992,807,4,9,1:43.746,1:43.232,1:43.066
7609,992,832,4,10,1:43.426,1:43.464,1:43.351
7620,993,1,131,1,1:17.633,1:17.166,1:16.173
7621,993,822,131,2,1:17.674,1:17.111,1:16.213
7622,993,20,6,3,1:17.031,1:16.802,1:16.305
7623,993,8,6,4,1:17.483,1:17.071,1:16.612
7624,993,830,9,5,1:17.411,1:17.266,1:16.816
7625,993,817,9,6,1:17.623,1:17.638,1:16.818
7626,993,825,210,7,1:18.169,1:17.618,1:17.676
7627,993,4,1,8,1:18.276,1:18.100,1:17.721
7628,993,832,4,9,1:18.480,1:17.803,1:17.790
7629,993,154,210,10,1:18.305,1:17.699,1:17.835
7640,994,817,9,1,1:12.013,1:11.278,1:10.810
7641,994,20,6,2,1:12.415,1:11.518,1:11.039
7642,994,1,131,3,1:12.460,1:11.584,1:11.232
7643,994,8,6,4,1:12.639,1:11.391,1:11.266
7644,994,4,1,7,1:12.657,1:12.269,1:12.110
7645,994,832,4,8,1:12.950,1:12.286,1:12.130
7646,994,815,10,9,1:12.848,1:12.194,1:12.154
7647,994,842,5,10,1:12.941,1:12.313,1:12.221
7657,994,822,131,5,1:12.434,1:12.002,1:11.441
7658,994,839,10,6,1:13.028,1:12.188,1:12.061
7660,995,20,6,1,1:11.710,1:11.524,1:10.764
7661,995,822,131,2,1:11.950,1:11.514,1:10.857
7662,995,830,9,3,1:12.008,1:11.472,1:10.937
7663,995,1,131,4,1:11.835,1:11.740,1:10.996
7664,995,8,6,5,1:11.725,1:11.620,1:11.095
7665,995,817,9,6,1:12.459,1:11.434,1:11.116
7666,995,807,4,7,1:12.795,1:11.916,1:11.973
7667,995,839,10,8,1:12.577,1:12.141,1:12.084
7668,995,832,4,9,1:12.689,1:12.097,1:12.168
7669,995,815,10,10,1:12.702,1:12.395,1:12.671
7680,996,1,131,1,1:31.271,1:30.645,1:30.029
7681,996,822,131,2,1:31.776,1:31.227,1:30.147
7682,996,20,6,3,1:31.820,1:30.751,1:30.400
7683,996,830,9,4,1:31.531,1:30.818,1:30.705
7684,996,817,9,5,1:31.910,1:31.538,1:30.895
7685,996,8,6,6,1:31.567,1:30.772,1:31.057
7686,996,832,4,7,1:32.394,1:32.016,1:32.126
7687,996,844,15,8,1:32.538,1:32.055,1:32.635
7688,996,825,210,9,1:32.169,1:31.510,1:32.930
7700,997,822,131,1,1:04.175,1:03.756,1:03.130
7701,997,1,131,2,1:04.080,1:03.577,1:03.149
7702,997,20,6,3,1:04.347,1:03.544,1:03.464
7703,997,8,6,4,1:04.234,1:03.975,1:03.660
7704,997,830,9,5,1:04.273,1:04.001,1:03.840
7705,997,154,210,6,1:04.242,1:04.059,1:03.892
7706,997,817,9,7,1:04.723,1:04.403,1:03.996
7707,997,825,210,8,1:04.460,1:04.291,1:04.051
7708,997,832,4,9,1:04.948,1:04.561,1:04.725
7709,997,807,4,10,1:04.864,1:04.676,1:05.019
7720,998,1,131,1,1:26.818,1:26.256,1:25.892
7721,998,20,6,2,1:26.585,1:26.372,1:25.936
7722,998,8,6,3,1:27.549,1:26.483,1:25.990
7723,998,822,131,4,1:27.025,1:26.413,1:26.217
7724,998,830,9,5,1:27.309,1:27.013,1:26.602
7725,998,817,9,6,1:27.979,1:27.369,1:27.099
7726,998,825,210,7,1:28.143,1:27.730,1:27.244
7727,998,154,210,8,1:28.086,1:27.522,1:27.455
7728,998,844,15,9,1:27.962,1:27.790,1:27.879
7729,998,839,10,10,1:28.279,1:27.843,1:28.194
7740,999,20,6,1,1:12.538,1:12.505,1:11.212
7741,999,822,131,2,1:12.962,1:12.152,1:11.416
7742,999,8,6,3,1:12.505,1:12.336,1:11.547
7743,999,830,9,4,1:13.127,1:12.188,1:11.822
7744,999,825,210,5,1:13.105,1:12.523,1:12.200
7745,999,154,210,6,1:12.986,1:12.722,1:12.544
7746,999,807,4,7,1:13.479,1:12.946,1:12.560
7747,999,832,4,8,1:13.324,1:13.032,1:12.692
7748,999,844,15,9,1:13.077,1:12.995,1:12.717
7749,999,815,10,10,1:13.427,1:13.072,1:12.774
7760,1000,8,6,3,1:17.526,1:32.762,1:36.186
7761,1000,20,6,4,1:16.666,1:28.636,1:36.210
7762,1000,832,4,5,1:17.829,1:30.771,1:36.743
7763,1000,842,5,6,1:18.577,1:31.286,1:37.591
7764,1000,830,9,7,1:16.940,1:31.178,1:38.032
7765,1000,843,5,8,1:18.429,1:32.590,1:38.128
7766,1000,825,210,9,1:18.314,1:32.968,1:39.858
7767,1000,154,210,10,1:17.901,1:33.650,1:40.593
7778,1000,1,131,1,1:17.419,1:31.242,1:35.658
7779,1000,822,131,2,1:17.123,1:32.081,1:35.918
7780,1001,1,131,1,1:42.977,1:41.553,1:58.179
7781,1001,20,6,2,1:43.035,1:41.501,1:58.905
7782,1001,839,10,3,1:44.003,1:43.302,2:01.851
7783,1001,815,10,4,1:44.004,1:43.014,2:01.894
7784,1001,154,210,5,1:43.597,1:43.042,2:02.122
7785,1001,8,6,6,1:42.585,1:41.533,2:02.671
7786,1001,830,9,7,1:43.199,1:42.554,2:02.769
7787,1001,817,9,8,1:43.604,1:43.126,2:02.939
7788,1001,825,210,9,1:43.834,1:43.320,2:04.933
7800,1002,8,6,1,1:20.722,1:19.846,1:19.119
7801,1002,20,6,2,1:20.542,1:19.629,1:19.280
7802,1002,1,131,3,1:20.810,1:19.798,1:19.294
7803,1002,822,131,4,1:21.381,1:20.427,1:19.656
7804,1002,830,9,5,1:21.381,1:20.333,1:20.615
7805,1002,154,210,6,1:21.887,1:21.239,1:20.936
7806,1002,832,4,7,1:21.732,1:21.552,1:21.041
7807,1002,839,10,8,1:21.570,1:21.315,1:21.099
7808,1002,842,5,9,1:21.834,1:21.667,1:21.350
7809,1002,840,3,10,1:21.838,1:21.494,1:21.627
7820,1003,1,131,1,1:39.403,1:37.344,1:36.015
7821,1003,830,9,2,1:38.751,1:37.214,1:36.334
7822,1003,20,6,3,1:38.218,1:37.876,1:36.628
7823,1003,822,131,4,1:39.291,1:37.254,1:36.702
7824,1003,8,6,5,1:38.534,1:37.194,1:36.794
7825,1003,817,9,6,1:38.153,1:37.406,1:36.996
7826,1003,815,10,7,1:38.814,1:38.342,1:37.985
7827,1003,154,210,8,1:38.685,1:38.367,1:38.320
7828,1003,839,10,9,1:38.912,1:38.534,1:38.365
7829,1003,807,4,10,1:38.932,1:38.450,1:38.588
7840,1004,822,131,1,1:32.964,1:32.744,1:31.387
7841,1004,1,131,2,1:32.410,1:32.595,1:31.532
7842,1004,20,6,3,1:33.476,1:33.045,1:31.943
7843,1004,8,6,4,1:33.341,1:33.065,1:32.237
7844,1004,825,210,5,1:34.078,1:33.747,1:33.181
7845,1004,839,10,6,1:34.290,1:33.596,1:33.413
7846,1004,844,15,7,1:33.924,1:33.488,1:33.419
7847,1004,815,10,8,1:34.084,1:33.923,1:33.563
7848,1004,154,210,9,1:34.022,1:33.517,1:33.704
7849,1004,828,15,10,1:34.170,1:33.995,1:35.196
7860,1005,1,131,1,1:28.702,1:28.017,1:27.760
7861,1005,822,131,2,1:29.297,1:27.987,1:28.059
7862,1005,830,9,3,1:29.480,1:28.849,1:29.057
7863,1005,8,6,4,1:29.631,1:28.595,1:29.521
7864,1005,154,210,5,1:29.724,1:29.678,1:29.761
7865,1005,843,5,6,1:30.248,1:29.848,1:30.023
7866,1005,842,5,7,1:30.137,1:29.810,1:30.093
7867,1005,839,10,8,1:29.899,1:29.538,1:30.126
7868,1005,20,6,9,1:29.049,1:28.279,1:32.192
7869,1005,815,10,10,1:30.247,1:29.567,1:37.229
7880,1006,1,131,1,1:34.130,1:33.480,1:32.237
7881,1006,20,6,2,1:34.569,1:33.079,1:32.298
7882,1006,8,6,3,1:34.703,1:32.884,1:32.307
7883,1006,822,131,4,1:34.518,1:33.702,1:32.616
7884,1006,817,9,5,1:34.755,1:34.185,1:33.494
7885,1006,839,10,6,1:34.876,1:34.522,1:34.145
7886,1006,807,4,7,1:34.932,1:34.564,1:34.215
7887,1006,154,210,8,1:34.892,1:34.419,1:34.250
7888,1006,844,15,9,1:35.069,1:34.255,1:34.420
7889,1006,815,10,10,1:35.193,1:34.525,1:34.594
7900,1007,817,9,1,1:15.866,1:15.845,1:14.759
7901,1007,830,9,2,1:15.756,1:15.640,1:14.785
7902,1007,1,131,3,1:15.673,1:15.644,1:14.894
7903,1007,20,6,4,1:16.089,1:15.715,1:14.970
7904,1007,822,131,5,1:15.580,1:15.923,1:15.160
7905,1007,8,6,6,1:16.446,1:15.996,1:15.330
7906,1007,807,4,7,1:16.498,1:16.126,1:15.827
7907,1007,832,4,8,1:16.813,1:16.188,1:16.084
7908,1007,844,15,9,1:16.862,1:16.320,1:16.189
7909,1007,828,15,10,1:16.701,1:16.633,1:16.513
7920,1008,1,131,1,1:08.464,1:07.795,1:07.281
7921,1008,20,6,2,1:08.452,1:07.776,1:07.374
7922,1008,822,131,3,1:08.492,1:07.727,1:07.441
7923,1008,8,6,4,1:08.452,1:08.028,1:07.456
7924,1008,830,9,5,1:08.205,1:08.017,1:07.778
7925,1008,817,9,6,1:08.544,1:08.055,1:07.780
7926,1008,828,15,7,1:08.754,1:08.579,1:08.296
7927,1008,844,15,8,1:08.667,1:08.335,1:08.492
7928,1008,154,210,9,1:08.735,1:08.239,1:08.517
7929,1008,842,5,10,1:09.046,1:08.616,1:09.029
7940,1009,1,131,1,1:36.828,1:35.693,1:34.794
7941,1009,822,131,2,1:36.789,1:36.392,1:34.956
7942,1009,20,6,3,1:36.775,1:36.345,1:35.125
7943,1009,8,6,4,1:37.010,1:36.735,1:35.365
7944,1009,817,9,5,1:37.117,1:36.964,1:35.401
7945,1009,830,9,6,1:37.195,1:36.144,1:35.589
7946,1009,154,210,7,1:37.575,1:36.732,1:36.192
7947,1009,844,15,8,1:37.124,1:36.580,1:36.237
7948,1009,839,10,9,1:36.936,1:36.814,1:36.540
7949,1009,807,4,10,1:37.569,1:36.630,1:36.542
7960,1010,1,131,1,1:22.043,1:21.014,1:20.486
7961,1010,822,131,2,1:22.367,1:21.193,1:20.598
7962,1010,20,6,3,1:22.885,1:21.912,1:21.190
7963,1010,830,9,4,1:22.876,1:21.678,1:21.320
7964,1010,844,6,5,1:22.017,1:21.739,1:21.442
7965,1010,154,210,6,1:22.959,1:21.870,1:21.826
7966,1010,825,210,7,1:22.519,1:22.221,1:22.099
7967,1010,846,1,8,1:22.702,1:22.423,1:22.304
7968,1010,8,51,9,1:22.966,1:22.349,1:22.314
7969,1010,815,211,10,1:22.908,1:22.532,1:22.781
7980,1011,844,6,1,1:28.495,1:28.046,1:27.866
7981,1011,20,6,2,1:28.733,1:28.356,1:28.160
7982,1011,1,131,3,1:29.262,1:28.578,1:28.190
7983,1011,822,131,4,1:29.498,1:28.830,1:28.256
7984,1011,830,9,5,1:29.579,1:29.109,1:28.752
7985,1011,825,210,6,1:29.532,1:29.017,1:28.757
7986,1011,832,1,7,1:29.528,1:29.055,1:28.813
7987,1011,154,210,8,1:29.688,1:29.249,1:29.015
7988,1011,8,51,9,1:29.959,1:29.471,1:29.022
7989,1011,846,1,10,1:29.381,1:29.258,1:29.043
8000,1012,822,131,1,1:32.658,1:31.728,1:31.547
8001,1012,1,131,2,1:33.115,1:31.637,1:31.570
8002,1012,20,6,3,1:33.557,1:32.232,1:31.848
8003,1012,844,6,4,1:32.712,1:32.324,1:31.865
8004,1012,830,9,5,1:33.274,1:32.369,1:32.089
8005,1012,842,9,6,1:33.863,1:32.948,1:32.930
8006,1012,817,4,7,1:33.709,1:33.214,1:32.958
8007,1012,807,4,8,1:33.644,1:33.968,1:32.962
8018,1013,822,131,1,1:42.026,1:41.500,1:40.495
8019,1013,1,131,2,1:41.614,1:41.580,1:40.554
8020,1013,20,6,3,1:42.042,1:41.889,1:40.797
8021,1013,830,9,4,1:41.727,1:41.388,1:41.069
8022,1013,815,211,5,1:42.249,1:41.870,1:41.593
8023,1013,826,5,6,1:42.324,1:42.221,1:41.681
8024,1013,846,1,7,1:42.371,1:42.084,1:41.886
8025,1013,841,51,8,1:42.140,1:42.381,1:42.424
8038,1014,822,131,1,1:16.979,1:15.924,1:15.406
8039,1014,1,131,2,1:17.292,1:16.038,1:16.040
8040,1014,20,6,3,1:17.425,1:16.667,1:16.272
8041,1014,830,9,4,1:17.244,1:16.726,1:16.357
8042,1014,844,6,5,1:17.388,1:16.714,1:16.588
8043,1014,842,9,6,1:17.862,1:16.932,1:16.708
8044,1014,154,210,7,1:18.042,1:17.066,1:16.911
8045,1014,825,210,8,1:17.669,1:17.272,1:16.922
8046,1014,826,5,9,1:17.914,1:17.243,1:17.573
8047,1014,817,4,10,1:18.385,1:17.299,1:18.106
8058,1015,1,131,1,1:11.542,1:10.835,1:10.166
8059,1015,822,131,2,1:11.562,1:10.701,1:10.252
8060,1015,830,9,3,1:11.597,1:10.618,1:10.641
8061,1015,20,6,4,1:11.434,1:11.227,1:10.947
8062,1015,842,9,5,1:11.740,1:11.457,1:11.041
8063,1015,825,210,6,1:11.865,1:11.363,1:11.109
8064,1015,817,4,7,1:11.767,1:11.543,1:11.218
8065,1015,826,5,8,1:11.602,1:11.412,1:11.271
8066,1015,832,1,9,1:11.872,1:11.608,1:11.417
8067,1015,848,5,10,1:12.007,1:11.429,1:11.653
8078,1016,20,6,1,1:11.200,1:11.142,1:10.240
8079,1016,1,131,2,1:11.518,1:11.010,1:10.446
8080,1016,844,6,3,1:11.214,1:11.205,1:10.920
8081,1016,817,4,4,1:11.837,1:11.532,1:11.071
8082,1016,842,9,5,1:12.023,1:11.196,1:11.079
8083,1016,822,131,6,1:11.229,1:11.095,1:11.101
8084,1016,807,4,7,1:11.720,1:11.553,1:11.324
8085,1016,846,1,8,1:11.780,1:11.735,1:11.863
8086,1016,832,1,9,1:11.750,1:11.572,1:13.981
8098,1017,1,131,1,1:30.609,1:29.520,1:28.319
8099,1017,822,131,2,1:30.550,1:29.437,1:28.605
8100,1017,844,6,3,1:30.647,1:29.699,1:28.965
8101,1017,830,9,4,1:31.327,1:30.099,1:29.409
8102,1017,846,1,5,1:30.989,1:30.019,1:29.418
8103,1017,832,1,6,1:31.073,1:30.319,1:29.522
8104,1017,20,6,7,1:31.075,1:29.506,1:29.799
8105,1017,817,4,8,1:30.954,1:30.369,1:29.918
8106,1017,842,9,9,1:31.152,1:30.421,1:30.184
8107,1017,841,51,10,1:31.180,1:30.408,1:33.420
8118,1018,844,6,1,1:04.138,1:03.378,1:03.003
8119,1018,1,131,2,1:03.818,1:03.803,1:03.262
8120,1018,830,9,3,1:03.807,1:03.835,1:03.439
8121,1018,822,131,4,1:04.084,1:03.863,1:03.537
8122,1018,825,210,5,1:04.778,1:04.466,1:04.072
8123,1018,846,1,6,1:04.361,1:04.211,1:04.099
8124,1018,8,51,7,1:04.615,1:04.056,1:04.166
8125,1018,841,51,8,1:04.450,1:04.194,1:04.179
8126,1018,842,9,9,1:04.412,1:03.988,1:04.199
8138,1019,822,131,1,1:25.750,1:25.672,1:25.093
8139,1019,1,131,2,1:25.513,1:25.840,1:25.099
8140,1019,844,6,3,1:25.533,1:25.546,1:25.172
8141,1019,830,9,4,1:25.700,1:25.848,1:25.276
8142,1019,842,9,5,1:26.273,1:26.038,1:25.590
8143,1019,20,6,6,1:25.898,1:26.023,1:25.787
8144,1019,817,4,7,1:26.428,1:26.283,1:26.182
8145,1019,846,1,8,1:26.079,1:26.385,1:26.224
8146,1019,848,5,9,1:26.482,1:26.403,1:26.345
8147,1019,807,4,10,1:26.568,1:26.397,1:26.386
8158,1020,1,131,1,1:12.852,1:12.149,1:11.767
8159,1020,830,9,2,1:12.593,1:12.427,1:12.113
8160,1020,822,131,3,1:13.075,1:12.424,1:12.129
8161,1020,842,9,4,1:12.991,1:12.385,1:12.522
8162,1020,8,51,5,1:13.066,1:12.519,1:12.538
8163,1020,154,210,6,1:13.146,1:12.769,1:12.851
8164,1020,832,1,7,1:13.221,1:12.632,1:12.897
8165,1020,815,211,8,1:13.194,1:12.776,1:13.065
8166,1020,807,4,9,1:13.186,1:12.766,1:13.126
8178,1021,830,9,1,1:15.817,1:15.573,1:14.572
8179,1021,822,131,2,1:16.078,1:15.669,1:14.590
8180,1021,1,131,3,1:16.068,1:15.548,1:14.769
8181,1021,844,6,4,1:16.337,1:15.792,1:15.043
8182,1021,20,6,5,1:16.452,1:15.885,1:15.071
8183,1021,842,9,6,1:16.716,1:16.393,1:15.450
8184,1021,846,1,7,1:16.697,1:16.060,1:15.800
8185,1021,832,1,8,1:16.493,1:16.308,1:15.852
8186,1021,154,210,9,1:16.978,1:16.319,1:16.013
8187,1021,8,51,10,1:16.506,1:16.518,1:16.041
8198,1022,844,6,1,1:43.587,1:42.938,1:42.519
8199,1022,20,6,2,1:44.109,1:43.037,1:43.267
8200,1022,1,131,3,1:45.260,1:43.592,1:43.282
8201,1022,822,131,4,1:45.141,1:43.980,1:43.415
8202,1022,830,9,5,1:44.622,1:44.132,1:43.690
8203,1022,817,4,6,1:45.560,1:44.103,1:44.257
8204,1022,807,4,7,1:45.899,1:44.549,1:44.542
8205,1022,8,51,8,1:45.842,1:44.140,1:44.557
8206,1022,815,211,9,1:45.732,1:44.707,1:44.706
8207,1022,825,210,10,1:45.839,1:44.738,1:45.086
8218,1023,844,6,1,1:20.126,1:19.553,1:19.307
8219,1023,1,131,2,1:20.272,1:19.464,1:19.346
8220,1023,822,131,3,1:20.156,1:20.018,1:19.354
8221,1023,20,6,4,1:20.378,1:19.715,1:19.457
8222,1023,817,4,5,1:20.374,1:19.833,1:19.839
8223,1023,807,4,6,1:20.155,1:20.275,1:20.049
8224,1023,832,1,7,1:20.413,1:20.202,1:20.455
8238,1024,844,6,1,1:38.014,1:36.650,1:36.217
8239,1024,1,131,2,1:37.565,1:36.933,1:36.408
8240,1024,20,6,3,1:38.374,1:36.720,1:36.437
8241,1024,830,9,4,1:38.540,1:37.089,1:36.813
8242,1024,822,131,5,1:37.317,1:37.142,1:37.146
8243,1024,848,9,6,1:39.106,1:37.865,1:37.411
8244,1024,832,1,7,1:38.882,1:37.982,1:37.818
8245,1024,807,4,8,1:39.001,1:38.580,1:38.264
8246,1024,846,1,9,1:38.606,1:37.572,1:38.329
8258,1025,844,6,1,1:33.613,1:32.434,1:31.628
8259,1025,1,131,2,1:33.230,1:33.134,1:32.030
8260,1025,20,6,3,1:33.032,1:32.536,1:32.053
8261,1025,830,9,4,1:33.368,1:32.634,1:32.310
8262,1025,822,131,5,1:33.413,1:33.281,1:32.632
8263,1025,832,1,6,1:34.184,1:33.807,1:33.222
8264,1025,807,4,7,1:34.236,1:33.898,1:33.289
8265,1025,846,1,8,1:34.201,1:33.725,1:33.301
8266,1025,154,210,9,1:34.283,1:33.643,1:33.517
8267,1025,817,4,10,1:34.138,1:33.862,1:33.661
8278,1026,20,6,1,1:28.988,1:28.174,1:27.064
8279,1026,844,6,2,1:28.405,1:28.179,1:27.253
8280,1026,822,131,3,1:28.896,1:27.688,1:27.293
8281,1026,1,131,4,1:28.735,1:27.826,1:27.302
8282,1026,830,9,5,1:28.754,1:28.499,1:27.851
8283,1026,848,9,6,1:29.351,1:28.156,1:27.851
8284,1026,832,1,7,1:29.018,1:28.577,1:28.304
8285,1026,846,1,8,1:28.873,1:28.571,1:28.464
8286,1026,842,5,9,1:29.411,1:28.779,1:28.836
8287,1026,154,210,10,1:29.572,1:29.144,1:29.341
8298,1027,830,9,1,1:15.949,1:16.136,1:14.758
8299,1027,844,6,2,1:16.364,1:16.219,1:15.024
8300,1027,20,6,3,1:16.696,1:15.914,1:15.170
8301,1027,1,131,4,1:16.424,1:15.721,1:15.262
8302,1027,848,9,5,1:16.175,1:16.574,1:15.336
8303,1027,822,131,6,1:17.062,1:15.852,1:15.338
8304,1027,832,1,7,1:17.044,1:16.267,1:16.014
8305,1027,846,1,8,1:17.092,1:16.447,1:16.322
8306,1027,826,5,9,1:17.041,1:16.657,1:16.469
8307,1027,842,5,10,1:17.065,1:16.679,1:16.586
8318,1028,822,131,1,1:33.750,1:33.160,1:32.029
8319,1028,20,6,2,1:33.766,1:33.782,1:32.041
8320,1028,830,9,3,1:33.549,1:33.120,1:32.096
8321,1028,844,6,4,1:33.988,1:32.760,1:32.137
8322,1028,1,131,5,1:33.454,1:33.045,1:32.321
8323,1028,848,9,6,1:33.984,1:32.898,1:32.548
8324,1028,832,1,7,1:33.916,1:33.422,1:32.847
8325,1028,846,1,8,1:33.353,1:33.316,1:33.175
8326,1028,817,4,9,1:33.835,1:33.608,1:33.488
8327,1028,842,5,10,1:33.556,1:33.715,1:33.601
8338,1029,830,9,1,1:08.242,1:07.503,1:07.508
8339,1029,20,6,2,1:08.556,1:08.050,1:07.631
8340,1029,1,131,3,1:08.614,1:08.088,1:07.699
8341,1029,844,6,4,1:08.496,1:07.888,1:07.728
8342,1029,822,131,5,1:08.545,1:08.232,1:07.874
8343,1029,848,9,6,1:08.503,1:08.117,1:07.935
8344,1029,842,5,7,1:08.909,1:08.770,1:08.837
8345,1029,154,210,8,1:09.197,1:08.705,1:08.854
8346,1029,8,51,9,1:09.276,1:08.858,1:08.984
8347,1029,825,210,10,1:08.875,1:08.803,1:09.037
8358,1030,1,131,1,1:35.851,1:35.634,1:34.779
8359,1030,822,131,2,1:36.200,1:35.674,1:34.973
8360,1030,830,9,3,1:36.390,1:36.275,1:35.139
8361,1030,844,6,4,1:36.478,1:35.543,1:35.219
8362,1030,20,6,5,1:36.963,1:35.786,1:35.339
8363,1030,848,9,6,1:36.102,1:36.718,1:35.682
8364,1030,846,1,7,1:37.545,1:36.764,1:36.436
8365,1030,817,4,8,1:37.106,1:36.785,1:36.456
8366,1030,832,1,9,1:37.358,1:36.308,1:36.459
8367,1030,807,4,10,1:37.506,1:36.859,1:36.710
8378,1031,822,131,1,1:04.111,1:03.015,1:02.939
8379,1031,1,131,2,1:04.198,1:03.096,1:02.951
8380,1031,830,9,3,1:04.024,1:04.000,1:03.477
8381,1031,846,1,4,1:04.606,1:03.819,1:03.626
8382,1031,848,9,5,1:04.661,1:03.746,1:03.868
8383,1031,815,211,6,1:04.543,1:03.860,1:03.868
8384,1031,844,6,7,1:04.500,1:04.041,1:03.923
8385,1031,832,1,8,1:04.537,1:03.971,1:03.971
8386,1031,840,211,9,1:04.309,1:03.955,1:04.029
8387,1031,817,4,10,1:04.556,1:04.023,1:04.239
8398,1032,1,131,1,1:18.188,1:17.825,1:19.273
8399,1032,830,9,2,1:18.297,1:17.938,1:20.489
8400,1032,832,1,3,1:18.590,1:18.836,1:20.671
8401,1032,822,131,4,1:18.791,1:18.657,1:20.701
8402,1032,839,4,5,1:19.687,1:18.764,1:20.922
8403,1032,846,1,6,1:18.504,1:18.448,1:20.925
8404,1032,848,9,7,1:20.882,1:19.014,1:21.011
8405,1032,842,213,8,1:20.192,1:18.744,1:21.028
8406,1032,817,4,9,1:19.662,1:19.229,1:21.192
8407,1032,20,6,10,1:20.243,1:19.545,1:21.651
8418,1033,822,131,2,1:15.474,1:14.530,1:13.554
8419,1033,840,211,3,1:14.895,1:15.176,1:14.377
8420,1033,815,211,4,1:14.681,1:15.394,1:14.545
8421,1033,20,6,5,1:15.455,1:15.131,1:14.774
8422,1033,844,6,6,1:15.793,1:15.006,1:14.817
8423,1033,830,9,7,1:15.495,1:14.976,1:14.849
8424,1033,846,1,8,1:15.444,1:15.085,1:14.966
8425,1033,832,1,9,1:15.281,1:15.267,1:15.027
8437,1033,1,131,1,1:14.907,1:14.261,1:13.447
8438,1034,1,131,1,1:25.900,1:25.347,1:24.303
8439,1034,822,131,2,1:25.801,1:25.015,1:24.616
8440,1034,830,9,3,1:26.115,1:26.144,1:25.325
8441,1034,844,6,4,1:26.550,1:26.203,1:25.427
8442,1034,846,1,5,1:26.855,1:26.420,1:25.782
8443,1034,840,211,6,1:26.243,1:26.501,1:25.839
8444,1034,832,1,7,1:26.715,1:26.149,1:25.965
8445,1034,817,4,8,1:26.677,1:26.339,1:26.009
8446,1034,839,4,9,1:26.396,1:26.252,1:26.209
8447,1034,20,6,10,1:26.469,1:26.455,1:26.339
8458,1035,822,131,1,1:26.738,1:25.785,1:25.154
8459,1035,1,131,2,1:26.818,1:26.266,1:25.217
8460,1035,807,211,3,1:27.279,1:26.261,1:26.082
8461,1035,830,9,4,1:27.154,1:26.779,1:26.176
8462,1035,817,4,5,1:27.442,1:26.636,1:26.297
8463,1035,840,211,6,1:27.187,1:26.674,1:26.428
8464,1035,842,213,7,1:27.154,1:26.523,1:26.534
8465,1035,844,6,8,1:27.427,1:26.709,1:26.614
8466,1035,848,9,9,1:27.153,1:26.642,1:26.669
8467,1035,846,1,10,1:27.217,1:26.885,1:26.778
8478,1036,1,131,1,1:16.872,1:16.013,1:15.584
8479,1036,822,131,2,1:17.243,1:16.152,1:15.643
8480,1036,830,9,3,1:17.213,1:16.518,1:16.292
8481,1036,815,211,4,1:17.117,1:16.936,1:16.482
8482,1036,840,211,5,1:17.316,1:16.666,1:16.589
8483,1036,848,9,6,1:17.419,1:17.163,1:17.029
8484,1036,832,1,7,1:17.438,1:16.876,1:17.044
8485,1036,846,1,8,1:17.577,1:17.166,1:17.084
8486,1036,844,6,9,1:17.256,1:16.953,1:17.087
8487,1036,842,213,10,1:17.356,1:16.800,1:17.136
8498,1037,1,131,1,1:42.323,1:42.014,1:41.252
8499,1037,822,131,2,1:42.534,1:42.126,1:41.763
8500,1037,830,9,3,1:43.197,1:42.473,1:41.778
8501,1037,817,4,4,1:43.309,1:42.487,1:42.061
8502,1037,848,9,5,1:43.418,1:42.193,1:42.264
8503,1037,839,4,6,1:43.505,1:42.534,1:42.396
8504,1037,832,1,7,1:43.322,1:42.478,1:42.438
8505,1037,815,211,8,1:43.349,1:42.670,1:42.532
8506,1037,840,211,9,1:43.265,1:42.491,1:42.603
8507,1037,846,1,10,1:43.514,1:42.722,1:42.657
8518,1038,1,131,1,1:19.514,1:19.092,1:18.887
8519,1038,822,131,2,1:19.786,1:18.952,1:18.956
8520,1038,832,1,3,1:20.099,1:19.705,1:19.695
8521,1038,815,211,4,1:20.048,1:19.718,1:19.720
8522,1038,830,9,5,1:20.193,1:19.780,1:19.795
8523,1038,846,1,6,1:20.344,1:19.962,1:19.820
8524,1038,817,4,7,1:20.548,1:20.031,1:19.864
8525,1038,840,211,8,1:20.400,1:19.924,1:20.049
8526,1038,848,9,9,1:21.104,1:20.064,1:20.090
8527,1038,842,213,10,1:20.145,1:19.909,1:20.177
8538,1039,1,131,1,1:15.778,1:15.309,1:15.144
8539,1039,822,131,2,1:15.749,1:15.322,1:15.203
8540,1039,830,9,3,1:16.335,1:15.471,1:15.509
8541,1039,848,9,4,1:16.527,1:15.914,1:15.954
8542,1039,844,6,5,1:16.698,1:16.324,1:16.270
8543,1039,815,211,6,1:16.596,1:16.489,1:16.311
8544,1039,840,211,7,1:16.701,1:16.271,1:16.356
8545,1039,817,4,8,1:16.981,1:16.243,1:16.543
8546,1039,832,1,9,1:16.993,1:16.522,1:17.870
8558,1040,1,131,1,1:32.983,1:32.835,1:31.304
8559,1040,830,9,2,1:33.630,1:33.157,1:31.867
8560,1040,822,131,3,1:32.656,1:32.405,1:31.956
8561,1040,815,211,4,1:33.704,1:33.038,1:32.317
8562,1040,817,4,5,1:33.650,1:32.218,1:32.364
8563,1040,832,1,6,1:33.967,1:32.757,1:32.550
8564,1040,839,4,7,1:33.557,1:33.196,1:32.624
8565,1040,846,1,8,1:33.804,1:33.081,1:32.847
8566,1040,842,213,9,1:33.734,1:33.139,1:33.000
8567,1040,848,9,10,1:33.919,1:33.153,1:33.008
8578,1041,822,131,1,1:26.573,1:25.971,1:25.269
8579,1041,1,131,2,1:26.620,1:25.390,1:25.525
8580,1041,830,9,3,1:26.319,1:25.467,1:25.562
8581,1041,844,6,4,1:26.857,1:26.240,1:26.035
8582,1041,848,9,5,1:27.126,1:26.285,1:26.047
8583,1041,817,4,6,1:26.836,1:26.096,1:26.223
8584,1041,839,4,7,1:27.086,1:26.364,1:26.242
8585,1041,846,1,8,1:26.829,1:26.316,1:26.458
8586,1041,815,211,9,1:27.120,1:26.330,1:26.704
8587,1041,832,1,10,1:27.378,1:26.361,1:26.709
8623,1042,842,213,9,1:17.209,1:17.367,1:17.803
8622,1042,846,1,8,1:17.547,1:17.321,1:17.525
8621,1042,832,1,7,1:17.627,1:17.183,1:17.520
8620,1042,848,9,6,1:17.435,1:17.411,1:17.437
8619,1042,815,211,5,1:17.370,1:17.129,1:17.223
8618,1042,844,6,4,1:17.421,1:17.367,1:17.090
8617,1042,830,9,3,1:16.879,1:17.038,1:16.904
8616,1042,822,131,2,1:16.945,1:16.466,1:16.754
8615,1042,1,131,1,1:16.828,1:16.824,1:16.652
8635,1043,822,131,1,1:14.221,1:14.585,1:13.609
8636,1043,1,131,2,1:14.229,1:14.643,1:13.706
8637,1043,830,9,3,1:15.034,1:14.974,1:14.176
8638,1043,842,213,4,1:15.183,1:14.681,1:14.502
8639,1043,817,4,5,1:15.474,1:14.953,1:14.520
8640,1043,848,9,6,1:15.402,1:14.745,1:14.572
8641,1043,844,6,7,1:15.123,1:15.017,1:14.616
8642,1043,826,213,8,1:15.412,1:15.022,1:14.696
8643,1043,846,1,9,1:15.274,1:15.051,1:14.814
8644,1043,832,1,10,1:15.528,1:15.027,1:14.911
8655,1044,840,211,1,2:07.467,1:53.372,1:47.765
8656,1044,830,9,2,1:57.485,1:50.293,1:48.055
8657,1044,815,211,3,2:07.614,1:54.097,1:49.321
8658,1044,848,9,4,1:59.431,1:52.282,1:50.448
8659,1044,817,4,5,2:05.598,1:54.278,1:51.595
8660,1044,1,131,6,2:07.599,1:52.709,1:52.560
8661,1044,839,4,7,2:06.115,1:53.657,1:52.622
8662,1044,8,51,8,2:01.249,1:53.793,1:52.745
8663,1044,822,131,9,2:07.001,1:53.767,1:53.258
8664,1044,841,51,10,2:07.341,1:53.431,1:57.226
8675,1045,1,131,1,1:28.343,1:27.586,1:27.264
8676,1045,822,131,2,1:28.767,1:28.063,1:27.553
8677,1045,830,9,3,1:28.885,1:28.025,1:27.678
8678,1045,848,9,4,1:28.732,1:28.749,1:28.274
8679,1045,815,211,5,1:29.178,1:28.894,1:28.322
8680,1045,817,4,6,1:29.005,1:28.648,1:28.417
8681,1045,839,4,7,1:29.203,1:28.937,1:28.419
8682,1045,842,213,8,1:28.971,1:29.008,1:28.448
8683,1045,846,1,9,1:29.464,1:28.877,1:28.542
8684,1045,826,213,10,1:29.158,1:28.944,1:28.618
8695,1046,822,131,1,0:53.904,0:53.803,0:53.377
8696,1046,847,131,2,0:54.160,0:53.819,0:53.403
8697,1046,830,9,3,0:54.037,0:53.647,0:53.433
8698,1046,844,6,4,0:54.249,0:53.825,0:53.613
8699,1046,815,211,5,0:54.236,0:53.787,0:53.790
8700,1046,826,213,6,0:54.346,0:53.856,0:53.906
8701,1046,817,4,7,0:54.388,0:53.871,0:53.957
8702,1046,832,1,8,0:54.450,0:53.818,0:54.010
8703,1046,842,213,9,0:54.207,0:53.941,0:54.154
8704,1046,840,211,10,0:54.595,0:53.840,0:54.200
8715,1047,830,9,1,1:35.993,1:35.641,1:35.246
8716,1047,822,131,2,1:35.699,1:35.527,1:35.271
8717,1047,1,131,3,1:35.528,1:35.466,1:35.332
8718,1047,846,1,4,1:36.016,1:35.849,1:35.497
8719,1047,848,9,5,1:36.106,1:35.654,1:35.571
8720,1047,832,1,6,1:36.517,1:36.192,1:35.815
8721,1047,826,213,7,1:36.459,1:36.214,1:35.963
8722,1047,840,211,8,1:36.502,1:36.143,1:36.046
8723,1047,844,6,9,1:35.881,1:35.932,1:36.065
8724,1047,842,213,10,1:36.545,1:36.282,1:36.242
8735,1052,830,9,1,1:30.499,1:30.318,1:28.997
8736,1052,1,131,2,1:30.617,1:30.085,1:29.385
8737,1052,822,131,3,1:31.200,1:30.186,1:29.586
8738,1052,844,6,4,1:30.691,1:30.010,1:29.678
8739,1052,842,213,5,1:30.848,1:30.513,1:29.809
8740,1052,817,1,6,1:30.795,1:30.222,1:29.927
8741,1052,846,1,7,1:30.902,1:30.099,1:29.974
8742,1052,832,6,8,1:31.653,1:30.009,1:30.215
8743,1052,4,214,9,1:30.863,1:30.595,1:30.249
8744,1052,840,117,10,1:31.261,1:30.624,1:30.601
8755,1053,1,131,1,1:14.823,1:14.817,1:14.411
8756,1053,815,9,2,1:15.395,1:14.716,1:14.446
8757,1053,830,9,3,1:15.109,1:14.884,1:14.498
8758,1053,844,6,4,1:15.413,1:14.808,1:14.740
8759,1053,842,213,5,1:15.548,1:14.927,1:14.790
8760,1053,817,1,6,1:15.669,1:15.033,1:14.826
8761,1053,846,1,7,1:15.009,1:14.718,1:14.875
8762,1053,822,131,8,1:14.672,1:14.905,1:14.898
8763,1053,839,214,9,1:15.385,1:15.117,1:15.210
8775,1054,822,131,1,1:18.722,1:18.458,1:18.348
8776,1054,1,131,2,1:18.857,1:17.968,1:18.355
8777,1054,830,9,3,1:19.485,1:18.650,1:18.746
8778,1054,815,9,4,1:19.337,1:18.845,1:18.890
8779,1054,832,6,5,1:19.309,1:18.813,1:19.039
8780,1054,839,214,6,1:19.092,1:18.586,1:19.042
8781,1054,846,1,7,1:18.794,1:18.481,1:19.116
8782,1054,844,6,8,1:19.373,1:18.769,1:19.306
8783,1054,842,213,9,1:19.464,1:19.052,1:19.475
8784,1054,20,117,10,1:19.403,1:18.970,1:19.659
8795,1055,1,131,1,1:18.245,1:17.166,1:16.741
8796,1055,830,9,2,1:18.090,1:16.922,1:16.777
8797,1055,822,131,3,1:18.005,1:17.142,1:16.873
8798,1055,844,6,4,1:18.041,1:17.717,1:17.510
8799,1055,839,214,5,1:18.281,1:17.743,1:17.580
8800,1055,832,6,6,1:18.205,1:17.656,1:17.620
8801,1055,817,1,7,1:18.264,1:17.719,1:17.622
8802,1055,815,9,8,1:18.203,1:17.669,1:17.701
8803,1055,846,1,9,1:17.821,1:17.696,1:18.010
8804,1055,4,214,10,1:18.281,1:17.966,1:18.147
8815,1056,844,6,1,1:11.113,1:10.597,1:10.346
8816,1056,830,9,2,1:11.124,1:10.650,1:10.576
8817,1056,822,131,3,1:10.938,1:10.695,1:10.601
8818,1056,832,6,4,1:11.324,1:10.806,1:10.611
8819,1056,846,1,5,1:11.321,1:11.031,1:10.620
8820,1056,842,213,6,1:11.560,1:11.179,1:10.900
8821,1056,1,131,7,1:11.622,1:11.116,1:11.095
8822,1056,20,117,8,1:12.078,1:11.309,1:11.419
8823,1056,815,9,9,1:11.644,1:11.019,1:11.573
8824,1056,841,51,10,1:11.658,1:11.409,1:11.779
8834,1057,844,6,1,1:42.241,1:41.659,1:41.218
8835,1057,1,131,2,1:41.545,1:41.634,1:41.450
8836,1057,830,9,3,1:41.760,1:41.625,1:41.563
8837,1057,842,213,4,1:42.288,1:41.932,1:41.565
8838,1057,832,6,5,1:42.121,1:41.740,1:41.576
8839,1057,846,1,6,1:42.167,1:41.813,1:41.747
8840,1057,815,9,7,1:41.968,1:41.630,1:41.917
8841,1057,852,213,8,1:42.521,1:41.654,1:42.211
8842,1057,4,214,9,1:42.934,1:42.195,1:42.327
8843,1057,822,131,10,1:42.701,1:42.106,1:42.659
8854,1059,830,9,1,1:31.001,1:31.080,1:29.990
8855,1059,1,131,2,1:31.237,1:30.788,1:30.248
8856,1059,822,131,3,1:31.669,1:30.735,1:30.376
8857,1059,815,9,4,1:31.560,1:30.971,1:30.445
8858,1059,832,6,5,1:32.079,1:31.146,1:30.840
8859,1059,842,213,6,1:31.898,1:31.353,1:30.868
8860,1059,844,6,7,1:32.209,1:31.567,1:30.987
8861,1059,846,1,8,1:31.733,1:31.542,1:31.252
8862,1059,4,214,9,1:32.158,1:31.549,1:31.340
8863,1059,817,1,10,1:32.181,1:31.615,1:31.382
8874,1058,830,9,1,1:04.489,1:04.433,1:03.841
8875,1058,822,131,2,1:04.537,1:04.443,1:04.035
8876,1058,1,131,3,1:04.672,1:04.512,1:04.067
8877,1058,846,1,4,1:04.584,1:04.298,1:04.120
8878,1058,815,9,5,1:04.638,1:04.197,1:04.168
8879,1058,842,213,6,1:04.765,1:04.429,1:04.236
8880,1058,844,6,7,1:04.745,1:04.646,1:04.472
8881,1058,852,213,8,1:04.608,1:04.631,1:04.514
8882,1058,4,214,9,1:04.971,1:04.582,1:04.574
8883,1058,840,117,10,1:04.821,1:04.663,1:04.708
8894,1060,830,9,1,1:04.249,1:03.927,1:03.720
8895,1060,846,1,2,1:04.345,1:04.415,1:03.768
8896,1060,815,9,3,1:04.833,1:04.483,1:03.990
8897,1060,1,131,4,1:04.506,1:04.258,1:04.014
8898,1060,822,131,5,1:04.563,1:04.376,1:04.049
8899,1060,842,213,6,1:04.841,1:04.412,1:04.107
8900,1060,852,213,7,1:04.967,1:04.518,1:04.273
8901,1060,20,117,8,1:04.846,1:04.493,1:04.570
8902,1060,847,3,9,1:04.907,1:04.553,1:04.591
8903,1060,840,117,10,1:04.927,1:04.547,1:04.618
8914,1061,1,131,1,1:26.786,1:26.023,1:26.134
8915,1061,830,9,2,1:26.751,1:26.315,1:26.209
8916,1061,822,131,3,1:27.487,1:26.764,1:26.328
8917,1061,844,6,4,1:27.051,1:26.919,1:26.828
8918,1061,815,9,5,1:27.121,1:27.073,1:26.844
8919,1061,846,1,6,1:27.444,1:27.220,1:26.897
8920,1061,817,1,7,1:27.323,1:27.125,1:26.899
8921,1061,847,3,8,1:27.671,1:27.080,1:26.971
8922,1061,832,6,9,1:27.337,1:26.848,1:27.007
8923,1061,20,117,10,1:27.493,1:27.103,1:27.179
8934,1062,1,131,1,1:16.424,1:16.553,1:15.419
8935,1062,822,131,2,1:16.569,1:16.702,1:15.734
8936,1062,830,9,3,1:16.214,1:15.650,1:15.840
8937,1062,815,9,4,1:17.233,1:16.443,1:16.421
8938,1062,842,213,5,1:16.874,1:16.394,1:16.483
8939,1062,846,1,6,1:17.081,1:16.385,1:16.489
8940,1062,844,6,7,1:17.084,1:16.574,1:16.496
8941,1062,839,214,8,1:17.367,1:16.766,1:16.653
8942,1062,4,214,9,1:17.123,1:16.541,1:16.715
8943,1062,20,117,10,1:17.105,1:16.794,1:16.750
8954,1063,830,9,1,1:58.717,1:56.559,1:59.765
8955,1063,847,3,2,1:59.864,1:56.950,2:00.086
8956,1063,1,131,3,1:59.218,1:56.229,2:00.099
8957,1063,817,1,4,2:01.583,1:57.127,2:00.864
8958,1063,20,117,5,2:00.175,1:56.814,2:00.935
8959,1063,842,213,6,2:00.387,1:56.440,2:01.164
8960,1063,815,9,7,1:59.334,1:56.886,2:02.112
8961,1063,822,131,8,1:59.870,1:56.295,2:02.502
8962,1063,839,214,9,2:01.824,1:57.354,2:03.513
8974,1064,830,9,1,1:10.036,1:09.071,1:08.885
8975,1064,1,131,2,1:10.114,1:09.726,1:08.923
8976,1064,822,131,3,1:10.219,1:09.769,1:09.222
8977,1064,842,213,4,1:10.274,1:09.541,1:09.478
8978,1064,844,6,5,1:09.829,1:09.437,1:09.527
8979,1064,832,6,6,1:10.022,1:09.870,1:09.537
8980,1064,841,51,7,1:10.050,1:10.033,1:09.590
8981,1064,839,214,8,1:10.179,1:09.919,1:09.933
8982,1064,4,214,9,1:10.435,1:10.020,1:09.956
8983,1064,817,1,10,1:10.255,1:09.865,1:10.166
8994,1065,822,131,1,1:20.685,1:20.032,1:19.555
8995,1065,1,131,2,1:20.543,1:19.936,1:19.651
8996,1065,830,9,3,1:21.035,1:20.229,1:19.966
8997,1065,846,1,4,1:20.916,1:20.059,1:19.989
8998,1065,817,1,5,1:21.292,1:20.435,1:19.995
8999,1065,842,213,6,1:21.440,1:20.556,1:20.260
9000,1065,832,6,7,1:21.118,1:20.750,1:20.462
9001,1065,844,6,8,1:21.219,1:20.767,1:20.510
9002,1065,815,9,9,1:21.308,1:20.882,1:20.611
9003,1065,841,51,10,1:21.197,1:20.726,1:20.808
9014,1066,846,1,1,1:47.238,1:45.827,1:41.993
9015,1066,832,6,2,1:47.924,1:46.521,1:42.510
9016,1066,847,3,3,1:48.303,1:46.435,1:42.983
9017,1066,1,131,4,1:45.992,1:45.129,1:44.050
9018,1066,817,1,5,1:48.345,1:46.361,1:44.156
9019,1066,4,214,6,1:47.877,1:45.514,1:44.204
9020,1066,822,131,7,1:46.396,1:45.306,1:44.710
9021,1066,840,117,8,1:48.322,1:46.360,1:44.956
9022,1066,815,9,9,1:46.455,1:45.834,1:45.337
9023,1066,839,214,10,1:48.099,1:46.070,1:45.865
9036,1067,1,131,1,1:24.585,1:23.082,1:22.868
9037,1067,822,131,2,1:25.047,1:23.579,1:22.998
9038,1067,830,9,3,1:24.592,1:23.732,1:23.196
9039,1067,844,6,4,1:24.869,1:24.015,1:23.265
9040,1067,842,213,5,1:24.704,1:23.817,1:23.326
9041,1067,4,214,6,1:25.174,1:23.914,1:23.477
9042,1067,815,9,7,1:24.963,1:23.961,1:23.706
9043,1067,846,1,8,1:25.138,1:24.642,1:23.954
9044,1067,840,117,9,1:25.511,1:24.601,1:24.305
9045,1067,852,213,10,1:25.409,1:24.054,1:24.368
9056,1069,830,9,1,1:34.352,1:33.464,1:32.910
9057,1069,1,131,2,1:34.579,1:33.797,1:33.119
9058,1069,815,9,3,1:34.369,1:34.178,1:33.134
9059,1069,822,131,4,1:34.590,1:33.959,1:33.475
9060,1069,844,6,5,1:34.153,1:33.928,1:33.606
9061,1069,832,6,6,1:34.558,1:34.126,1:33.792
9062,1069,817,1,7,1:34.407,1:34.643,1:33.808
9063,1069,846,1,8,1:34.551,1:33.880,1:33.887
9064,1069,842,213,9,1:34.567,1:34.583,1:34.118
9065,1069,852,213,10,1:35.360,1:35.137,1:34.918
9076,1070,822,131,1,1:16.727,1:16.864,1:15.875
9077,1070,1,131,2,1:17.207,1:16.474,1:16.020
9078,1070,830,9,3,1:16.788,1:16.483,1:16.225
9079,1070,815,9,4,1:17.003,1:17.055,1:16.342
9080,1070,842,213,5,1:16.908,1:16.955,1:16.456
9081,1070,832,6,6,1:17.517,1:17.248,1:16.761
9082,1070,817,1,7,1:17.719,1:17.092,1:16.763
9083,1070,844,6,8,1:16.748,1:17.034,1:16.837
9084,1070,852,213,9,1:17.330,1:16.701,1:17.158
9085,1070,846,1,10,1:17.569,1:17.473,1:36.830
9096,1071,1,131,1,1:08.733,1:08.068,1:07.934
9097,1071,830,9,2,1:09.329,1:08.499,1:08.372
9098,1071,822,131,3,1:09.040,1:08.426,1:08.469
9099,1071,815,9,4,1:09.172,1:08.973,1:08.483
9100,1071,842,213,5,1:09.347,1:08.903,1:08.777
9101,1071,832,6,6,1:09.046,1:09.031,1:08.826
9102,1071,844,6,7,1:09.155,1:08.859,1:08.960
9103,1071,846,1,8,1:09.365,1:09.030,1:08.980
9104,1071,817,1,9,1:09.374,1:09.093,1:09.039
9105,1071,4,214,10,1:09.391,1:09.137,1:09.113
9116,1051,1,131,1,1:21.901,1:21.682,1:20.827
9117,1051,830,9,2,1:21.996,1:21.984,1:21.282
9118,1051,822,131,3,1:22.016,1:21.991,1:21.478
9119,1051,842,213,4,1:22.535,1:21.728,1:21.640
9120,1051,4,214,5,1:22.422,1:21.894,1:21.670
9121,1051,846,1,6,1:22.839,1:22.216,1:21.731
9122,1051,832,6,7,1:22.304,1:22.241,1:21.840
9123,1051,852,213,8,1:22.458,1:22.058,1:21.881
9124,1051,839,214,9,1:22.565,1:22.012,1:22.028
9125,1051,20,117,10,1:22.549,1:22.146,1:22.785
9136,1072,1,131,1,1:28.466,1:27.712,1:27.511
9137,1072,822,131,2,1:28.057,1:28.054,1:27.622
9138,1072,830,9,3,1:28.285,1:27.953,1:27.653
9139,1072,844,6,4,1:28.310,1:28.459,1:28.054
9140,1072,815,9,5,1:28.021,1:27.946,1:28.123
9141,1072,842,213,6,1:28.401,1:28.314,1:28.125
9142,1072,846,1,7,1:28.338,1:28.344,1:28.180
9143,1072,852,213,8,1:28.503,1:28.222,1:28.442
9144,1072,839,214,9,1:28.752,1:28.574,1:28.647
9145,1072,841,51,10,1:28.899,1:28.616,1:28.754
9156,1073,830,9,1,1:23.322,1:22.800,1:22.109
9157,1073,1,131,2,1:22.845,1:23.145,1:22.480
9158,1073,846,1,3,1:23.553,1:23.256,1:22.931
9159,1073,815,9,4,1:23.350,1:23.135,1:22.947
9160,1073,832,6,5,1:23.624,1:23.174,1:22.992
9161,1073,822,131,6,1:23.117,1:23.246,1:23.036
9162,1073,844,6,7,1:23.467,1:23.202,1:23.122
9163,1073,852,213,8,1:23.428,1:23.404,1:23.220
9164,1073,839,214,9,1:23.764,1:23.420,1:23.389
9165,1073,817,1,10,1:23.829,1:23.448,1:23.409
9176,1074,844,6,1,1:31.471,1:30.932,1:30.558
9177,1074,830,9,2,1:31.785,1:30.757,1:30.681
9178,1074,832,6,3,1:31.567,1:30.787,1:30.687
9179,1074,815,9,4,1:32.311,1:31.008,1:30.921
9180,1074,1,131,5,1:32.285,1:31.048,1:31.238
9181,1074,822,51,6,1:31.919,1:31.717,1:31.560
9182,1074,825,210,7,1:31.955,1:31.461,1:31.808
9183,1074,4,214,8,1:32.346,1:31.621,1:32.195
9184,1074,847,131,9,1:32.269,1:31.252,1:32.216
9185,1074,842,213,10,1:32.096,1:31.635,1:32.338
9222,1075,825,210,10,1:29.831,1:29.546,1:29.588
9221,1075,842,213,9,1:29.891,1:29.418,1:29.254
9220,1075,822,51,8,1:29.683,1:29.404,1:29.183
9219,1075,4,214,7,1:29.978,1:29.295,1:29.147
9218,1075,847,131,6,1:29.680,1:29.618,1:29.104
9217,1075,839,214,5,1:30.093,1:29.584,1:29.068
9216,1075,830,9,4,1:28.928,1:28.945,1:28.461
9215,1075,832,6,3,1:28.855,1:28.686,1:28.402
9214,1075,844,6,2,1:29.039,1:28.780,1:28.225
9213,1075,815,9,1,1:29.705,1:28.924,1:28.200
9233,1076,844,6,1,1:18.881,1:18.606,1:17.868
9234,1076,830,9,2,1:18.580,1:18.611,1:18.154
9235,1076,815,9,3,1:18.834,1:18.340,1:18.240
9236,1076,846,1,4,1:19.280,1:19.066,1:18.703
9237,1076,1,131,5,1:19.401,1:19.106,1:18.825
9238,1076,847,131,6,1:19.405,1:19.076,1:18.933
9239,1076,817,1,7,1:19.665,1:19.130,1:19.032
9240,1076,839,214,8,1:19.605,1:19.136,1:19.061
9241,1076,832,6,9,1:18.983,1:18.469,1:19.408
9253,1077,830,9,1,1:19.295,1:18.793,1:27.999
9254,1077,844,6,2,1:18.796,1:19.584,1:28.778
9255,1077,846,1,3,1:20.168,1:19.294,1:29.131
9256,1077,825,210,4,1:20.147,1:19.902,1:29.164
9257,1077,4,214,5,1:20.198,1:19.595,1:29.202
9258,1077,817,1,6,1:19.980,1:20.031,1:29.742
9259,1077,815,9,7,1:19.773,1:19.296,1:29.808
9260,1077,822,51,8,1:20.419,1:20.192,1:30.439
9261,1077,20,117,9,1:20.364,1:19.957,1:31.062
9273,1078,844,6,1,1:29.474,1:29.130,1:28.796
9274,1078,832,6,2,1:30.079,1:29.729,1:28.986
9275,1078,830,9,3,1:29.836,1:29.202,1:28.991
9276,1078,815,9,4,1:30.055,1:29.673,1:29.036
9277,1078,822,51,5,1:30.845,1:29.751,1:29.475
9278,1078,1,131,6,1:30.388,1:29.797,1:29.625
9279,1078,842,213,7,1:30.779,1:30.128,1:29.690
9280,1078,846,1,8,1:30.761,1:29.634,1:29.750
9281,1078,852,213,9,1:30.485,1:30.031,1:29.932
9282,1078,840,117,10,1:30.441,1:29.996,1:30.676
9293,1079,844,6,1,1:19.861,1:19.969,1:18.750
9294,1079,830,9,2,1:20.091,1:19.219,1:19.073
9295,1079,832,6,3,1:19.892,1:19.453,1:19.166
9296,1079,847,131,4,1:20.218,1:19.470,1:19.393
9297,1079,815,9,5,1:20.447,1:19.830,1:19.420
9298,1079,1,131,6,1:20.252,1:19.794,1:19.512
9299,1079,822,51,7,1:20.355,1:20.053,1:19.608
9300,1079,825,210,8,1:20.227,1:19.810,1:19.682
9301,1079,817,1,9,1:20.549,1:20.287,1:20.297
9302,1079,854,210,10,1:20.683,1:20.436,1:20.368
9313,1080,844,6,1,1:12.569,1:11.864,1:11.376
9314,1080,832,6,2,1:12.616,1:12.074,1:11.601
9315,1080,815,9,3,1:13.004,1:11.954,1:11.629
9316,1080,830,9,4,1:12.993,1:12.117,1:11.666
9317,1080,846,1,5,1:12.927,1:12.266,1:11.849
9318,1080,847,131,6,1:12.787,1:12.617,1:12.112
9319,1080,4,214,7,1:13.394,1:12.688,1:12.247
9320,1080,1,131,8,1:13.444,1:12.595,1:12.560
9321,1080,20,117,9,1:13.313,1:12.613,1:12.732
9322,1080,839,214,10,1:12.848,1:12.528,1:13.047
9333,1081,844,6,1,1:42.865,1:42.046,1:41.359
9334,1081,815,9,2,1:42.733,1:41.955,1:41.641
9335,1081,830,9,3,1:42.722,1:42.227,1:41.706
9336,1081,832,6,4,1:42.957,1:42.088,1:41.814
9337,1081,847,131,5,1:43.754,1:43.281,1:42.712
9338,1081,842,213,6,1:43.268,1:43.129,1:42.845
9339,1081,1,131,7,1:43.939,1:43.182,1:42.924
9340,1081,852,213,8,1:43.595,1:43.376,1:43.056
9341,1081,20,117,9,1:43.279,1:43.268,1:43.091
9342,1081,4,214,10,1:44.083,1:43.360,1:43.173
9353,1082,830,9,1,1:32.219,1:23.746,1:21.299
9354,1082,4,214,2,1:32.277,1:24.848,1:21.944
9355,1082,832,6,3,1:32.781,1:25.197,1:22.096
9356,1082,1,131,4,1:33.841,1:25.543,1:22.891
9357,1082,825,210,5,1:32.957,1:26.254,1:22.960
9358,1082,854,210,6,1:33.707,1:25.684,1:23.356
9359,1082,839,214,7,1:33.012,1:26.135,1:23.529
9360,1082,847,131,8,1:33.160,1:24.950,1:23.557
9361,1082,817,1,9,1:33.636,1:26.375,1:23.749
9362,1082,855,51,10,1:33.692,1:26.116,1:24.030
9373,1083,832,6,1,1:40.190,1:41.602,1:40.983
9374,1083,830,9,2,1:39.129,1:40.655,1:41.055
9375,1083,844,6,3,1:39.846,1:41.247,1:41.298
9376,1083,815,9,4,1:40.521,1:42.513,1:41.616
9377,1083,1,131,5,1:40.428,1:41.062,1:41.995
9378,1083,846,1,6,1:41.515,1:41.821,1:42.084
9379,1083,4,214,7,1:41.598,1:42.209,1:42.116
9380,1083,847,131,8,1:40.028,1:41.725,1:42.161
9381,1083,855,51,9,1:40.791,1:42.640,1:42.719
9382,1083,849,3,10,1:41.998,1:43.273,2:03.095
9393,1084,830,9,1,1:05.852,1:05.374,1:04.984
9394,1084,844,6,2,1:05.419,1:05.287,1:05.013
9395,1084,832,6,3,1:05.660,1:05.576,1:05.066
9396,1084,847,131,4,1:06.235,1:05.697,1:05.431
9397,1084,839,214,5,1:06.468,1:05.993,1:05.726
9398,1084,825,210,6,1:06.366,1:05.894,1:05.879
9399,1084,854,210,7,1:06.405,1:06.151,1:06.011
9400,1084,4,214,8,1:06.016,1:06.082,1:06.103
9401,1084,1,131,9,1:06.079,1:05.475,1:13.151
9413,1085,844,6,1,1:31.727,1:31.216,1:30.872
9414,1085,830,9,2,1:31.891,1:31.990,1:31.176
9415,1085,815,9,3,1:32.354,1:32.120,1:31.335
9416,1085,1,131,4,1:33.041,1:32.274,1:31.765
9417,1085,846,1,5,1:32.672,1:32.777,1:32.032
9418,1085,847,131,6,1:33.109,1:32.633,1:32.131
9419,1085,4,214,7,1:32.819,1:32.631,1:32.552
9420,1085,852,213,8,1:33.394,1:32.836,1:32.780
9433,1086,847,131,1,1:18.407,1:18.154,1:17.377
9434,1086,832,6,2,1:18.434,1:17.946,1:17.421
9435,1086,844,6,3,1:18.806,1:17.768,1:17.567
9436,1086,846,1,4,1:18.653,1:18.121,1:17.769
9437,1086,839,214,5,1:18.866,1:18.216,1:18.018
9438,1086,4,214,6,1:18.716,1:17.904,1:18.078
9439,1086,1,131,7,1:18.374,1:18.035,1:18.142
9440,1086,822,51,8,1:18.935,1:18.445,1:18.157
9441,1086,817,1,9,1:18.775,1:18.198,1:18.379
9442,1086,830,9,10,1:18.509,1:17.703,1:18.823
9453,1087,830,9,1,1:44.581,1:44.723,1:43.665
9454,1087,832,6,2,1:45.050,1:45.418,1:44.297
9455,1087,815,9,3,1:45.377,1:44.794,1:44.462
9456,1087,844,6,4,1:45.572,1:44.551,1:44.553
9457,1087,839,214,5,1:46.039,1:45.475,1:45.180
9458,1087,4,214,6,1:46.075,1:45.552,1:45.368
9459,1087,1,131,7,1:45.736,1:45.420,1:45.503
9460,1087,847,131,8,1:45.650,1:45.461,1:45.776
9461,1087,848,3,9,1:45.672,1:45.675,1:45.837
9462,1087,846,1,10,1:45.745,1:45.603,1:46.178
9473,1088,830,9,1,1:11.317,1:10.927,1:10.342
9474,1088,844,6,2,1:11.443,1:10.988,1:10.363
9475,1088,832,6,3,1:11.767,1:10.814,1:10.434
9476,1088,1,131,4,1:11.331,1:11.075,1:10.648
9477,1088,815,9,5,1:11.641,1:11.314,1:11.077
9478,1088,847,131,6,1:11.561,1:10.824,1:11.147
9479,1088,846,1,7,1:11.556,1:11.116,1:11.174
9480,1088,854,210,8,1:11.741,1:11.420,1:11.442
9481,1088,852,213,9,1:11.427,1:11.428,1:12.556
9493,1089,844,6,1,1:21.280,1:21.208,1:20.161
9494,1089,830,9,2,1:20.922,1:21.265,1:20.306
9495,1089,832,6,3,1:21.348,1:20.878,1:20.429
9496,1089,815,9,4,1:21.495,1:21.358,1:21.206
9497,1089,1,131,5,1:22.048,1:21.708,1:21.524
9498,1089,847,131,6,1:21.785,1:21.747,1:21.542
9499,1089,846,1,7,1:22.130,1:21.831,1:21.584
9500,1089,817,1,8,1:22.139,1:21.855,1:21.925
9501,1089,842,213,9,1:22.010,1:22.062,1:22.648
9513,1091,844,6,1,1:54.129,1:52.343,1:49.412
9514,1091,815,9,2,1:54.404,1:52.818,1:49.434
9515,1091,1,131,3,1:53.161,1:52.691,1:49.466
9516,1091,832,6,4,1:54.559,1:53.219,1:49.583
9517,1091,4,214,5,1:55.360,1:53.127,1:49.966
9518,1091,846,1,6,1:55.914,1:53.942,1:50.584
9519,1091,842,213,7,1:55.606,1:53.546,1:51.211
9520,1091,830,9,8,1:53.057,1:52.723,1:51.395
9521,1091,825,210,9,1:55.103,1:54.006,1:51.573
9522,1091,852,213,10,1:55.314,1:53.848,1:51.983
9533,1092,830,9,1,1:30.224,1:30.346,1:29.304
9534,1092,844,6,2,1:30.402,1:30.486,1:29.314
9535,1092,832,6,3,1:30.336,1:30.444,1:29.361
9536,1092,815,9,4,1:30.622,1:29.925,1:29.709
9537,1092,839,214,5,1:30.696,1:30.357,1:30.165
9538,1092,1,131,6,1:30.906,1:30.443,1:30.261
9539,1092,4,214,7,1:30.603,1:30.343,1:30.322
9540,1092,847,131,8,1:30.865,1:30.465,1:30.389
9541,1092,20,117,9,1:31.256,1:30.656,1:30.554
9542,1092,846,1,10,1:30.881,1:30.473,1:31.003
9553,1093,832,6,1,1:35.297,1:35.590,1:34.356
9554,1093,844,6,2,1:35.795,1:35.246,1:34.421
9555,1093,830,9,3,1:35.864,1:35.294,1:34.448
9556,1093,815,9,4,1:36.163,1:35.864,1:34.645
9557,1093,1,131,5,1:36.148,1:35.732,1:34.947
9558,1093,847,131,6,1:36.195,1:35.692,1:34.988
9559,1093,840,117,7,1:36.860,1:36.032,1:35.598
9560,1093,846,1,8,1:36.465,1:36.341,1:35.690
9561,1093,4,214,9,1:36.446,1:35.988,1:35.876
9562,1093,822,51,10,1:36.746,1:36.321,1:36.319
9573,1094,830,9,1,1:19.222,1:18.566,1:17.775
9574,1094,847,131,2,1:19.583,1:18.565,1:18.079
9575,1094,1,131,3,1:19.169,1:18.552,1:18.084
9576,1094,815,9,4,1:19.706,1:18.615,1:18.128
9577,1094,832,6,5,1:19.566,1:18.560,1:18.351
9578,1094,822,51,6,1:19.523,1:18.762,1:18.401
9579,1094,844,6,7,1:19.505,1:19.109,1:18.555
9580,1094,846,1,8,1:19.857,1:19.119,1:18.721
9581,1094,4,214,9,1:20.006,1:19.272,1:18.939
9582,1094,839,214,10,1:19.945,1:19.081,1:19.010
9593,1095,825,210,1,1:13.954,1:11.410,1:11.674
9594,1095,830,9,2,1:13.625,1:10.881,1:11.877
9595,1095,847,131,3,1:14.427,1:11.318,1:12.059
9596,1095,846,1,4,1:13.106,1:11.377,1:12.263
9597,1095,832,6,5,1:14.680,1:10.890,1:12.357
9598,1095,839,214,6,1:14.663,1:11.587,1:12.425
9599,1095,4,214,7,1:13.542,1:11.394,1:12.504
9600,1095,1,131,8,1:13.403,1:11.539,1:12.611
9601,1095,815,9,9,1:13.613,1:11.456,1:15.601
9613,1096,830,9,1,1:24.754,1:24.622,1:23.824
9614,1096,815,9,2,1:24.820,1:24.419,1:24.052
9615,1096,844,6,3,1:25.211,1:24.517,1:24.092
9616,1096,832,6,4,1:25.090,1:24.521,1:24.242
9617,1096,1,131,5,1:25.594,1:24.774,1:24.508
9618,1096,847,131,6,1:25.545,1:24.940,1:24.511
9619,1096,846,1,7,1:25.387,1:24.903,1:24.769
9620,1096,839,214,8,1:25.735,1:25.007,1:24.830
9621,1096,20,117,9,1:25.523,1:24.974,1:24.961
9622,1096,817,1,10,1:25.766,1:25.068,1:25.045
9633,1098,830,9,1,1:31.295,1:30.503,1:29.708
9634,1098,815,9,2,1:31.479,1:30.746,1:29.846
9635,1098,844,6,3,1:31.094,1:30.282,1:30.000
9636,1098,832,6,4,1:30.993,1:30.515,1:30.154
9637,1098,4,117,5,1:31.158,1:30.645,1:30.336
9638,1098,847,131,6,1:31.057,1:30.507,1:30.340
9639,1098,1,131,7,1:31.543,1:30.513,1:30.384
9640,1098,840,117,8,1:31.184,1:31.127,1:30.836
9641,1098,839,214,9,1:31.508,1:30.914,1:30.984
9653,1099,815,9,1,1:29.244,1:28.635,1:28.265
9654,1099,844,6,2,1:29.376,1:28.903,1:28.420
9655,1099,4,117,3,1:29.298,1:28.757,1:28.730
9656,1099,847,131,4,1:29.592,1:29.132,1:28.857
9657,1099,832,6,5,1:29.411,1:28.957,1:28.931
9658,1099,840,117,6,1:29.335,1:28.962,1:28.945
9659,1099,839,214,7,1:29.707,1:29.255,1:29.078
9660,1099,1,131,8,1:29.689,1:29.374,1:29.223
9661,1099,857,1,9,1:29.706,1:29.378,1:29.243
9662,1099,842,214,10,1:29.890,1:29.411,1:29.357
9673,1100,830,9,1,1:17.384,1:17.056,1:16.732
9674,1100,847,131,2,1:17.654,1:17.513,1:16.968
9675,1100,1,131,3,1:17.689,1:17.551,1:17.104
9676,1100,4,117,4,1:17.832,1:17.283,1:17.139
9677,1100,832,6,5,1:17.928,1:17.349,1:17.270
9678,1100,840,117,6,1:17.873,1:17.616,1:17.308
9679,1100,844,6,7,1:18.218,1:17.390,1:17.369
9680,1100,848,3,8,1:17.962,1:17.761,1:17.609
9681,1100,842,214,9,1:18.312,1:17.574,1:17.675
9682,1100,807,210,10,1:18.029,1:17.412,1:17.735
9693,1101,844,6,1,1:41.269,1:41.037,1:40.203
9694,1101,830,9,2,1:41.398,1:40.822,1:40.391
9695,1101,815,9,3,1:41.756,1:41.131,1:40.495
9696,1101,832,6,4,1:42.197,1:41.369,1:41.016
9697,1101,1,131,5,1:42.113,1:41.650,1:41.177
9698,1101,4,117,6,1:41.720,1:41.370,1:41.253
9699,1101,846,1,7,1:42.154,1:41.485,1:41.281
9700,1101,852,213,8,1:42.234,1:41.569,1:41.581
9701,1101,840,117,9,1:42.524,1:41.576,1:41.611
9702,1101,857,1,10,1:42.455,1:41.636,1:41.611
9713,1102,815,9,1,1:27.713,1:27.328,1:26.841
9714,1102,4,117,2,1:28.179,1:27.097,1:27.202
9715,1102,832,6,3,1:27.686,1:27.148,1:27.349
9716,1102,825,210,4,1:27.809,1:27.673,1:27.767
9717,1102,842,214,5,1:28.061,1:27.612,1:27.786
9718,1102,847,131,6,1:28.086,1:27.743,1:27.804
9719,1102,844,6,7,1:27.713,1:26.964,1:27.861
9720,1102,839,214,8,1:27.872,1:27.444,1:27.935
9733,1104,830,9,1,1:12.386,1:11.908,1:11.365
9734,1104,4,117,2,1:12.886,1:12.107,1:11.449
9735,1104,844,6,3,1:12.912,1:12.103,1:11.471
9736,1104,839,214,4,1:12.967,1:12.248,1:11.553
9737,1104,832,6,5,1:12.717,1:12.210,1:11.630
9738,1104,1,131,6,1:12.872,1:12.156,1:11.725
9739,1104,842,214,7,1:13.033,1:12.169,1:11.933
9740,1104,847,131,8,1:12.769,1:12.151,1:11.964
9741,1104,852,213,9,1:12.642,1:12.249,1:12.082
9742,1104,846,1,10,1:12.877,1:12.377,1:12.254
9753,1105,830,9,1,1:13.615,1:12.760,1:12.272
9754,1105,832,6,2,1:13.411,1:12.790,1:12.734
9755,1105,846,1,3,1:13.295,1:12.776,1:12.792
9756,1105,842,214,4,1:13.471,1:13.186,1:12.816
9757,1105,1,131,5,1:12.937,1:12.999,1:12.818
9758,1105,840,117,6,1:13.766,1:13.082,1:12.994
9759,1105,839,214,7,1:13.433,1:13.001,1:13.083
9760,1105,807,210,8,1:13.420,1:13.283,1:13.229
9761,1105,4,117,9,1:13.747,1:13.098,1:13.507
9762,1105,857,1,10,1:13.691,1:13.059,1:13.682
9773,1106,830,9,1,1:20.851,1:19.092,1:25.858
9774,1106,807,210,2,1:22.730,1:20.305,1:27.102
9775,1106,4,117,3,1:21.481,1:19.776,1:27.286
9776,1106,1,131,4,1:21.554,1:20.426,1:27.627
9777,1106,847,131,5,1:21.798,1:20.098,1:27.893
9778,1106,839,214,6,1:22.114,1:20.406,1:27.945
9779,1106,846,1,7,1:21.998,1:19.347,1:28.046
9780,1106,832,6,8,1:22.248,1:19.856,1:29.294
9781,1106,857,1,9,1:22.190,1:19.659,1:31.349
9793,1107,830,9,1,1:05.116,1:04.951,1:04.391
9794,1107,844,6,2,1:05.577,1:05.087,1:04.439
9795,1107,832,6,3,1:05.339,1:04.975,1:04.581
9796,1107,846,1,4,1:05.617,1:05.038,1:04.658
9797,1107,1,131,5,1:05.673,1:05.188,1:04.819
9798,1107,840,117,6,1:05.710,1:05.121,1:04.893
9799,1107,4,117,7,1:05.655,1:05.181,1:04.911
9800,1107,807,210,8,1:05.740,1:05.362,1:05.090
9801,1107,842,214,9,1:05.515,1:05.308,1:05.170
9802,1107,848,3,10,1:05.673,1:05.387,1:05.823
9813,1108,830,9,1,1:29.428,1:27.702,1:26.720
9814,1108,846,1,2,1:28.917,1:28.042,1:26.961
9815,1108,857,1,3,1:29.874,1:27.845,1:27.092
9816,1108,844,6,4,1:29.143,1:28.361,1:27.136
9817,1108,832,6,5,1:29.865,1:28.265,1:27.148
9818,1108,847,131,6,1:29.412,1:28.782,1:27.155
9819,1108,1,131,7,1:29.415,1:28.545,1:27.211
9820,1108,848,3,8,1:29.466,1:28.067,1:27.530
9821,1108,4,117,9,1:29.949,1:28.368,1:27.659
9822,1108,842,214,10,1:29.533,1:28.751,1:27.689
9833,1109,1,131,1,1:18.577,1:17.427,1:16.609
9834,1109,830,9,2,1:18.318,1:17.547,1:16.612
9835,1109,846,1,3,1:18.697,1:17.328,1:16.694
9836,1109,857,1,4,1:18.464,1:17.571,1:16.905
9837,1109,855,51,5,1:18.143,1:17.700,1:16.971
9838,1109,844,6,6,1:18.440,1:17.580,1:16.992
9839,1109,822,51,7,1:18.775,1:17.563,1:17.034
9840,1109,4,117,8,1:18.580,1:17.701,1:17.035
9841,1109,815,9,9,1:18.360,1:17.675,1:17.045
9842,1109,807,210,10,1:18.695,1:17.652,1:17.186
9853,1110,830,9,1,1:58.515,1:52.784,1:46.168
9854,1110,844,6,2,1:58.300,1:52.017,1:46.988
9855,1110,815,9,3,1:58.899,1:52.353,1:47.045
9856,1110,1,131,4,1:58.563,1:52.345,1:47.087
9857,1110,832,6,5,1:58.688,1:51.711,1:47.152
9858,1110,857,1,6,1:58.872,1:51.534,1:47.365
9859,1110,846,1,7,1:59.981,1:52.252,1:47.669
9860,1110,847,131,8,1:59.035,1:52.605,1:47.805
9861,1110,4,117,9,1:58.834,1:52.751,1:47.843
9862,1110,840,117,10,1:59.663,1:52.193,1:48.841
9873,1111,830,9,1,1:20.965,1:18.856,1:10.567
9874,1111,846,1,2,1:21.276,1:19.769,1:11.104
9875,1111,847,131,3,1:21.345,1:19.620,1:11.294
9876,1111,848,3,4,1:20.939,1:19.399,1:11.419
9877,1111,4,117,5,1:21.840,1:19.429,1:11.506
9878,1111,832,6,6,1:21.321,1:19.929,1:11.754
9879,1111,815,9,7,1:21.972,1:19.856,1:11.880
9880,1111,857,1,8,1:21.231,1:19.392,1:11.938
9881,1111,844,6,9,1:22.019,1:19.600,1:12.665
9882,1111,858,3,10,1:22.036,1:20.067,1:16.748
9893,1112,832,6,1,1:21.965,1:20.991,1:20.294
9894,1112,830,9,2,1:21.573,1:20.937,1:20.307
9895,1112,844,6,3,1:21.788,1:20.977,1:20.361
9896,1112,847,131,4,1:22.148,1:21.382,1:20.671
9897,1112,815,9,5,1:21.911,1:21.240,1:20.688
9898,1112,848,3,6,1:21.661,1:21.272,1:20.760
9899,1112,857,1,7,1:22.106,1:21.527,1:20.785
9900,1112,1,131,8,1:21.977,1:21.369,1:20.820
9901,1112,846,1,9,1:21.995,1:21.581,1:20.979
9902,1112,4,117,10,1:22.043,1:21.543,1:21.417
9913,1113,832,6,1,1:32.339,1:31.439,1:30.984
9914,1113,847,131,2,1:32.331,1:31.743,1:31.056
9915,1113,844,6,3,1:32.406,1:32.012,1:31.063
9916,1113,846,1,4,1:32.483,1:31.951,1:31.270
9917,1113,1,131,5,1:32.651,1:32.019,1:31.485
9918,1113,825,210,6,1:32.242,1:31.892,1:31.575
9919,1113,4,117,7,1:32.584,1:31.835,1:31.615
9920,1113,839,214,8,1:32.369,1:32.089,1:31.673
9921,1113,807,210,9,1:32.100,1:31.994,1:31.808
9922,1113,859,213,10,1:32.215,1:32.166,1:32.268
9933,1114,830,9,1,1:29.878,1:29.964,1:28.877
9934,1114,857,1,2,1:30.439,1:30.122,1:29.458
9935,1114,846,1,3,1:30.063,1:30.296,1:29.493
9936,1114,844,6,4,1:30.393,1:29.940,1:29.542
9937,1114,815,9,5,1:30.652,1:29.965,1:29.650
9938,1114,832,6,6,1:30.651,1:30.067,1:29.850
9939,1114,1,131,7,1:30.811,1:30.040,1:29.908
9940,1114,847,131,8,1:30.811,1:30.268,1:30.219
9941,1114,852,213,9,1:30.733,1:30.204,1:30.303
9942,1114,4,117,10,1:30.971,1:30.465,1:30.560
9953,1115,830,9,1,1:25.007,1:24.483,1:23.778
9954,1115,847,131,2,1:25.334,1:24.827,1:24.219
9955,1115,1,131,3,1:26.076,1:24.381,1:24.305
9956,1115,4,117,4,1:25.223,1:25.241,1:24.369
9957,1115,844,6,5,1:25.452,1:25.079,1:24.424
9958,1115,857,1,6,1:25.266,1:24.724,1:24.540
9959,1115,842,214,7,1:25.566,1:24.918,1:24.553
9960,1115,839,214,8,1:25.711,1:24.928,1:24.763
9961,1115,822,51,9,1:26.038,1:25.297,1:25.058
9973,1116,844,6,1,1:36.061,1:35.004,1:34.723
9974,1116,846,1,2,1:35.110,1:35.441,1:34.853
9975,1116,1,131,3,1:35.091,1:35.240,1:34.862
9976,1116,832,6,4,1:35.824,1:35.302,1:34.945
9977,1116,847,131,5,1:36.165,1:35.606,1:35.079
9978,1116,830,9,6,1:35.346,1:35.008,1:35.081
9979,1116,842,214,7,1:36.158,1:35.496,1:35.089
9980,1116,839,214,8,1:36.131,1:35.413,1:35.154
9981,1116,815,9,9,1:35.989,1:35.679,1:35.173
9982,1116,857,1,10,1:36.064,1:35.576,1:35.467
9993,1117,844,6,1,1:18.401,1:17.901,1:17.166
9994,1117,832,6,2,1:18.755,1:18.382,1:17.233
9995,1117,830,9,3,1:18.099,1:17.625,1:17.263
9996,1117,817,213,4,1:18.341,1:17.706,1:17.382
9997,1117,815,9,5,1:18.553,1:18.124,1:17.423
9998,1117,1,131,6,1:18.677,1:17.571,1:17.454
9999,1117,857,1,7,1:18.241,1:17.874,1:17.623
10000,1117,847,131,8,1:18.893,1:17.673,1:17.674
10001,1117,822,51,9,1:18.429,1:18.016,1:18.032
10002,1117,855,51,10,1:19.016,1:18.440,1:18.050
10013,1118,830,9,1,1:10.436,1:10.162,1:10.727
10014,1118,844,6,2,1:10.472,1:10.303,1:11.021
10015,1118,840,117,3,1:10.551,1:10.375,1:11.344
10016,1118,4,117,4,1:10.557,1:10.237,1:11.387
10017,1118,1,131,5,1:10.604,1:10.266,1:11.469
10018,1118,847,131,6,1:10.340,1:10.316,1:11.590
10019,1118,846,1,7,1:10.623,1:10.021,1:11.987
10020,1118,832,6,8,1:10.624,1:10.254,1:11.989
10021,1118,815,9,9,1:10.668,1:10.219,1:12.321
10033,1119,844,6,1,1:33.617,1:32.775,1:32.726
10034,1119,832,6,2,1:33.851,1:33.338,1:32.770
10035,1119,830,9,3,1:34.190,1:33.572,1:33.104
10036,1119,847,131,4,1:34.137,1:33.351,1:33.112
10037,1119,842,214,5,1:34.272,1:33.494,1:33.239
10038,1119,848,3,6,1:34.634,1:33.588,1:33.323
10039,1119,858,3,7,1:34.525,1:33.733,1:33.513
10040,1119,822,51,8,1:34.305,1:33.809,1:33.525
10041,1119,825,210,9,1:34.337,1:33.664,1:33.537
10042,1119,4,117,10,1:34.422,1:33.617,1:33.555
10053,1120,830,9,1,1:24.160,1:23.740,1:23.445
10054,1120,844,6,2,1:24.459,1:23.969,1:23.584
10055,1120,857,1,3,1:24.487,1:24.278,1:23.782
10056,1120,847,131,4,1:24.337,1:24.013,1:23.788
10057,1120,846,1,5,1:24.368,1:23.920,1:23.816
10058,1120,852,213,6,1:24.286,1:24.207,1:23.968
10059,1120,4,117,7,1:24.501,1:24.131,1:24.084
10060,1120,807,210,8,1:24.425,1:24.213,1:24.108
10061,1120,815,9,9,1:24.209,1:24.116,1:24.171
10062,1120,842,214,10,1:24.600,1:24.078,1:24.548
10073,1121,830,9,1,1:30.031,1:29.374,1:29.179
10074,1121,844,6,2,1:30.243,1:29.165,1:29.407
10075,1121,847,131,3,1:30.350,1:29.922,1:29.485
10076,1121,832,6,4,1:29.909,1:29.573,1:29.507
10077,1121,815,9,5,1:30.221,1:29.932,1:29.537
10078,1121,4,117,6,1:30.179,1:29.801,1:29.542
10079,1121,846,1,7,1:30.143,1:29.941,1:29.614
10080,1121,857,1,8,1:30.531,1:30.122,1:29.683
10081,1121,1,131,9,1:30.451,1:29.718,1:29.710
10082,1121,807,210,10,1:30.566,1:29.851,1:30.502
10093,1122,830,9,1,1:28.171,1:28.033,1:27.472
10094,1122,844,6,2,1:28.318,1:28.112,1:27.791
10095,1122,815,9,3,1:28.638,1:28.467,1:27.807
10096,1122,4,117,4,1:28.706,1:28.122,1:27.846
10097,1122,857,1,5,1:28.755,1:28.343,1:28.089
10098,1122,846,1,6,1:28.805,1:28.479,1:28.132
10099,1122,847,131,7,1:28.749,1:28.448,1:28.316
10100,1122,1,131,8,1:28.994,1:28.606,1:28.460
10101,1122,852,215,9,1:28.988,1:28.564,1:28.547
10102,1122,840,117,10,1:28.250,1:28.578,1:28.572
10113,1123,830,9,1,1:16.819,1:16.387,1:15.915
10114,1123,832,6,2,1:16.731,1:16.189,1:16.185
10115,1123,815,9,3,1:16.805,1:16.631,1:16.274
10116,1123,846,1,4,1:17.430,1:16.750,1:16.315
10117,1123,844,6,5,1:16.984,1:16.304,1:16.435
10118,1123,857,1,6,1:17.369,1:16.601,1:16.572
10119,1123,847,131,7,1:17.062,1:16.901,1:16.724
10120,1123,852,215,8,1:17.356,1:16.791,1:16.788
10121,1123,840,117,9,1:17.376,1:16.780,1:17.072
10122,1123,4,117,10,1:16.991,1:16.710,1:17.552
10132,1124,830,9,1,1:28.866,1:28.740,1:28.197
10133,1124,815,9,2,1:29.303,1:28.752,1:28.263
10134,1124,846,1,3,1:29.536,1:28.940,1:28.489
10135,1124,832,6,4,1:29.513,1:29.099,1:28.682
10136,1124,4,117,5,1:29.254,1:29.082,1:28.686
10137,1124,857,1,6,1:29.425,1:29.148,1:28.760
10138,1124,1,131,7,1:29.661,1:28.887,1:28.766
10139,1124,844,6,8,1:29.338,1:29.196,1:28.786
10140,1124,847,131,9,1:29.799,1:29.140,1:29.008
10141,1124,852,215,10,1:29.775,1:29.417,1:29.413
10152,1125,830,9,1,1:34.742,1:33.794,1:33.660
10153,1125,815,9,2,1:35.457,1:34.026,1:33.982
10154,1125,4,117,3,1:35.116,1:34.652,1:34.148
10155,1125,846,1,4,1:34.842,1:34.460,1:34.165
10156,1125,857,1,5,1:35.014,1:34.659,1:34.273
10157,1125,844,6,6,1:34.797,1:34.399,1:34.289
10158,1125,832,6,7,1:34.970,1:34.368,1:34.297
10159,1125,847,131,8,1:35.084,1:34.609,1:34.433
10160,1125,807,210,9,1:35.068,1:34.667,1:34.604
10161,1125,822,15,10,1:35.169,1:34.769,1:34.665
10172,1126,830,9,1,1:27.689,1:27.566,1:27.241
10173,1126,844,6,2,1:28.081,1:27.533,1:27.382
10174,1126,832,6,3,1:27.937,1:27.941,1:27.455
10175,1126,815,9,4,1:27.772,1:27.839,1:27.460
10176,1126,846,1,5,1:27.913,1:27.871,1:27.594
10177,1126,857,1,6,1:28.032,1:27.721,1:27.675
10178,1126,847,131,7,1:28.159,1:28.095,1:28.067
10179,1126,1,131,8,1:28.167,1:27.697,1:28.107
10180,1126,807,210,9,1:28.383,1:28.200,1:28.146
10181,1126,852,215,10,1:28.324,1:28.167,1:28.192
10192,1127,830,9,1,1:15.762,1:15.176,1:14.746
10193,1127,857,1,2,1:15.940,1:15.407,1:14.820
10194,1127,846,1,3,1:15.915,1:15.371,1:14.837
10195,1127,844,6,4,1:15.823,1:15.328,1:14.970
10196,1127,832,6,5,1:16.015,1:15.512,1:15.233
10197,1127,847,131,6,1:16.107,1:15.671,1:15.234
10198,1127,852,215,7,1:15.894,1:15.358,1:15.465
10199,1127,1,131,8,1:16.604,1:15.677,1:15.504
10200,1127,817,215,9,1:16.060,1:15.691,1:15.674
10201,1127,807,210,10,1:15.841,1:15.569,1:15.980
10212,1128,844,6,1,1:11.584,1:10.825,1:10.270
10213,1128,857,1,2,1:11.500,1:10.756,1:10.424
10214,1128,832,6,3,1:11.543,1:11.075,1:10.518
10215,1128,846,1,4,1:11.760,1:10.732,1:10.542
10216,1128,847,131,5,1:11.492,1:10.929,1:10.543
10217,1128,830,9,6,1:11.711,1:10.745,1:10.567
10218,1128,1,131,7,1:11.528,1:11.056,1:10.621
10219,1128,852,215,8,1:11.852,1:11.106,1:10.858
10220,1128,848,3,9,1:11.623,1:11.216,1:10.948
10221,1128,842,214,10,1:11.714,1:10.896,1:11.311
10232,1129,847,131,1,1:13.013,1:11.742,1:12.000
10233,1129,830,9,2,1:12.360,1:12.549,1:12.000
10234,1129,846,1,3,1:12.959,1:12.201,1:12.021
10235,1129,857,1,4,1:12.907,1:12.462,1:12.103
10236,1129,817,215,5,1:13.240,1:12.572,1:12.178
10237,1129,4,117,6,1:13.117,1:12.635,1:12.228
10238,1129,1,131,7,1:12.851,1:11.979,1:12.280
10239,1129,852,215,8,1:12.748,1:12.303,1:12.414
10240,1129,840,117,9,1:13.088,1:12.659,1:12.701
10241,1129,848,3,10,1:12.896,1:12.485,1:12.796
10252,1130,846,1,1,1:12.386,1:11.872,1:11.383
10253,1130,830,9,2,1:12.306,1:11.653,1:11.403
10254,1130,1,131,3,1:12.143,1:11.792,1:11.701
10255,1130,847,131,4,1:12.456,1:11.812,1:11.703
10256,1130,844,6,5,1:12.257,1:12.038,1:11.731
10257,1130,832,6,6,1:12.403,1:11.874,1:11.736
10258,1130,842,214,7,1:12.651,1:12.079,1:11.857
10259,1130,815,9,8,1:12.477,1:12.054,1:12.061
10260,1130,839,214,9,1:12.691,1:12.109,1:12.125
10272,1131,830,9,1,1:05.336,1:04.469,1:04.314
10273,1131,846,1,2,1:05.450,1:05.103,1:04.718
10274,1131,847,131,3,1:05.585,1:05.016,1:04.840
10275,1131,832,6,4,1:05.263,1:05.016,1:04.851
10276,1131,1,131,5,1:05.541,1:05.053,1:04.903
10277,1131,844,6,6,1:05.509,1:05.104,1:05.044
10278,1131,857,1,7,1:05.311,1:05.070,1:05.048
10279,1131,815,9,8,1:05.587,1:05.144,1:05.202
10280,1131,807,210,9,1:05.596,1:05.262,1:05.385
10281,1131,839,214,10,1:05.574,1:05.274,1:05.883
10292,1132,847,131,1,1:30.106,1:26.723,1:25.819
10293,1132,1,131,2,1:29.547,1:26.770,1:25.990
10294,1132,846,1,3,1:31.596,1:26.559,1:26.030
10295,1132,830,9,4,1:31.342,1:26.796,1:26.203
10296,1132,857,1,5,1:30.895,1:26.733,1:26.237
10297,1132,807,210,6,1:31.929,1:26.847,1:26.338
10298,1132,832,6,7,1:30.557,1:26.843,1:26.509
10299,1132,840,117,8,1:31.410,1:26.938,1:26.585
10300,1132,848,3,9,1:31.135,1:26.933,1:26.640
10301,1132,4,117,10,1:31.264,1:26.730,1:26.917
