raceId,driverId,constructorId,grid,positionOrder,points,statusId
18,1,1,1,1,10.0,1
18,2,2,5,2,8.0,1
18,3,3,7,3,6.0,1
18,4,4,11,4,5.0,1
18,5,1,3,5,4.0,1
18,6,3,13,6,3.0,11
18,7,5,17,7,2.0,5
18,8,6,15,8,1.0,5
18,9,2,2,9,0.0,4
18,10,7,18,10,0.0,3
18,11,8,19,11,0.0,7
18,12,4,20,12,0.0,8
18,13,6,4,13,0.0,5
18,14,9,8,14,0.0,4
18,15,7,6,15,0.0,10
18,16,10,22,16,0.0,9
18,17,9,14,17,0.0,4
18,18,11,12,18,0.0,4
18,19,8,21,19,0.0,4
18,20,5,9,20,0.0,4
18,21,10,16,21,0.0,4
18,22,11,10,22,0.0,2
19,8,6,2,1,10.0,1
19,9,2,4,2,8.0,1
19,5,1,8,3,6.0,1
19,15,7,3,4,5.0,1
19,1,1,9,5,4.0,1
19,2,2,5,6,3.0,1
19,17,9,6,7,2.0,1
19,4,4,7,8,1.0,1
19,14,9,12,9,0.0,1
19,18,11,11,10,0.0,1
19,12,4,13,11,0.0,1
19,21,10,17,12,0.0,11
19,22,11,14,13,0.0,11
19,3,3,16,14,0.0,11
19,19,8,21,15,0.0,11
19,11,8,19,16,0.0,12
19,6,3,22,17,0.0,12
19,20,5,15,18,0.0,5
19,13,6,1,19,0.0,20
19,16,10,20,20,0.0,9
19,10,7,10,21,0.0,4
19,7,5,18,22,0.0,20
20,13,6,2,1,10.0,1
20,8,6,4,2,8.0,1
20,9,2,1,3,6.0,1
20,2,2,6,4,5.0,1
20,5,1,5,5,4.0,1
20,15,7,7,6,3.0,1
20,17,9,11,7,2.0,1
20,3,3,8,8,1.0,1
20,10,7,13,9,0.0,1
20,4,4,10,10,0.0,1
20,22,11,12,11,0.0,1
20,21,10,18,12,0.0,11
20,1,1,3,13,0.0,11
20,6,3,16,14,0.0,11
20,7,5,15,15,0.0,11
20,19,8,21,16,0.0,11
20,11,8,22,17,0.0,11
20,14,9,17,18,0.0,11
20,16,10,20,19,0.0,12
20,12,4,14,20,0.0,6
20,18,11,9,21,0.0,4
20,20,5,19,22,0.0,5
21,8,6,1,1,10.0,1
21,13,6,3,2,8.0,1
21,1,1,5,3,6.0,1
21,9,2,4,4,5.0,1
21,17,9,7,5,4.0,1
21,18,11,13,6,3.0,1
21,6,3,12,7,2.0,1
21,15,7,8,8,1.0,1
21,2,2,9,9,0.0,1
21,21,10,19,10,0.0,11
21,10,7,14,11,0.0,11
21,14,9,17,12,0.0,11
21,11,8,22,13,0.0,11
21,3,3,15,14,0.0,5
21,4,4,2,15,0.0,5
21,22,11,11,16,0.0,4
21,5,1,6,17,0.0,3
21,19,8,21,18,0.0,21
21,7,5,16,19,0.0,4
21,12,4,10,20,0.0,4
21,16,10,20,21,0.0,4
21,20,5,18,22,0.0,4
22,13,6,1,1,10.0,1
22,1,1,3,2,8.0,1
22,8,6,4,3,6.0,1
22,9,2,5,4,5.0,1
22,2,2,9,5,4.0,1
22,4,4,7,6,3.0,1
22,17,9,6,7,2.0,1
22,3,3,11,8,1.0,1
22,14,9,10,9,0.0,1
22,15,7,8,10,0.0,1
22,18,11,13,11,0.0,11
22,5,1,2,12,0.0,11
22,10,7,15,13,0.0,11
22,22,11,12,14,0.0,11
22,12,4,17,15,0.0,11
22,16,10,19,16,0.0,11
22,20,5,14,17,0.0,11
22,7,5,18,18,0.0,22
22,6,3,16,19,0.0,4
22,21,10,20,20,0.0,4
23,1,1,3,1,10.0,1
23,9,2,5,2,8.0,1
23,13,6,1,3,6.0,1
23,17,9,9,4,5.0,1
23,20,5,19,5,4.0,1
23,22,11,14,6,3.0,1
23,6,3,13,7,2.0,1
23,5,1,4,8,1.0,1
23,8,6,2,9,0.0,1
23,4,4,7,10,0.0,11
23,18,11,11,11,0.0,11
23,10,7,10,12,0.0,11
23,15,7,8,13,0.0,11
23,2,2,12,14,0.0,14
23,16,10,18,15,0.0,4
23,3,3,6,16,0.0,3
23,12,4,17,17,0.0,3
23,21,10,20,18,0.0,6
23,14,9,15,19,0.0,3
23,7,5,16,20,0.0,4
24,9,2,2,1,10.0,1
24,2,2,8,2,8.0,1
24,14,9,13,3,6.0,1
24,10,7,11,4,5.0,1
24,13,6,6,5,4.0,1
24,15,7,14,6,3.0,1
24,22,11,9,7,2.0,1
24,20,5,19,8,1.0,1
24,5,1,7,9,0.0,1
24,3,3,5,10,0.0,1
24,18,11,20,11,0.0,1
24,17,9,10,12,0.0,1
24,7,5,18,13,0.0,11
24,21,10,17,14,0.0,20
24,6,3,12,15,0.0,3
24,4,4,4,16,0.0,20
24,12,4,15,17,0.0,23
24,8,6,3,18,0.0,4
24,1,1,1,19,0.0,4
24,16,10,16,20,0.0,6
25,13,6,2,1,10.0,1
25,8,6,1,2,8.0,1
25,15,7,4,3,6.0,1
25,5,1,10,4,5.0,1
25,9,2,5,5,4.0,1
25,17,9,6,6,3.0,1
25,12,4,9,7,2.0,1
25,4,4,3,8,1.0,1
25,14,9,7,9,0.0,1
25,1,1,13,10,0.0,1
25,10,7,8,11,0.0,1
25,20,5,12,12,0.0,1
25,2,2,11,13,0.0,1
25,22,11,20,14,0.0,11
25,6,3,15,15,0.0,11
25,3,3,19,16,0.0,11
25,7,5,14,17,0.0,11
25,21,10,17,18,0.0,11
25,16,10,18,19,0.0,11
25,18,11,16,20,0.0,4
26,1,1,4,1,10.0,1
26,2,2,5,2,8.0,1
26,22,11,16,3,6.0,1
26,8,6,3,4,5.0,11
26,5,1,1,5,4.0,11
26,4,4,6,6,3.0,11
26,15,7,14,7,2.0,11
26,6,3,15,8,1.0,11
26,3,3,20,9,0.0,11
26,17,9,2,10,0.0,11
26,7,5,13,11,0.0,11
26,10,7,12,12,0.0,11
26,13,6,9,13,0.0,12
26,9,2,10,14,0.0,20
26,18,11,17,15,0.0,20
26,12,4,7,16,0.0,20
26,21,10,19,17,0.0,20
26,16,10,18,18,0.0,20
26,20,5,8,19,0.0,4
26,14,9,11,20,0.0,4
27,1,1,1,1,10.0,1
27,12,4,17,2,8.0,1
27,13,6,2,3,6.0,1
27,2,2,12,4,5.0,1
27,5,1,3,5,4.0,1
27,8,6,6,6,3.0,1
27,9,2,7,7,2.0,1
27,20,5,9,8,1.0,1
27,15,7,4,9,0.0,1
27,3,3,13,10,0.0,1
27,4,4,5,11,0.0,1
27,7,5,15,12,0.0,1
27,14,9,10,13,0.0,1
27,6,3,16,14,0.0,1
27,16,10,19,15,0.0,1
27,21,10,20,16,0.0,1
27,18,11,14,17,0.0,11
27,22,11,18,18,0.0,4
27,17,9,8,19,0.0,5
27,10,7,11,20,0.0,22
28,5,1,2,1,10.0,1
28,10,7,5,2,8.0,1
28,8,6,6,3,6.0,1
28,4,4,7,4,5.0,1
28,1,1,1,5,4.0,1
28,12,4,10,6,3.0,1
28,15,7,9,7,2.0,1
28,9,2,4,8,1.0,1
28,17,9,8,9,0.0,1
28,2,2,15,10,0.0,1
28,14,9,13,11,0.0,1
28,18,11,12,12,0.0,11
28,6,3,16,13,0.0,11
28,3,3,14,14,0.0,11
28,21,10,18,15,0.0,11
28,22,11,17,16,0.0,12
28,13,6,3,17,0.0,5
28,7,5,19,18,0.0,13
28,16,10,20,19,0.0,23
28,20,5,11,20,0.0,25
29,13,6,1,1,10.0,1
29,1,1,2,2,8.0,1
29,9,2,3,3,6.0,1
29,5,1,5,4,5.0,1
29,15,7,7,5,4.0,1
29,20,5,6,6,3.0,1
29,10,7,13,7,2.0,1
29,3,3,9,8,1.0,1
29,2,2,8,9,0.0,1
29,7,5,10,10,0.0,1
29,12,4,15,11,0.0,1
29,17,9,14,12,0.0,11
29,18,11,16,13,0.0,11
29,21,10,18,14,0.0,11
29,6,3,11,15,0.0,11
29,22,11,19,16,0.0,11
29,14,9,17,17,0.0,11
29,8,6,4,18,0.0,5
29,16,10,20,19,0.0,3
29,4,4,12,20,0.0,4
30,13,6,2,1,10.0,1
30,2,2,5,2,8.0,1
30,1,1,1,3,6.0,1
30,4,4,6,4,5.0,1
30,20,5,10,5,4.0,1
30,9,2,8,6,3.0,1
30,7,5,9,7,2.0,1
30,17,9,7,8,1.0,1
30,10,7,13,9,0.0,1
30,5,1,3,10,0.0,6
30,14,9,14,11,0.0,11
30,3,3,15,12,0.0,11
30,16,10,18,13,0.0,11
30,6,3,19,14,0.0,11
30,18,11,17,15,0.0,11
30,15,7,11,16,0.0,11
30,21,10,20,17,0.0,11
30,8,6,4,18,0.0,20
30,22,11,16,19,0.0,6
30,12,4,12,20,0.0,20
31,20,5,1,1,10.0,1
31,5,1,2,2,8.0,1
31,9,2,11,3,6.0,1
31,4,4,8,4,5.0,1
31,2,2,10,5,4.0,1
31,13,6,6,6,3.0,1
31,1,1,15,7,2.0,1
31,17,9,3,8,1.0,1
31,8,6,14,9,0.0,1
31,12,4,17,10,0.0,1
31,10,7,9,11,0.0,1
31,6,3,18,12,0.0,1
31,15,7,7,13,0.0,1
31,3,3,5,14,0.0,1
31,18,11,19,15,0.0,1
31,14,9,13,16,0.0,11
31,22,11,16,17,0.0,11
31,7,5,4,18,0.0,11
31,16,10,20,19,0.0,12
31,21,10,12,20,0.0,3
32,4,4,15,1,10.0,1
32,3,3,8,2,8.0,1
32,1,1,2,3,6.0,1
32,10,7,7,4,5.0,1
32,20,5,6,5,4.0,1
32,2,2,9,6,3.0,1
32,14,9,14,7,2.0,1
32,6,3,10,8,1.0,1
32,18,11,12,9,0.0,1
32,5,1,5,10,0.0,1
32,9,2,4,11,0.0,1
32,7,5,17,12,0.0,1
32,13,6,1,13,0.0,1
32,21,10,20,14,0.0,1
32,8,6,3,15,0.0,3
32,15,7,11,16,0.0,9
32,16,10,19,17,0.0,3
32,17,9,13,18,0.0,7
32,22,11,18,19,0.0,26
32,12,4,16,20,0.0,3
33,4,4,4,1,10.0,1
33,9,2,6,2,8.0,1
33,8,6,2,3,6.0,1
33,12,4,12,4,5.0,1
33,15,7,7,5,4.0,1
33,20,5,9,6,3.0,1
33,13,6,5,7,2.0,1
33,17,9,13,8,1.0,1
33,2,2,16,9,0.0,1
33,7,5,10,10,0.0,1
33,3,3,15,11,0.0,1
33,1,1,1,12,0.0,1
33,22,11,17,13,0.0,11
33,18,11,18,14,0.0,11
33,6,3,14,15,0.0,11
33,21,10,20,16,0.0,6
33,5,1,3,17,0.0,5
33,16,10,19,18,0.0,27
33,10,7,8,19,0.0,28
33,14,9,11,20,0.0,4
34,1,1,1,1,10.0,1
34,13,6,3,2,8.0,1
34,8,6,2,3,6.0,1
34,4,4,4,4,5.0,1
34,2,2,9,5,4.0,1
34,9,2,11,6,3.0,1
34,10,7,12,7,2.0,1
34,12,4,10,8,1.0,1
34,20,5,6,9,0.0,1
34,14,9,15,10,0.0,1
34,22,11,13,11,0.0,1
34,6,3,17,12,0.0,1
34,7,5,8,13,0.0,1
34,17,9,16,14,0.0,1
34,3,3,14,15,0.0,11
34,18,11,18,16,0.0,11
34,21,10,20,17,0.0,11
34,5,1,5,18,0.0,9
34,16,10,19,19,0.0,5
34,15,7,7,20,0.0,4
35,13,6,1,1,10.0,1
35,4,4,6,2,8.0,1
35,8,6,3,3,6.0,1
35,20,5,7,4,5.0,1
35,1,1,4,5,4.0,1
35,10,7,10,6,3.0,1
35,5,1,5,7,2.0,1
35,15,7,2,8,1.0,1
35,17,9,12,9,0.0,1
35,2,2,8,10,0.0,11
35,9,2,13,11,0.0,11
35,3,3,18,12,0.0,11
35,18,11,17,13,0.0,11
35,7,5,9,14,0.0,11
35,22,11,15,15,0.0,11
35,16,10,20,16,0.0,12
35,6,3,16,17,0.0,12
35,21,10,19,18,0.0,12
35,12,4,11,19,0.0,3
35,14,9,14,20,0.0,4
36,8,6,1,1,10.0,1
36,4,1,2,2,8.0,1
36,1,1,4,3,6.0,1
36,2,2,3,4,5.0,1
36,21,4,6,5,4.0,1
36,13,6,22,6,3.0,1
36,3,3,12,7,2.0,11
36,23,7,9,8,1.0,11
36,15,7,8,9,0.0,11
36,5,4,13,10,0.0,11
36,22,11,16,11,0.0,11
36,11,8,10,12,0.0,11
36,17,9,7,13,0.0,11
36,24,5,19,14,0.0,11
36,18,11,14,15,0.0,11
36,19,8,11,16,0.0,12
36,16,12,20,17,0.0,12
36,25,3,15,18,0.0,4
36,14,9,18,19,0.0,4
36,9,2,5,20,0.0,6
36,26,5,17,21,0.0,29
36,27,12,21,22,0.0,3
37,4,1,2,1,10.0,1
37,1,1,4,2,8.0,1
37,8,6,3,3,6.0,1
37,2,2,5,4,5.0,1
37,13,6,1,5,4.0,1
37,21,4,12,6,3.0,1
37,15,7,8,7,2.0,1
37,5,4,11,8,1.0,1
37,25,3,19,9,0.0,1
37,17,9,10,10,0.0,1
37,22,11,22,11,0.0,11
37,18,11,15,12,0.0,11
37,11,8,14,13,0.0,11
37,26,5,17,14,0.0,11
37,23,7,9,15,0.0,11
37,19,8,18,16,0.0,11
37,24,5,16,17,0.0,11
37,9,2,7,18,0.0,11
37,3,3,6,19,0.0,9
37,14,9,13,20,0.0,23
37,27,12,20,21,0.0,5
37,16,12,21,22,0.0,4
38,13,6,1,1,10.0,1
38,1,1,2,2,8.0,1
38,8,6,3,3,6.0,1
38,2,2,5,4,5.0,1
38,4,1,4,5,4.0,1
38,9,2,6,6,3.0,1
38,15,7,9,7,2.0,1
38,21,4,7,8,1.0,1
38,5,4,12,9,0.0,1
38,3,3,10,10,0.0,1
38,25,3,11,11,0.0,11
38,23,7,14,12,0.0,11
38,22,11,15,13,0.0,11
38,27,12,22,14,0.0,12
38,16,12,20,15,0.0,14
38,19,8,13,16,0.0,5
38,17,9,8,17,0.0,6
38,14,9,21,18,0.0,30
38,11,8,17,19,0.0,5
38,24,5,18,20,0.0,9
38,18,11,16,21,0.0,4
38,26,5,19,22,0.0,4
39,13,6,1,1,10.0,1
39,1,1,4,2,8.0,1
39,4,1,2,3,6.0,1
39,9,2,5,4,5.0,1
39,14,9,9,5,4.0,1
39,3,3,11,6,3.0,1
39,5,4,8,7,2.0,1
39,11,8,13,8,1.0,11
39,21,4,10,9,0.0,11
39,22,11,12,10,0.0,11
39,19,8,15,11,0.0,11
39,18,11,14,12,0.0,11
39,16,12,20,13,0.0,12
39,27,12,21,14,0.0,12
39,2,2,7,15,0.0,6
39,23,7,17,16,0.0,22
39,24,5,16,17,0.0,31
39,26,5,22,18,0.0,27
39,8,6,3,19,0.0,22
39,15,7,6,20,0.0,32
39,17,9,19,21,0.0,9
39,25,3,18,22,0.0,4
40,4,1,1,1,10.0,1
40,1,1,2,2,8.0,1
40,13,6,3,3,6.0,1
40,21,4,4,4,5.0,11
40,9,2,8,5,4.0,11
40,2,2,7,6,3.0,11
40,25,3,11,7,2.0,11
40,8,6,16,8,1.0,11
40,26,5,18,9,0.0,11
40,22,11,9,10,0.0,11
40,18,11,10,11,0.0,11
40,3,3,5,12,0.0,11
40,5,4,15,13,0.0,5
40,14,9,13,14,0.0,12
40,15,7,14,15,0.0,12
40,23,7,20,16,0.0,12
40,11,8,21,17,0.0,12
40,19,8,17,18,0.0,12
40,27,12,22,19,0.0,30
40,16,12,19,20,0.0,3
40,17,9,6,21,0.0,6
40,24,5,12,22,0.0,3
41,1,1,1,1,10.0,1
41,2,2,3,2,8.0,1
41,25,3,19,3,6.0,1
41,5,4,22,4,5.0,1
41,8,6,4,5,4.0,1
41,11,8,11,6,3.0,1
41,4,1,2,7,2.0,1
41,23,7,18,8,1.0,1
41,17,9,6,9,0.0,1
41,3,3,7,10,0.0,1
41,19,8,17,11,0.0,1
41,22,11,13,12,0.0,1
41,15,7,10,13,0.0,3
41,24,5,12,14,0.0,3
41,27,12,21,15,0.0,33
41,14,9,14,16,0.0,6
41,9,2,8,17,0.0,3
41,16,12,20,18,0.0,3
41,26,5,16,19,0.0,3
41,18,11,15,20,0.0,6
41,13,6,5,21,0.0,2
41,21,4,9,22,0.0,2
42,1,1,1,1,10.0,1
42,4,1,2,2,8.0,1
42,13,6,3,3,6.0,1
42,8,6,4,4,5.0,1
42,5,4,6,5,4.0,1
42,15,7,8,6,3.0,1
42,17,9,9,7,2.0,1
42,20,2,7,8,1.0,1
42,21,4,10,9,0.0,11
42,25,3,17,10,0.0,11
42,19,8,16,11,0.0,11
42,18,11,13,12,0.0,11
42,26,5,20,13,0.0,12
42,16,12,21,14,0.0,12
42,27,12,22,15,0.0,13
42,3,3,14,16,0.0,5
42,24,5,19,17,0.0,34
42,2,2,5,18,0.0,7
42,11,8,18,19,0.0,20
42,14,9,11,20,0.0,4
42,22,11,15,21,0.0,4
42,23,7,12,22,0.0,4
43,8,6,3,1,10.0,1
43,13,6,1,2,8.0,1
43,1,1,2,3,6.0,1
43,9,2,4,4,5.0,1
43,2,2,7,5,4.0,1
43,21,4,5,6,3.0,1
43,4,1,10,7,2.0,1
43,18,11,12,8,1.0,1
43,3,3,9,9,0.0,1
43,23,7,11,10,0.0,11
43,22,11,13,11,0.0,11
43,17,9,14,12,0.0,11
43,14,9,16,13,0.0,11
43,25,3,18,14,0.0,11
43,5,4,6,15,0.0,11
43,11,8,22,16,0.0,12
43,16,12,21,17,0.0,12
43,26,5,15,18,0.0,6
43,27,12,20,19,0.0,35
43,19,8,19,20,0.0,4
43,15,7,8,21,0.0,4
43,24,5,17,22,0.0,4
44,8,6,2,1,10.0,1
44,4,1,3,2,8.0,1
44,1,1,1,3,6.0,1
44,9,2,5,4,5.0,1
44,13,6,4,5,4.0,1
44,2,2,9,6,3.0,1
44,5,4,7,7,2.0,11
44,21,4,8,8,1.0,11
44,22,11,14,9,0.0,11
44,18,11,18,10,0.0,11
44,14,9,12,11,0.0,11
44,3,3,17,12,0.0,11
44,25,3,13,13,0.0,11
44,11,8,21,14,0.0,12
44,27,12,22,15,0.0,12
44,24,5,16,16,0.0,6
44,15,7,10,17,0.0,31
44,19,8,19,18,0.0,26
44,26,5,15,19,0.0,3
44,23,7,6,20,0.0,36
44,16,12,20,21,0.0,5
44,17,9,11,22,0.0,9
45,4,1,2,1,10.0,1
45,13,6,3,2,8.0,1
45,17,9,6,3,6.0,1
45,25,3,12,4,5.0,1
45,14,9,20,5,4.0,1
45,2,2,4,6,3.0,1
45,9,2,5,7,2.0,1
45,5,4,7,8,1.0,11
45,1,1,10,9,0.0,11
45,21,4,13,10,0.0,11
45,22,11,14,11,0.0,11
45,19,8,15,12,0.0,11
45,15,7,8,13,0.0,11
45,8,6,1,14,0.0,9
45,11,8,16,15,0.0,31
45,23,7,9,16,0.0,4
45,28,12,22,17,0.0,9
45,18,11,17,18,0.0,20
45,16,12,21,19,0.0,20
45,3,3,11,20,0.0,20
45,26,5,18,21,0.0,20
45,24,5,19,22,0.0,20
46,1,1,1,1,10.0,1
46,8,6,3,2,8.0,1
46,2,2,2,3,6.0,1
46,4,1,6,4,5.0,1
46,9,2,7,5,4.0,1
46,23,7,5,6,3.0,1
46,3,3,4,7,2.0,1
46,5,4,11,8,1.0,1
46,17,9,9,9,0.0,1
46,15,7,8,10,0.0,11
46,14,9,10,11,0.0,11
46,21,4,13,12,0.0,11
46,13,6,14,13,0.0,11
46,25,3,12,14,0.0,11
46,11,8,19,15,0.0,11
46,20,5,20,16,0.0,11
46,16,12,21,17,0.0,12
46,22,11,18,18,0.0,12
46,24,5,16,19,0.0,10
46,19,8,15,20,0.0,3
46,18,11,17,21,0.0,37
46,29,12,22,22,0.0,3
47,13,6,1,1,10.0,1
47,8,6,3,2,8.0,1
47,4,1,4,3,6.0,1
47,2,2,6,4,5.0,1
47,1,1,2,5,4.0,1
47,5,4,7,6,3.0,1
47,3,3,8,7,2.0,1
47,9,2,5,8,1.0,1
47,21,4,10,9,0.0,1
47,14,9,13,10,0.0,1
47,25,3,14,11,0.0,1
47,23,7,16,12,0.0,11
47,18,11,21,13,0.0,11
47,19,8,11,14,0.0,11
47,24,5,15,15,0.0,11
47,15,7,9,16,0.0,11
47,22,11,22,17,0.0,11
47,11,8,17,18,0.0,11
47,20,5,18,19,0.0,11
47,29,12,20,20,0.0,12
47,16,12,19,21,0.0,32
47,17,9,12,22,0.0,9
48,4,1,1,1,10.0,1
48,1,1,2,2,8.0,1
48,8,6,5,3,6.0,1
48,2,2,4,4,5.0,1
48,9,2,6,5,4.0,1
48,3,3,8,6,3.0,1
48,5,4,7,7,2.0,1
48,18,11,10,8,1.0,1
48,17,9,11,9,0.0,1
48,22,11,12,10,0.0,1
48,15,7,9,11,0.0,1
48,21,4,15,12,0.0,11
48,25,3,13,13,0.0,11
48,19,8,14,14,0.0,11
48,23,7,18,15,0.0,11
48,11,8,17,16,0.0,11
48,24,5,19,17,0.0,11
48,20,5,16,18,0.0,11
48,16,12,21,19,0.0,11
48,29,12,22,20,0.0,11
48,13,6,3,21,0.0,22
48,14,9,20,22,0.0,3
49,8,6,1,1,10.0,1
49,13,6,2,2,8.0,1
49,4,1,3,3,6.0,1
49,1,1,4,4,5.0,1
49,2,2,6,5,4.0,1
49,3,3,5,6,3.0,1
49,17,9,7,7,2.0,1
49,5,4,9,8,1.0,1
49,9,2,14,9,0.0,1
49,23,7,10,10,0.0,1
49,15,7,8,11,0.0,1
49,24,5,13,12,0.0,11
49,22,11,17,13,0.0,11
49,16,12,19,14,0.0,11
49,11,8,18,15,0.0,11
49,19,8,20,16,0.0,11
49,29,12,21,17,0.0,11
49,18,11,12,18,0.0,9
49,25,3,15,19,0.0,32
49,14,9,11,20,0.0,9
49,20,5,16,21,0.0,38
49,21,4,22,22,0.0,22
50,1,1,1,1,10.0,1
50,5,4,11,2,8.0,1
50,8,6,3,3,6.0,1
50,14,9,12,4,5.0,1
50,21,4,10,5,4.0,1
50,13,6,4,6,3.0,1
50,9,2,9,7,2.0,1
50,16,12,20,8,1.0,1
50,24,5,14,9,0.0,1
50,22,11,17,10,0.0,1
50,18,11,6,11,0.0,22
50,29,12,22,12,0.0,11
50,15,7,13,13,0.0,11
50,2,2,5,14,0.0,39
50,11,8,21,15,0.0,4
50,23,7,15,16,0.0,29
50,19,8,19,17,0.0,37
50,3,3,16,18,0.0,40
50,20,5,8,19,0.0,4
50,17,9,7,20,0.0,4
50,4,1,2,21,0.0,3
50,25,3,18,22,0.0,4
51,8,6,2,1,10.0,1
51,4,1,4,2,8.0,1
51,13,6,3,3,6.0,1
51,20,5,17,4,5.0,1
51,18,11,10,5,4.0,1
51,24,5,11,6,3.0,1
51,2,2,8,7,2.0,1
51,14,9,5,8,1.0,1
51,5,4,13,9,0.0,1
51,17,9,7,10,0.0,1
51,21,4,18,11,0.0,1
51,25,3,19,12,0.0,11
51,15,7,12,13,0.0,11
51,11,8,20,14,0.0,11
51,22,11,16,15,0.0,11
51,3,3,15,16,0.0,12
51,29,12,22,17,0.0,13
51,9,2,9,18,0.0,9
51,1,1,1,19,0.0,20
51,23,7,6,20,0.0,20
51,16,12,21,21,0.0,3
51,19,8,14,22,0.0,23
52,8,6,3,1,10.0,1
52,13,6,1,2,8.0,1
52,4,1,4,3,6.0,1
52,3,3,10,4,5.0,1
52,9,2,7,5,4.0,1
52,2,2,6,6,3.0,1
52,1,1,2,7,2.0,11
52,15,7,8,8,1.0,11
52,14,9,9,9,0.0,11
52,6,3,19,10,0.0,11
52,23,7,15,11,0.0,11
52,11,8,18,12,0.0,12
52,24,5,14,13,0.0,12
52,19,8,20,14,0.0,13
52,16,12,21,15,0.0,23
52,22,11,11,16,0.0,5
52,5,4,17,17,0.0,3
52,20,5,13,18,0.0,9
52,18,11,16,19,0.0,5
52,17,9,5,20,0.0,6
52,29,12,22,21,0.0,4
52,21,4,12,22,0.0,4
53,4,4,4,1,10.0,1
53,30,6,1,2,8.0,1
53,8,1,22,3,6.0,1
53,18,11,3,4,5.0,1
53,31,1,5,5,4.0,1
53,17,3,7,6,3.0,1
53,3,3,12,7,2.0,1
53,32,9,8,8,1.0,1
53,13,6,2,9,0.0,1
53,14,9,13,10,0.0,1
53,24,5,15,11,0.0,1
53,2,2,10,12,0.0,11
53,26,5,16,13,0.0,11
53,23,7,17,14,0.0,11
53,22,11,6,15,0.0,11
53,15,7,14,16,0.0,11
53,33,13,19,17,0.0,12
53,11,8,20,18,0.0,14
53,34,8,21,19,0.0,26
53,35,2,11,20,0.0,5
53,21,4,9,21,0.0,9
53,27,13,18,22,0.0,30
54,21,4,1,1,10.0,1
54,4,4,7,2,8.0,1
54,18,11,2,3,6.0,1
54,31,1,5,4,5.0,1
54,13,6,21,5,4.0,1
54,30,6,14,6,3.0,1
54,35,2,10,7,2.0,1
54,23,7,22,8,1.0,1
54,15,7,9,9,0.0,11
54,22,11,20,10,0.0,11
54,24,5,13,11,0.0,12
54,27,13,15,12,0.0,12
54,33,13,16,13,0.0,12
54,11,8,17,14,0.0,13
54,2,2,11,15,0.0,5
54,26,5,12,16,0.0,8
54,34,8,18,17,0.0,26
54,32,9,8,18,0.0,9
54,17,3,4,19,0.0,9
54,14,9,19,20,0.0,9
54,3,3,3,21,0.0,5
54,8,1,6,22,0.0,3
55,4,4,3,1,10.0,1
55,8,1,4,2,8.0,1
55,23,7,6,3,6.0,1
55,2,2,8,4,5.0,1
55,21,4,2,5,4.0,1
55,35,2,19,6,3.0,1
55,22,11,16,7,2.0,1
55,14,9,11,8,1.0,1
55,26,5,18,9,0.0,1
55,18,11,1,10,0.0,11
55,27,13,17,11,0.0,11
55,11,8,21,12,0.0,12
55,34,8,22,13,0.0,13
55,31,1,5,14,0.0,10
55,33,13,20,15,0.0,26
55,24,5,12,16,0.0,3
55,30,6,10,17,0.0,3
55,17,3,7,18,0.0,7
55,32,9,13,19,0.0,3
55,15,7,9,20,0.0,3
55,3,3,14,21,0.0,3
55,13,6,15,22,0.0,3
56,30,6,1,1,10.0,1
56,4,4,5,2,8.0,1
56,31,1,7,3,6.0,1
56,13,6,4,4,5.0,1
56,8,1,8,5,4.0,1
56,17,3,10,6,3.0,1
56,18,11,2,7,2.0,1
56,21,4,11,8,1.0,1
56,23,7,6,9,0.0,1
56,22,11,3,10,0.0,1
56,3,3,13,11,0.0,1
56,35,2,12,12,0.0,1
56,2,2,15,13,0.0,11
56,24,5,16,14,0.0,11
56,26,5,18,15,0.0,11
56,33,13,19,16,0.0,12
56,14,9,14,17,0.0,30
56,11,8,21,18,0.0,20
56,32,9,17,19,0.0,9
56,34,8,22,20,0.0,22
56,15,7,9,21,0.0,38
56,27,13,20,22,0.0,3
57,30,6,2,1,10.0,1
57,4,4,1,2,8.0,1
57,13,6,3,3,6.0,1
57,8,1,5,4,5.0,1
57,22,11,4,5,4.0,1
57,21,4,11,6,3.0,1
57,3,3,22,7,2.0,1
57,35,2,9,8,1.0,1
57,15,7,7,9,0.0,11
57,2,2,13,10,0.0,11
57,26,5,17,11,0.0,11
57,33,13,18,12,0.0,11
57,27,13,16,13,0.0,11
57,23,7,10,14,0.0,5
57,31,1,8,15,0.0,5
57,11,8,20,16,0.0,9
57,36,8,21,17,0.0,9
57,18,11,6,18,0.0,5
57,32,9,15,19,0.0,6
57,17,3,19,20,0.0,9
57,14,9,12,21,0.0,3
57,24,5,14,22,0.0,3
58,4,4,1,1,10.0,1
58,30,6,3,2,8.0,1
58,21,4,2,3,6.0,1
58,13,6,4,4,5.0,1
58,8,1,9,5,4.0,1
58,18,11,8,6,3.0,1
58,22,11,5,7,2.0,11
58,2,2,10,8,1.0,11
58,17,3,11,9,0.0,11
58,15,7,7,10,0.0,11
58,3,3,13,11,0.0,11
58,35,2,22,12,0.0,11
58,32,9,14,13,0.0,11
58,14,9,21,14,0.0,11
58,24,5,15,15,0.0,9
58,33,13,17,16,0.0,13
58,11,8,19,17,0.0,14
58,27,13,18,18,0.0,41
58,26,5,16,19,0.0,5
58,23,7,6,20,0.0,40
58,31,1,12,21,0.0,20
58,36,8,20,22,0.0,30
59,4,4,1,1,10.0,1
59,31,1,4,2,8.0,1
59,14,9,7,3,6.0,1
59,22,11,5,4,5.0,1
59,30,6,22,5,4.0,1
59,21,4,9,6,3.0,1
59,2,2,15,7,2.0,11
59,23,7,10,8,1.0,11
59,13,6,21,9,0.0,11
59,24,5,12,10,0.0,11
59,18,11,13,11,0.0,11
59,27,13,16,12,0.0,11
59,26,5,18,13,0.0,11
59,35,2,14,14,0.0,11
59,33,13,17,15,0.0,12
59,36,8,20,16,0.0,13
59,15,7,6,17,0.0,9
59,32,9,11,18,0.0,7
59,3,3,8,19,0.0,3
59,8,1,3,20,0.0,42
59,17,3,2,21,0.0,43
59,11,8,19,22,0.0,10
60,4,4,1,1,10.0,1
60,30,6,3,2,8.0,1
60,8,1,2,3,6.0,1
60,21,4,5,4,5.0,1
60,13,6,4,5,4.0,1
60,31,1,8,6,3.0,1
60,2,2,9,7,2.0,1
60,35,2,10,8,1.0,1
60,3,3,12,9,0.0,1
60,22,11,6,10,0.0,11
60,15,7,22,11,0.0,11
60,14,9,11,12,0.0,11
60,24,5,13,13,0.0,11
60,32,9,14,14,0.0,11
60,27,13,18,15,0.0,11
60,33,13,16,16,0.0,12
60,11,8,20,17,0.0,13
60,36,8,21,18,0.0,13
60,18,11,19,19,0.0,44
60,26,5,15,20,0.0,3
60,23,7,7,21,0.0,3
60,17,3,17,22,0.0,3
61,4,4,1,1,10.0,1
61,30,6,5,2,8.0,1
61,8,1,3,3,6.0,1
61,21,4,2,4,5.0,1
61,13,6,10,5,4.0,1
61,15,7,4,6,3.0,11
61,2,2,13,7,2.0,11
61,14,9,22,8,1.0,11
61,18,11,8,9,0.0,11
61,26,5,17,10,0.0,11
61,32,9,12,11,0.0,11
61,17,3,16,12,0.0,11
61,24,5,15,13,0.0,12
61,33,13,18,14,0.0,14
61,11,8,20,15,0.0,3
61,35,2,11,16,0.0,3
61,23,7,14,17,0.0,31
61,31,1,7,18,0.0,3
61,22,11,9,19,0.0,26
61,36,8,21,20,0.0,5
61,3,3,6,21,0.0,3
61,27,13,19,22,0.0,3
62,30,6,1,1,10.0,1
62,13,6,2,2,8.0,1
62,21,4,3,3,6.0,1
62,15,7,22,4,5.0,1
62,4,4,5,5,4.0,1
62,22,11,4,6,3.0,1
62,14,9,17,7,2.0,11
62,24,5,20,8,1.0,11
62,3,3,21,9,0.0,11
62,23,7,8,10,0.0,45
62,27,13,14,11,0.0,7
62,35,2,6,12,0.0,5
62,33,13,15,13,0.0,3
62,11,8,18,14,0.0,3
62,18,11,7,15,0.0,3
62,8,1,9,16,0.0,3
62,2,2,10,17,0.0,3
62,31,1,11,18,0.0,3
62,17,3,12,19,0.0,3
62,26,5,13,20,0.0,3
62,32,9,16,21,0.0,3
62,36,8,19,22,0.0,3
63,30,6,1,1,10.0,1
63,4,4,3,2,8.0,1
63,13,6,2,3,6.0,1
63,23,7,5,4,5.0,1
63,8,1,6,5,4.0,1
63,21,4,7,6,3.0,1
63,37,1,8,7,2.0,1
63,2,2,11,8,1.0,11
63,14,9,9,9,0.0,11
63,26,5,14,10,0.0,11
63,35,2,16,11,0.0,11
63,32,9,12,12,0.0,11
63,24,5,22,13,0.0,11
63,3,3,18,14,0.0,12
63,27,13,15,15,0.0,12
63,36,8,20,16,0.0,13
63,18,11,17,17,0.0,39
63,17,3,10,18,0.0,46
63,15,7,4,19,0.0,23
63,22,11,13,20,0.0,5
63,33,13,19,21,0.0,26
63,11,8,21,22,0.0,7
64,30,6,2,1,10.0,1
64,13,6,3,2,8.0,1
64,8,1,1,3,6.0,1
64,18,11,4,4,5.0,1
64,4,4,7,5,4.0,1
64,21,4,5,6,3.0,1
64,15,7,20,7,2.0,1
64,32,9,12,8,1.0,1
64,23,7,8,9,0.0,1
64,24,5,16,10,0.0,11
64,14,9,10,11,0.0,11
64,26,5,19,12,0.0,11
64,17,3,11,13,0.0,47
64,11,8,17,14,0.0,6
64,35,2,13,15,0.0,3
64,22,11,6,16,0.0,5
64,2,2,15,17,0.0,23
64,37,1,9,18,0.0,48
64,29,8,22,19,0.0,30
64,3,3,14,20,0.0,3
64,27,13,21,21,0.0,2
64,33,13,18,22,0.0,2
65,18,11,14,1,10.0,1
65,37,1,4,2,8.0,1
65,2,2,10,3,6.0,1
65,22,11,3,4,5.0,1
65,14,9,12,5,4.0,11
65,23,7,6,6,3.0,11
65,13,6,2,7,2.0,11
65,30,6,11,8,1.0,49
65,33,13,16,9,0.0,13
65,27,13,22,10,0.0,13
65,26,5,20,11,0.0,14
65,15,7,8,12,0.0,5
65,11,8,19,13,0.0,15
65,4,4,15,14,0.0,30
65,8,1,1,15,0.0,4
65,24,5,17,16,0.0,4
65,3,3,18,17,0.0,10
65,21,4,7,18,0.0,20
65,32,9,13,19,0.0,20
65,17,3,5,20,0.0,3
65,29,8,21,21,0.0,5
65,9,2,9,22,0.0,2
66,13,6,1,1,10.0,1
66,4,4,3,2,8.0,1
66,30,6,2,3,6.0,1
66,18,11,6,4,5.0,1
66,37,1,11,5,4.0,1
66,21,4,4,6,3.0,1
66,23,7,15,7,2.0,1
66,22,11,13,8,1.0,1
66,15,7,12,9,0.0,11
66,17,3,9,10,0.0,11
66,32,9,10,11,0.0,11
66,9,2,8,12,0.0,11
66,26,5,17,13,0.0,11
66,2,2,5,14,0.0,12
66,14,9,16,15,0.0,6
66,27,13,22,16,0.0,20
66,11,8,21,17,0.0,50
66,3,3,14,18,0.0,47
66,29,8,20,19,0.0,20
66,24,5,18,20,0.0,20
66,8,1,7,21,0.0,4
66,33,13,19,22,0.0,4
67,30,6,2,1,10.0,1
67,8,1,1,2,8.0,1
67,9,2,6,3,6.0,1
67,21,4,9,4,5.0,1
67,18,11,5,5,4.0,1
67,22,11,8,6,3.0,1
67,15,7,11,7,2.0,1
67,2,2,3,8,1.0,1
67,13,6,4,9,0.0,1
67,17,3,19,10,0.0,1
67,32,9,16,11,0.0,11
67,14,9,14,12,0.0,11
67,26,5,15,13,0.0,11
67,24,5,17,14,0.0,11
67,23,7,13,15,0.0,11
67,11,8,21,16,0.0,12
67,27,14,18,17,0.0,12
67,33,14,20,18,0.0,23
67,4,4,10,19,0.0,5
67,37,1,7,20,0.0,5
67,29,8,22,21,0.0,9
67,3,3,12,22,0.0,30
68,30,6,6,1,10.0,1
68,4,4,1,2,8.0,1
68,21,4,2,3,6.0,1
68,18,11,4,4,5.0,1
68,37,1,7,5,4.0,1
68,22,11,3,6,3.0,1
68,2,2,8,7,2.0,1
68,17,3,14,8,1.0,1
68,14,9,12,9,0.0,1
68,24,5,13,10,0.0,11
68,3,3,15,11,0.0,11
68,38,9,10,12,0.0,11
68,9,2,9,13,0.0,11
68,26,5,11,14,0.0,11
68,27,14,22,15,0.0,13
68,29,8,19,16,0.0,14
68,23,7,16,17,0.0,51
68,13,6,20,18,0.0,4
68,15,7,17,19,0.0,63
68,33,14,18,20,0.0,20
68,8,1,5,21,0.0,37
68,11,8,21,22,0.0,2
69,4,4,5,1,10.0,1
69,13,6,1,2,8.0,1
69,21,4,6,3,6.0,1
69,18,11,7,4,5.0,1
69,8,1,11,5,4.0,1
69,15,7,4,6,3.0,1
69,23,7,3,7,2.0,1
69,2,2,9,8,1.0,1
69,9,2,12,9,0.0,1
69,3,3,10,10,0.0,11
69,37,1,13,11,0.0,11
69,22,11,8,12,0.0,11
69,38,9,18,13,0.0,11
69,24,5,15,14,0.0,11
69,11,8,20,15,0.0,11
69,33,14,21,16,0.0,12
69,29,8,22,17,0.0,13
69,26,5,19,18,0.0,38
69,17,3,14,19,0.0,3
69,30,6,2,20,0.0,5
69,14,9,17,21,0.0,6
69,27,14,16,22,0.0,30
70,13,6,1,1,10.0,1
70,4,4,4,2,8.0,1
70,18,11,14,3,6.0,1
70,30,6,10,4,5.0,1
70,8,1,2,5,4.0,1
70,21,4,6,6,3.0,1
70,22,11,5,7,2.0,1
70,37,1,12,8,1.0,1
70,9,2,9,9,0.0,1
70,11,8,19,10,0.0,11
70,26,5,16,11,0.0,11
70,38,9,22,12,0.0,11
70,24,5,15,13,0.0,11
70,27,14,17,14,0.0,11
70,33,14,21,15,0.0,12
70,29,8,20,16,0.0,12
70,2,2,8,17,0.0,3
70,14,9,18,18,0.0,6
70,15,7,3,19,0.0,22
70,23,7,7,20,0.0,22
70,17,3,11,21,0.0,4
70,3,3,13,22,0.0,4
71,21,4,1,1,10.0,1
71,22,6,11,2,8.0,1
71,4,4,13,3,6.0,1
71,14,9,5,4,5.0,1
71,17,3,3,5,4.0,1
71,31,1,9,6,3.0,1
71,32,9,6,7,2.0,1
71,8,1,10,8,1.0,1
71,15,7,2,9,0.0,1
71,13,15,18,10,0.0,1
71,18,16,8,11,0.0,11
71,23,7,15,12,0.0,11
71,35,15,4,13,0.0,11
71,11,16,20,14,0.0,12
71,39,17,12,15,0.0,12
71,33,17,14,16,0.0,12
71,40,18,16,17,0.0,14
71,30,6,19,18,0.0,3
71,2,3,7,19,0.0,3
71,27,18,17,20,0.0,6
72,4,4,1,1,10.0,1
72,15,7,2,2,8.0,1
72,2,3,10,3,6.0,1
72,31,1,11,4,5.0,1
72,23,7,5,5,4.0,1
72,14,9,8,6,3.0,1
72,30,6,13,7,2.0,1
72,32,9,7,8,1.0,1
72,8,1,6,9,0.0,1
72,13,15,14,10,0.0,11
72,39,17,17,11,0.0,12
72,33,17,18,12,0.0,13
72,27,18,19,13,0.0,14
72,22,6,12,14,0.0,27
72,21,4,3,15,0.0,4
72,17,3,4,16,0.0,4
72,35,15,16,17,0.0,20
72,18,16,9,18,0.0,5
72,19,16,15,19,0.0,5
72,40,18,20,20,0.0,20
73,4,4,1,1,10.0,1
73,15,7,3,2,8.0,1
73,8,1,9,3,6.0,1
73,23,7,6,4,5.0,1
73,37,1,8,5,4.0,1
73,17,3,5,6,3.0,1
73,13,15,12,7,2.0,11
73,14,9,14,8,1.0,11
73,22,6,20,9,0.0,11
73,33,17,16,10,0.0,12
73,35,15,15,11,0.0,22
73,40,18,19,12,0.0,13
73,27,18,18,13,0.0,14
73,18,16,11,14,0.0,8
73,11,16,13,15,0.0,23
73,2,3,4,16,0.0,5
73,30,6,2,17,0.0,9
73,21,4,10,18,0.0,5
73,39,17,17,19,0.0,10
73,32,9,7,20,0.0,10
74,4,4,2,1,10.0,1
74,30,6,13,2,8.0,1
74,25,1,7,3,6.0,1
74,35,15,11,4,5.0,1
74,15,7,5,5,4.0,1
74,2,3,8,6,3.0,1
74,17,3,4,7,2.0,1
74,24,9,15,8,1.0,1
74,23,7,10,9,0.0,1
74,13,15,18,10,0.0,11
74,14,9,14,11,0.0,11
74,39,17,16,12,0.0,11
74,33,17,17,13,0.0,12
74,27,18,20,14,0.0,9
74,22,6,9,15,0.0,10
74,8,1,1,16,0.0,30
74,40,18,19,17,0.0,8
74,21,4,12,18,0.0,3
74,18,16,3,19,0.0,2
74,11,16,6,20,0.0,2
75,8,1,1,1,10.0,1
75,4,4,3,2,8.0,1
75,15,7,5,3,6.0,1
75,23,7,4,4,5.0,1
75,21,4,6,5,4.0,1
75,17,3,2,6,3.0,1
75,31,1,7,7,2.0,11
75,14,9,9,8,1.0,11
75,22,6,16,9,0.0,11
75,2,3,17,10,0.0,11
75,13,15,10,11,0.0,46
75,33,17,18,12,0.0,13
75,39,17,13,13,0.0,13
75,35,15,12,14,0.0,5
75,30,6,8,15,0.0,29
75,27,18,14,16,0.0,6
75,40,18,15,17,0.0,20
75,24,9,11,18,0.0,20
76,8,1,1,1,10.0,1
76,2,3,6,2,8.0,1
76,17,3,3,3,6.0,1
76,4,4,2,4,5.0,1
76,31,1,16,5,4.0,1
76,23,7,18,6,3.0,1
76,30,6,8,7,2.0,1
76,22,6,10,8,1.0,1
76,13,15,11,9,0.0,11
76,15,7,5,10,0.0,11
76,35,15,9,11,0.0,11
76,21,4,4,12,0.0,11
76,33,17,15,13,0.0,13
76,27,18,14,14,0.0,15
76,24,9,12,15,0.0,3
76,40,18,13,16,0.0,3
76,14,9,7,17,0.0,3
76,39,17,17,18,0.0,9
77,4,4,6,1,10.0,1
77,2,3,1,2,8.0,1
77,22,6,7,3,6.0,1
77,14,9,12,4,5.0,1
77,30,6,10,5,4.0,1
77,21,4,9,6,3.0,1
77,31,1,5,7,2.0,1
77,15,7,4,8,1.0,1
77,24,9,14,9,0.0,1
77,18,16,13,10,0.0,1
77,8,1,2,11,0.0,3
77,11,16,16,12,0.0,11
77,35,15,15,13,0.0,11
77,13,15,11,14,0.0,11
77,33,17,17,15,0.0,11
77,39,17,19,16,0.0,11
77,27,18,20,17,0.0,12
77,40,18,18,18,0.0,13
77,23,7,8,19,0.0,20
77,17,3,3,20,0.0,3
78,8,1,7,1,10.0,1
78,30,6,2,2,8.0,1
78,22,6,20,3,6.0,1
78,13,15,11,4,5.0,1
78,17,3,14,5,4.0,1
78,23,7,10,6,3.0,11
78,14,9,12,7,2.0,11
78,32,9,16,8,1.0,11
78,35,15,8,9,0.0,11
78,33,17,18,10,0.0,13
78,27,18,15,11,0.0,13
78,15,7,9,12,0.0,23
78,18,16,1,13,0.0,3
78,2,3,13,14,0.0,5
78,11,16,6,15,0.0,23
78,40,18,19,16,0.0,9
78,4,4,3,17,0.0,22
78,21,4,4,18,0.0,9
78,39,17,17,19,0.0,22
78,31,1,5,20,0.0,2
79,30,6,5,1,10.0,1
79,22,6,7,2,8.0,1
79,33,17,17,3,6.0,11
79,39,17,19,4,5.0,11
79,27,18,18,5,4.0,12
79,40,18,20,6,3.0,12
79,15,7,1,7,0.0,54
79,8,1,2,8,0.0,54
79,18,16,3,9,0.0,54
79,21,4,4,10,0.0,54
79,4,4,6,11,0.0,54
79,11,16,8,12,0.0,54
79,17,3,9,13,0.0,54
79,13,15,10,14,0.0,54
79,31,1,11,15,0.0,54
79,35,15,12,16,0.0,54
79,41,7,13,17,0.0,54
79,32,9,14,18,0.0,54
79,2,3,15,19,0.0,54
79,14,9,16,20,0.0,54
80,4,4,1,1,10.0,1
80,8,1,13,2,8.0,1
80,30,6,3,3,6.0,1
80,18,16,7,4,5.0,11
80,15,7,2,5,4.0,11
80,21,4,6,6,3.0,11
80,23,7,11,7,2.0,11
80,35,15,10,8,1.0,11
80,22,6,5,9,0.0,11
80,14,9,15,10,0.0,11
80,11,16,4,11,0.0,11
80,17,3,12,12,0.0,12
80,33,17,19,13,0.0,13
80,2,3,14,14,0.0,14
80,39,17,17,15,0.0,14
80,31,1,8,16,0.0,5
80,27,18,20,17,0.0,29
80,40,18,18,18,0.0,29
80,13,15,9,19,0.0,9
80,32,9,16,20,0.0,32
81,31,1,3,1,10.0,1
81,4,4,1,2,8.0,1
81,8,1,12,3,6.0,1
81,21,4,6,4,5.0,1
81,18,16,2,5,4.0,1
81,30,6,9,6,3.0,1
81,22,6,5,7,2.0,1
81,23,7,8,8,1.0,1
81,15,7,4,9,0.0,1
81,13,15,16,10,0.0,11
81,17,3,11,11,0.0,11
81,2,3,14,12,0.0,11
81,14,9,13,13,0.0,11
81,35,15,10,14,0.0,11
81,32,9,15,15,0.0,11
81,11,16,7,16,0.0,12
81,33,17,20,17,0.0,12
81,27,18,18,18,0.0,13
81,40,18,19,19,0.0,14
81,39,17,17,20,0.0,10
82,4,4,3,1,10.0,1
82,31,1,20,2,8.0,1
82,18,16,2,3,6.0,1
82,21,4,4,4,5.0,1
82,30,6,5,5,4.0,1
82,23,7,12,6,3.0,1
82,14,9,11,7,2.0,1
82,13,15,13,8,1.0,1
82,32,9,10,9,0.0,1
82,22,6,15,10,0.0,11
82,2,3,7,11,0.0,11
82,11,16,8,12,0.0,11
82,27,18,16,13,0.0,12
82,15,7,9,14,0.0,13
82,35,15,14,15,0.0,13
82,39,17,19,16,0.0,13
82,33,17,18,17,0.0,13
82,38,18,17,18,0.0,14
82,17,3,6,19,0.0,55
82,8,1,1,20,0.0,9
83,8,1,4,1,10.0,1
83,30,6,1,2,8.0,1
83,23,7,5,3,6.0,1
83,15,7,3,4,5.0,1
83,18,16,8,5,4.0,1
83,2,3,12,6,3.0,1
83,17,3,16,7,2.0,11
83,11,16,10,8,1.0,11
83,21,4,9,9,0.0,11
83,22,6,7,10,0.0,11
83,4,4,6,11,0.0,11
83,39,17,18,12,0.0,13
83,33,17,20,13,0.0,14
83,13,15,14,14,0.0,17
83,27,18,17,15,0.0,45
83,35,15,15,16,0.0,56
83,31,1,2,17,0.0,30
83,38,18,19,18,0.0,9
83,14,9,13,19,0.0,3
83,32,9,11,20,0.0,3
84,8,1,1,1,10.0,1
84,4,4,3,2,8.0,1
84,31,1,4,3,6.0,1
84,21,4,2,4,5.0,1
84,18,16,13,5,4.0,1
84,15,7,5,6,3.0,1
84,14,9,12,7,2.0,1
84,32,9,10,8,1.0,1
84,11,16,20,9,0.0,1
84,22,6,11,10,0.0,11
84,35,15,16,11,0.0,11
84,23,7,9,12,0.0,11
84,38,18,17,13,0.0,13
84,39,17,18,14,0.0,13
84,33,17,14,15,0.0,13
84,27,18,15,16,0.0,31
84,30,6,19,17,0.0,31
84,2,3,6,18,0.0,27
84,13,15,8,19,0.0,5
84,17,3,7,20,0.0,27
85,31,1,1,1,10.0,1
85,4,4,2,2,8.0,1
85,21,4,8,3,6.0,1
85,8,1,11,4,5.0,1
85,15,7,5,5,4.0,1
85,23,7,9,6,3.0,1
85,42,3,16,7,2.0,1
85,18,16,3,8,1.0,1
85,13,15,15,9,0.0,1
85,30,6,6,10,0.0,1
85,35,15,12,11,0.0,11
85,22,6,7,12,0.0,11
85,32,9,13,13,0.0,11
85,17,3,14,14,0.0,11
85,14,9,10,15,0.0,11
85,11,16,4,16,0.0,11
85,33,17,17,17,0.0,12
85,38,18,18,18,0.0,12
85,27,18,20,19,0.0,12
85,39,17,19,20,0.0,13
86,8,1,2,1,10.0,1
86,4,4,4,2,8.0,1
86,18,16,8,3,6.0,1
86,17,3,9,4,5.0,1
86,22,6,12,5,4.0,1
86,35,15,14,6,3.0,1
86,23,7,5,7,2.0,1
86,33,17,19,8,1.0,11
86,32,9,16,9,0.0,11
86,13,15,7,10,0.0,11
86,39,17,20,11,0.0,11
86,27,18,18,12,0.0,12
86,38,18,17,13,0.0,13
86,31,1,1,14,0.0,4
86,42,3,15,15,0.0,4
86,15,7,3,16,0.0,3
86,14,9,11,17,0.0,5
86,30,6,6,18,0.0,3
86,11,16,10,19,0.0,3
86,21,4,13,20,0.0,3
87,31,1,2,1,10.0,1
87,8,1,5,2,8.0,1
87,4,4,1,3,6.0,1
87,30,6,7,4,5.0,1
87,21,4,3,5,4.0,1
87,22,6,9,6,3.0,1
87,18,16,4,7,2.0,11
87,23,7,10,8,1.0,11
87,32,9,6,9,0.0,11
87,11,16,19,10,0.0,11
87,13,15,8,11,0.0,11
87,35,15,20,12,0.0,11
87,15,7,17,13,0.0,12
87,27,18,16,14,0.0,12
87,39,17,15,15,0.0,13
87,33,17,11,16,0.0,26
87,17,3,12,17,0.0,58
87,38,18,18,18,0.0,5
87,42,3,13,19,0.0,3
87,14,9,14,20,0.0,3
88,8,1,17,1,10.0,1
88,21,4,3,2,8.0,1
88,4,4,16,3,6.0,1
88,17,3,7,4,5.0,1
88,18,16,2,5,4.0,1
88,14,9,6,6,3.0,1
88,30,6,14,7,2.0,1
88,23,7,1,8,1.0,1
88,32,9,4,9,0.0,1
88,13,15,10,10,0.0,1
88,22,6,9,11,0.0,1
88,35,15,8,12,0.0,1
88,33,17,20,13,0.0,11
88,38,18,15,14,0.0,12
88,39,17,11,15,0.0,12
88,27,18,13,16,0.0,14
88,42,3,12,17,0.0,3
88,15,7,19,18,0.0,3
88,31,1,18,19,0.0,3
88,11,16,5,20,0.0,2
89,4,4,1,1,10.0,1
89,8,1,3,2,8.0,1
89,23,7,9,3,6.0,1
89,21,4,2,4,5.0,1
89,32,9,14,5,4.0,1
89,13,15,11,6,3.0,1
89,17,3,10,7,2.0,1
89,18,16,4,8,1.0,1
89,14,9,7,9,0.0,1
89,35,15,16,10,0.0,1
89,33,17,19,11,0.0,1
89,22,6,8,12,0.0,1
89,42,3,13,13,0.0,59
89,38,18,20,14,0.0,60
89,15,7,12,15,0.0,11
89,27,18,18,16,0.0,61
89,11,16,17,17,0.0,6
89,39,17,15,18,0.0,3
89,31,1,5,19,0.0,5
89,30,6,6,20,0.0,20
90,30,6,1,1,10.0,1
90,22,6,2,2,8.0,1
90,4,4,5,3,6.0,1
90,23,3,8,4,5.0,1
90,31,3,3,5,4.0,1
90,18,16,4,6,3.0,1
90,15,4,9,7,2.0,11
90,14,1,12,8,1.0,11
90,11,16,7,9,0.0,11
90,21,15,14,10,0.0,11
90,32,19,19,11,0.0,12
90,43,7,13,12,0.0,12
90,44,7,18,13,0.0,12
90,45,17,16,14,0.0,13
90,13,15,11,15,0.0,5
90,2,17,15,16,0.0,7
90,46,18,20,17,0.0,62
90,17,19,6,18,0.0,7
90,47,18,17,19,0.0,10
90,8,1,10,20,0.0,5
91,30,6,1,1,10.0,1
91,31,3,4,2,8.0,1
91,18,16,6,3,6.0,1
91,22,6,3,4,5.0,1
91,15,4,8,5,4.0,1
91,14,1,9,6,3.0,1
91,4,4,19,7,2.0,1
91,13,15,11,8,1.0,11
91,43,7,10,9,0.0,11
91,32,19,13,10,0.0,11
91,21,15,12,11,0.0,11
91,44,7,14,12,0.0,11
91,45,17,18,13,0.0,12
91,46,18,16,14,0.0,13
91,11,16,20,15,0.0,14
91,47,18,17,16,0.0,14
91,8,1,5,17,0.0,7
91,2,17,15,18,0.0,7
91,23,3,7,19,0.0,5
91,17,19,2,20,0.0,20
92,30,6,1,1,10.0,1
92,22,6,2,2,8.0,1
92,18,16,6,3,6.0,1
92,15,4,7,4,5.0,1
92,11,16,5,5,4.0,1
92,4,4,16,6,3.0,1
92,23,3,4,7,2.0,1
92,17,19,14,8,1.0,11
92,44,7,8,9,0.0,11
92,43,7,9,10,0.0,11
92,21,15,11,11,0.0,11
92,13,15,13,12,0.0,11
92,31,3,3,13,0.0,11
92,32,19,12,14,0.0,11
92,2,17,18,15,0.0,11
92,45,17,15,16,0.0,12
92,46,18,17,17,0.0,15
92,14,1,10,18,0.0,63
92,47,18,20,19,0.0,5
92,8,1,19,20,0.0,5
93,30,6,2,1,10.0,1
93,18,16,1,2,8.0,1
93,31,3,3,3,6.0,1
93,4,4,6,4,5.0,1
93,15,4,9,5,4.0,1
93,22,6,4,6,3.0,1
93,23,3,5,7,2.0,1
93,8,1,20,8,1.0,11
93,21,15,18,9,0.0,11
93,13,15,12,10,0.0,11
93,44,7,13,11,0.0,11
93,14,1,11,12,0.0,11
93,17,19,8,13,0.0,11
93,32,19,14,14,0.0,12
93,47,18,19,15,0.0,14
93,11,16,7,16,0.0,5
93,2,17,16,17,0.0,30
93,43,7,10,18,0.0,3
93,46,18,17,19,0.0,23
93,45,17,15,20,0.0,9
94,30,6,1,1,10.0,1
94,22,6,5,2,8.0,1
94,15,4,4,3,6.0,1
94,4,4,8,4,5.0,1
94,11,16,3,5,4.0,1
94,23,3,6,6,3.0,1
94,21,15,12,7,2.0,1
94,18,16,14,8,1.0,11
94,13,15,17,9,0.0,11
94,14,1,10,10,0.0,11
94,8,1,13,11,0.0,11
94,17,19,9,12,0.0,11
94,43,7,11,13,0.0,11
94,45,17,19,14,0.0,38
94,31,3,2,15,0.0,23
94,32,19,16,16,0.0,37
94,44,7,7,17,0.0,9
94,2,17,15,18,0.0,9
94,46,18,18,19,0.0,20
94,47,18,20,20,0.0,20
95,15,4,1,1,10.0,1
95,18,16,2,2,8.0,1
95,22,6,6,3,6.0,1
95,31,3,9,4,5.0,11
95,13,15,16,5,4.0,11
95,43,7,15,6,3.0,11
95,2,17,17,7,2.0,12
95,44,7,13,8,1.0,13
95,47,18,19,9,0.0,16
95,23,3,12,10,0.0,6
95,30,6,4,11,0.0,4
95,4,4,3,12,0.0,3
95,8,1,5,13,0.0,63
95,46,18,20,14,0.0,6
95,45,17,18,15,0.0,7
95,17,19,11,16,0.0,6
95,11,16,7,17,0.0,5
95,14,1,8,18,0.0,4
95,21,15,10,19,0.0,4
95,32,19,14,20,0.0,3
96,30,6,1,1,10.0,1
96,22,6,7,2,8.0,1
96,18,16,5,3,6.0,1
96,15,4,3,4,5.0,1
96,4,4,6,5,4.0,1
96,21,15,19,6,3.0,1
96,17,19,14,7,2.0,1
96,31,3,8,8,1.0,11
96,13,15,16,9,0.0,11
96,2,17,13,10,0.0,11
96,44,7,10,11,0.0,11
96,32,19,12,12,0.0,11
96,45,17,15,13,0.0,12
96,46,18,20,14,0.0,13
96,47,18,17,15,0.0,13
96,11,16,2,16,0.0,5
96,14,1,18,17,0.0,5
96,8,1,4,18,0.0,5
96,23,3,9,19,0.0,4
96,43,7,11,20,0.0,4
97,30,6,6,1,10.0,1
97,22,6,7,2,8.0,1
97,18,16,2,3,6.0,1
97,21,15,11,4,5.0,11
97,8,1,8,5,4.0,11
97,14,1,9,6,3.0,11
97,10,17,16,7,2.0,12
97,2,17,15,8,1.0,12
97,32,19,10,9,0.0,13
97,47,18,18,10,0.0,14
97,13,15,17,11,0.0,3
97,11,16,20,12,0.0,5
97,4,4,5,13,0.0,30
97,46,18,19,14,0.0,6
97,17,19,14,15,0.0,22
97,15,4,3,16,0.0,7
97,23,3,1,17,0.0,2
97,31,3,4,18,0.0,2
97,43,7,12,19,0.0,2
97,44,7,13,20,0.0,2
98,30,6,2,1,10.0,1
98,22,6,1,2,8.0,1
98,11,16,3,3,6.0,1
98,15,4,20,4,5.0,1
98,44,7,8,5,4.0,1
98,8,1,7,6,3.0,11
98,14,1,12,7,2.0,11
98,47,18,19,8,1.0,13
98,21,15,14,9,0.0,18
98,17,19,10,10,0.0,5
98,31,3,5,11,0.0,2
98,2,17,16,12,0.0,5
98,18,16,4,13,0.0,6
98,43,7,11,14,0.0,6
98,23,3,6,15,0.0,27
98,4,4,9,16,0.0,27
98,32,19,13,17,0.0,4
98,13,15,15,18,0.0,4
98,45,17,17,19,0.0,4
98,46,18,18,20,0.0,4
99,30,6,2,1,10.0,1
99,4,4,1,2,8.0,1
99,22,6,10,3,6.0,1
99,15,4,5,4,5.0,1
99,18,16,4,5,4.0,1
99,14,1,3,6,3.0,1
99,8,1,9,7,2.0,1
99,31,3,6,8,1.0,1
99,17,19,12,9,0.0,1
99,48,3,8,10,0.0,1
99,32,19,13,11,0.0,11
99,21,15,15,12,0.0,11
99,13,15,16,13,0.0,11
99,43,7,11,14,0.0,11
99,44,7,14,15,0.0,12
99,2,17,17,16,0.0,12
99,45,17,18,17,0.0,13
99,46,18,19,18,0.0,14
99,47,18,20,19,0.0,20
99,11,16,7,20,0.0,5
100,30,6,4,1,10.0,1
100,8,1,1,2,8.0,1
100,22,6,2,3,6.0,1
100,18,16,3,4,5.0,1
100,31,3,7,5,4.0,1
100,21,15,20,6,3.0,1
100,14,1,6,7,2.0,1
100,17,19,9,8,1.0,1
100,13,15,10,9,0.0,1
100,4,4,16,10,0.0,1
100,11,16,8,11,0.0,1
100,48,3,11,12,0.0,1
100,43,7,12,13,0.0,11
100,32,19,13,14,0.0,11
100,2,17,15,15,0.0,11
100,46,18,18,16,0.0,14
100,45,17,14,17,0.0,20
100,15,4,5,18,0.0,3
100,47,18,19,19,0.0,5
100,44,7,17,20,0.0,3
101,30,6,1,1,10.0,1
101,18,16,13,2,8.0,1
101,4,4,5,3,6.0,1
101,14,1,4,4,5.0,1
101,31,3,2,5,4.0,1
101,17,19,11,6,3.0,1
101,42,3,10,7,2.0,1
101,11,16,8,8,1.0,1
101,21,15,14,9,0.0,1
101,32,19,12,10,0.0,1
101,15,4,6,11,0.0,1
101,22,6,7,12,0.0,1
101,13,15,16,13,0.0,11
101,44,7,9,14,0.0,11
101,45,17,17,15,0.0,13
101,47,18,20,16,0.0,14
101,46,18,19,17,0.0,14
101,2,17,18,18,0.0,64
101,43,7,15,19,0.0,29
101,8,1,3,20,0.0,65
102,30,6,1,1,10.0,1
102,22,6,2,2,8.0,1
102,4,4,5,3,6.0,1
102,31,3,7,4,5.0,1
102,18,16,4,5,4.0,1
102,11,16,3,6,3.0,11
102,42,3,6,7,2.0,11
102,21,15,8,8,1.0,11
102,14,1,12,9,0.0,11
102,17,19,11,10,0.0,11
102,44,7,13,11,0.0,11
102,2,17,16,12,0.0,12
102,32,19,14,13,0.0,12
102,46,18,19,14,0.0,14
102,47,18,18,15,0.0,15
102,45,17,17,16,0.0,6
102,15,4,9,17,0.0,5
102,41,7,15,18,0.0,40
102,13,15,20,19,0.0,23
102,8,1,10,20,0.0,10
103,8,1,10,1,10.0,1
103,30,6,2,2,8.0,1
103,22,6,6,3,6.0,1
103,13,15,8,4,5.0,1
103,21,15,5,5,4.0,1
103,32,19,13,6,3.0,1
103,14,1,4,7,2.0,1
103,44,7,9,8,1.0,1
103,15,4,1,9,0.0,1
103,41,7,20,10,0.0,5
103,2,17,16,11,0.0,14
103,31,3,11,12,0.0,27
103,42,3,14,13,0.0,6
103,18,16,12,14,0.0,4
103,47,18,18,15,0.0,4
103,4,4,3,16,0.0,5
103,17,19,7,17,0.0,4
103,11,16,15,18,0.0,4
103,46,18,17,19,0.0,4
103,45,17,19,20,0.0,4
104,22,6,1,1,10.0,1
104,30,6,3,2,8.0,1
104,18,16,6,3,6.0,1
104,11,16,5,4,5.0,1
104,31,3,2,5,4.0,1
104,14,1,10,6,3.0,1
104,42,3,8,7,2.0,1
104,21,15,15,8,1.0,1
104,17,19,12,9,0.0,1
104,15,4,9,10,0.0,1
104,41,7,11,11,0.0,1
104,13,15,16,12,0.0,11
104,32,19,14,13,0.0,11
104,2,17,20,14,0.0,11
104,47,18,19,15,0.0,13
104,4,4,4,16,0.0,20
104,45,17,17,17,0.0,3
104,46,18,18,18,0.0,66
104,8,1,7,19,0.0,5
104,44,7,13,20,0.0,4
105,22,6,1,1,10.0,1
105,18,16,3,2,8.0,1
105,8,1,2,3,6.0,1
105,4,4,6,4,5.0,1
105,31,3,10,5,4.0,1
105,11,16,18,6,3.0,1
105,21,15,7,7,2.0,1
105,13,15,4,8,1.0,1
105,14,1,9,9,0.0,1
105,17,19,11,10,0.0,11
105,35,4,12,11,0.0,11
105,30,6,20,12,0.0,11
105,2,17,14,13,0.0,11
105,44,7,8,14,0.0,11
105,10,17,16,15,0.0,11
105,47,18,19,16,0.0,13
105,46,18,17,17,0.0,36
105,23,3,5,18,0.0,4
105,41,7,13,19,0.0,7
105,32,19,15,20,0.0,4
106,30,6,1,1,10.0,1
106,23,3,2,2,8.0,1
106,18,16,5,3,6.0,1
106,11,16,4,4,5.0,1
106,4,4,11,5,4.0,1
106,8,1,12,6,3.0,1
106,31,3,13,7,2.0,1
106,21,15,7,8,1.0,1
106,13,15,19,9,0.0,1
106,35,4,9,10,0.0,11
106,15,7,6,11,0.0,11
106,32,19,14,12,0.0,11
106,2,17,16,13,0.0,11
106,44,7,10,14,0.0,12
106,10,17,17,15,0.0,12
106,46,18,18,16,0.0,13
106,47,18,20,17,0.0,20
106,14,1,8,18,0.0,4
106,22,6,15,19,0.0,4
106,17,19,3,20,0.0,25
107,31,3,2,1,10.0,1
107,8,1,3,2,8.0,1
107,22,6,1,3,6.0,1
107,4,4,8,4,5.0,1
107,23,3,7,5,4.0,1
107,11,16,6,6,3.0,1
107,30,6,18,7,2.0,1
107,13,15,4,8,1.0,1
107,21,15,10,9,0.0,1
107,35,4,13,10,0.0,11
107,14,1,12,11,0.0,11
107,15,7,9,12,0.0,11
107,41,7,14,13,0.0,11
107,32,19,15,14,0.0,12
107,10,17,17,15,0.0,12
107,47,18,19,16,0.0,14
107,46,18,20,17,0.0,14
107,17,19,11,18,0.0,4
107,2,17,16,19,0.0,8
107,18,16,5,20,0.0,5
108,14,1,11,1,10.0,1
108,31,3,3,2,8.0,1
108,8,1,15,3,6.0,1
108,30,6,1,4,5.0,1
108,15,4,12,5,4.0,1
108,49,15,4,6,3.0,1
108,4,4,10,7,2.0,1
108,23,3,9,8,1.0,1
108,35,16,6,9,0.0,1
108,18,16,8,10,0.0,1
108,50,18,20,11,0.0,11
108,21,17,13,12,0.0,6
108,42,19,18,13,0.0,22
108,44,7,5,14,0.0,32
108,2,15,7,15,0.0,22
108,51,18,19,16,0.0,21
108,17,19,14,17,0.0,22
108,43,7,16,18,0.0,20
108,52,17,17,19,0.0,3
108,22,6,2,20,0.0,3
109,8,1,7,1,10.0,1
109,22,6,5,2,8.0,1
109,4,4,1,3,6.0,1
109,23,3,17,4,5.0,1
109,15,4,2,5,4.0,11
109,30,6,3,6,3.0,11
109,18,16,9,7,2.0,11
109,2,15,6,8,1.0,11
109,49,15,13,9,0.0,11
109,52,17,20,10,0.0,11
109,43,7,11,11,0.0,11
109,31,3,8,12,0.0,13
109,50,18,18,13,0.0,14
109,42,19,15,14,0.0,20
109,51,18,19,15,0.0,26
109,17,19,16,16,0.0,5
109,44,7,10,17,0.0,32
109,14,1,4,18,0.0,10
109,21,17,14,19,0.0,10
109,35,16,12,20,0.0,10
110,21,17,8,1,10.0,1
110,8,1,4,2,8.0,1
110,4,4,10,3,6.0,1
110,14,1,2,4,5.0,1
110,49,15,14,5,4.0,1
110,35,16,13,6,3.0,1
110,23,3,6,7,2.0,1
110,15,4,5,8,1.0,1
110,17,19,3,9,0.0,3
110,43,7,18,10,0.0,11
110,22,6,1,11,0.0,69
110,18,16,11,12,0.0,3
110,50,18,19,13,0.0,20
110,30,6,7,14,0.0,3
110,31,3,9,15,0.0,3
110,42,19,17,16,0.0,3
110,44,7,15,17,0.0,4
110,52,17,16,18,0.0,22
110,51,18,20,19,0.0,20
110,2,15,12,20,0.0,5
111,30,6,1,1,10.0,1
111,8,1,6,2,8.0,1
111,22,6,3,3,6.0,1
111,23,3,2,4,5.0,1
111,14,1,12,5,4.0,1
111,4,4,8,6,3.0,1
111,31,3,4,7,2.0,1
111,18,16,9,8,1.0,11
111,44,7,10,9,0.0,11
111,2,15,11,10,0.0,11
111,49,15,14,11,0.0,11
111,43,7,13,12,0.0,11
111,15,4,16,13,0.0,11
111,42,19,15,14,0.0,12
111,21,17,17,15,0.0,15
111,17,19,5,16,0.0,30
111,52,17,19,17,0.0,70
111,50,18,20,18,0.0,10
111,51,18,18,19,0.0,71
111,35,16,7,20,0.0,5
112,30,6,1,1,10.0,1
112,4,4,3,2,8.0,1
112,22,6,2,3,6.0,1
112,31,3,9,4,5.0,1
112,23,3,7,5,4.0,11
112,43,7,13,6,3.0,11
112,17,19,12,7,2.0,11
112,52,17,15,8,1.0,12
112,18,16,5,9,0.0,12
112,2,15,14,10,0.0,12
112,51,18,18,11,0.0,12
112,50,18,19,12,0.0,13
112,21,17,17,13,0.0,5
112,44,7,6,14,0.0,6
112,49,15,10,15,0.0,22
112,14,1,8,16,0.0,4
112,35,16,11,17,0.0,10
112,15,4,4,18,0.0,4
112,42,19,16,19,0.0,72
112,8,1,20,20,0.0,4
113,30,6,1,1,10.0,1
113,8,1,2,2,8.0,1
113,22,6,5,3,6.0,1
113,18,16,7,4,5.0,1
113,14,1,14,5,4.0,1
113,23,3,10,6,3.0,11
113,17,19,17,7,2.0,11
113,15,4,6,8,1.0,11
113,42,19,8,9,0.0,11
113,43,7,13,10,0.0,11
113,52,17,16,11,0.0,11
113,35,16,12,12,0.0,11
113,51,18,18,13,0.0,12
113,21,17,9,14,0.0,69
113,2,15,4,15,0.0,5
113,4,4,19,16,0.0,5
113,31,3,3,17,0.0,5
113,44,7,11,18,0.0,22
113,50,18,20,19,0.0,8
113,49,15,15,20,0.0,8
114,31,3,3,1,10.0,1
114,8,1,2,2,8.0,1
114,30,6,5,3,6.0,1
114,23,3,1,4,5.0,1
114,4,4,8,5,4.0,1
114,15,4,4,6,3.0,1
114,14,1,6,7,2.0,1
114,22,6,7,8,1.0,1
114,43,7,10,9,0.0,11
114,21,17,12,10,0.0,11
114,2,15,14,11,0.0,12
114,52,17,16,12,0.0,12
114,44,7,17,13,0.0,14
114,35,16,11,14,0.0,5
114,51,18,19,15,0.0,69
114,50,18,18,16,0.0,69
114,17,19,9,17,0.0,9
114,42,19,13,18,0.0,10
114,49,15,15,19,0.0,3
114,18,16,20,20,0.0,73
115,30,6,3,1,10.0,1
115,23,3,1,2,8.0,1
115,31,3,2,3,6.0,1
115,4,4,4,4,5.0,1
115,22,6,5,5,4.0,1
115,8,1,20,6,3.0,1
115,17,19,6,7,2.0,11
115,44,7,7,8,1.0,11
115,50,18,15,9,0.0,12
115,42,19,13,10,0.0,14
115,43,7,9,11,0.0,16
115,51,18,18,12,0.0,6
115,18,16,17,13,0.0,6
115,14,1,11,14,0.0,6
115,2,15,12,15,0.0,5
115,15,4,8,16,0.0,3
115,21,17,16,17,0.0,6
115,52,17,19,18,0.0,5
115,35,16,14,19,0.0,23
115,49,15,10,20,0.0,40
116,23,3,3,1,10.0,1
116,31,3,4,2,8.0,1
116,22,6,5,3,6.0,1
116,4,4,8,4,5.0,1
116,30,6,2,5,4.0,1
116,17,19,11,6,3.0,11
116,18,16,12,7,2.0,11
116,2,15,20,8,1.0,11
116,49,15,15,9,0.0,11
116,42,19,16,10,0.0,11
116,52,17,14,11,0.0,12
116,21,17,13,12,0.0,12
116,51,18,19,13,0.0,12
116,50,18,18,14,0.0,13
116,14,1,9,15,0.0,14
116,43,7,10,16,0.0,5
116,35,16,17,17,0.0,6
116,15,4,6,18,0.0,32
116,44,7,7,19,0.0,20
116,8,1,1,20,0.0,5
117,23,3,1,1,10.0,1
117,31,3,2,2,8.0,1
117,30,6,3,3,6.0,1
117,8,1,4,4,5.0,1
117,14,1,5,5,4.0,1
117,17,19,9,6,3.0,1
117,22,6,8,7,2.0,11
117,44,7,10,8,1.0,11
117,35,16,12,9,0.0,11
117,42,19,11,10,0.0,11
117,43,7,13,11,0.0,11
117,49,15,16,12,0.0,12
117,2,15,15,13,0.0,12
117,51,18,20,14,0.0,13
117,52,17,18,15,0.0,13
117,50,18,19,16,0.0,14
117,15,4,6,17,0.0,5
117,4,4,7,18,0.0,5
117,21,17,17,19,0.0,5
117,18,16,14,20,0.0,74
118,22,6,1,1,10.0,1
118,31,3,7,2,8.0,1
118,8,1,3,3,6.0,1
118,30,6,5,4,5.0,1
118,14,1,12,5,4.0,1
118,15,4,2,6,3.0,1
118,43,7,6,7,2.0,1
118,18,16,20,8,1.0,1
118,23,3,4,9,0.0,1
118,35,16,9,10,0.0,1
118,44,7,13,11,0.0,1
118,49,15,14,12,0.0,1
118,52,17,17,13,0.0,11
118,17,19,11,14,0.0,11
118,50,18,19,15,0.0,12
118,51,18,18,16,0.0,12
118,2,15,16,17,0.0,12
118,4,4,8,18,0.0,6
118,21,17,15,19,0.0,22
118,42,19,10,20,0.0,5
119,31,3,1,1,10.0,1
119,14,1,10,2,8.0,1
119,15,4,4,3,6.0,1
119,4,4,8,4,5.0,1
119,44,7,7,5,4.0,11
119,43,7,9,6,3.0,11
119,30,6,6,7,2.0,11
119,18,16,17,8,1.0,11
119,35,16,13,9,0.0,12
119,2,15,15,10,0.0,12
119,17,19,11,11,0.0,3
119,53,18,20,12,0.0,15
119,21,17,13,13,0.0,5
119,50,18,19,14,0.0,9
119,51,19,16,15,0.0,6
119,23,3,2,16,0.0,3
119,49,15,14,17,0.0,3
119,22,6,3,18,0.0,3
119,8,1,5,19,0.0,3
119,52,17,18,20,0.0,3
120,4,4,1,1,10.0,1
120,8,1,7,2,8.0,1
120,31,3,4,3,6.0,1
120,23,3,2,4,5.0,1
120,14,1,9,5,4.0,1
120,17,19,3,6,3.0,1
120,15,4,6,7,2.0,11
120,30,6,8,8,1.0,11
120,2,15,11,9,0.0,11
120,18,16,14,10,0.0,11
120,43,7,15,11,0.0,12
120,50,18,18,12,0.0,13
120,53,18,20,13,0.0,14
120,49,15,17,14,0.0,60
120,51,19,12,15,0.0,5
120,47,17,19,16,0.0,5
120,44,7,10,17,0.0,6
120,21,17,13,18,0.0,5
120,22,6,5,19,0.0,22
120,35,16,16,20,0.0,9
121,30,6,1,1,10.0,1
121,31,3,2,2,8.0,1
121,22,6,3,3,6.0,1
121,8,1,4,4,5.0,1
121,48,3,5,5,4.0,1
121,35,16,10,6,3.0,11
121,17,19,11,7,2.0,11
121,4,4,20,8,1.0,11
121,2,15,16,9,0.0,11
121,21,17,13,10,0.0,11
121,47,17,18,11,0.0,12
121,53,18,19,12,0.0,12
121,49,15,14,13,0.0,13
121,14,1,8,14,0.0,32
121,44,7,9,15,0.0,23
121,50,18,17,16,0.0,44
121,18,16,7,17,0.0,6
121,43,7,12,18,0.0,27
121,51,19,15,19,0.0,6
121,15,4,6,20,0.0,9
122,30,6,7,1,10.0,1
122,8,1,1,2,8.0,1
122,49,15,15,3,6.0,1
122,15,4,10,4,5.0,1
122,2,15,13,5,4.0,1
122,31,3,4,6,3.0,11
122,21,17,17,7,2.0,11
122,51,19,16,8,1.0,12
122,43,7,9,9,0.0,12
122,50,18,19,10,0.0,14
122,53,18,20,11,0.0,14
122,35,16,12,12,0.0,5
122,52,17,18,13,0.0,20
122,14,1,8,14,0.0,6
122,4,4,6,15,0.0,5
122,18,16,11,16,0.0,5
122,44,7,3,17,0.0,3
122,17,19,14,18,0.0,3
122,23,3,5,19,0.0,3
122,22,6,2,20,0.0,4
123,22,6,1,1,10.0,1
123,8,1,8,2,8.0,1
123,14,1,7,3,6.0,1
123,18,16,9,4,5.0,1
123,15,4,20,5,4.0,1
123,11,16,13,6,3.0,1
123,43,7,3,7,2.0,1
123,30,6,14,8,1.0,1
123,2,15,11,9,0.0,1
123,44,7,4,10,0.0,1
123,17,19,6,11,0.0,1
123,23,3,19,12,0.0,11
123,51,19,10,13,0.0,11
123,52,17,15,14,0.0,12
123,50,18,17,15,0.0,12
123,53,18,18,16,0.0,13
123,21,17,16,17,0.0,60
123,4,4,5,18,0.0,5
123,49,15,12,19,0.0,5
123,31,3,2,20,0.0,9
124,30,6,2,1,10.0,1
124,31,3,6,2,6.0,1
124,8,1,5,3,4.0,1
124,56,19,19,4,3.0,11
124,17,18,18,5,2.0,12
124,63,7,14,6,1.0,12
124,62,18,21,7,0.0,13
124,37,19,20,8,0.0,15
124,14,1,4,9,0.0,6
124,35,16,13,10,0.0,41
124,49,21,15,11,0.0,2
124,59,21,17,12,0.0,2
124,11,17,22,13,0.0,10
124,15,4,7,14,0.0,20
124,22,6,1,15,0.0,4
124,23,3,3,16,0.0,4
124,21,17,8,17,0.0,4
124,13,15,9,18,0.0,4
124,2,15,10,19,0.0,4
124,18,4,11,20,0.0,4
124,44,16,12,21,0.0,4
124,66,7,16,22,0.0,4
125,23,3,4,1,10.0,1
125,31,3,2,2,6.0,1
125,30,6,1,3,4.0,1
125,18,4,8,4,3.0,1
125,2,15,7,5,2.0,11
125,13,15,14,6,1.0,11
125,66,7,19,7,0.0,11
125,35,16,13,8,0.0,11
125,11,17,15,9,0.0,12
125,37,19,17,10,0.0,12
125,49,21,11,11,0.0,12
125,63,7,10,12,0.0,13
125,21,17,9,13,0.0,13
125,22,6,3,14,0.0,5
125,17,18,21,15,0.0,10
125,56,19,20,16,0.0,9
125,62,18,22,17,0.0,6
125,8,1,5,18,0.0,5
125,59,21,16,19,0.0,74
125,14,1,6,20,0.0,5
125,44,16,18,21,0.0,8
125,15,4,12,22,0.0,25
126,30,6,2,1,10.0,1
126,23,3,3,2,6.0,1
126,14,1,4,3,4.0,1
126,18,4,7,4,3.0,1
126,31,3,1,5,2.0,1
126,63,7,10,6,1.0,11
126,56,19,13,7,0.0,11
126,37,19,11,8,0.0,11
126,11,17,19,9,0.0,12
126,35,16,15,10,0.0,5
126,17,18,20,11,0.0,13
126,8,1,5,12,0.0,46
126,62,18,22,13,0.0,14
126,2,15,9,14,0.0,23
126,15,4,6,15,0.0,5
126,13,15,12,16,0.0,4
126,66,7,16,17,0.0,20
126,44,16,17,18,0.0,6
126,49,21,18,19,0.0,22
126,59,21,21,20,0.0,22
126,22,6,8,21,0.0,9
126,21,17,14,22,0.0,5
127,30,6,1,1,10.0,1
127,22,6,2,2,6.0,1
127,23,3,3,3,4.0,1
127,31,3,4,4,3.0,1
127,18,4,9,5,2.0,1
127,14,1,6,6,1.0,11
127,35,16,10,7,0.0,11
127,13,15,11,8,0.0,11
127,15,4,8,9,0.0,11
127,2,15,7,10,0.0,11
127,17,18,19,11,0.0,12
127,59,21,20,12,0.0,75
127,56,19,18,13,0.0,30
127,8,1,5,14,0.0,43
127,44,16,12,15,0.0,37
127,37,19,22,16,0.0,30
127,63,7,16,17,0.0,6
127,49,21,13,18,0.0,75
127,21,17,15,19,0.0,9
127,11,17,14,20,0.0,6
127,66,7,17,21,0.0,10
127,62,18,0,22,0.0,77
128,30,6,1,1,10.0,1
128,31,3,4,2,6.0,1
128,14,1,7,3,4.0,1
128,2,15,8,4,3.0,1
128,13,15,11,5,2.0,1
128,49,21,10,6,1.0,1
128,35,16,15,7,0.0,11
128,66,7,19,8,0.0,11
128,63,7,17,9,0.0,11
128,15,4,9,10,0.0,5
128,23,3,3,11,0.0,5
128,18,4,6,12,0.0,9
128,44,16,13,13,0.0,43
128,56,19,22,14,0.0,9
128,59,21,14,15,0.0,9
128,11,17,18,16,0.0,20
128,21,17,12,17,0.0,9
128,8,1,5,18,0.0,65
128,37,19,16,19,0.0,20
128,22,6,2,20,0.0,6
128,17,18,20,21,0.0,78
128,62,18,21,22,0.0,78
129,30,6,3,1,10.0,1
129,22,6,1,2,6.0,1
129,31,3,4,3,4.0,1
129,23,3,2,4,3.0,1
129,21,17,15,5,2.0,1
129,14,1,8,6,1.0,1
129,18,4,13,7,0.0,1
129,63,7,10,8,0.0,1
129,66,7,14,9,0.0,1
129,35,16,17,10,0.0,11
129,49,21,11,11,0.0,12
129,17,18,21,12,0.0,12
129,15,4,16,13,0.0,32
129,62,18,22,14,0.0,5
129,56,19,20,15,0.0,9
129,2,15,5,16,0.0,4
129,11,17,18,17,0.0,4
129,44,16,9,18,0.0,5
129,13,15,7,19,0.0,22
129,8,1,6,20,0.0,5
129,59,21,12,21,0.0,4
129,37,19,19,22,0.0,37
130,14,1,2,1,10.0,1
130,30,6,3,2,6.0,1
130,23,3,4,3,4.0,1
130,15,4,7,4,3.0,11
130,21,17,11,5,2.0,11
130,49,21,12,6,1.0,11
130,22,6,5,7,0.0,11
130,2,15,15,8,0.0,12
130,56,19,19,9,0.0,12
130,37,19,17,10,0.0,12
130,17,18,20,11,0.0,12
130,59,21,21,12,0.0,12
130,63,7,9,13,0.0,23
130,13,15,13,14,0.0,3
130,44,16,18,15,0.0,4
130,18,4,8,16,0.0,4
130,31,3,1,17,0.0,5
130,35,16,14,18,0.0,26
130,8,1,6,19,0.0,4
130,62,18,22,20,0.0,3
130,11,17,16,21,0.0,20
130,66,7,10,22,0.0,3
131,30,6,2,1,10.0,1
131,14,1,8,2,6.0,1
131,22,6,3,3,4.0,1
131,8,1,5,4,3.0,1
131,21,17,6,5,2.0,1
131,15,4,10,6,1.0,1
131,23,3,4,7,0.0,5
131,44,16,11,8,0.0,11
131,13,15,12,9,0.0,11
131,11,17,15,10,0.0,11
131,17,18,21,11,0.0,11
131,2,15,7,12,0.0,11
131,49,21,19,13,0.0,11
131,62,18,22,14,0.0,12
131,18,4,13,15,0.0,6
131,31,3,1,16,0.0,5
131,66,7,20,17,0.0,20
131,56,19,14,18,0.0,25
131,63,7,18,19,0.0,23
131,37,19,16,20,0.0,6
131,59,21,17,21,0.0,22
131,35,16,9,22,0.0,51
132,22,6,4,1,10.0,1
132,30,6,3,2,6.0,1
132,8,1,6,3,4.0,1
132,23,3,2,4,3.0,1
132,18,4,8,5,2.0,1
132,13,15,11,6,1.0,11
132,2,15,9,7,0.0,11
132,15,4,7,8,0.0,11
132,44,16,12,9,0.0,11
132,37,19,16,10,0.0,11
132,59,21,21,11,0.0,11
132,35,16,19,12,0.0,11
132,49,21,15,13,0.0,11
132,66,7,13,14,0.0,11
132,17,18,20,15,0.0,12
132,11,17,14,16,0.0,12
132,63,7,10,17,0.0,6
132,62,18,22,18,0.0,9
132,56,19,17,19,0.0,9
132,31,3,1,20,0.0,4
132,14,1,5,21,0.0,4
132,21,17,18,22,0.0,3
133,30,6,3,1,10.0,1
133,22,6,2,2,6.0,1
133,31,3,1,3,4.0,1
133,35,16,9,4,3.0,11
133,44,16,13,5,2.0,11
133,2,15,10,6,1.0,11
133,21,17,17,7,0.0,11
133,23,3,4,8,0.0,11
133,13,15,11,9,0.0,11
133,14,1,6,10,0.0,12
133,37,19,21,11,0.0,12
133,18,4,12,12,0.0,36
133,11,17,14,13,0.0,5
133,8,1,5,14,0.0,5
133,15,4,7,15,0.0,40
133,59,21,18,16,0.0,30
133,56,19,19,17,0.0,20
133,49,21,16,18,0.0,5
133,63,7,8,19,0.0,79
133,17,18,20,20,0.0,8
133,66,7,15,21,0.0,8
134,30,6,2,1,10.0,1
134,8,1,4,2,6.0,1
134,14,1,6,3,4.0,1
134,31,3,1,4,3.0,1
134,23,3,5,5,2.0,1
134,18,4,7,6,1.0,11
134,2,15,10,7,0.0,11
134,17,18,18,8,0.0,11
134,37,19,15,9,0.0,12
134,62,18,19,10,0.0,14
134,66,7,17,11,0.0,5
134,56,19,9,12,0.0,65
134,15,4,8,13,0.0,5
134,13,15,12,14,0.0,26
134,63,7,16,15,0.0,5
134,35,16,13,16,0.0,5
134,44,16,11,17,0.0,3
134,11,17,14,18,0.0,20
134,22,6,3,19,0.0,80
134,49,21,0,20,0.0,81
134,59,21,0,21,0.0,81
134,21,17,0,22,0.0,82
135,30,6,1,1,10.0,1
135,31,3,4,2,6.0,1
135,23,3,2,3,4.0,1
135,22,6,3,4,3.0,1
135,14,1,9,5,2.0,11
135,2,15,10,6,1.0,11
135,13,15,14,7,0.0,11
135,11,17,12,8,0.0,11
135,63,7,19,9,0.0,11
135,21,17,6,10,0.0,5
135,8,1,5,11,0.0,20
135,56,19,16,12,0.0,23
135,59,21,18,13,0.0,5
135,44,16,7,14,0.0,5
135,15,4,8,15,0.0,20
135,35,16,11,16,0.0,6
135,18,4,13,17,0.0,5
135,66,7,17,18,0.0,5
135,17,18,21,19,0.0,9
135,49,21,15,20,0.0,9
135,37,19,20,21,0.0,7
136,22,6,1,1,10.0,1
136,30,6,2,2,6.0,1
136,23,3,3,3,4.0,1
136,8,1,11,4,3.0,1
136,14,1,10,5,2.0,1
136,21,17,5,6,1.0,1
136,13,15,7,7,0.0,1
136,15,4,6,8,0.0,11
136,2,15,8,9,0.0,11
136,11,17,14,10,0.0,11
136,31,3,4,11,0.0,11
136,44,16,12,12,0.0,11
136,37,19,15,13,0.0,12
136,66,7,18,14,0.0,12
136,63,7,17,15,0.0,12
136,17,18,19,16,0.0,12
136,19,18,20,17,0.0,20
136,18,4,9,18,0.0,20
136,56,19,16,19,0.0,5
136,35,16,13,20,0.0,7
137,30,6,1,1,10.0,1
137,22,6,3,2,6.0,1
137,31,3,5,3,4.0,1
137,14,1,6,4,3.0,1
137,23,3,4,5,2.0,1
137,56,19,8,6,1.0,1
137,63,7,9,7,0.0,1
137,35,16,12,8,0.0,1
137,66,7,13,9,0.0,11
137,2,15,18,10,0.0,11
137,11,17,16,11,0.0,11
137,44,16,15,12,0.0,5
137,21,17,14,13,0.0,5
137,37,19,11,14,0.0,22
137,13,15,17,15,0.0,5
137,8,1,2,16,0.0,5
137,15,4,7,17,0.0,5
137,19,18,20,18,0.0,20
137,18,4,10,19,0.0,5
137,17,18,19,20,0.0,6
138,22,6,4,1,10.0,1
138,30,6,2,2,6.0,1
138,56,19,5,3,4.0,1
138,15,4,11,4,3.0,1
138,18,4,17,5,2.0,1
138,44,16,16,6,1.0,1
138,14,1,7,7,0.0,1
138,21,17,12,8,0.0,1
138,35,16,9,9,0.0,1
138,2,15,15,10,0.0,1
138,63,7,10,11,0.0,11
138,11,17,18,12,0.0,11
138,62,18,20,13,0.0,16
138,31,3,1,14,0.0,83
138,8,1,6,15,0.0,5
138,17,18,19,16,0.0,5
138,13,15,14,17,0.0,4
138,37,19,8,18,0.0,4
138,66,7,13,19,0.0,22
138,23,3,3,20,0.0,5
139,22,6,2,1,10.0,1
139,30,6,1,2,6.0,1
139,14,1,3,3,4.0,1
139,31,3,4,4,3.0,1
139,15,4,8,5,2.0,1
139,35,16,7,6,1.0,1
139,21,17,9,7,0.0,11
139,18,4,14,8,0.0,11
139,2,15,10,9,0.0,11
139,56,19,13,10,0.0,11
139,11,17,15,11,0.0,11
139,44,16,12,12,0.0,11
139,49,15,11,13,0.0,12
139,63,7,19,14,0.0,12
139,66,7,16,15,0.0,12
139,23,3,5,16,0.0,12
139,8,1,6,17,0.0,5
139,62,18,20,18,0.0,5
139,17,18,18,19,0.0,38
139,37,19,17,20,0.0,7
140,30,6,1,1,10.0,1
140,22,6,2,2,6.0,1
140,8,1,4,3,4.0,1
140,31,3,6,4,3.0,1
140,11,17,7,5,2.0,1
140,18,4,10,6,1.0,11
140,2,15,12,7,0.0,11
140,63,7,13,8,0.0,11
140,56,19,14,9,0.0,11
140,17,18,19,10,0.0,12
140,23,3,5,11,0.0,5
140,37,19,17,12,0.0,7
140,21,17,8,13,0.0,5
140,15,4,11,14,0.0,26
140,35,16,9,15,0.0,5
140,62,18,20,16,0.0,20
140,44,16,16,17,0.0,26
140,14,1,3,18,0.0,37
140,13,15,15,19,0.0,3
140,66,7,18,20,0.0,73
141,30,6,1,1,10.0,1
141,14,1,6,2,6.0,1
141,22,6,2,3,4.0,1
141,2,15,10,4,3.0,1
141,49,17,4,5,2.0,1
141,8,15,13,6,1.0,1
141,44,16,9,7,0.0,1
141,54,19,21,8,0.0,11
141,55,20,14,9,0.0,11
141,50,21,15,10,0.0,11
141,56,19,12,11,0.0,11
141,4,18,19,12,0.0,12
141,21,22,17,13,0.0,13
141,18,22,16,14,0.0,10
141,31,3,11,15,0.0,5
141,15,17,7,16,0.0,5
141,57,1,3,17,0.0,22
141,23,3,5,18,0.0,4
141,35,16,8,19,0.0,4
141,58,18,22,20,0.0,84
141,59,21,18,21,0.0,20
141,60,20,20,22,0.0,23
142,30,6,1,1,10.0,1
142,22,6,2,2,6.0,1
142,14,1,8,3,4.0,1
142,49,17,9,4,3.0,1
142,23,3,3,5,2.0,1
142,57,1,4,6,1.0,1
142,50,21,18,7,0.0,1
142,15,17,5,8,0.0,11
142,55,20,13,9,0.0,11
142,54,19,15,10,0.0,11
142,18,22,17,11,0.0,12
142,60,20,19,12,0.0,12
142,4,18,21,13,0.0,13
142,58,18,20,14,0.0,14
142,21,22,16,15,0.0,32
142,35,16,7,16,0.0,20
142,2,15,11,17,0.0,20
142,59,21,22,18,0.0,20
142,31,3,6,19,0.0,20
142,56,19,12,20,0.0,47
142,44,16,10,21,0.0,44
142,8,15,14,22,0.0,30
143,14,1,5,1,10.0,1
143,30,6,1,2,6.0,1
143,2,15,9,3,4.0,11
143,44,16,11,4,3.0,11
143,15,17,7,5,2.0,11
143,21,22,18,6,1.0,11
143,35,16,12,7,0.0,11
143,55,20,15,8,0.0,11
143,58,18,22,9,0.0,13
143,18,22,20,10,0.0,17
143,49,17,8,11,0.0,10
143,8,15,10,12,0.0,20
143,23,3,2,13,0.0,20
143,60,20,21,14,0.0,8
143,56,19,13,15,0.0,20
143,31,3,4,16,0.0,4
143,50,21,17,17,0.0,4
143,54,19,14,18,0.0,5
143,4,18,19,19,0.0,10
143,59,21,16,20,0.0,9
143,22,6,6,21,0.0,4
143,57,1,3,22,0.0,85
144,23,3,3,1,10.0,1
144,14,1,1,2,6.0,1
144,22,6,6,3,4.0,1
144,57,1,2,4,3.0,1
144,15,17,5,5,2.0,1
144,49,17,9,6,1.0,11
144,2,15,12,7,0.0,11
144,44,16,8,8,0.0,11
144,55,20,14,9,0.0,11
144,59,21,16,10,0.0,12
144,54,19,15,11,0.0,12
144,18,22,21,12,0.0,12
144,58,18,22,13,0.0,5
144,31,3,7,14,0.0,8
144,56,19,13,15,0.0,5
144,21,22,19,16,0.0,5
144,35,16,11,17,0.0,5
144,60,20,20,18,0.0,5
144,30,6,4,19,0.0,22
144,8,15,10,20,0.0,38
144,50,21,17,21,0.0,43
144,4,18,18,22,0.0,23
145,30,6,1,1,10.0,1
145,31,3,12,2,6.0,1
145,35,16,7,3,4.0,1
145,15,17,6,4,3.0,1
145,14,1,3,5,2.0,1
145,2,15,10,6,1.0,1
145,44,16,11,7,0.0,1
145,8,15,9,8,0.0,1
145,57,1,2,9,0.0,8
145,55,20,15,10,0.0,11
145,54,20,14,11,0.0,11
145,50,21,17,12,0.0,12
145,4,18,18,13,0.0,12
145,21,22,19,14,0.0,12
145,18,22,21,15,0.0,13
145,58,18,22,16,0.0,13
145,22,6,4,17,0.0,22
145,56,19,13,18,0.0,5
145,23,3,5,19,0.0,23
145,59,21,16,20,0.0,32
145,37,19,20,21,0.0,4
145,49,17,8,22,0.0,4
146,14,1,7,1,10.0,1
146,30,6,1,2,6.0,1
146,22,6,4,3,4.0,1
146,8,15,9,4,3.0,1
146,44,16,10,5,2.0,1
146,50,21,16,6,1.0,11
146,56,19,13,7,0.0,11
146,35,16,12,8,0.0,11
146,2,15,6,9,0.0,12
146,55,20,20,10,0.0,12
146,54,20,17,11,0.0,12
146,18,22,21,12,0.0,5
146,37,19,14,13,0.0,7
146,31,3,2,14,0.0,9
146,4,18,18,15,0.0,6
146,58,18,22,16,0.0,6
146,59,21,15,17,0.0,9
146,15,17,5,18,0.0,2
146,23,3,3,19,0.0,23
146,21,22,19,20,0.0,5
146,57,1,8,21,0.0,7
146,49,17,11,22,0.0,6
147,30,6,2,1,10.0,1
147,22,6,4,2,6.0,1
147,56,19,6,3,4.0,1
147,35,16,9,4,3.0,1
147,14,1,1,5,2.0,11
147,55,20,11,6,1.0,11
147,18,22,17,7,0.0,11
147,50,21,19,8,0.0,11
147,59,21,20,9,0.0,12
147,8,15,15,10,0.0,15
147,23,3,5,11,0.0,10
147,58,18,22,12,0.0,7
147,4,18,18,13,0.0,6
147,49,17,13,14,0.0,3
147,21,22,10,15,0.0,6
147,15,17,8,16,0.0,9
147,54,20,21,17,0.0,6
147,37,19,14,18,0.0,9
147,57,1,3,19,0.0,38
147,44,16,12,20,0.0,38
147,31,3,7,21,0.0,20
147,2,15,16,22,0.0,4
148,23,3,2,1,10.0,1
148,30,6,1,2,6.0,1
148,57,1,8,3,4.0,1
148,8,15,7,4,3.0,1
148,55,20,16,5,2.0,1
148,37,19,14,6,1.0,11
148,41,17,12,7,0.0,11
148,54,20,19,8,0.0,11
148,58,18,21,9,0.0,13
148,50,21,13,10,0.0,23
148,15,17,4,11,0.0,23
148,14,1,3,12,0.0,5
148,44,16,6,13,0.0,23
148,35,16,9,14,0.0,86
148,59,21,17,15,0.0,5
148,31,3,10,16,0.0,3
148,22,6,5,17,0.0,20
148,18,22,20,18,0.0,44
148,4,18,22,19,0.0,7
148,2,15,11,20,0.0,4
148,56,19,15,21,0.0,4
148,21,22,18,22,0.0,4
149,30,6,1,1,10.0,1
149,31,3,3,2,6.0,1
149,14,1,5,3,4.0,1
149,23,3,2,4,3.0,1
149,22,6,4,5,2.0,1
149,57,1,6,6,1.0,1
149,56,19,12,7,0.0,1
149,37,19,16,8,0.0,11
149,35,16,11,9,0.0,11
149,8,15,9,10,0.0,11
149,21,22,15,11,0.0,11
149,54,20,17,12,0.0,12
149,18,22,20,13,0.0,12
149,4,18,21,14,0.0,12
149,55,20,14,15,0.0,20
149,50,21,19,16,0.0,5
149,2,15,10,17,0.0,30
149,49,17,8,18,0.0,20
149,15,17,7,19,0.0,7
149,59,21,18,20,0.0,6
149,44,16,13,21,0.0,10
149,58,18,22,22,0.0,10
150,30,6,2,1,10.0,1
150,23,3,1,2,6.0,1
150,22,6,8,3,4.0,1
150,14,1,3,4,3.0,1
150,15,17,5,5,2.0,1
150,2,15,9,6,1.0,11
150,8,15,13,7,0.0,11
150,49,17,7,8,0.0,11
150,44,16,11,9,0.0,11
150,54,20,15,10,0.0,11
150,21,22,16,11,0.0,11
150,55,20,19,12,0.0,12
150,50,21,18,13,0.0,12
150,37,19,14,14,0.0,12
150,58,18,22,15,0.0,13
150,18,22,17,16,0.0,32
150,4,18,21,17,0.0,5
150,56,19,12,18,0.0,5
150,31,3,6,19,0.0,5
150,59,21,20,20,0.0,5
150,35,16,10,21,0.0,5
150,57,1,4,22,0.0,6
151,57,1,2,1,10.0,1
151,30,6,1,2,6.0,1
151,22,6,6,3,4.0,1
151,31,3,8,4,3.0,1
151,8,15,7,5,2.0,11
151,2,15,9,6,1.0,11
151,49,17,5,7,0.0,11
151,35,16,12,8,0.0,11
151,56,19,15,9,0.0,11
151,50,21,17,10,0.0,12
151,55,20,14,11,0.0,12
151,37,19,13,12,0.0,12
151,21,22,19,13,0.0,12
151,59,21,20,14,0.0,12
151,18,22,18,15,0.0,12
151,4,18,21,16,0.0,13
151,23,3,10,17,0.0,5
151,54,20,16,18,0.0,5
151,14,1,3,19,0.0,22
151,15,17,4,20,0.0,4
151,44,16,11,21,0.0,4
151,58,18,0,22,0.0,77
152,23,3,2,1,10.0,1
152,22,6,6,2,6.0,1
152,35,16,12,3,4.0,1
152,21,22,17,4,3.0,1
152,18,22,18,5,2.0,1
152,55,20,14,6,1.0,1
152,44,16,13,7,0.0,1
152,59,21,19,8,0.0,11
152,50,21,20,9,0.0,11
152,4,18,21,10,0.0,11
152,15,17,10,11,0.0,9
152,14,1,5,12,0.0,5
152,58,18,22,13,0.0,6
152,31,3,1,14,0.0,5
152,30,6,4,15,0.0,32
152,54,20,16,16,0.0,20
152,8,15,8,17,0.0,86
152,56,19,11,18,0.0,32
152,57,1,3,19,0.0,5
152,41,17,15,20,0.0,4
152,2,15,7,21,0.0,4
152,37,19,9,22,0.0,4
153,30,6,1,1,10.0,1
153,22,6,3,2,6.0,1
153,14,1,2,3,4.0,1
153,23,3,4,4,3.0,1
153,57,1,6,5,2.0,1
153,2,15,7,6,1.0,11
153,8,15,9,7,0.0,11
153,31,3,8,8,0.0,11
153,35,16,10,9,0.0,12
153,55,17,12,10,0.0,12
153,37,19,13,11,0.0,12
153,50,21,21,12,0.0,13
153,21,22,15,13,0.0,5
153,49,20,16,14,0.0,20
153,58,18,22,15,0.0,51
153,44,16,11,16,0.0,10
153,15,17,5,17,0.0,9
153,4,18,18,18,0.0,23
153,18,22,17,19,0.0,20
153,59,21,20,20,0.0,20
153,54,20,19,21,0.0,20
153,56,19,14,22,0.0,20
154,30,6,3,1,10.0,1
154,14,1,9,2,6.0,1
154,21,22,8,3,4.0,1
154,57,1,7,4,3.0,1
154,22,6,5,5,2.0,1
154,55,17,13,6,1.0,1
154,23,3,2,7,0.0,1
154,35,16,6,8,0.0,1
154,49,20,4,9,0.0,11
154,50,21,19,10,0.0,11
154,44,16,11,11,0.0,11
154,59,21,21,12,0.0,11
154,58,18,22,13,0.0,15
154,15,17,16,14,0.0,5
154,18,22,15,15,0.0,20
154,31,3,1,16,0.0,5
154,37,19,10,17,0.0,4
154,2,15,14,18,0.0,4
154,8,15,12,19,0.0,7
154,56,19,17,20,0.0,4
154,54,20,18,21,0.0,4
154,4,18,20,22,0.0,6
155,31,3,1,1,10.0,1
155,22,6,2,2,6.0,1
155,23,3,4,3,4.0,1
155,30,6,3,4,3.0,1
155,37,19,10,5,2.0,1
155,35,16,15,6,1.0,1
155,8,15,9,7,0.0,1
155,55,17,16,8,0.0,11
155,44,16,17,9,0.0,11
155,21,22,14,10,0.0,11
155,2,15,8,11,0.0,11
155,61,20,20,12,0.0,11
155,4,18,21,13,0.0,12
155,59,21,18,14,0.0,87
155,62,18,22,15,0.0,20
155,49,20,12,16,0.0,6
155,50,21,19,17,0.0,32
155,57,1,7,18,0.0,6
155,56,19,13,19,0.0,5
155,14,1,6,20,0.0,5
155,18,22,11,21,0.0,5
155,15,17,5,22,0.0,4
156,57,1,4,1,10.0,1
156,30,6,1,2,6.0,1
156,14,1,7,3,4.0,1
156,15,17,8,4,3.0,1
156,56,19,14,5,2.0,1
156,2,15,6,6,1.0,1
156,55,17,9,7,0.0,11
156,21,22,12,8,0.0,11
156,18,22,10,9,0.0,11
156,49,20,15,10,0.0,11
156,44,16,13,11,0.0,11
156,37,19,16,12,0.0,11
156,59,21,19,13,0.0,11
156,61,20,21,14,0.0,11
156,22,6,5,15,0.0,5
156,35,16,18,16,0.0,22
156,50,21,20,17,0.0,5
156,31,3,3,18,0.0,9
156,62,18,22,19,0.0,6
156,23,3,2,20,0.0,20
156,4,18,17,21,0.0,30
156,8,15,11,22,0.0,30
157,30,6,1,1,10.0,1
157,31,3,2,2,6.0,1
157,14,1,7,3,4.0,1
157,57,1,5,4,3.0,1
157,22,6,4,5,2.0,1
157,23,3,3,6,1.0,1
157,18,22,9,7,0.0,1
157,15,17,8,8,0.0,11
157,2,15,10,9,0.0,11
157,35,16,14,10,0.0,11
157,4,18,18,11,0.0,11
157,49,20,15,12,0.0,11
157,44,16,17,13,0.0,12
157,59,21,20,14,0.0,12
157,50,21,21,15,0.0,12
157,62,18,22,16,0.0,13
157,21,22,6,17,0.0,6
157,37,19,16,18,0.0,44
157,61,20,19,19,0.0,23
157,56,19,13,20,0.0,71
157,8,15,12,21,0.0,4
157,55,17,11,22,0.0,4
158,30,6,3,1,10.0,1
158,22,6,4,2,6.0,1
158,23,3,11,3,4.0,1
158,35,16,8,4,3.0,1
158,21,22,9,5,2.0,1
158,41,16,16,6,1.0,1
158,25,22,14,7,0.0,1
158,48,18,18,8,0.0,11
158,2,20,15,9,0.0,12
158,63,15,10,10,0.0,2
158,18,3,21,11,0.0,5
158,64,15,19,12,0.0,7
158,60,18,22,13,0.0,6
158,49,17,5,14,0.0,9
158,15,17,6,15,0.0,5
158,55,20,17,16,0.0,9
158,57,1,1,17,0.0,5
158,50,21,13,18,0.0,22
158,14,1,2,19,0.0,5
158,37,21,12,20,0.0,22
158,56,19,7,21,0.0,20
158,65,19,20,22,0.0,8
159,30,6,3,1,10.0,1
159,21,22,5,2,6.0,1
159,49,17,7,3,4.0,1
159,15,17,12,4,3.0,1
159,23,3,11,5,2.0,11
159,18,3,9,6,1.0,11
159,50,21,14,7,0.0,11
159,37,21,16,8,0.0,11
159,41,16,8,9,0.0,12
159,60,18,20,10,0.0,12
159,14,1,2,11,0.0,2
159,65,19,17,12,0.0,6
159,48,18,18,13,0.0,5
159,57,1,1,14,0.0,51
159,22,6,4,15,0.0,9
159,56,19,6,16,0.0,20
159,35,16,10,17,0.0,6
159,55,20,15,18,0.0,10
159,2,20,19,19,0.0,5
159,25,22,13,20,0.0,5
159,64,15,0,21,0.0,89
159,63,15,0,22,0.0,89
160,30,6,2,1,10.0,1
160,57,1,1,2,6.0,1
160,14,1,3,3,4.0,1
160,22,6,4,4,3.0,1
160,35,16,9,5,2.0,11
160,63,15,12,6,1.0,11
160,56,19,7,7,0.0,11
160,64,15,10,8,0.0,11
160,25,22,11,9,0.0,11
160,65,19,17,10,0.0,11
160,21,22,19,11,0.0,11
160,41,16,14,12,0.0,11
160,60,18,20,13,0.0,12
160,50,21,16,14,0.0,13
160,15,17,8,15,0.0,6
160,37,21,13,16,0.0,20
160,23,3,5,17,0.0,69
160,55,20,15,18,0.0,9
160,2,20,22,19,0.0,9
160,18,3,18,20,0.0,5
160,48,18,21,21,0.0,20
160,49,17,6,22,0.0,6
161,14,1,4,1,10.0,1
161,57,1,3,2,6.0,1
161,30,6,5,3,4.0,1
161,23,3,7,4,3.0,1
161,18,3,6,5,2.0,1
161,15,17,11,6,1.0,1
161,21,22,12,7,0.0,11
161,63,15,18,8,0.0,11
161,25,22,20,9,0.0,11
161,55,20,15,10,0.0,11
161,64,15,13,11,0.0,11
161,65,19,14,12,0.0,11
161,56,19,9,13,0.0,11
161,48,18,21,14,0.0,11
161,60,18,22,15,0.0,11
161,35,16,10,16,0.0,14
161,49,17,2,17,0.0,16
161,2,20,17,18,0.0,5
161,41,16,16,19,0.0,20
161,22,6,1,20,0.0,9
161,37,21,19,21,0.0,10
161,50,21,8,22,0.0,10
162,57,1,2,1,10.0,1
162,14,1,4,2,6.0,1
162,22,6,3,3,4.0,1
162,23,3,5,4,3.0,1
162,30,6,1,5,2.0,1
162,49,17,8,6,1.0,1
162,63,15,12,7,0.0,11
162,41,16,16,8,0.0,11
162,21,22,13,9,0.0,11
162,25,22,18,10,0.0,11
162,56,19,9,11,0.0,11
162,15,17,7,12,0.0,11
162,65,19,14,13,0.0,11
162,48,18,20,14,0.0,12
162,60,18,21,15,0.0,12
162,2,20,19,16,0.0,13
162,18,3,10,17,0.0,5
162,50,21,11,18,0.0,6
162,35,16,6,19,0.0,9
162,55,20,17,20,0.0,4
162,37,21,22,21,0.0,4
162,64,15,15,22,0.0,20
163,30,6,2,1,10.0,1
163,57,1,3,2,6.0,1
163,14,1,1,3,4.0,11
163,22,6,4,4,3.0,11
163,21,22,7,5,2.0,11
163,37,21,12,6,1.0,11
163,64,15,15,7,0.0,12
163,60,18,21,8,0.0,12
163,55,20,17,9,0.0,12
163,18,3,11,10,0.0,10
163,65,19,16,11,0.0,4
163,25,22,14,12,0.0,4
163,41,16,18,13,0.0,20
163,48,18,20,14,0.0,37
163,35,16,9,15,0.0,5
163,56,19,8,16,0.0,4
163,50,21,13,17,0.0,20
163,23,3,5,18,0.0,4
163,63,15,19,19,0.0,86
163,49,17,10,20,0.0,5
163,15,17,6,21,0.0,4
164,14,1,3,1,10.0,1
164,22,6,6,2,6.0,1
164,21,22,8,3,4.0,1
164,56,19,10,4,3.0,1
164,63,15,13,5,2.0,1
164,57,1,5,6,1.0,11
164,35,16,17,7,0.0,11
164,2,20,18,8,0.0,11
164,65,19,11,9,0.0,12
164,49,17,4,10,0.0,20
164,50,21,15,11,0.0,20
164,30,6,1,12,0.0,22
164,41,16,20,13,0.0,20
164,23,3,9,14,0.0,20
164,15,17,2,15,0.0,6
164,64,15,19,16,0.0,20
164,55,20,7,17,0.0,7
164,60,18,22,18,0.0,20
164,48,18,21,19,0.0,6
164,25,22,12,20,0.0,20
164,18,3,14,21,0.0,5
164,37,21,16,22,0.0,90
165,30,6,1,1,10.0,1
165,22,6,3,2,6.0,1
165,21,22,10,3,4.0,1
165,57,1,4,4,3.0,1
165,50,21,13,5,2.0,1
165,15,17,7,6,1.0,1
165,14,1,2,7,0.0,1
165,41,16,8,8,0.0,1
165,25,22,14,9,0.0,1
165,64,15,19,10,0.0,1
165,18,3,18,11,0.0,11
165,60,18,22,12,0.0,11
165,56,19,16,13,0.0,13
165,23,3,12,14,0.0,4
165,35,16,6,15,0.0,4
165,48,18,20,16,0.0,20
165,37,21,9,17,0.0,4
165,63,15,15,18,0.0,10
165,55,20,17,19,0.0,10
165,2,20,21,20,0.0,5
165,49,17,5,21,0.0,23
165,65,19,11,22,0.0,6
166,14,1,2,1,10.0,1
166,57,1,4,2,6.0,1
166,22,6,3,3,4.0,1
166,35,16,7,4,3.0,1
166,23,3,5,5,2.0,1
166,15,17,9,6,1.0,1
166,49,17,8,7,0.0,11
166,18,3,10,8,0.0,11
166,21,22,14,9,0.0,11
166,63,15,12,10,0.0,11
166,64,15,15,11,0.0,11
166,2,20,16,12,0.0,11
166,56,19,6,13,0.0,12
166,55,20,18,14,0.0,12
166,48,18,21,15,0.0,12
166,30,6,1,16,0.0,5
166,37,21,13,17,0.0,7
166,25,22,17,18,0.0,20
166,60,18,22,19,0.0,20
166,50,21,20,20,0.0,7
166,65,19,11,21,0.0,6
166,41,16,19,22,0.0,20
167,57,1,1,1,10.0,1
167,14,1,2,2,6.0,1
167,22,6,3,3,4.0,1
167,35,16,7,4,3.0,11
167,18,3,18,5,2.0,11
167,63,15,9,6,1.0,11
167,65,19,16,7,0.0,11
167,48,18,20,8,0.0,11
167,64,15,11,9,0.0,11
167,25,22,14,10,0.0,11
167,54,19,21,11,0.0,12
167,60,18,22,12,0.0,13
167,41,16,6,13,0.0,5
167,23,3,19,14,0.0,23
167,2,20,13,15,0.0,4
167,55,20,17,16,0.0,4
167,37,21,12,17,0.0,6
167,50,21,10,18,0.0,5
167,49,17,15,19,0.0,44
167,30,6,4,20,0.0,4
167,15,17,5,21,0.0,4
167,21,22,8,22,0.0,4
168,22,6,18,1,10.0,1
168,57,1,4,2,6.0,1
168,14,1,1,3,4.0,1
168,18,3,16,4,3.0,1
168,63,15,15,5,2.0,1
168,37,21,5,6,1.0,1
168,23,3,14,7,0.0,1
168,35,16,9,8,0.0,1
168,15,17,6,9,0.0,1
168,56,19,10,10,0.0,1
168,60,18,21,11,0.0,1
168,2,20,13,12,0.0,91
168,49,17,17,13,0.0,6
168,50,21,11,14,0.0,20
168,41,16,12,15,0.0,20
168,48,18,22,16,0.0,5
168,25,22,7,17,0.0,10
168,64,15,19,18,0.0,4
168,55,20,20,19,0.0,4
168,65,19,8,20,0.0,6
168,30,6,2,21,0.0,4
168,21,22,3,22,0.0,4
169,57,1,3,1,10.0,1
169,30,6,1,2,6.0,1
169,14,1,2,3,4.0,1
169,22,6,5,4,3.0,1
169,23,3,4,5,2.0,1
169,49,17,6,6,1.0,1
169,15,17,12,7,0.0,11
169,56,19,10,8,0.0,11
169,18,3,8,9,0.0,11
169,63,15,9,10,0.0,11
169,25,22,11,11,0.0,11
169,35,16,16,12,0.0,12
169,50,21,20,13,0.0,12
169,41,16,18,14,0.0,12
169,48,18,21,15,0.0,13
169,37,21,15,16,0.0,14
169,60,18,22,17,0.0,5
169,65,19,17,18,0.0,6
169,64,15,13,19,0.0,7
169,21,22,7,20,0.0,23
169,2,20,19,21,0.0,10
169,55,20,14,22,0.0,22
170,57,1,1,1,10.0,1
170,30,6,4,2,6.0,1
170,23,3,6,3,4.0,1
170,14,1,5,4,3.0,1
170,18,3,3,5,2.0,1
170,49,17,8,6,1.0,1
170,35,16,7,7,0.0,1
170,65,19,9,8,0.0,1
170,63,15,18,9,0.0,1
170,56,19,12,10,0.0,1
170,64,15,15,11,0.0,1
170,41,16,13,12,0.0,11
170,25,22,19,13,0.0,11
170,48,18,21,14,0.0,11
170,50,21,20,15,0.0,11
170,37,21,16,16,0.0,12
170,60,18,22,17,0.0,12
170,22,6,10,18,0.0,32
170,55,20,17,19,0.0,32
170,2,20,14,20,0.0,5
170,21,22,11,21,0.0,10
170,15,17,2,22,0.0,4
171,30,6,1,1,10.0,1
171,57,1,3,2,6.0,1
171,23,3,7,3,4.0,1
171,50,21,11,4,3.0,1
171,25,22,13,5,2.0,1
171,41,16,17,6,1.0,1
171,63,15,15,7,0.0,11
171,64,15,16,8,0.0,11
171,48,18,21,9,0.0,11
171,60,18,22,10,0.0,11
171,21,22,9,11,0.0,11
171,55,20,19,12,0.0,12
171,2,20,20,13,0.0,20
171,35,16,4,14,0.0,10
171,18,3,12,15,0.0,20
171,65,19,18,16,0.0,4
171,22,6,2,17,0.0,4
171,14,1,5,18,0.0,4
171,15,17,6,19,0.0,4
171,49,17,8,20,0.0,4
171,37,21,10,21,0.0,4
171,56,19,14,22,0.0,20
172,30,6,1,1,10.0,1
172,22,6,4,2,6.0,1
172,49,17,7,3,4.0,1
172,35,16,8,4,3.0,1
172,14,1,2,5,2.0,1
172,41,16,12,6,1.0,1
172,56,19,17,7,0.0,1
172,64,15,9,8,0.0,11
172,2,20,16,9,0.0,11
172,25,22,11,10,0.0,11
172,65,19,19,11,0.0,11
172,48,18,22,12,0.0,11
172,55,20,20,13,0.0,5
172,60,18,21,14,0.0,5
172,23,3,10,15,0.0,5
172,37,21,18,16,0.0,6
172,21,22,15,17,0.0,5
172,50,21,13,18,0.0,23
172,57,1,3,19,0.0,5
172,63,15,14,20,0.0,20
172,18,3,6,21,0.0,5
172,15,17,5,22,0.0,4
173,30,6,1,1,10.0,1
173,57,1,2,2,6.0,1
173,14,1,3,3,4.0,1
173,22,6,4,4,3.0,1
173,18,3,5,5,2.0,1
173,35,16,9,6,1.0,11
173,65,19,10,7,0.0,11
173,56,19,7,8,0.0,11
173,41,16,18,9,0.0,11
173,63,15,19,10,0.0,11
173,64,15,20,11,0.0,11
173,37,21,13,12,0.0,11
173,15,17,15,13,0.0,11
173,21,22,12,14,0.0,11
173,60,18,22,15,0.0,12
173,48,18,21,16,0.0,5
173,23,3,6,17,0.0,20
173,2,20,16,18,0.0,22
173,25,22,11,19,0.0,20
173,49,17,8,20,0.0,9
173,55,20,17,21,0.0,5
173,50,21,14,22,0.0,10
174,30,6,1,1,10.0,1
174,14,1,3,2,6.0,1
174,22,6,4,3,4.0,1
174,57,1,2,4,3.0,1
174,35,16,6,5,2.0,1
174,56,19,7,6,1.0,1
174,25,22,5,7,0.0,1
174,63,15,17,8,0.0,11
174,21,22,13,9,0.0,11
174,50,21,15,10,0.0,11
174,55,20,18,11,0.0,11
174,15,17,9,12,0.0,11
174,60,18,22,13,0.0,5
174,65,19,12,14,0.0,22
174,41,16,11,15,0.0,5
174,23,3,8,16,0.0,5
174,48,18,21,17,0.0,36
174,18,3,16,18,0.0,5
174,49,17,10,19,0.0,10
174,37,21,14,20,0.0,4
174,2,20,19,21,0.0,4
174,64,15,20,22,0.0,4
175,56,6,6,1,10.0,1
175,49,17,5,2,6.0,1
175,23,3,8,3,4.0,1
175,21,22,7,4,3.0,1
175,22,24,4,5,2.0,1
175,37,21,18,6,1.0,1
175,68,21,17,7,0.0,1
175,30,6,3,8,0.0,11
175,41,16,19,9,0.0,6
175,69,18,21,10,0.0,6
175,25,22,10,11,0.0,22
175,64,15,14,12,0.0,7
175,48,18,22,13,0.0,4
175,15,20,12,14,0.0,4
175,44,20,20,15,0.0,36
175,57,1,1,16,0.0,37
175,70,3,15,17,0.0,20
175,14,1,2,18,0.0,9
175,35,16,11,19,0.0,65
175,71,17,9,20,0.0,4
175,55,15,16,21,0.0,6
175,65,24,13,22,0.0,66
176,57,1,1,1,10.0,1
176,30,6,4,2,6.0,1
176,49,17,8,3,4.0,60
176,23,3,11,4,3.0,11
176,56,6,6,5,2.0,11
176,44,20,12,6,1.0,11
176,25,22,9,7,0.0,12
176,68,21,19,8,0.0,13
176,48,18,20,9,0.0,13
176,37,21,17,10,0.0,9
176,35,16,21,11,0.0,9
176,70,3,16,12,0.0,6
176,22,24,3,13,0.0,5
176,64,15,15,14,0.0,4
176,21,22,5,15,0.0,8
176,72,18,18,16,0.0,20
176,55,15,14,17,0.0,6
176,14,1,2,18,0.0,6
176,15,20,13,19,0.0,6
176,65,24,10,20,0.0,9
176,71,17,7,21,0.0,4
176,41,16,0,22,0.0,81
177,30,6,3,1,10.0,1
177,14,1,2,2,6.0,1
177,22,24,6,3,4.0,11
177,71,17,8,4,3.0,11
177,21,22,16,5,2.0,11
177,55,15,13,6,1.0,11
177,63,16,19,7,0.0,13
177,69,18,22,8,0.0,13
177,48,18,21,9,0.0,13
177,65,24,12,10,0.0,5
177,70,3,10,11,0.0,20
177,64,15,15,12,0.0,20
177,44,20,11,13,0.0,37
177,56,6,4,14,0.0,5
177,49,17,7,15,0.0,20
177,68,21,20,16,0.0,32
177,23,3,9,17,0.0,37
177,57,1,1,18,0.0,20
177,37,21,18,19,0.0,20
177,25,22,17,20,0.0,20
177,35,16,14,21,0.0,6
177,15,20,5,22,0.0,20
178,30,6,2,1,10.0,1
178,56,6,4,2,6.0,1
178,57,1,1,3,4.0,1
178,49,17,6,4,3.0,1
178,21,22,9,5,2.0,11
178,25,22,10,6,1.0,11
178,15,20,7,7,0.0,11
178,70,3,11,8,0.0,12
178,22,24,5,9,0.0,20
178,23,3,16,10,0.0,20
178,55,15,14,11,0.0,22
178,64,15,15,12,0.0,22
178,44,20,18,13,0.0,5
178,14,1,3,14,0.0,6
178,63,16,12,15,0.0,23
178,68,21,19,16,0.0,5
178,35,16,8,17,0.0,44
178,65,24,13,18,0.0,22
178,37,21,21,19,0.0,6
178,48,18,22,20,0.0,20
178,69,18,20,21,0.0,6
178,71,17,17,22,0.0,4
179,57,1,1,1,10.0,1
179,14,1,3,2,6.0,1
179,30,6,4,3,4.0,1
179,56,6,2,4,3.0,1
179,23,3,10,5,2.0,1
179,15,20,9,6,1.0,11
179,71,17,11,7,0.0,11
179,63,16,16,8,0.0,11
179,21,22,13,9,0.0,11
179,25,22,18,10,0.0,11
179,37,21,19,11,0.0,12
179,68,21,20,12,0.0,13
179,69,18,22,13,0.0,20
179,35,16,6,14,0.0,6
179,64,15,12,15,0.0,7
179,65,24,14,16,0.0,7
179,49,17,8,17,0.0,86
179,55,15,5,18,0.0,7
179,70,3,17,19,0.0,6
179,44,20,15,20,0.0,6
179,48,18,21,21,0.0,6
179,22,24,7,22,0.0,2
180,57,1,2,1,10.0,1
180,21,22,7,2,6.0,1
180,56,6,3,3,4.0,1
180,23,3,13,4,3.0,1
180,65,24,10,5,2.0,1
180,64,15,18,6,1.0,1
180,14,1,4,7,0.0,1
180,48,18,22,8,0.0,11
180,44,20,15,9,0.0,11
180,69,18,21,10,0.0,12
180,49,17,6,11,0.0,23
180,70,3,12,12,0.0,23
180,68,21,19,13,0.0,7
180,35,16,16,14,0.0,20
180,30,6,1,15,0.0,20
180,37,21,20,16,0.0,7
180,71,17,14,17,0.0,20
180,22,24,5,18,0.0,38
180,41,16,17,19,0.0,20
180,55,15,8,20,0.0,4
180,15,20,9,21,0.0,4
180,25,22,11,22,0.0,7
181,49,17,5,1,10.0,1
181,57,1,14,2,6.0,1
181,22,24,1,3,4.0,1
181,23,3,16,4,3.0,1
181,30,6,6,5,2.0,1
181,56,6,17,6,1.0,1
181,15,20,8,7,0.0,1
181,44,20,3,8,0.0,1
181,41,16,10,9,0.0,1
181,69,18,20,10,0.0,11
181,37,21,21,11,0.0,11
181,21,22,7,12,0.0,20
181,71,17,18,13,0.0,10
181,70,3,15,14,0.0,5
181,35,16,12,15,0.0,20
181,25,22,13,16,0.0,20
181,48,18,19,17,0.0,20
181,55,15,2,18,0.0,20
181,14,1,4,19,0.0,10
181,64,15,11,20,0.0,7
181,65,24,9,21,0.0,6
181,68,21,22,22,0.0,2
182,14,1,3,1,10.0,1
182,56,6,4,2,6.0,1
182,23,3,8,3,4.0,1
182,49,17,5,4,3.0,1
182,71,17,6,5,2.0,1
182,64,15,12,6,1.0,1
182,21,22,17,7,0.0,1
182,22,24,7,8,0.0,1
182,15,20,14,9,0.0,1
182,25,22,18,10,0.0,1
182,70,3,13,11,0.0,1
182,65,24,11,12,0.0,1
182,44,20,15,13,0.0,1
182,55,15,10,14,0.0,11
182,48,18,22,15,0.0,12
182,68,21,19,16,0.0,12
182,41,16,16,17,0.0,22
182,57,1,1,18,0.0,36
182,35,16,9,19,0.0,86
182,69,18,21,20,0.0,6
182,37,21,20,21,0.0,6
182,30,6,2,22,0.0,23
183,56,6,3,1,10.0,1
183,14,1,2,2,6.0,1
183,57,1,1,3,4.0,1
183,49,17,4,4,3.0,1
183,25,22,10,5,2.0,1
183,64,15,16,6,1.0,1
183,15,20,13,7,0.0,11
183,71,17,11,8,0.0,11
183,63,6,7,9,0.0,11
183,44,20,18,10,0.0,11
183,48,18,22,11,0.0,11
183,21,22,12,12,0.0,5
183,69,18,19,13,0.0,13
183,65,24,6,14,0.0,14
183,41,16,15,15,0.0,8
183,22,24,5,16,0.0,5
183,55,15,17,17,0.0,60
183,37,21,21,18,0.0,20
183,70,3,14,19,0.0,60
183,35,16,9,20,0.0,86
183,68,21,20,21,0.0,5
183,23,3,8,22,0.0,20
184,56,6,5,1,10.0,1
184,63,6,4,2,6.0,1
184,49,17,2,3,4.0,1
184,23,3,11,4,3.0,1
184,14,1,3,5,2.0,1
184,44,20,7,6,1.0,1
184,25,22,13,7,0.0,1
184,55,15,21,8,0.0,1
184,48,18,15,9,0.0,1
184,69,18,19,10,0.0,11
184,65,24,17,11,0.0,6
184,37,21,20,12,0.0,20
184,57,1,1,13,0.0,27
184,70,3,14,14,0.0,24
184,41,16,18,15,0.0,5
184,68,21,22,16,0.0,5
184,71,17,8,17,0.0,23
184,15,20,9,18,0.0,5
184,21,22,10,19,0.0,22
184,22,24,6,20,0.0,9
184,35,16,12,21,0.0,4
184,64,15,16,22,0.0,4
185,57,1,1,1,10.0,1
185,14,1,3,2,6.0,1
185,56,6,2,3,4.0,1
185,49,17,5,4,3.0,1
185,22,24,8,5,2.0,1
185,71,17,6,6,1.0,1
185,25,22,7,7,0.0,1
185,15,20,13,8,0.0,11
185,23,3,16,9,0.0,11
185,44,20,14,10,0.0,11
185,65,24,10,11,0.0,11
185,63,6,18,12,0.0,12
185,41,16,17,13,0.0,12
185,69,18,19,14,0.0,12
185,37,21,20,15,0.0,12
185,55,15,11,16,0.0,32
185,48,18,22,17,0.0,13
185,35,16,9,18,0.0,8
185,21,22,4,19,0.0,5
185,68,21,21,20,0.0,7
185,64,15,12,21,0.0,20
185,70,3,15,22,0.0,24
186,14,1,2,1,10.0,1
186,57,1,1,2,6.0,1
186,49,17,3,3,4.0,1
186,56,6,6,4,3.0,1
186,23,3,5,5,2.0,1
186,71,17,4,6,1.0,1
186,63,6,9,7,0.0,1
186,70,3,8,8,0.0,1
186,55,15,16,9,0.0,1
186,22,24,7,10,0.0,1
186,21,22,13,11,0.0,1
186,15,20,12,12,0.0,1
186,44,20,17,13,0.0,1
186,25,22,15,14,0.0,1
186,35,16,11,15,0.0,11
186,48,18,21,16,0.0,11
186,37,21,22,17,0.0,7
186,69,18,20,18,0.0,22
186,41,16,14,19,0.0,6
186,65,24,10,20,0.0,23
186,64,15,18,21,0.0,20
186,68,21,19,22,0.0,8
187,49,17,2,1,10.0,1
187,23,3,5,2,6.0,1
187,63,6,6,3,4.0,1
187,22,24,7,4,3.0,1
187,14,1,3,5,2.0,1
187,56,6,8,6,1.0,1
187,70,3,4,7,0.0,1
187,35,16,11,8,0.0,1
187,55,15,13,9,0.0,1
187,71,17,9,10,0.0,1
187,44,20,10,11,0.0,5
187,65,24,15,12,0.0,8
187,68,21,22,13,0.0,20
187,37,21,21,14,0.0,54
187,57,1,1,15,0.0,20
187,15,20,12,16,0.0,25
187,41,16,18,17,0.0,67
187,69,18,19,18,0.0,4
187,25,22,14,19,0.0,10
187,64,15,16,20,0.0,20
187,21,22,17,21,0.0,20
187,48,18,20,22,0.0,4
188,65,24,14,1,10.0,1
188,15,20,10,2,6.0,1
188,22,24,15,3,4.0,1
188,23,3,4,4,3.0,1
188,57,1,3,5,2.0,1
188,48,18,20,6,1.0,1
188,56,6,9,7,0.0,1
188,41,16,17,8,0.0,11
188,44,20,5,9,0.0,11
188,35,16,8,10,0.0,8
188,69,18,19,11,0.0,6
188,37,21,22,12,0.0,6
188,21,22,6,13,0.0,20
188,63,6,12,14,0.0,23
188,68,21,21,15,0.0,20
188,14,1,2,16,0.0,20
188,55,15,16,17,0.0,86
188,49,17,1,18,0.0,10
188,70,3,18,19,0.0,4
188,71,17,7,20,0.0,10
188,25,22,11,21,0.0,4
188,64,15,13,22,0.0,4
189,56,6,2,1,10.0,1
189,30,6,1,2,6.0,1
189,57,1,4,3,4.0,1
189,65,24,5,4,3.0,1
189,22,24,6,5,2.0,1
189,49,17,14,6,1.0,1
189,55,15,15,7,0.0,1
189,25,22,7,8,0.0,1
189,48,18,19,9,0.0,11
189,70,3,16,10,0.0,11
189,21,22,11,11,0.0,14
189,35,16,10,12,0.0,9
189,64,15,17,13,0.0,20
189,37,21,20,14,0.0,5
189,69,18,21,15,0.0,20
189,14,1,3,16,0.0,32
189,23,3,8,17,0.0,20
189,68,21,22,18,0.0,7
189,41,16,13,19,0.0,5
189,44,20,12,20,0.0,5
189,71,17,9,21,0.0,4
189,15,20,18,22,0.0,5
190,57,1,2,1,10.0,1
190,30,6,1,2,6.0,1
190,56,6,5,3,4.0,1
190,49,17,4,4,3.0,1
190,23,3,9,5,2.0,1
190,55,15,10,6,1.0,11
190,65,24,8,7,0.0,11
190,22,24,13,8,0.0,11
190,35,16,11,9,0.0,11
190,25,22,15,10,0.0,11
190,64,15,17,11,0.0,11
190,41,16,18,12,0.0,11
190,37,21,21,13,0.0,12
190,21,22,14,14,0.0,5
190,68,21,19,15,0.0,6
190,69,18,22,16,0.0,5
190,14,1,3,17,0.0,9
190,48,18,20,18,0.0,6
190,71,17,12,19,0.0,68
190,44,20,6,20,0.0,91
190,15,20,7,21,0.0,5
190,70,3,8,22,0.0,10
191,57,1,1,1,10.0,1
191,14,1,2,2,6.0,1
191,49,3,6,3,4.0,11
191,56,6,8,4,3.0,11
191,35,3,4,5,2.0,11
191,65,15,5,6,1.0,11
191,25,22,11,7,0.0,11
191,71,17,10,8,0.0,11
191,44,20,21,9,0.0,11
191,21,22,7,10,0.0,41
191,55,15,12,11,0.0,5
191,15,20,15,12,0.0,6
191,73,25,19,13,0.0,6
191,63,21,16,14,0.0,6
191,74,18,17,15,0.0,5
191,75,18,22,16,0.0,86
191,30,6,3,17,0.0,5
191,64,21,20,18,0.0,6
191,23,17,9,19,0.0,4
191,76,24,18,20,0.0,4
191,68,25,13,21,0.0,20
191,22,24,14,22,0.0,6
192,57,1,1,1,10.0,1
192,14,1,2,2,6.0,1
192,30,6,4,3,4.0,1
192,25,22,5,4,3.0,1
192,49,3,3,5,2.0,11
192,21,22,7,6,1.0,11
192,35,3,10,7,0.0,11
192,56,6,6,8,0.0,11
192,55,15,15,9,0.0,11
192,76,24,16,10,0.0,12
192,65,15,14,11,0.0,82
192,71,17,11,12,0.0,2
192,44,20,9,13,0.0,5
192,22,24,13,14,0.0,6
192,73,25,21,15,0.0,6
192,74,18,19,16,0.0,37
192,64,21,22,17,0.0,6
192,68,25,17,18,0.0,5
192,63,21,20,19,0.0,5
192,15,20,12,20,0.0,48
192,75,18,18,21,0.0,20
192,23,17,8,22,0.0,20
193,30,6,2,1,10.0,1
193,57,1,3,2,6.0,1
193,56,6,4,3,4.0,1
193,25,22,8,4,3.0,1
193,55,15,11,5,2.0,1
193,14,1,1,6,1.0,1
193,21,22,10,7,0.0,1
193,71,17,9,8,0.0,11
193,49,3,6,9,0.0,11
193,22,24,14,10,0.0,12
193,15,20,16,11,0.0,12
193,68,25,13,12,0.0,12
193,75,18,19,13,0.0,13
193,73,25,21,14,0.0,14
193,44,20,15,15,0.0,5
193,74,18,20,16,0.0,20
193,35,3,7,17,0.0,4
193,65,15,12,18,0.0,4
193,23,17,5,19,0.0,22
193,63,21,17,20,0.0,6
193,76,24,22,21,0.0,7
193,64,21,18,22,0.0,6
194,14,1,1,1,10.0,1
194,30,6,3,2,6.0,1
194,56,6,4,3,4.0,1
194,35,3,6,4,3.0,1
194,49,3,8,5,2.0,1
194,55,15,12,6,1.0,11
194,23,17,9,7,0.0,12
194,74,18,19,8,0.0,12
194,63,21,14,9,0.0,12
194,71,17,7,10,0.0,9
194,44,20,13,11,0.0,16
194,73,25,22,12,0.0,5
194,68,25,15,13,0.0,5
194,15,20,16,14,0.0,37
194,75,18,21,15,0.0,5
194,64,21,18,16,0.0,5
194,57,1,2,17,0.0,6
194,21,22,10,18,0.0,20
194,25,22,5,19,0.0,5
194,65,15,11,20,0.0,29
194,76,24,20,21,0.0,7
194,22,24,17,22,0.0,20
195,57,1,1,1,10.0,1
195,14,1,2,2,6.0,1
195,30,6,3,3,4.0,1
195,25,22,5,4,3.0,1
195,22,24,9,5,2.0,11
195,35,3,10,6,1.0,11
195,65,15,7,7,0.0,11
195,49,3,13,8,0.0,12
195,15,20,16,9,0.0,12
195,55,15,14,10,0.0,12
195,23,17,11,11,0.0,12
195,76,24,18,12,0.0,12
195,68,25,21,13,0.0,12
195,75,18,20,14,0.0,12
195,74,18,19,15,0.0,12
195,44,20,12,16,0.0,15
195,71,17,8,17,0.0,5
195,56,6,6,18,0.0,4
195,21,22,4,19,0.0,4
195,63,21,17,20,0.0,5
195,64,21,15,21,0.0,5
196,57,1,1,1,10.0,1
196,21,22,3,2,6.0,1
196,56,6,7,3,4.0,1
196,63,21,8,4,3.0,1
196,35,3,13,5,2.0,11
196,64,21,12,6,1.0,11
196,65,15,9,7,0.0,11
196,71,17,15,8,0.0,12
196,75,18,19,9,0.0,12
196,30,6,4,10,0.0,12
196,68,25,20,11,0.0,12
196,55,15,11,12,0.0,6
196,15,20,10,13,0.0,6
196,44,20,18,14,0.0,36
196,23,17,16,15,0.0,22
196,25,22,6,16,0.0,20
196,76,24,17,17,0.0,22
196,14,1,2,18,0.0,5
196,22,24,14,19,0.0,22
196,49,3,5,20,0.0,4
196,74,18,21,21,0.0,20
196,73,25,0,22,0.0,81
197,30,6,3,1,10.0,1
197,21,22,4,2,6.0,1
197,56,6,8,3,4.0,1
197,25,22,11,4,3.0,1
197,22,24,13,5,2.0,1
197,76,24,20,6,1.0,11
197,75,18,18,7,0.0,11
197,73,25,22,8,0.0,11
197,64,21,19,9,0.0,11
197,35,3,6,10,0.0,16
197,74,18,21,11,0.0,10
197,71,17,10,12,0.0,10
197,44,20,15,13,0.0,20
197,49,3,7,14,0.0,20
197,14,1,1,15,0.0,37
197,65,15,12,16,0.0,20
197,63,21,17,17,0.0,3
197,57,1,2,18,0.0,6
197,23,17,5,19,0.0,6
197,55,15,9,20,0.0,4
197,15,20,14,21,0.0,4
197,68,25,16,22,0.0,7
198,30,6,2,1,10.0,1
198,56,6,4,2,6.0,1
198,57,1,1,3,4.0,1
198,35,3,5,4,3.0,1
198,25,22,10,5,2.0,11
198,14,1,3,6,1.0,11
198,55,15,11,7,0.0,11
198,65,15,13,8,0.0,11
198,21,22,9,9,0.0,11
198,22,24,14,10,0.0,12
198,44,20,16,11,0.0,12
198,50,24,15,12,0.0,12
198,63,21,19,13,0.0,12
198,64,21,17,14,0.0,12
198,49,3,8,15,0.0,22
198,23,17,6,16,0.0,13
198,75,18,21,17,0.0,5
198,68,25,20,18,0.0,5
198,15,20,12,19,0.0,20
198,74,18,22,20,0.0,6
198,71,17,7,21,0.0,9
198,73,25,18,22,0.0,9
199,30,6,2,1,10.0,1
199,57,1,1,2,6.0,1
199,56,6,5,3,4.0,1
199,25,22,11,4,3.0,11
199,21,22,10,5,2.0,11
199,23,17,21,6,1.0,11
199,35,3,3,7,0.0,11
199,75,18,19,8,0.0,12
199,68,25,17,9,0.0,14
199,55,15,8,10,0.0,10
199,64,21,12,11,0.0,20
199,44,20,22,12,0.0,20
199,22,24,16,13,0.0,20
199,50,24,15,14,0.0,5
199,14,1,4,15,0.0,20
199,15,20,14,16,0.0,20
199,73,25,20,17,0.0,20
199,74,18,18,18,0.0,20
199,65,15,9,19,0.0,20
199,63,21,13,20,0.0,37
199,49,3,6,21,0.0,20
199,71,17,7,22,0.0,20
200,57,1,3,1,10.0,1
200,14,1,14,2,6.0,1
200,30,6,4,3,4.0,1
200,56,6,8,4,3.0,1
200,23,17,9,5,2.0,1
200,35,3,11,6,1.0,1
200,71,17,15,7,0.0,1
200,65,15,18,8,0.0,11
200,25,22,17,9,0.0,11
200,15,20,16,10,0.0,11
200,75,18,21,11,0.0,11
200,73,25,22,12,0.0,12
200,50,24,12,13,0.0,5
200,74,18,19,14,0.0,20
200,21,22,1,15,0.0,4
200,55,15,2,16,0.0,4
200,49,3,7,17,0.0,5
200,22,24,5,18,0.0,23
200,64,21,13,19,0.0,4
200,63,21,6,20,0.0,4
200,44,20,10,21,0.0,8
200,68,25,20,22,0.0,4
201,57,1,1,1,10.0,1
201,14,1,2,2,6.0,1
201,35,3,3,3,4.0,1
201,71,17,5,4,3.0,1
201,30,6,9,5,2.0,1
201,23,17,4,6,1.0,1
201,21,22,8,7,0.0,1
201,56,6,6,8,0.0,1
201,49,3,10,9,0.0,1
201,55,15,11,10,0.0,1
201,25,22,7,11,0.0,1
201,15,20,14,12,0.0,11
201,68,25,15,13,0.0,11
201,63,21,17,14,0.0,11
201,44,20,16,15,0.0,11
201,74,18,21,16,0.0,12
201,65,15,12,17,0.0,6
201,75,18,20,18,0.0,6
201,22,24,13,19,0.0,6
201,50,24,19,20,0.0,6
201,64,21,18,21,0.0,37
202,30,6,3,1,10.0,1
202,14,1,2,2,6.0,1
202,35,3,6,3,4.0,1
202,71,17,4,4,3.0,1
202,49,3,7,5,2.0,1
202,57,1,1,6,1.0,11
202,55,15,11,7,0.0,11
202,21,22,8,8,0.0,11
202,23,17,10,9,0.0,11
202,65,15,15,10,0.0,11
202,64,21,12,11,0.0,13
202,44,20,20,12,0.0,13
202,50,24,17,13,0.0,13
202,68,25,18,14,0.0,13
202,75,18,19,15,0.0,13
202,25,22,9,16,0.0,6
202,22,24,14,17,0.0,6
202,15,20,16,18,0.0,5
202,63,21,13,19,0.0,6
202,56,6,5,20,0.0,6
202,74,18,21,21,0.0,5
203,71,17,3,1,10.0,1
203,23,17,8,2,6.0,1
203,55,15,10,3,4.0,1
203,49,3,9,4,3.0,1
203,64,21,16,5,2.0,1
203,15,20,13,6,1.0,12
203,14,1,2,7,0.0,15
203,75,18,21,8,0.0,15
203,21,22,7,9,0.0,4
203,30,6,4,10,0.0,4
203,56,6,5,11,0.0,20
203,74,18,22,12,0.0,6
203,35,3,6,13,0.0,20
203,68,25,19,14,0.0,20
203,50,24,17,15,0.0,5
203,57,1,1,16,0.0,4
203,25,22,11,17,0.0,4
203,65,15,12,18,0.0,4
203,22,24,15,19,0.0,4
203,44,20,14,20,0.0,4
203,63,21,18,21,0.0,4
203,73,25,20,22,0.0,4
204,30,6,1,1,10.0,1
204,56,6,5,2,6.0,1
204,23,17,6,3,4.0,1
204,57,1,3,4,3.0,1
204,55,15,8,5,2.0,1
204,71,17,14,6,1.0,1
204,49,3,12,7,0.0,11
204,21,22,11,8,0.0,11
204,68,25,19,9,0.0,11
204,22,24,13,10,0.0,11
204,74,18,22,11,0.0,12
204,73,25,18,12,0.0,12
204,15,20,10,13,0.0,13
204,50,24,17,14,0.0,6
204,35,3,2,15,0.0,20
204,63,21,16,16,0.0,37
204,25,22,7,17,0.0,6
204,14,1,4,18,0.0,5
204,44,20,9,19,0.0,76
204,75,18,21,20,0.0,5
204,65,15,15,21,0.0,20
204,64,21,20,22,0.0,20
205,57,1,3,1,10.0,1
205,30,6,1,2,6.0,1
205,14,1,5,3,4.0,1
205,56,6,2,4,3.0,1
205,49,3,7,5,2.0,1
205,21,22,4,6,1.0,1
205,25,22,8,7,0.0,1
205,35,3,9,8,0.0,11
205,71,17,10,9,0.0,11
205,55,15,11,10,0.0,11
205,22,24,12,11,0.0,12
205,44,20,15,12,0.0,12
205,50,24,18,13,0.0,12
205,63,21,16,14,0.0,12
205,75,18,20,15,0.0,12
205,68,25,19,16,0.0,12
205,74,18,21,17,0.0,5
205,23,17,6,18,0.0,23
205,65,15,13,19,0.0,5
205,73,25,22,20,0.0,5
205,15,20,14,21,0.0,7
205,64,21,17,22,0.0,9
206,57,1,2,1,10.0,1
206,56,6,4,2,6.0,1
206,14,1,3,3,4.0,1
206,71,17,8,4,3.0,1
206,49,3,5,5,2.0,1
206,35,3,6,6,1.0,1
206,55,15,12,7,0.0,1
206,21,22,10,8,0.0,1
206,25,22,9,9,0.0,11
206,65,15,11,10,0.0,11
206,44,20,13,11,0.0,11
206,15,20,14,12,0.0,13
206,75,18,20,13,0.0,37
206,30,6,1,14,0.0,27
206,68,25,17,15,0.0,4
206,74,18,21,16,0.0,4
206,22,24,16,17,0.0,9
206,50,24,19,18,0.0,6
206,63,21,15,19,0.0,9
206,23,17,7,20,0.0,5
206,64,21,18,21,0.0,20
206,73,25,0,22,0.0,81
207,14,1,4,1,10.0,1
207,30,6,3,2,6.0,1
207,57,1,6,3,4.0,1
207,77,22,10,4,3.0,1
207,44,20,9,5,2.0,1
207,78,15,13,6,1.0,1
207,75,20,16,7,0.0,12
207,49,3,2,8,0.0,23
207,15,18,17,9,0.0,13
207,64,21,22,10,0.0,14
207,22,24,11,11,0.0,5
207,63,25,18,12,0.0,5
207,76,24,19,13,0.0,22
207,55,22,8,14,0.0,74
207,79,18,15,15,0.0,10
207,21,17,14,16,0.0,20
207,50,25,21,17,0.0,20
207,23,17,12,18,0.0,6
207,35,3,1,19,0.0,4
207,56,6,5,20,0.0,4
207,65,15,7,21,0.0,4
207,71,21,20,22,0.0,37
207,80,26,23,23,0.0,81
207,73,26,24,24,0.0,81
208,35,3,1,1,10.0,1
208,77,22,3,2,6.0,1
208,44,20,5,3,4.0,1
208,57,1,4,4,3.0,1
208,30,6,2,5,2.0,1
208,55,22,6,6,1.0,1
208,65,15,13,7,0.0,1
208,21,17,7,8,0.0,1
208,49,3,8,9,0.0,1
208,14,1,12,10,0.0,11
208,78,15,19,11,0.0,11
208,15,18,17,12,0.0,11
208,63,25,22,13,0.0,11
208,75,20,15,14,0.0,11
208,50,25,21,15,0.0,12
208,56,6,14,16,0.0,12
208,71,21,9,17,0.0,5
208,79,18,18,18,0.0,15
208,23,17,10,19,0.0,10
208,22,24,11,20,0.0,22
208,64,21,16,21,0.0,22
208,76,24,20,22,0.0,3
209,35,3,1,1,10.0,1
209,56,6,7,2,6.0,1
209,23,17,6,3,4.0,1
209,65,15,8,4,3.0,1
209,57,1,17,5,2.0,1
209,77,22,12,6,1.0,1
209,55,22,11,7,0.0,1
209,63,25,19,8,0.0,11
209,15,18,18,9,0.0,11
209,76,24,15,10,0.0,5
209,78,15,14,11,0.0,20
209,64,21,22,12,0.0,5
209,75,20,20,13,0.0,5
209,50,25,16,14,0.0,5
209,79,18,21,15,0.0,20
209,71,21,13,16,0.0,5
209,21,17,9,17,0.0,4
209,22,24,5,18,0.0,9
209,44,20,3,19,0.0,10
209,49,3,2,20,0.0,8
209,30,6,4,21,0.0,4
209,14,1,10,22,0.0,4
210,49,3,2,1,10.0,1
210,30,6,3,2,6.0,1
210,56,6,9,3,4.0,1
210,21,17,6,4,3.0,1
210,55,22,14,5,2.0,11
210,57,1,8,6,1.0,11
210,78,15,12,7,0.0,11
210,44,20,4,8,0.0,11
210,63,25,19,9,0.0,12
210,50,25,21,10,0.0,12
210,79,18,22,11,0.0,13
210,64,21,17,12,0.0,6
210,35,3,1,13,0.0,6
210,14,1,10,14,0.0,5
210,22,24,13,15,0.0,5
210,65,15,7,16,0.0,10
210,23,17,5,17,0.0,7
210,75,20,18,18,0.0,4
210,71,21,15,19,0.0,4
210,77,22,11,20,0.0,20
210,76,24,16,21,0.0,20
210,15,18,20,22,0.0,6
211,30,6,2,1,10.0,1
211,22,24,10,2,6.0,1
211,56,6,15,3,4.0,1
211,44,20,12,4,3.0,1
211,63,25,14,5,2.0,11
211,21,17,4,6,1.0,11
211,76,24,19,7,0.0,11
211,50,25,22,8,0.0,12
211,77,22,17,9,0.0,12
211,79,18,20,10,0.0,12
211,49,3,1,11,0.0,20
211,75,20,21,12,0.0,20
211,78,15,11,13,0.0,20
211,55,22,9,14,0.0,20
211,35,3,3,15,0.0,20
211,23,17,6,16,0.0,20
211,65,15,7,17,0.0,20
211,15,18,18,18,0.0,20
211,14,1,5,19,0.0,20
211,57,1,8,20,0.0,4
211,71,21,13,21,0.0,4
211,64,21,16,22,0.0,20
212,35,3,1,1,10.0,1
212,44,20,12,2,6.0,1
212,55,22,4,3,4.0,1
212,30,6,7,4,3.0,1
212,65,15,10,5,2.0,1
212,14,1,3,6,1.0,1
212,57,1,5,7,0.0,1
212,49,3,2,8,0.0,1
212,21,17,8,9,0.0,1
212,77,22,6,10,0.0,1
212,50,25,19,11,0.0,11
212,56,6,11,12,0.0,11
212,76,24,22,13,0.0,11
212,81,15,13,14,0.0,12
212,15,18,18,15,0.0,12
212,64,21,21,16,0.0,5
212,23,17,9,17,0.0,5
212,22,24,17,18,0.0,5
212,63,25,14,19,0.0,29
212,75,20,16,20,0.0,6
212,71,21,15,21,0.0,5
212,79,18,20,22,0.0,6
213,30,6,1,1,10.0,1
213,55,22,8,2,6.0,1
213,21,17,6,3,4.0,1
213,49,3,4,4,3.0,1
213,65,15,13,5,2.0,1
213,75,20,19,6,1.0,1
213,14,1,5,7,0.0,1
213,64,21,16,8,0.0,11
213,71,21,15,9,0.0,11
213,81,15,18,10,0.0,11
213,44,20,10,11,0.0,20
213,63,25,17,12,0.0,5
213,50,25,14,13,0.0,6
213,25,22,11,14,0.0,7
213,22,24,3,15,0.0,6
213,15,18,20,16,0.0,5
213,23,17,7,17,0.0,3
213,79,18,22,18,0.0,20
213,35,3,2,19,0.0,3
213,57,1,9,20,0.0,5
213,56,6,12,21,0.0,3
213,76,24,21,22,0.0,20
214,30,6,1,1,10.0,1
214,49,3,2,2,6.0,1
214,56,6,5,3,4.0,1
214,35,3,4,4,3.0,1
214,55,22,8,5,2.0,1
214,23,17,3,6,1.0,1
214,14,1,9,7,0.0,4
214,65,15,14,8,0.0,11
214,21,17,11,9,0.0,11
214,15,20,6,10,0.0,12
214,79,18,21,11,0.0,12
214,71,21,17,12,0.0,13
214,63,25,19,13,0.0,10
214,25,22,7,14,0.0,20
214,64,21,16,15,0.0,20
214,82,15,20,16,0.0,20
214,22,24,13,17,0.0,5
214,76,24,15,18,0.0,23
214,57,1,10,19,0.0,5
214,50,25,18,20,0.0,20
214,75,20,12,21,0.0,20
214,58,18,22,22,0.0,5
215,35,3,1,1,10.0,1
215,55,22,11,2,6.0,1
215,25,22,8,3,4.0,1
215,14,1,6,4,3.0,1
215,23,17,5,5,2.0,1
215,71,21,12,6,1.0,1
215,21,17,10,7,0.0,11
215,15,20,13,8,0.0,11
215,82,15,14,9,0.0,11
215,58,18,21,10,0.0,11
215,75,20,15,11,0.0,5
215,57,1,3,12,0.0,5
215,76,24,16,13,0.0,5
215,50,25,20,14,0.0,5
215,56,6,7,15,0.0,86
215,63,25,18,16,0.0,5
215,65,15,9,17,0.0,10
215,30,6,4,18,0.0,36
215,22,24,22,19,0.0,5
215,64,21,17,20,0.0,5
215,49,3,2,21,0.0,4
215,79,18,19,22,0.0,20
216,77,22,1,1,10.0,1
216,30,6,4,2,6.0,1
216,57,1,3,3,4.0,1
216,15,20,11,4,3.0,1
216,23,17,7,5,2.0,1
216,55,22,6,6,1.0,1
216,75,20,17,7,0.0,1
216,71,21,13,8,0.0,11
216,82,15,18,9,0.0,11
216,50,25,20,10,0.0,11
216,21,17,2,11,0.0,15
216,22,24,12,12,0.0,5
216,63,25,19,13,0.0,8
216,35,3,9,14,0.0,20
216,76,24,15,15,0.0,5
216,79,18,22,16,0.0,60
216,65,15,14,17,0.0,3
216,64,21,16,18,0.0,3
216,14,1,8,19,0.0,7
216,49,3,5,20,0.0,4
216,56,6,10,21,0.0,4
216,58,18,21,22,0.0,6
217,35,3,2,1,10.0,1
217,71,21,3,2,6.0,1
217,65,15,10,3,4.0,1
217,30,6,1,4,3.0,1
217,23,17,14,5,2.0,1
217,75,20,16,6,1.0,1
217,15,20,12,7,0.0,1
217,77,22,7,8,0.0,1
217,56,6,5,9,0.0,20
217,79,18,20,10,0.0,11
217,55,22,9,11,0.0,11
217,58,18,22,12,0.0,12
217,63,25,21,13,0.0,12
217,14,1,8,14,0.0,10
217,50,25,18,15,0.0,6
217,64,21,19,16,0.0,10
217,21,17,13,17,0.0,20
217,49,3,6,18,0.0,74
217,22,24,11,19,0.0,5
217,57,1,4,20,0.0,9
217,81,15,15,21,0.0,5
217,76,24,17,22,0.0,3
218,30,6,3,1,10.0,1
218,21,17,4,2,6.0,1
218,49,3,7,3,4.0,1
218,65,15,11,4,3.0,1
218,35,3,1,5,2.0,1
218,77,22,15,6,1.0,1
218,64,21,8,7,0.0,1
218,55,22,2,8,0.0,1
218,81,15,13,9,0.0,1
218,56,6,17,10,0.0,11
218,63,25,19,11,0.0,11
218,76,24,18,12,0.0,11
218,71,21,9,13,0.0,12
218,79,18,20,14,0.0,12
218,15,20,14,15,0.0,12
218,57,1,5,16,0.0,2
218,50,25,21,17,0.0,20
218,23,17,6,18,0.0,20
218,14,1,10,19,0.0,20
218,58,18,22,20,0.0,20
218,22,24,12,21,0.0,38
218,75,20,16,22,0.0,10
219,14,1,6,1,10.0,1
219,55,22,1,2,6.0,1
219,49,3,2,3,4.0,1
219,21,17,3,4,3.0,1
219,35,3,4,5,2.0,1
219,30,6,9,6,1.0,1
219,77,22,7,7,0.0,1
219,56,6,10,8,0.0,1
219,57,1,5,9,0.0,1
219,15,20,16,10,0.0,1
219,75,20,15,11,0.0,1
219,81,15,18,12,0.0,11
219,22,24,11,13,0.0,11
219,58,18,22,14,0.0,13
219,71,21,14,15,0.0,5
219,23,17,8,16,0.0,4
219,65,15,12,17,0.0,4
219,63,25,19,18,0.0,5
219,76,24,13,19,0.0,7
219,50,25,20,20,0.0,6
219,79,18,21,21,0.0,20
219,64,21,17,22,0.0,22
220,35,3,1,1,10.0,1
220,14,1,10,2,6.0,1
220,49,3,4,3,4.0,1
220,21,17,14,4,3.0,1
220,23,17,11,5,2.0,1
220,30,6,9,6,1.0,1
220,71,21,7,7,0.0,1
220,65,15,12,8,0.0,1
220,81,15,13,9,0.0,1
220,77,22,18,10,0.0,11
220,79,18,19,11,0.0,12
220,50,25,20,12,0.0,12
220,64,21,17,13,0.0,14
220,22,24,5,14,0.0,20
220,15,20,3,15,0.0,5
220,76,24,6,16,0.0,5
220,75,20,16,17,0.0,5
220,63,25,21,18,0.0,6
220,56,6,8,19,0.0,4
220,55,22,15,20,0.0,4
220,57,1,2,21,0.0,5
220,58,18,0,22,0.0,92
221,35,3,2,1,10.0,1
221,55,22,10,2,6.0,1
221,49,3,3,3,4.0,1
221,77,22,7,4,3.0,1
221,64,21,15,5,2.0,1
221,44,20,11,6,1.0,1
221,65,15,16,7,0.0,1
221,71,21,13,8,0.0,1
221,81,15,19,9,0.0,11
221,63,25,20,10,0.0,11
221,50,25,21,11,0.0,20
221,57,1,1,12,0.0,5
221,22,24,9,13,0.0,6
221,14,1,6,14,0.0,5
221,76,24,12,15,0.0,86
221,56,6,14,16,0.0,5
221,75,20,17,17,0.0,5
221,30,6,5,18,0.0,22
221,58,18,18,19,0.0,5
221,79,18,22,20,0.0,4
221,21,17,4,21,0.0,4
221,23,17,8,22,0.0,4
222,30,6,2,1,10.0,1
222,49,3,6,2,6.0,1
222,56,6,3,3,4.0,1
222,57,1,4,4,3.0,1
222,55,22,7,5,2.0,1
222,65,15,8,6,1.0,1
222,21,17,9,7,0.0,1
222,77,22,5,8,0.0,1
222,23,17,13,9,0.0,1
222,14,1,11,10,0.0,5
222,71,21,17,11,0.0,11
222,64,21,16,12,0.0,11
222,50,25,21,13,0.0,11
222,35,3,1,14,0.0,2
222,58,18,20,15,0.0,6
222,63,25,22,16,0.0,5
222,44,20,10,17,0.0,5
222,75,20,15,18,0.0,67
222,79,18,19,19,0.0,5
222,22,24,12,20,0.0,20
222,76,24,14,21,0.0,20
222,81,15,0,22,0.0,82
223,57,1,5,1,10.0,1
223,14,1,6,2,6.0,1
223,35,3,1,3,4.0,1
223,77,22,8,4,3.0,1
223,56,6,7,5,2.0,1
223,49,3,3,6,1.0,1
223,44,20,9,7,0.0,1
223,65,15,14,8,0.0,1
223,76,24,11,9,0.0,1
223,75,20,15,10,0.0,1
223,21,17,17,11,0.0,11
223,63,25,21,12,0.0,11
223,55,22,10,13,0.0,11
223,82,15,18,14,0.0,11
223,58,18,20,15,0.0,11
223,50,25,22,16,0.0,11
223,79,18,19,17,0.0,11
223,30,6,2,18,0.0,4
223,71,21,4,19,0.0,6
223,23,17,16,20,0.0,47
223,22,24,12,21,0.0,6
223,64,21,13,22,0.0,20
224,71,3,2,1,10.0,1
224,35,3,1,2,6.0,1
224,56,6,3,3,4.0,1
224,77,22,7,4,3.0,1
224,57,1,5,5,2.0,1
224,63,25,10,6,1.0,11
224,44,27,11,7,0.0,11
224,49,15,9,8,0.0,11
224,73,29,18,9,0.0,12
224,64,27,20,10,0.0,12
224,79,25,15,11,0.0,13
224,83,18,17,12,0.0,93
224,30,6,4,13,0.0,23
224,21,18,16,14,0.0,8
224,22,17,8,15,0.0,5
224,14,1,13,16,0.0,37
224,50,29,12,17,0.0,5
224,55,22,6,18,0.0,4
224,84,17,19,19,0.0,4
224,65,15,14,20,0.0,4
224,69,28,21,21,0.0,77
224,85,28,22,22,0.0,77
225,71,3,1,1,10.0,1
225,55,22,5,2,6.0,1
225,30,6,4,3,4.0,11
225,57,1,7,4,3.0,11
225,63,25,11,5,2.0,11
225,44,27,15,6,1.0,11
225,56,6,10,7,0.0,11
225,64,27,22,8,0.0,12
225,79,25,16,9,0.0,12
225,83,18,18,10,0.0,13
225,69,28,19,11,0.0,14
225,84,17,6,12,0.0,20
225,22,17,2,13,0.0,20
225,49,15,9,14,0.0,5
225,14,1,14,15,0.0,20
225,65,15,12,16,0.0,5
225,35,3,3,17,0.0,20
225,77,22,8,18,0.0,9
225,85,28,20,19,0.0,20
225,73,29,17,20,0.0,20
225,50,29,13,21,0.0,5
225,58,18,21,22,0.0,20
226,71,3,1,1,10.0,1
226,35,3,3,2,6.0,1
226,55,22,4,3,4.0,1
226,22,17,6,4,3.0,1
226,56,6,10,5,2.0,1
226,50,29,7,6,1.0,1
226,14,1,9,7,0.0,1
226,44,27,12,8,0.0,1
226,65,15,17,9,0.0,11
226,85,28,22,10,0.0,13
226,77,22,5,11,0.0,22
226,30,6,2,12,0.0,41
226,83,18,19,13,0.0,7
226,63,25,16,14,0.0,37
226,84,17,15,15,0.0,4
226,58,18,14,16,0.0,4
226,49,15,11,17,0.0,20
226,64,27,18,18,0.0,42
226,79,25,13,19,0.0,7
226,73,29,20,20,0.0,94
226,69,28,21,21,0.0,4
226,57,1,8,22,0.0,37
227,35,3,2,1,10.0,1
227,30,6,3,2,6.0,1
227,14,1,6,3,4.0,1
227,71,3,1,4,3.0,1
227,22,17,5,5,2.0,1
227,84,17,11,6,1.0,1
227,65,15,12,7,0.0,1
227,57,1,9,8,0.0,1
227,77,22,8,9,0.0,1
227,64,27,17,10,0.0,11
227,73,29,20,11,0.0,12
227,83,18,19,12,0.0,12
227,21,18,18,13,0.0,12
227,63,25,14,14,0.0,2
227,79,25,16,15,0.0,2
227,49,15,10,16,0.0,23
227,50,29,13,17,0.0,5
227,44,27,15,18,0.0,4
227,56,6,7,19,0.0,10
227,55,22,4,20,0.0,4
227,85,28,21,21,0.0,77
227,69,28,22,22,0.0,77
228,71,3,2,1,10.0,1
228,30,6,1,2,6.0,1
228,77,22,7,3,4.0,1
228,56,6,6,4,3.0,1
228,22,17,9,5,2.0,1
228,55,22,5,6,1.0,11
228,64,27,17,7,0.0,11
228,57,1,11,8,0.0,5
228,83,18,18,9,0.0,12
228,69,28,21,10,0.0,14
228,35,3,3,11,0.0,22
228,44,27,13,12,0.0,5
228,79,25,16,13,0.0,20
228,14,1,4,14,0.0,9
228,73,29,20,15,0.0,5
228,50,29,14,16,0.0,9
228,84,17,12,17,0.0,20
228,49,15,10,18,0.0,23
228,21,18,19,19,0.0,5
228,65,15,15,20,0.0,10
228,63,25,8,21,0.0,5
228,85,28,22,22,0.0,77
229,44,27,14,1,10.0,1
229,14,1,5,2,6.0,1
229,65,15,13,3,4.0,1
229,49,15,9,4,3.0,54
229,63,25,11,5,2.0,4
229,57,1,8,6,1.0,4
229,56,6,7,7,0.0,4
229,35,3,10,8,0.0,4
229,55,22,3,9,0.0,22
229,69,28,21,10,0.0,4
229,71,3,2,11,0.0,5
229,84,17,16,12,0.0,20
229,77,22,4,13,0.0,6
229,64,27,17,14,0.0,7
229,73,29,20,15,0.0,20
229,79,25,15,16,0.0,20
229,30,6,1,17,0.0,20
229,22,17,6,18,0.0,20
229,83,18,19,19,0.0,4
229,21,18,18,20,0.0,4
229,50,29,12,21,0.0,20
229,85,28,22,22,0.0,82
230,30,6,3,1,10.0,1
230,55,22,4,2,6.0,1
230,35,3,2,3,4.0,1
230,49,15,11,4,3.0,11
230,57,1,10,5,2.0,11
230,64,27,17,6,1.0,12
230,50,29,13,7,0.0,20
230,22,17,7,8,0.0,24
230,77,22,5,9,0.0,20
230,65,15,9,10,0.0,20
230,84,17,15,11,0.0,24
230,63,25,12,12,0.0,2
230,71,3,1,13,0.0,20
230,79,25,16,14,0.0,10
230,56,6,6,15,0.0,20
230,44,27,8,16,0.0,4
230,21,18,19,17,0.0,4
230,14,1,14,18,0.0,4
230,73,29,20,19,0.0,4
230,83,18,18,20,0.0,4
230,69,28,21,21,0.0,77
230,85,28,22,22,0.0,77
231,71,3,1,1,10.0,1
231,35,3,2,2,6.0,1
231,55,22,4,3,4.0,1
231,14,1,10,4,3.0,1
231,57,1,6,5,2.0,11
231,84,17,9,6,1.0,11
231,65,15,15,7,0.0,11
231,21,18,16,8,0.0,12
231,83,18,19,9,0.0,4
231,69,28,20,10,0.0,6
231,77,22,7,11,0.0,20
231,30,6,3,12,0.0,86
231,44,27,11,13,0.0,5
231,63,25,14,14,0.0,5
231,64,27,18,15,0.0,5
231,22,17,8,16,0.0,8
231,85,28,22,17,0.0,10
231,49,15,12,18,0.0,6
231,50,29,13,19,0.0,5
231,73,29,21,20,0.0,4
231,79,25,17,21,0.0,4
231,56,6,5,22,0.0,22
232,71,3,2,1,10.0,1
232,35,3,6,2,6.0,1
232,55,22,3,3,4.0,1
232,77,22,4,4,3.0,1
232,57,1,5,5,2.0,1
232,14,1,7,6,1.0,11
232,44,27,9,7,0.0,11
232,84,17,8,8,0.0,11
232,22,17,10,9,0.0,11
232,63,25,13,10,0.0,12
232,73,29,19,11,0.0,13
232,83,18,18,12,0.0,13
232,65,15,16,13,0.0,2
232,49,15,12,14,0.0,37
232,79,25,14,15,0.0,5
232,69,28,20,16,0.0,69
232,64,27,11,17,0.0,5
232,50,29,15,18,0.0,38
232,56,6,22,19,0.0,6
232,21,18,17,20,0.0,48
232,85,28,21,21,0.0,10
232,30,6,1,22,0.0,5
233,35,3,2,1,10.0,1
233,77,22,7,2,6.0,1
233,57,1,4,3,4.0,1
233,22,17,6,4,3.0,1
233,14,1,9,5,2.0,1
233,84,17,8,6,1.0,11
233,63,25,14,7,0.0,11
233,49,15,11,8,0.0,11
233,65,15,13,9,0.0,11
233,50,29,15,10,0.0,11
233,21,18,18,11,0.0,12
233,55,22,5,12,0.0,23
233,44,27,16,13,0.0,64
233,64,27,17,14,0.0,5
233,71,3,1,15,0.0,36
233,83,18,19,16,0.0,6
233,73,29,20,17,0.0,10
233,79,25,12,18,0.0,5
233,56,6,10,19,0.0,24
233,30,6,3,20,0.0,9
233,85,28,21,21,0.0,81
233,69,28,22,22,0.0,81
234,71,3,1,1,10.0,1
234,55,22,5,2,6.0,1
234,35,3,6,3,4.0,1
234,30,6,3,4,3.0,1
234,14,1,7,5,2.0,1
234,22,17,9,6,1.0,1
234,44,27,12,7,0.0,1
234,49,15,13,8,0.0,11
234,63,25,15,9,0.0,11
234,84,17,10,10,0.0,11
234,73,29,19,11,0.0,11
234,83,18,18,12,0.0,12
234,77,22,2,13,0.0,5
234,56,6,8,14,0.0,5
234,65,15,14,15,0.0,76
234,64,27,11,16,0.0,5
234,79,25,16,17,0.0,20
234,57,1,4,18,0.0,6
234,50,29,17,19,0.0,4
234,86,18,0,20,0.0,81
235,35,3,3,1,10.0,1
235,71,3,2,2,6.0,1
235,55,22,5,3,4.0,1
235,57,1,7,4,3.0,11
235,44,27,11,5,2.0,11
235,22,17,13,6,1.0,12
235,79,25,14,7,0.0,13
235,73,29,18,8,0.0,13
235,30,6,1,9,0.0,37
235,86,18,20,10,0.0,20
235,77,22,6,11,0.0,5
235,49,15,10,12,0.0,10
235,65,15,8,13,0.0,5
235,56,6,4,14,0.0,6
235,83,18,19,15,0.0,22
235,14,1,9,16,0.0,5
235,50,29,17,17,0.0,20
235,84,17,12,18,0.0,20
235,64,27,15,19,0.0,4
235,63,25,16,20,0.0,4
236,30,6,3,1,10.0,1
236,35,3,1,2,6.0,1
236,57,1,6,3,4.0,1
236,55,22,7,4,3.0,1
236,71,3,2,5,2.0,1
236,77,22,5,6,1.0,1
236,63,25,13,7,0.0,1
236,79,25,17,8,0.0,1
236,73,29,18,9,0.0,11
236,83,18,19,10,0.0,11
236,14,1,4,11,0.0,20
236,84,17,8,12,0.0,5
236,56,6,9,13,0.0,6
236,22,17,10,14,0.0,22
236,64,27,15,15,0.0,10
236,50,29,16,16,0.0,3
236,49,15,11,17,0.0,4
236,65,15,12,18,0.0,4
236,44,27,14,19,0.0,4
236,86,18,0,20,0.0,81
237,30,6,3,1,10.0,1
237,55,22,6,2,6.0,1
237,57,1,4,3,4.0,1
237,84,17,9,4,3.0,1
237,22,17,10,5,2.0,1
237,64,27,14,6,1.0,11
237,35,3,2,7,0.0,11
237,50,29,15,8,0.0,11
237,65,15,12,9,0.0,5
237,79,25,16,10,0.0,12
237,73,29,19,11,0.0,20
237,56,6,7,12,0.0,20
237,83,18,18,13,0.0,5
237,63,25,17,14,0.0,5
237,49,15,13,15,0.0,20
237,71,3,1,16,0.0,20
237,86,18,20,17,0.0,5
237,77,22,8,18,0.0,9
237,44,27,11,19,0.0,20
237,14,1,5,20,0.0,20
238,35,3,2,1,10.0,1
238,71,3,1,2,6.0,1
238,30,6,4,3,4.0,1
238,55,22,3,4,3.0,1
238,56,6,6,5,2.0,1
238,77,22,5,6,1.0,1
238,49,15,11,7,0.0,11
238,65,15,12,8,0.0,11
238,84,17,10,9,0.0,11
238,44,27,15,10,0.0,11
238,63,25,13,11,0.0,11
238,79,25,14,12,0.0,12
238,14,1,8,13,0.0,12
238,73,29,17,14,0.0,13
238,86,18,20,15,0.0,15
238,83,18,19,16,0.0,15
238,57,1,7,17,0.0,4
238,50,29,16,18,0.0,5
238,64,27,18,19,0.0,4
238,22,17,9,20,0.0,20
239,71,3,2,1,10.0,1
239,30,6,3,2,6.0,1
239,57,1,5,3,4.0,1
239,77,22,4,4,3.0,1
239,84,17,10,5,2.0,1
239,49,15,7,6,1.0,1
239,44,27,12,7,0.0,1
239,14,1,8,8,0.0,1
239,22,17,11,9,0.0,1
239,65,15,13,10,0.0,1
239,50,29,17,11,0.0,11
239,83,18,18,12,0.0,12
239,73,29,19,13,0.0,12
239,56,6,6,14,0.0,4
239,79,25,14,15,0.0,5
239,35,3,1,16,0.0,36
239,63,25,15,17,0.0,5
239,64,27,16,18,0.0,20
239,55,22,9,19,0.0,20
239,86,18,20,20,0.0,81
240,30,22,2,1,10.0,1
240,14,3,3,2,6.0,1
240,77,6,5,3,4.0,11
240,57,1,7,4,3.0,11
240,55,6,6,5,2.0,11
240,87,1,9,6,1.0,11
240,63,25,12,7,0.0,12
240,88,27,15,8,0.0,12
240,85,30,22,9,0.0,16
240,64,28,25,10,0.0,17
240,81,29,13,11,0.0,5
240,89,29,21,12,0.0,5
240,69,18,18,13,0.0,5
240,90,28,23,14,0.0,20
240,91,15,19,15,0.0,10
240,71,3,1,16,0.0,6
240,65,22,4,17,0.0,4
240,92,30,20,18,0.0,6
240,22,17,16,19,0.0,6
240,50,31,24,20,0.0,6
240,79,25,11,21,0.0,20
240,56,17,8,22,0.0,8
240,93,31,26,23,0.0,38
240,49,15,14,24,0.0,10
240,44,27,10,25,0.0,4
240,94,18,17,26,0.0,6
241,71,3,2,1,10.0,1
241,55,6,6,2,6.0,1
241,30,22,3,3,4.0,1
241,65,22,11,4,3.0,11
241,49,15,9,5,2.0,12
241,77,6,8,6,1.0,12
241,44,27,18,7,0.0,12
241,79,25,15,8,0.0,13
241,93,31,20,9,0.0,14
241,64,28,25,10,0.0,62
241,90,28,24,11,0.0,62
241,63,25,7,12,0.0,4
241,88,27,19,13,0.0,4
241,94,18,16,14,0.0,20
241,81,29,12,15,0.0,10
241,89,29,26,16,0.0,20
241,22,17,10,17,0.0,51
241,50,31,14,18,0.0,6
241,14,3,1,19,0.0,10
241,87,1,17,20,0.0,44
241,56,17,4,21,0.0,5
241,85,30,22,22,0.0,4
241,57,1,5,23,0.0,4
241,92,30,23,24,0.0,4
241,91,15,21,25,0.0,4
241,69,18,13,26,0.0,4
242,71,3,4,1,10.0,1
242,55,6,5,2,6.0,1
242,77,6,2,3,4.0,1
242,14,3,3,4,3.0,1
242,57,1,6,5,2.0,11
242,49,15,14,6,1.0,11
242,65,22,8,7,0.0,12
242,56,17,7,8,0.0,12
242,44,27,12,9,0.0,12
242,95,1,9,10,0.0,12
242,88,27,16,11,0.0,13
242,94,18,18,12,0.0,14
242,81,29,11,13,0.0,14
242,69,18,20,14,0.0,14
242,64,28,26,15,0.0,62
242,90,28,25,16,0.0,62
242,91,15,21,17,0.0,36
242,92,30,22,18,0.0,6
242,93,31,23,19,0.0,22
242,22,17,10,20,0.0,7
242,79,25,15,21,0.0,20
242,63,25,13,22,0.0,5
242,85,30,24,23,0.0,6
242,50,31,17,24,0.0,6
242,89,29,19,25,0.0,20
242,30,22,1,26,0.0,20
243,30,22,1,1,10.0,1
243,65,22,7,2,6.0,1
243,77,6,3,3,4.0,1
243,71,3,5,4,3.0,1
243,56,17,6,5,2.0,11
243,44,27,15,6,1.0,11
243,22,17,8,7,0.0,11
243,49,15,12,8,0.0,11
243,84,27,11,9,0.0,11
243,63,25,13,10,0.0,11
243,81,29,14,11,0.0,12
243,50,31,16,12,0.0,12
243,91,15,20,13,0.0,12
243,94,18,19,14,0.0,13
243,93,31,22,15,0.0,14
243,79,25,17,16,0.0,5
243,14,3,4,17,0.0,6
243,57,1,9,18,0.0,69
243,89,29,18,19,0.0,7
243,92,30,24,20,0.0,42
243,90,28,25,21,0.0,25
243,55,6,2,22,0.0,5
243,69,18,21,23,0.0,6
243,95,1,10,24,0.0,64
243,64,28,26,25,0.0,6
243,85,30,23,26,0.0,54
244,30,22,2,1,10.0,1
244,71,3,1,2,6.0,1
244,77,6,4,3,4.0,1
244,65,22,7,4,3.0,11
244,87,1,10,5,2.0,11
244,49,15,14,6,1.0,12
244,94,18,18,7,0.0,12
244,96,15,19,8,0.0,14
244,81,29,13,9,0.0,14
244,64,28,22,10,0.0,16
244,69,18,16,11,0.0,22
244,44,27,12,12,0.0,20
244,63,25,17,13,0.0,6
244,22,17,11,14,0.0,37
244,92,30,21,15,0.0,6
244,55,6,5,16,0.0,20
244,84,27,8,17,0.0,20
244,89,29,26,18,0.0,6
244,79,25,15,19,0.0,20
244,85,30,25,20,0.0,2
244,56,17,9,21,0.0,20
244,14,3,3,22,0.0,6
244,90,28,24,23,0.0,23
244,57,1,6,24,0.0,5
244,50,31,23,25,0.0,6
244,93,31,20,26,0.0,54
245,55,6,5,1,10.0,1
245,22,17,9,2,6.0,1
245,56,17,8,3,4.0,1
245,44,27,11,4,3.0,1
245,30,22,1,5,2.0,1
245,81,29,13,6,1.0,11
245,63,25,15,7,0.0,11
245,69,18,19,8,0.0,11
245,89,29,22,9,0.0,12
245,84,27,14,10,0.0,4
245,77,6,4,11,0.0,4
245,94,18,17,12,0.0,37
245,90,28,23,13,0.0,69
245,71,3,2,14,0.0,6
245,87,1,10,15,0.0,5
245,79,25,16,16,0.0,5
245,92,30,20,17,0.0,84
245,49,15,12,18,0.0,5
245,64,28,24,19,0.0,6
245,96,15,18,20,0.0,20
245,85,30,21,21,0.0,6
245,14,3,3,22,0.0,20
245,65,22,6,23,0.0,4
245,57,1,7,24,0.0,4
246,30,22,2,1,10.0,1
246,71,3,1,2,6.0,1
246,14,3,3,3,4.0,1
246,84,27,9,4,3.0,1
246,55,6,4,5,2.0,1
246,22,17,5,6,1.0,11
246,57,1,8,7,0.0,11
246,44,27,6,8,0.0,11
246,56,17,11,9,0.0,11
246,49,15,12,10,0.0,11
246,87,1,13,11,0.0,12
246,77,6,7,12,0.0,12
246,69,18,17,13,0.0,13
246,81,29,16,14,0.0,13
246,63,25,14,15,0.0,13
246,90,28,24,16,0.0,16
246,85,30,21,17,0.0,62
246,96,15,15,18,0.0,6
246,92,30,22,19,0.0,6
246,94,18,20,20,0.0,6
246,65,22,10,21,0.0,20
246,89,29,18,22,0.0,4
246,79,25,19,23,0.0,4
246,64,28,23,24,0.0,20
247,65,22,5,1,10.0,1
247,55,6,6,2,6.0,1
247,14,3,3,3,4.0,1
247,44,27,13,4,3.0,1
247,87,1,10,5,2.0,1
247,49,15,12,6,1.0,11
247,94,18,15,7,0.0,11
247,63,25,23,8,0.0,11
247,96,15,16,9,0.0,11
247,69,18,18,10,0.0,11
247,22,17,9,11,0.0,4
247,92,30,21,12,0.0,13
247,90,28,22,13,0.0,5
247,30,22,2,14,0.0,4
247,71,3,1,15,0.0,4
247,97,29,17,16,0.0,20
247,79,25,14,17,0.0,60
247,85,30,24,18,0.0,20
247,57,1,8,19,0.0,10
247,77,6,4,20,0.0,36
247,84,27,11,21,0.0,20
247,89,29,19,22,0.0,20
247,64,28,20,23,0.0,6
247,56,17,7,24,0.0,10
248,30,22,2,1,10.0,1
248,14,3,3,2,6.0,1
248,77,6,4,3,4.0,1
248,65,22,9,4,3.0,1
248,96,15,14,5,2.0,11
248,88,27,18,6,1.0,11
248,79,25,17,7,0.0,11
248,85,30,23,8,0.0,13
248,56,17,6,9,0.0,14
248,57,1,7,10,0.0,5
248,49,15,11,11,0.0,5
248,69,18,16,12,0.0,44
248,86,30,24,13,0.0,6
248,90,28,22,14,0.0,86
248,22,17,5,15,0.0,5
248,87,1,8,16,0.0,5
248,44,27,12,17,0.0,47
248,55,6,10,18,0.0,5
248,94,18,20,19,0.0,5
248,89,29,19,20,0.0,6
248,64,28,21,21,0.0,23
248,71,3,1,22,0.0,20
248,63,25,13,23,0.0,8
248,97,29,15,24,0.0,6
249,71,3,1,1,10.0,1
249,14,3,2,2,6.0,1
249,77,6,4,3,4.0,11
249,65,22,9,4,3.0,11
249,49,15,11,5,2.0,11
249,44,27,10,6,1.0,11
249,22,17,14,7,0.0,11
249,69,18,12,8,0.0,12
249,83,18,15,9,0.0,13
249,96,15,19,10,0.0,13
249,30,22,3,11,0.0,5
249,85,30,22,12,0.0,14
249,56,17,7,13,0.0,8
249,84,27,8,14,0.0,5
249,63,25,16,15,0.0,37
249,87,1,13,16,0.0,95
249,79,25,17,17,0.0,20
249,97,29,20,18,0.0,23
249,55,6,6,19,0.0,23
249,64,28,23,20,0.0,5
249,89,29,18,21,0.0,5
249,90,28,21,22,0.0,6
249,86,30,24,23,0.0,20
249,57,1,5,24,0.0,5
250,30,22,16,1,10.0,1
250,71,3,8,2,6.0,1
250,84,27,13,3,4.0,1
250,49,15,10,4,3.0,1
250,87,1,6,5,2.0,1
250,22,17,12,6,1.0,1
250,65,22,4,7,0.0,1
250,63,25,11,8,0.0,1
250,44,27,9,9,0.0,1
250,83,18,17,10,0.0,1
250,96,15,14,11,0.0,11
250,89,29,18,12,0.0,11
250,64,28,24,13,0.0,12
250,90,28,22,14,0.0,12
250,79,25,15,15,0.0,20
250,86,30,23,16,0.0,6
250,69,18,19,17,0.0,20
250,77,6,1,18,0.0,10
250,56,17,7,19,0.0,42
250,97,29,20,20,0.0,20
250,85,30,21,21,0.0,60
250,14,3,5,22,0.0,6
250,55,6,2,23,0.0,22
250,57,1,3,24,0.0,20
251,65,22,8,1,10.0,1
251,57,1,7,2,6.0,1
251,49,15,10,3,4.0,1
251,87,1,9,4,3.0,1
251,63,25,16,5,2.0,11
251,96,15,14,6,1.0,11
251,97,29,15,7,0.0,11
251,89,29,20,8,0.0,11
251,64,28,23,9,0.0,13
251,79,25,17,10,0.0,16
251,55,6,5,11,0.0,67
251,22,17,6,12,0.0,8
251,56,17,12,13,0.0,5
251,77,6,3,14,0.0,22
251,69,18,18,15,0.0,20
251,30,22,2,16,0.0,4
251,71,3,4,17,0.0,4
251,44,27,13,18,0.0,20
251,14,3,1,19,0.0,20
251,84,27,11,20,0.0,29
251,86,30,24,21,0.0,20
251,83,18,19,22,0.0,7
251,85,30,21,23,0.0,3
251,90,28,22,24,0.0,3
252,14,3,1,1,10.0,1
252,30,22,3,2,6.0,1
252,71,3,2,3,4.0,1
252,77,6,4,4,3.0,1
252,55,6,7,5,2.0,1
252,49,15,5,6,1.0,11
252,65,22,6,7,0.0,11
252,84,27,9,8,0.0,11
252,87,1,12,9,0.0,11
252,56,17,10,10,0.0,11
252,22,17,8,11,0.0,11
252,96,15,14,12,0.0,11
252,63,25,15,13,0.0,12
252,69,18,18,14,0.0,13
252,89,29,19,15,0.0,13
252,64,28,22,16,0.0,15
252,90,28,23,17,0.0,17
252,85,30,21,18,0.0,6
252,57,1,13,19,0.0,5
252,98,30,24,20,0.0,68
252,44,27,11,21,0.0,20
252,83,18,17,22,0.0,6
252,79,25,16,23,0.0,4
252,97,29,20,24,0.0,6
253,30,22,3,1,10.0,1
253,55,6,6,2,6.0,1
253,14,3,1,3,4.0,1
253,22,17,11,4,3.0,11
253,65,22,7,5,2.0,11
253,56,17,5,6,1.0,11
253,84,27,12,7,0.0,11
253,57,1,9,8,0.0,12
253,83,18,16,9,0.0,13
253,63,25,15,10,0.0,13
253,69,18,18,11,0.0,13
253,97,29,17,12,0.0,13
253,64,28,22,13,0.0,15
253,99,25,19,14,0.0,16
253,98,30,24,15,0.0,17
253,71,3,2,16,0.0,20
253,85,30,20,17,0.0,60
253,96,15,13,18,0.0,4
253,77,6,4,19,0.0,10
253,90,28,23,20,0.0,86
253,49,15,8,21,0.0,20
253,44,27,14,22,0.0,20
253,87,1,10,23,0.0,3
253,89,29,21,24,0.0,10
254,30,22,3,1,10.0,1
254,14,3,1,2,6.0,1
254,71,3,2,3,4.0,1
254,77,6,5,4,3.0,11
254,55,6,4,5,2.0,11
254,65,22,7,6,1.0,11
254,49,15,8,7,0.0,11
254,44,27,9,8,0.0,12
254,87,1,10,9,0.0,12
254,76,1,12,10,0.0,12
254,56,17,6,11,0.0,12
254,63,25,18,12,0.0,13
254,83,18,14,13,0.0,13
254,79,25,17,14,0.0,13
254,69,18,16,15,0.0,13
254,90,28,22,16,0.0,15
254,64,28,21,17,0.0,16
254,22,17,11,18,0.0,10
254,81,29,19,19,0.0,5
254,89,29,20,20,0.0,10
254,85,30,23,21,0.0,6
254,88,27,13,22,0.0,20
254,96,15,15,23,0.0,20
254,92,30,24,24,0.0,6
255,30,22,1,1,10.0,1
255,57,1,3,2,6.0,1
255,65,22,9,3,4.0,1
255,56,17,7,4,3.0,1
255,44,27,11,5,2.0,11
255,63,25,12,6,1.0,11
255,87,1,23,7,0.0,11
255,49,15,8,8,0.0,11
255,69,18,17,9,0.0,12
255,91,15,15,10,0.0,12
255,83,18,16,11,0.0,12
255,89,29,18,12,0.0,12
255,71,3,4,13,0.0,20
255,14,3,6,14,0.0,20
255,64,28,20,15,0.0,20
255,55,6,2,16,0.0,5
255,85,30,19,17,0.0,20
255,77,6,5,18,0.0,10
255,22,17,10,19,0.0,20
255,79,25,13,20,0.0,20
255,92,30,22,21,0.0,86
255,90,28,21,22,0.0,6
255,81,29,14,23,0.0,20
255,88,27,0,24,0.0,3
256,71,3,1,1,10.0,1
256,44,27,12,2,6.0,12
256,81,29,13,3,4.0,12
256,87,1,10,4,3.0,12
256,63,25,14,5,2.0,13
256,83,18,17,6,1.0,13
256,64,28,21,7,0.0,14
256,92,30,23,8,0.0,15
256,79,25,16,9,0.0,5
256,65,22,8,10,0.0,7
256,56,17,9,11,0.0,5
256,49,15,6,12,0.0,6
256,77,6,4,13,0.0,5
256,84,27,11,14,0.0,20
256,30,22,3,15,0.0,4
256,55,6,5,16,0.0,4
256,90,28,20,17,0.0,20
256,22,17,7,18,0.0,20
256,14,3,2,19,0.0,3
256,89,29,19,20,0.0,20
256,91,15,18,21,0.0,68
256,85,30,22,22,0.0,6
256,69,18,15,23,0.0,10
256,57,1,24,24,0.0,73
257,30,22,2,1,10.0,1
257,71,3,4,2,6.0,11
257,55,6,3,3,4.0,11
257,22,17,14,4,3.0,11
257,79,25,10,5,2.0,12
257,91,15,7,6,1.0,12
257,65,32,21,7,0.0,12
257,94,18,15,8,0.0,12
257,100,33,13,9,0.0,13
257,83,32,24,10,0.0,13
257,44,27,19,11,0.0,13
257,101,31,26,12,0.0,14
257,102,3,1,13,0.0,20
257,84,1,18,14,0.0,4
257,56,17,16,15,0.0,4
257,50,22,9,16,0.0,4
257,103,27,20,17,0.0,4
257,87,25,12,18,0.0,20
257,104,29,11,19,0.0,6
257,49,15,5,20,0.0,20
257,57,1,8,21,0.0,5
257,105,18,22,22,0.0,5
257,81,29,6,23,0.0,6
257,77,6,17,24,0.0,5
257,106,33,23,25,0.0,3
257,92,30,25,26,0.0,3
257,107,31,27,27,0.0,81
257,108,30,28,28,0.0,81
258,30,22,2,1,10.0,1
258,77,6,5,2,6.0,1
258,22,17,8,3,4.0,11
258,104,29,9,4,3.0,11
258,49,15,11,5,2.0,11
258,100,33,16,6,1.0,13
258,65,32,23,7,0.0,13
258,83,32,24,8,0.0,14
258,44,27,22,9,0.0,15
258,103,27,18,10,0.0,15
258,107,31,26,11,0.0,15
258,81,29,13,12,0.0,5
258,91,15,19,13,0.0,4
258,105,18,15,14,0.0,4
258,84,1,6,15,0.0,25
258,94,18,17,16,0.0,20
258,50,22,10,17,0.0,20
258,71,3,3,18,0.0,7
258,88,17,20,19,0.0,38
258,79,25,14,20,0.0,5
258,57,1,4,21,0.0,6
258,106,33,21,22,0.0,10
258,101,31,25,23,0.0,10
258,102,3,1,24,0.0,4
258,78,6,7,25,0.0,4
258,87,25,12,26,0.0,4
258,92,30,0,27,0.0,81
258,108,30,0,28,0.0,81
259,30,22,2,1,10.0,1
259,78,6,6,2,6.0,1
259,57,1,8,3,4.0,1
259,91,15,10,4,3.0,1
259,79,25,9,5,2.0,11
259,71,3,4,6,1.0,11
259,49,15,7,7,0.0,11
259,84,1,13,8,0.0,11
259,87,25,12,9,0.0,12
259,65,32,20,10,0.0,12
259,44,27,19,11,0.0,12
259,103,27,17,12,0.0,13
259,104,29,16,13,0.0,20
259,110,17,21,14,0.0,20
259,105,18,15,15,0.0,36
259,81,29,11,16,0.0,5
259,94,18,14,17,0.0,20
259,101,31,24,18,0.0,20
259,92,30,25,19,0.0,5
259,106,33,23,20,0.0,5
259,77,6,3,21,0.0,22
259,102,3,1,22,0.0,3
259,100,33,18,23,0.0,54
259,109,22,5,24,0.0,4
259,83,32,22,25,0.0,4
259,107,31,0,26,0.0,3
259,22,17,0,27,0.0,82
259,108,30,0,28,0.0,81
260,30,22,1,1,10.0,1
260,84,1,8,2,6.0,1
260,77,6,3,3,4.0,1
260,110,17,14,4,3.0,11
260,55,6,5,5,2.0,11
260,105,18,12,6,1.0,11
260,109,22,17,7,0.0,11
260,106,33,18,8,0.0,12
260,44,27,20,9,0.0,12
260,100,33,13,10,0.0,13
260,83,32,19,11,0.0,15
260,65,32,16,12,0.0,6
260,108,30,24,13,0.0,68
260,92,30,23,14,0.0,6
260,104,29,6,15,0.0,6
260,101,31,22,16,0.0,5
260,87,25,10,17,0.0,5
260,79,25,11,18,0.0,6
260,103,27,21,19,0.0,20
260,22,17,15,20,0.0,10
260,57,1,2,21,0.0,4
260,71,3,4,22,0.0,4
260,81,29,7,23,0.0,4
260,94,18,9,24,0.0,4
260,49,15,0,25,0.0,54
260,91,15,0,26,0.0,82
261,71,3,2,1,10.0,1
261,30,22,1,2,6.0,1
261,87,25,11,3,4.0,1
261,55,6,6,4,3.0,11
261,94,18,18,5,2.0,11
261,56,17,13,6,1.0,11
261,44,27,19,7,0.0,12
261,103,27,20,8,0.0,13
261,70,32,23,9,0.0,13
261,101,31,24,10,0.0,14
261,84,1,8,11,0.0,7
261,109,22,4,12,0.0,5
261,57,1,3,13,0.0,5
261,65,32,22,14,0.0,20
261,22,17,5,15,0.0,20
261,104,29,21,16,0.0,5
261,14,3,9,17,0.0,10
261,92,30,25,18,0.0,41
261,77,6,7,19,0.0,6
261,81,29,15,20,0.0,69
261,49,15,12,21,0.0,6
261,100,33,16,22,0.0,21
261,79,25,10,23,0.0,5
261,105,18,14,24,0.0,5
261,108,30,26,25,0.0,20
261,106,33,17,26,0.0,5
261,85,31,0,27,0.0,82
262,30,22,1,1,10.0,1
262,71,3,4,2,6.0,1
262,55,6,2,3,4.0,1
262,77,6,3,4,3.0,1
262,14,3,5,5,2.0,11
262,109,22,20,6,1.0,11
262,22,17,6,7,0.0,11
262,65,32,17,8,0.0,11
262,94,18,15,9,0.0,11
262,87,25,13,10,0.0,20
262,105,18,18,11,0.0,12
262,44,27,19,12,0.0,12
262,103,27,24,13,0.0,13
262,101,31,25,14,0.0,14
262,70,32,23,15,0.0,17
262,104,29,16,16,0.0,2
262,57,1,7,17,0.0,5
262,106,33,22,18,0.0,5
262,81,29,11,19,0.0,7
262,92,30,26,20,0.0,51
262,100,33,21,21,0.0,8
262,79,25,9,22,0.0,3
262,56,17,8,23,0.0,20
262,110,15,14,24,0.0,51
262,49,15,10,25,0.0,20
262,84,1,12,26,0.0,10
262,108,30,0,27,0.0,81
263,30,22,3,1,10.0,1
263,71,3,1,2,6.0,1
263,77,6,5,3,4.0,1
263,49,15,10,4,3.0,11
263,94,18,16,5,2.0,12
263,110,15,11,6,1.0,12
263,65,32,19,7,0.0,12
263,104,29,18,8,0.0,12
263,111,31,26,9,0.0,14
263,87,25,17,10,0.0,15
263,100,33,20,11,0.0,5
263,79,25,14,12,0.0,20
263,57,1,9,13,0.0,5
263,95,3,2,14,0.0,6
263,55,6,4,15,0.0,4
263,22,17,7,16,0.0,4
263,103,27,15,17,0.0,6
263,106,33,25,18,0.0,5
263,84,1,12,19,0.0,5
263,81,29,22,20,0.0,4
263,44,27,13,21,0.0,4
263,101,31,24,22,0.0,7
263,50,22,8,23,0.0,20
263,56,17,6,24,0.0,6
263,105,18,21,25,0.0,5
263,70,32,23,26,0.0,5
263,108,30,0,27,0.0,81
263,92,30,0,28,0.0,81
264,71,3,1,1,10.0,1
264,55,6,4,2,6.0,1
264,57,1,5,3,4.0,1
264,22,17,6,4,3.0,1
264,14,3,7,5,2.0,11
264,79,25,8,6,1.0,11
264,49,15,13,7,0.0,11
264,50,22,10,8,0.0,11
264,104,29,20,9,0.0,12
264,94,18,14,10,0.0,12
264,65,32,21,11,0.0,12
264,44,27,15,12,0.0,12
264,103,27,23,13,0.0,12
264,106,33,24,14,0.0,12
264,101,31,25,15,0.0,13
264,111,31,26,16,0.0,13
264,30,22,2,17,0.0,2
264,105,18,17,18,0.0,5
264,77,6,3,19,0.0,5
264,87,25,11,20,0.0,6
264,100,33,22,21,0.0,5
264,110,15,18,22,0.0,5
264,81,29,16,23,0.0,5
264,70,32,19,24,0.0,5
264,84,1,9,25,0.0,5
264,56,17,12,26,0.0,5
264,92,30,0,27,0.0,81
264,108,30,0,28,0.0,81
265,77,6,1,1,10.0,1
265,44,27,12,2,6.0,1
265,103,27,14,3,4.0,1
265,104,29,17,4,3.0,1
265,81,29,16,5,2.0,1
265,100,33,22,6,1.0,1
265,106,33,24,7,0.0,11
265,71,3,3,8,0.0,11
265,111,31,26,9,0.0,5
265,101,31,25,10,0.0,8
265,30,22,4,11,0.0,5
265,84,1,13,12,0.0,5
265,14,3,6,13,0.0,10
265,50,22,19,14,0.0,42
265,79,25,5,15,0.0,37
265,55,6,2,16,0.0,10
265,87,25,7,17,0.0,4
265,57,1,8,18,0.0,4
265,49,15,9,19,0.0,4
265,56,17,10,20,0.0,4
265,22,17,11,21,0.0,4
265,65,32,15,22,0.0,4
265,110,15,18,23,0.0,4
265,94,18,20,24,0.0,4
265,70,32,21,25,0.0,4
265,105,18,23,26,0.0,4
265,92,30,0,27,0.0,81
265,108,30,0,28,0.0,81
266,30,22,1,1,10.0,1
266,71,3,2,2,6.0,1
266,50,22,12,3,4.0,1
266,84,1,6,4,3.0,10
266,87,25,11,5,2.0,11
266,44,27,9,6,1.0,11
266,105,18,20,7,0.0,12
266,100,33,21,8,0.0,12
266,106,33,25,9,0.0,12
266,103,27,18,10,0.0,12
266,101,31,23,11,0.0,13
266,77,6,4,12,0.0,5
266,70,32,22,13,0.0,15
266,104,29,16,14,0.0,7
266,14,3,3,15,0.0,20
266,55,6,13,16,0.0,6
266,94,18,15,17,0.0,20
266,49,15,8,18,0.0,6
266,65,32,24,19,0.0,10
266,110,15,17,20,0.0,4
266,81,29,19,21,0.0,4
266,112,1,14,22,0.0,47
266,111,31,26,23,0.0,64
266,79,25,5,24,0.0,4
266,56,17,7,25,0.0,4
266,22,17,10,26,0.0,4
266,92,30,0,27,0.0,81
266,108,30,0,28,0.0,81
267,71,3,3,1,10.0,1
267,57,1,8,2,6.0,1
267,50,22,6,3,4.0,1
267,14,3,7,4,3.0,1
267,87,25,12,5,2.0,11
267,81,29,14,6,1.0,11
267,44,27,17,7,0.0,11
267,94,18,10,8,0.0,11
267,105,18,18,9,0.0,11
267,103,27,16,10,0.0,12
267,111,31,25,11,0.0,12
267,65,32,20,12,0.0,13
267,56,17,4,13,0.0,91
267,30,22,2,14,0.0,2
267,104,29,24,15,0.0,5
267,101,31,21,16,0.0,36
267,110,15,15,17,0.0,37
267,84,1,13,18,0.0,20
267,22,17,1,19,0.0,20
267,79,25,23,20,0.0,5
267,113,32,26,21,0.0,20
267,77,6,11,22,0.0,5
267,112,33,19,23,0.0,5
267,49,15,9,24,0.0,86
267,100,33,22,25,0.0,5
267,55,6,5,26,0.0,5
267,92,30,0,27,0.0,81
267,108,30,0,28,0.0,81
268,71,3,3,1,10.0,1
268,77,6,2,2,6.0,1
268,57,1,7,3,4.0,1
268,22,17,16,4,3.0,1
268,84,1,15,5,2.0,1
268,14,3,5,6,1.0,60
268,103,27,12,7,0.0,11
268,100,33,24,8,0.0,11
268,109,22,20,9,0.0,11
268,44,27,6,10,0.0,12
268,101,31,26,11,0.0,29
268,79,25,14,12,0.0,20
268,104,29,19,13,0.0,5
268,56,17,9,14,0.0,5
268,87,25,21,15,0.0,20
268,94,18,18,16,0.0,20
268,105,18,22,17,0.0,6
268,49,15,11,18,0.0,5
268,110,15,8,19,0.0,5
268,111,31,25,20,0.0,6
268,114,33,23,21,0.0,20
268,55,6,1,22,0.0,6
268,65,32,4,23,0.0,91
268,50,22,10,24,0.0,4
268,70,32,13,25,0.0,4
268,81,29,17,26,0.0,4
268,92,30,0,27,0.0,81
268,108,30,0,28,0.0,81
269,71,3,2,1,10.0,1
269,14,3,3,2,6.0,1
269,57,1,4,3,4.0,1
269,22,17,8,4,3.0,1
269,50,22,10,5,2.0,1
269,84,1,7,6,1.0,1
269,56,17,13,7,0.0,11
269,104,29,11,8,0.0,11
269,81,29,16,9,0.0,11
269,103,27,21,10,0.0,11
269,65,32,20,11,0.0,11
269,94,18,18,12,0.0,12
269,105,18,19,13,0.0,12
269,114,33,23,14,0.0,12
269,111,31,26,15,0.0,14
269,113,32,25,16,0.0,14
269,44,27,15,17,0.0,2
269,87,25,12,18,0.0,5
269,109,22,14,19,0.0,20
269,110,15,17,20,0.0,20
269,55,6,5,21,0.0,4
269,101,31,24,22,0.0,4
269,49,15,9,23,0.0,24
269,100,33,22,24,0.0,22
269,79,25,6,25,0.0,6
269,77,6,1,26,0.0,6
269,92,30,0,27,0.0,81
269,108,30,0,28,0.0,81
270,30,22,1,1,10.0,1
270,71,3,2,2,6.0,1
270,57,1,9,3,4.0,1
270,56,17,10,4,3.0,1
270,77,6,6,5,2.0,11
270,49,15,4,6,1.0,11
270,79,25,13,7,0.0,11
270,65,27,7,8,0.0,11
270,44,27,11,9,0.0,11
270,55,6,16,10,0.0,11
270,81,29,8,11,0.0,11
270,22,17,5,12,0.0,11
270,87,25,14,13,0.0,11
270,105,18,20,14,0.0,12
270,94,18,17,15,0.0,12
270,70,32,21,16,0.0,12
270,104,29,19,17,0.0,13
270,103,32,22,18,0.0,13
270,93,31,26,19,0.0,15
270,95,3,3,20,0.0,20
270,101,31,25,21,0.0,5
270,110,15,18,22,0.0,37
270,100,33,23,23,0.0,91
270,50,22,12,24,0.0,20
270,115,33,24,25,0.0,6
270,84,1,15,26,0.0,5
270,92,30,0,27,0.0,81
270,108,30,0,28,0.0,81
271,71,3,2,1,10.0,1
271,30,22,1,2,6.0,1
271,55,6,7,3,4.0,1
271,95,3,4,4,3.0,1
271,56,17,6,5,2.0,1
271,49,15,3,6,1.0,1
271,57,1,8,7,0.0,1
271,104,29,18,8,0.0,11
271,100,33,22,9,0.0,11
271,63,32,25,10,0.0,11
271,44,27,19,11,0.0,11
271,101,31,24,12,0.0,12
271,70,32,17,13,0.0,12
271,87,25,13,14,0.0,5
271,22,17,10,15,0.0,6
271,84,1,9,16,0.0,20
271,81,29,12,17,0.0,20
271,77,6,11,18,0.0,80
271,116,27,20,19,0.0,4
271,94,18,16,20,0.0,4
271,105,18,21,21,0.0,20
271,65,22,5,22,0.0,20
271,79,25,14,23,0.0,20
271,89,31,26,24,0.0,20
271,109,15,15,25,0.0,5
271,115,33,23,26,0.0,20
271,92,30,0,27,0.0,81
271,108,30,0,28,0.0,81
272,95,3,1,1,10.0,1
272,77,6,11,2,6.0,1
272,84,1,9,3,4.0,1
272,22,17,5,4,3.0,1
272,44,27,12,5,2.0,11
272,55,6,8,6,1.0,11
272,49,15,10,7,0.0,11
272,104,29,19,8,0.0,11
272,94,18,18,9,0.0,12
272,109,15,17,10,0.0,12
272,116,27,20,11,0.0,12
272,57,1,4,12,0.0,23
272,105,18,16,13,0.0,22
272,87,25,13,14,0.0,3
272,98,33,25,15,0.0,6
272,63,32,22,16,0.0,10
272,101,31,24,17,0.0,5
272,70,32,14,18,0.0,37
272,71,3,3,19,0.0,4
272,30,22,2,20,0.0,4
272,93,31,26,21,0.0,6
272,79,25,15,22,0.0,20
272,115,33,23,23,0.0,44
272,81,29,21,24,0.0,44
272,56,17,6,25,0.0,20
272,65,22,7,26,0.0,6
272,92,30,0,27,0.0,81
272,108,30,0,28,0.0,81
273,117,3,1,1,10.0,1
273,102,1,2,2,6.0,1
273,87,27,8,3,4.0,11
273,104,18,13,4,3.0,11
273,109,15,6,5,2.0,12
273,77,6,15,6,1.0,5
273,118,29,22,7,0.0,20
273,84,27,12,8,0.0,20
273,105,26,21,9,0.0,25
273,100,33,19,10,0.0,5
273,119,22,7,11,0.0,20
273,30,22,3,12,0.0,20
273,65,32,17,13,0.0,69
273,91,15,10,14,0.0,5
273,22,17,14,15,0.0,6
273,55,6,5,16,0.0,22
273,112,33,11,17,0.0,20
273,120,18,24,18,0.0,4
273,88,29,20,19,0.0,4
273,69,26,26,20,0.0,6
273,71,3,4,21,0.0,4
273,70,32,16,22,0.0,4
273,121,1,9,23,0.0,4
273,122,17,18,24,0.0,20
273,79,25,21,25,0.0,7
273,110,25,23,26,0.0,7
274,102,1,3,1,10.0,1
274,71,3,2,2,6.0,1
274,30,22,4,3,4.0,1
274,65,32,12,4,3.0,1
274,87,27,10,5,2.0,1
274,70,32,15,6,1.0,11
274,112,33,11,7,0.0,11
274,55,6,9,8,0.0,11
274,118,29,18,9,0.0,12
274,100,33,17,10,0.0,12
274,105,26,25,11,0.0,13
274,69,26,21,12,0.0,13
274,91,15,8,13,0.0,5
274,109,15,7,14,0.0,10
274,110,25,23,15,0.0,69
274,117,3,1,16,0.0,4
274,104,18,20,17,0.0,4
274,88,29,19,18,0.0,20
274,79,25,22,19,0.0,20
274,22,17,14,20,0.0,6
274,119,22,6,21,0.0,22
274,121,1,5,22,0.0,4
274,77,6,13,23,0.0,4
274,84,27,16,24,0.0,4
274,120,18,24,25,0.0,4
274,122,17,26,26,0.0,81
275,102,1,4,1,10.0,1
275,71,3,2,2,6.0,1
275,117,3,1,3,4.0,11
275,65,32,11,4,3.0,11
275,119,22,10,5,2.0,12
275,120,18,20,6,1.0,12
275,104,18,16,7,0.0,13
275,70,32,13,8,0.0,14
275,100,33,17,9,0.0,14
275,22,17,12,10,0.0,69
275,105,26,24,11,0.0,16
275,118,29,14,12,0.0,6
275,123,17,19,13,0.0,37
275,110,25,25,14,0.0,6
275,55,6,9,15,0.0,6
275,88,29,23,16,0.0,6
275,112,33,15,17,0.0,4
275,30,22,3,18,0.0,20
275,87,27,21,19,0.0,20
275,77,6,8,20,0.0,22
275,109,15,7,21,0.0,64
275,79,25,18,22,0.0,8
275,84,27,22,23,0.0,20
275,91,15,5,24,0.0,4
275,121,1,6,25,0.0,4
275,69,26,0,26,0.0,81
276,117,3,1,1,10.0,1
276,30,22,3,2,6.0,1
276,84,27,10,3,4.0,11
276,109,15,16,4,3.0,5
276,112,33,14,5,2.0,12
276,120,18,25,6,1.0,12
276,69,26,24,7,0.0,13
276,65,32,12,8,0.0,5
276,88,29,21,9,0.0,17
276,70,32,20,10,0.0,20
276,91,15,5,11,0.0,5
276,102,1,4,12,0.0,9
276,55,6,9,13,0.0,8
276,104,18,23,14,0.0,38
276,121,1,6,15,0.0,20
276,118,29,15,16,0.0,20
276,79,25,22,17,0.0,5
276,71,3,2,18,0.0,23
276,100,33,17,19,0.0,5
276,110,25,18,20,0.0,6
276,22,17,13,21,0.0,20
276,77,6,8,22,0.0,6
276,123,17,19,23,0.0,6
276,87,27,7,24,0.0,20
276,119,22,11,25,0.0,20
276,105,26,0,26,0.0,81
277,117,3,1,1,10.0,1
277,102,1,3,2,6.0,1
277,30,22,4,3,4.0,1
277,119,22,5,4,3.0,11
277,121,1,7,5,2.0,11
277,77,6,11,6,1.0,12
277,87,27,12,7,0.0,12
277,104,18,20,8,0.0,12
277,100,33,14,9,0.0,12
277,88,29,19,10,0.0,12
277,123,17,21,11,0.0,13
277,22,17,17,12,0.0,13
277,118,29,16,13,0.0,13
277,70,32,15,14,0.0,5
277,109,15,9,15,0.0,5
277,69,26,22,16,0.0,25
277,91,15,6,17,0.0,69
277,110,25,24,18,0.0,2
277,71,3,2,19,0.0,5
277,55,6,8,20,0.0,5
277,120,18,25,21,0.0,20
277,112,33,13,22,0.0,7
277,84,27,18,23,0.0,27
277,79,25,23,24,0.0,20
277,65,32,10,25,0.0,22
277,105,26,0,26,0.0,81
278,102,1,3,1,10.0,1
278,71,3,4,2,6.0,1
278,55,6,5,3,4.0,1
278,117,3,1,4,3.0,11
278,104,18,17,5,2.0,12
278,84,27,13,6,1.0,12
278,70,32,20,7,0.0,12
278,121,1,9,8,0.0,12
278,22,17,16,9,0.0,12
278,110,25,19,10,0.0,12
278,120,18,25,11,0.0,13
278,112,33,15,12,0.0,13
278,91,15,8,13,0.0,14
278,77,6,7,14,0.0,4
278,65,32,14,15,0.0,6
278,119,22,6,16,0.0,5
278,100,33,10,17,0.0,5
278,88,29,18,18,0.0,20
278,118,29,12,19,0.0,37
278,30,22,2,20,0.0,9
278,79,25,22,21,0.0,5
278,105,26,24,22,0.0,6
278,109,15,11,23,0.0,3
278,123,17,23,24,0.0,22
278,87,27,21,25,0.0,20
278,69,26,0,26,0.0,81
279,117,3,1,1,10.0,1
279,30,22,3,2,6.0,1
279,71,3,2,3,4.0,1
279,77,6,5,4,3.0,11
279,84,27,7,5,2.0,11
279,91,15,9,6,1.0,11
279,109,15,11,7,0.0,11
279,100,33,13,8,0.0,11
279,104,18,17,9,0.0,12
279,65,32,20,10,0.0,12
279,70,32,21,11,0.0,12
279,123,17,24,12,0.0,12
279,88,29,16,13,0.0,13
279,121,1,12,14,0.0,13
279,69,26,25,15,0.0,14
279,118,29,18,16,0.0,14
279,79,25,22,17,0.0,15
279,102,1,8,18,0.0,10
279,119,22,4,19,0.0,68
279,110,25,19,20,0.0,20
279,120,18,23,21,0.0,6
279,55,6,6,22,0.0,5
279,87,27,10,23,0.0,20
279,22,17,14,24,0.0,10
279,112,33,15,25,0.0,5
279,105,26,0,26,0.0,81
280,117,3,2,1,10.0,1
280,71,3,1,2,6.0,1
280,30,22,7,3,4.0,1
280,102,1,5,4,3.0,1
280,84,27,3,5,2.0,1
280,121,1,16,6,1.0,11
280,22,17,8,7,0.0,11
280,104,18,23,8,0.0,11
280,112,33,10,9,0.0,12
280,119,22,12,10,0.0,12
280,123,17,20,11,0.0,12
280,88,29,13,12,0.0,12
280,118,29,15,13,0.0,12
280,77,6,14,14,0.0,12
280,110,25,25,15,0.0,14
280,100,33,9,16,0.0,6
280,55,6,6,17,0.0,5
280,69,26,22,18,0.0,22
280,91,15,11,19,0.0,6
280,109,15,18,20,0.0,6
280,87,27,4,21,0.0,20
280,65,32,19,22,0.0,20
280,120,18,24,23,0.0,6
280,79,25,24,24,0.0,6
280,70,32,17,25,0.0,22
280,105,26,0,26,0.0,81
281,117,3,1,1,10.0,1
281,30,22,3,2,6.0,1
281,119,22,5,3,4.0,1
281,65,32,7,4,3.0,1
281,102,1,4,5,2.0,60
281,118,29,8,6,1.0,11
281,87,27,9,7,0.0,11
281,109,15,16,8,0.0,11
281,55,6,12,9,0.0,11
281,22,17,15,10,0.0,11
281,112,33,24,11,0.0,12
281,104,18,19,12,0.0,6
281,79,25,22,13,0.0,14
281,84,27,6,14,0.0,6
281,110,25,21,15,0.0,62
281,71,3,2,16,0.0,5
281,70,32,14,17,0.0,22
281,123,17,23,18,0.0,67
281,69,26,25,19,0.0,10
281,94,18,20,20,0.0,68
281,91,15,18,21,0.0,20
281,77,6,13,22,0.0,22
281,88,29,10,23,0.0,20
281,121,1,11,24,0.0,20
281,100,33,17,25,0.0,86
281,105,26,0,26,0.0,81
282,117,3,1,1,10.0,1
282,30,22,3,2,6.0,1
282,87,27,5,3,4.0,1
282,102,1,4,4,3.0,1
282,119,22,7,5,2.0,1
282,77,6,9,6,1.0,1
282,55,6,10,7,0.0,1
282,84,27,6,8,0.0,11
282,91,15,14,9,0.0,11
282,65,32,13,10,0.0,11
282,104,18,20,11,0.0,11
282,112,33,23,12,0.0,11
282,123,17,24,13,0.0,11
282,94,18,22,14,0.0,11
282,71,3,2,15,0.0,27
282,105,26,26,16,0.0,12
282,118,29,11,17,0.0,13
282,22,17,17,18,0.0,67
282,79,25,21,19,0.0,86
282,109,15,18,20,0.0,20
282,70,32,15,21,0.0,20
282,88,29,8,22,0.0,4
282,121,1,12,23,0.0,4
282,69,26,25,24,0.0,22
282,110,25,19,25,0.0,6
282,100,33,16,26,0.0,6
283,71,3,2,1,10.0,1
283,119,22,5,2,6.0,1
283,77,6,6,3,4.0,1
283,118,29,9,4,3.0,11
283,84,27,13,5,2.0,11
283,91,15,17,6,1.0,11
283,87,27,12,7,0.0,11
283,112,33,19,8,0.0,12
283,123,17,24,9,0.0,12
283,79,25,23,10,0.0,14
283,110,25,22,11,0.0,15
283,117,3,1,12,0.0,17
283,94,18,7,13,0.0,3
283,100,33,18,14,0.0,5
283,70,32,21,15,0.0,6
283,88,29,10,16,0.0,20
283,105,26,25,17,0.0,25
283,65,32,20,18,0.0,20
283,69,26,26,19,0.0,20
283,30,22,3,20,0.0,48
283,104,18,14,21,0.0,22
283,55,6,8,22,0.0,20
283,109,15,15,23,0.0,5
283,102,1,4,24,0.0,37
283,121,1,11,25,0.0,37
283,22,17,16,26,0.0,3
284,71,3,2,1,10.0,1
284,30,22,3,2,6.0,1
284,117,3,1,3,4.0,1
284,102,1,5,4,3.0,1
284,65,32,10,5,2.0,11
284,119,22,8,6,1.0,11
284,84,27,11,7,0.0,11
284,121,1,14,8,0.0,11
284,109,15,9,9,0.0,11
284,77,6,16,10,0.0,4
284,87,27,15,11,0.0,4
284,112,33,18,12,0.0,12
284,69,26,24,13,0.0,12
284,105,26,25,14,0.0,13
284,79,25,23,15,0.0,14
284,100,33,19,16,0.0,48
284,118,29,7,17,0.0,5
284,91,15,12,18,0.0,5
284,110,25,17,19,0.0,5
284,104,18,22,20,0.0,20
284,94,18,21,21,0.0,20
284,88,29,6,22,0.0,6
284,22,17,12,23,0.0,67
284,55,6,4,24,0.0,22
284,123,17,20,25,0.0,6
284,70,32,26,26,0.0,82
285,71,3,2,1,10.0,1
285,55,6,3,2,6.0,1
285,121,1,9,3,4.0,11
285,91,15,15,4,3.0,11
285,119,22,10,5,2.0,11
285,100,33,20,6,1.0,11
285,94,18,22,7,0.0,12
285,104,18,24,8,0.0,12
285,112,33,16,9,0.0,12
285,69,26,25,10,0.0,12
285,83,32,26,11,0.0,10
285,117,3,1,12,0.0,5
285,110,25,18,13,0.0,51
285,79,25,17,14,0.0,16
285,105,26,21,15,0.0,22
285,30,22,5,16,0.0,5
285,87,27,14,17,0.0,20
285,77,6,6,18,0.0,22
285,65,32,7,19,0.0,20
285,84,27,12,20,0.0,4
285,102,1,4,21,0.0,4
285,88,29,8,22,0.0,4
285,118,29,11,23,0.0,4
285,109,15,13,24,0.0,4
285,22,17,19,25,0.0,4
285,124,17,23,26,0.0,4
286,30,22,6,1,10.0,1
286,117,3,2,2,6.0,1
286,71,3,1,3,4.0,1
286,55,6,5,4,3.0,1
286,91,15,13,5,2.0,11
286,84,27,11,6,1.0,11
286,109,15,12,7,0.0,12
286,94,18,19,8,0.0,12
286,104,18,24,9,0.0,12
286,112,33,20,10,0.0,12
286,100,33,22,11,0.0,13
286,110,25,17,12,0.0,13
286,22,17,15,13,0.0,13
286,69,26,26,14,0.0,13
286,118,29,9,15,0.0,3
286,119,22,7,16,0.0,3
286,83,32,18,17,0.0,20
286,65,32,14,18,0.0,20
286,87,27,10,19,0.0,3
286,105,26,25,20,0.0,6
286,77,6,8,21,0.0,3
286,57,1,3,22,0.0,20
286,88,29,16,23,0.0,6
286,102,1,4,24,0.0,5
286,79,25,21,25,0.0,20
286,125,17,23,26,0.0,5
287,102,1,2,1,10.0,1
287,117,3,1,2,6.0,1
287,57,1,3,3,4.0,1
287,71,3,6,4,3.0,1
287,22,17,12,5,2.0,1
287,56,17,8,6,1.0,1
287,87,27,17,7,0.0,11
287,109,15,11,8,0.0,11
287,84,27,15,9,0.0,4
287,94,18,22,10,0.0,12
287,65,32,19,11,0.0,12
287,126,33,23,12,0.0,12
287,83,32,20,13,0.0,20
287,118,29,7,14,0.0,4
287,119,22,10,15,0.0,20
287,77,6,5,16,0.0,5
287,88,29,9,17,0.0,20
287,111,18,13,18,0.0,54
287,79,25,24,19,0.0,5
287,91,15,16,20,0.0,5
287,100,33,21,21,0.0,5
287,30,22,4,22,0.0,4
287,55,6,14,23,0.0,5
287,110,25,18,24,0.0,4
288,102,1,1,1,10.0,1
288,117,3,2,2,6.0,1
288,71,3,3,3,4.0,1
288,55,6,7,4,3.0,11
288,77,6,6,5,2.0,11
288,84,27,8,6,1.0,11
288,88,29,10,7,0.0,11
288,119,22,9,8,0.0,69
288,87,27,14,9,0.0,12
288,118,29,17,10,0.0,12
288,22,17,13,11,0.0,13
288,100,33,21,12,0.0,13
288,110,25,15,13,0.0,14
288,126,33,24,14,0.0,15
288,91,15,11,15,0.0,23
288,109,15,12,16,0.0,3
288,111,18,22,17,0.0,20
288,57,1,5,18,0.0,23
288,30,22,4,19,0.0,5
288,79,25,18,20,0.0,20
288,56,17,19,21,0.0,3
288,65,32,20,22,0.0,22
288,94,18,16,23,0.0,6
288,83,32,23,24,0.0,3
289,95,3,1,1,10.0,1
289,119,3,4,2,6.0,1
289,102,1,2,3,4.0,1
289,30,22,6,4,3.0,1
289,77,1,3,5,2.0,1
289,65,32,11,6,1.0,11
289,100,27,13,7,0.0,11
289,88,29,16,8,0.0,12
289,57,32,21,9,0.0,12
289,105,29,17,10,0.0,12
289,127,17,23,11,0.0,12
289,79,33,18,12,0.0,14
289,128,34,26,13,0.0,14
289,129,25,12,14,0.0,5
289,123,27,14,15,0.0,69
289,94,35,25,16,0.0,8
289,81,18,19,17,0.0,5
289,109,35,24,18,0.0,6
289,104,18,20,19,0.0,91
289,110,25,10,20,0.0,5
289,55,6,5,21,0.0,5
289,122,6,9,22,0.0,5
289,99,36,15,23,0.0,5
289,91,37,7,24,0.0,25
289,92,33,22,25,0.0,38
289,84,22,8,26,0.0,8
289,108,37,0,27,0.0,81
289,130,36,0,28,0.0,81
289,131,17,0,29,0.0,81
289,132,34,0,30,0.0,81
290,95,3,1,1,10.0,1
290,119,3,2,2,6.0,1
290,30,22,3,3,4.0,1
290,77,1,5,4,3.0,1
290,110,25,11,5,2.0,11
290,57,32,18,6,1.0,11
290,65,32,12,7,0.0,11
290,109,35,7,8,0.0,11
290,100,27,26,9,0.0,12
290,123,27,22,10,0.0,12
290,92,33,13,11,0.0,13
290,79,33,24,12,0.0,13
290,105,29,25,13,0.0,14
290,84,22,4,14,0.0,5
290,99,36,14,15,0.0,8
290,130,36,23,16,0.0,20
290,94,35,9,17,0.0,64
290,55,6,10,18,0.0,5
290,81,18,21,19,0.0,20
290,131,17,15,20,0.0,6
290,129,25,16,21,0.0,5
290,102,1,6,22,0.0,7
290,104,18,17,23,0.0,20
290,127,17,8,24,0.0,5
290,91,37,19,25,0.0,4
290,122,6,20,26,0.0,4
290,88,29,0,27,0.0,81
290,108,37,0,28,0.0,81
290,128,34,0,29,0.0,81
290,132,34,0,30,0.0,81
291,95,3,1,1,10.0,1
291,119,3,2,2,6.0,1
291,30,22,5,3,4.0,11
291,55,6,6,4,3.0,11
291,122,6,11,5,2.0,11
291,105,29,14,6,1.0,11
291,81,18,23,7,0.0,12
291,109,35,16,8,0.0,12
291,79,33,25,9,0.0,13
291,57,32,24,10,0.0,14
291,99,36,19,11,0.0,5
291,91,37,9,12,0.0,8
291,104,18,20,13,0.0,6
291,129,25,17,14,0.0,5
291,100,27,15,15,0.0,6
291,65,32,26,16,0.0,20
291,123,27,10,17,0.0,4
291,127,17,21,18,0.0,6
291,84,22,7,19,0.0,4
291,94,35,8,20,0.0,8
291,92,33,18,21,0.0,22
291,110,25,13,22,0.0,5
291,102,1,3,23,0.0,5
291,77,1,4,24,0.0,10
291,88,29,22,25,0.0,5
291,131,17,12,26,0.0,6
291,130,36,0,27,0.0,81
291,108,37,0,28,0.0,81
291,128,34,0,29,0.0,81
291,132,34,0,30,0.0,81
292,95,3,1,1,10.0,1
292,30,22,2,2,6.0,1
292,55,6,8,3,4.0,1
292,77,1,7,4,3.0,1
292,105,29,16,5,2.0,11
292,94,35,13,6,1.0,12
292,88,29,19,7,0.0,12
292,91,37,9,8,0.0,12
292,102,1,3,9,0.0,20
292,122,6,5,10,0.0,20
292,104,18,22,11,0.0,14
292,108,37,23,12,0.0,14
292,109,35,12,13,0.0,20
292,99,36,18,14,0.0,20
292,57,32,21,15,0.0,20
292,100,27,10,16,0.0,20
292,92,33,24,17,0.0,5
292,129,25,15,18,0.0,20
292,81,18,25,19,0.0,64
292,127,17,17,20,0.0,20
292,130,36,20,21,0.0,20
292,119,3,4,22,0.0,20
292,65,32,26,23,0.0,20
292,123,27,14,24,0.0,5
292,84,22,6,25,0.0,20
292,110,25,11,26,0.0,5
292,79,33,0,27,0.0,81
292,128,34,0,28,0.0,81
292,131,17,0,29,0.0,81
292,71,34,0,30,0.0,81
292,90,38,0,31,0.0,97
292,135,38,0,32,0.0,97
293,95,3,1,1,10.0,1
293,119,3,2,2,6.0,1
293,102,1,3,3,4.0,1
293,84,22,6,4,3.0,1
293,105,29,9,5,2.0,11
293,94,35,15,6,1.0,11
293,127,17,16,7,0.0,12
293,129,25,20,8,0.0,12
293,100,27,13,9,0.0,12
293,88,29,11,10,0.0,12
293,109,35,16,11,0.0,5
293,91,37,12,12,0.0,13
293,108,37,24,13,0.0,13
293,110,25,14,14,0.0,69
293,79,33,17,15,0.0,20
293,55,6,7,16,0.0,4
293,77,1,4,17,0.0,4
293,92,33,19,18,0.0,20
293,123,27,10,19,0.0,5
293,131,17,23,20,0.0,6
293,81,18,21,21,0.0,5
293,99,36,22,22,0.0,5
293,30,22,5,23,0.0,20
293,122,6,8,24,0.0,20
293,104,18,25,25,0.0,6
293,65,32,26,26,0.0,6
293,57,32,0,27,0.0,81
293,130,36,0,28,0.0,81
293,71,34,0,29,0.0,81
293,128,34,0,30,0.0,81
293,90,38,0,31,0.0,97
293,135,38,0,32,0.0,97
294,102,1,3,1,10.0,1
294,95,3,1,2,6.0,1
294,119,3,2,3,4.0,1
294,30,22,6,4,3.0,1
294,84,22,7,5,2.0,1
294,92,33,15,6,1.0,11
294,105,29,11,7,0.0,11
294,104,18,17,8,0.0,11
294,109,35,20,9,0.0,12
294,100,27,23,10,0.0,12
294,88,29,19,11,0.0,12
294,123,27,22,12,0.0,13
294,122,6,8,13,0.0,20
294,77,1,5,14,0.0,6
294,57,32,14,15,0.0,6
294,55,6,4,16,0.0,6
294,127,17,13,17,0.0,6
294,65,32,9,18,0.0,20
294,90,38,26,19,0.0,5
294,110,25,10,20,0.0,6
294,99,36,25,21,0.0,5
294,131,17,21,22,0.0,20
294,129,25,24,23,0.0,7
294,91,37,16,24,0.0,6
294,81,18,12,25,0.0,6
294,94,35,18,26,0.0,20
294,128,34,0,27,0.0,81
294,71,34,0,28,0.0,81
294,130,36,0,29,0.0,81
294,108,37,0,30,0.0,81
294,79,33,0,31,0.0,97
294,135,38,0,32,0.0,97
295,77,1,4,1,10.0,1
295,30,22,5,2,6.0,1
295,55,6,8,3,4.0,1
295,91,37,12,4,3.0,11
295,110,25,14,5,2.0,11
295,100,27,22,6,1.0,11
295,105,29,16,7,0.0,11
295,94,35,15,8,0.0,11
295,109,35,23,9,0.0,11
295,123,27,21,10,0.0,12
295,81,18,13,11,0.0,12
295,129,25,26,12,0.0,12
295,104,18,25,13,0.0,14
295,108,37,20,14,0.0,15
295,79,33,11,15,0.0,5
295,84,22,7,16,0.0,7
295,119,3,2,17,0.0,6
295,102,1,1,18,0.0,10
295,131,17,17,19,0.0,7
295,57,32,10,20,0.0,6
295,65,32,6,21,0.0,8
295,122,6,9,22,0.0,20
295,95,3,3,23,0.0,20
295,127,17,24,24,0.0,7
295,92,33,19,25,0.0,2
295,99,36,18,26,0.0,7
295,88,29,0,27,0.0,81
295,128,34,0,28,0.0,81
295,130,36,0,29,0.0,81
295,71,34,0,30,0.0,81
295,90,38,0,31,0.0,97
296,95,3,1,1,10.0,1
296,119,3,2,2,6.0,1
296,84,22,7,3,4.0,1
296,57,32,11,4,3.0,11
296,100,27,10,5,2.0,11
296,65,32,12,6,1.0,11
296,105,29,14,7,0.0,11
296,81,18,16,8,0.0,11
296,109,35,17,9,0.0,12
296,94,35,25,10,0.0,12
296,129,25,22,11,0.0,13
296,55,6,6,12,0.0,5
296,110,25,19,13,0.0,20
296,79,33,18,14,0.0,5
296,123,27,9,15,0.0,20
296,122,6,8,16,0.0,5
296,91,37,21,17,0.0,6
296,131,17,20,18,0.0,5
296,88,29,15,19,0.0,20
296,30,22,5,20,0.0,3
296,77,1,4,21,0.0,5
296,99,36,23,22,0.0,37
296,102,1,3,23,0.0,3
296,92,33,13,24,0.0,3
296,127,17,24,25,0.0,3
296,130,36,26,26,0.0,3
296,108,37,0,27,0.0,81
296,104,18,0,28,0.0,81
296,128,34,0,29,0.0,81
296,71,34,0,30,0.0,81
297,95,3,1,1,10.0,1
297,119,3,2,2,6.0,1
297,84,22,6,3,4.0,1
297,30,22,4,4,3.0,1
297,77,1,5,5,2.0,1
297,57,32,9,6,1.0,1
297,105,29,12,7,0.0,11
297,100,27,10,8,0.0,11
297,122,6,14,9,0.0,11
297,123,27,13,10,0.0,12
297,129,25,20,11,0.0,12
297,88,29,17,12,0.0,12
297,109,35,19,13,0.0,12
297,99,36,15,14,0.0,12
297,94,35,22,15,0.0,13
297,71,34,26,16,0.0,14
297,81,18,25,17,0.0,5
297,102,1,3,18,0.0,7
297,110,25,18,19,0.0,20
297,55,6,8,20,0.0,26
297,131,17,23,21,0.0,5
297,127,17,24,22,0.0,5
297,92,33,11,23,0.0,36
297,65,32,7,24,0.0,7
297,91,37,21,25,0.0,6
297,79,33,16,26,0.0,7
297,70,18,0,27,0.0,81
297,108,37,0,28,0.0,81
297,130,36,0,29,0.0,81
297,128,34,0,30,0.0,54
297,90,38,0,31,0.0,97
297,135,38,0,32,0.0,97
298,95,3,1,1,10.0,1
298,102,1,3,2,6.0,1
298,30,22,6,3,4.0,1
298,84,22,9,4,3.0,1
298,55,6,5,5,2.0,1
298,100,27,7,6,1.0,1
298,123,27,8,7,0.0,1
298,119,3,2,8,0.0,20
298,105,29,17,9,0.0,11
298,109,35,21,10,0.0,11
298,94,35,18,11,0.0,11
298,81,18,26,12,0.0,11
298,108,37,22,13,0.0,11
298,92,33,25,14,0.0,11
298,127,17,23,15,0.0,12
298,91,37,10,16,0.0,13
298,99,36,19,17,0.0,5
298,110,25,20,18,0.0,5
298,65,32,11,19,0.0,5
298,122,6,12,20,0.0,5
298,57,32,13,21,0.0,5
298,77,1,4,22,0.0,10
298,129,25,14,23,0.0,5
298,79,33,16,24,0.0,20
298,88,29,15,25,0.0,20
298,70,18,24,26,0.0,6
298,131,17,0,27,0.0,81
298,128,34,0,28,0.0,81
298,130,36,0,29,0.0,81
298,71,34,0,30,0.0,81
298,90,38,0,31,0.0,97
298,135,38,0,32,0.0,96
299,102,1,3,1,10.0,1
299,95,3,2,2,6.0,1
299,77,1,5,3,4.0,1
299,57,32,16,4,3.0,1
299,84,22,6,5,2.0,1
299,122,6,10,6,1.0,11
299,105,29,7,7,0.0,12
299,110,25,19,8,0.0,12
299,108,37,17,9,0.0,13
299,127,17,21,10,0.0,14
299,71,34,25,11,0.0,14
299,30,22,4,12,0.0,41
299,119,3,1,13,0.0,5
299,94,35,26,14,0.0,6
299,79,33,20,15,0.0,5
299,55,6,9,16,0.0,20
299,92,33,15,17,0.0,4
299,88,29,14,18,0.0,4
299,129,25,22,19,0.0,4
299,91,37,23,20,0.0,4
299,131,17,24,21,0.0,4
299,128,36,18,22,0.0,20
299,123,27,8,23,0.0,4
299,100,27,11,24,0.0,4
299,99,36,12,25,0.0,4
299,65,32,13,26,0.0,4
299,81,18,0,27,0.0,81
299,109,35,0,28,0.0,81
299,70,18,0,29,0.0,81
299,90,38,0,30,0.0,81
299,135,38,0,31,0.0,97
300,30,22,3,1,10.0,1
300,95,3,1,2,6.0,1
300,119,3,4,3,4.0,1
300,84,22,9,4,3.0,1
300,102,1,2,5,2.0,1
300,57,32,8,6,1.0,1
300,109,35,16,7,0.0,1
300,110,25,13,8,0.0,11
300,88,29,25,9,0.0,11
300,128,36,15,10,0.0,11
300,91,37,18,11,0.0,11
300,125,37,21,12,0.0,11
300,65,32,10,13,0.0,5
300,127,17,24,14,0.0,12
300,131,17,17,15,0.0,12
300,81,18,23,16,0.0,12
300,79,33,26,17,0.0,12
300,92,33,20,18,0.0,20
300,123,27,7,19,0.0,20
300,122,6,12,20,0.0,5
300,99,36,11,21,0.0,5
300,105,29,14,22,0.0,6
300,55,6,5,23,0.0,29
300,129,25,22,24,0.0,3
300,77,1,6,25,0.0,7
300,94,35,19,26,0.0,20
300,104,18,0,27,0.0,81
300,90,38,0,28,0.0,81
300,135,38,0,29,0.0,81
300,100,27,0,30,0.0,54
301,102,1,2,1,10.0,1
301,84,22,9,2,6.0,1
301,30,22,6,3,4.0,1
301,77,1,5,4,3.0,1
301,119,3,4,5,2.0,1
301,110,25,21,6,1.0,11
301,105,29,16,7,0.0,11
301,94,35,22,8,0.0,11
301,79,33,23,9,0.0,7
301,91,37,17,10,0.0,13
301,109,35,14,11,0.0,5
301,127,17,26,12,0.0,7
301,95,3,1,13,0.0,10
301,123,27,8,14,0.0,37
301,100,27,15,15,0.0,20
301,99,36,20,16,0.0,6
301,129,25,18,17,0.0,5
301,65,32,13,18,0.0,5
301,125,37,24,19,0.0,5
301,55,6,3,20,0.0,69
301,122,6,7,21,0.0,10
301,81,18,12,22,0.0,5
301,92,33,10,23,0.0,5
301,57,32,11,24,0.0,5
301,88,29,19,25,0.0,22
301,128,36,25,26,0.0,8
301,104,18,0,27,0.0,81
301,131,17,0,28,0.0,81
302,95,3,1,1,10.0,1
302,77,1,4,2,6.0,1
302,102,1,3,3,4.0,11
302,84,22,6,4,3.0,11
302,57,32,7,5,2.0,11
302,105,29,8,6,1.0,11
302,30,22,5,7,0.0,12
302,123,27,11,8,0.0,12
302,110,25,12,9,0.0,12
302,88,29,17,10,0.0,13
302,125,37,23,11,0.0,13
302,104,18,26,12,0.0,13
302,131,17,24,13,0.0,13
302,81,18,18,14,0.0,13
302,109,35,19,15,0.0,68
302,91,37,22,16,0.0,6
302,100,27,14,17,0.0,5
302,79,33,25,18,0.0,20
302,119,3,2,19,0.0,4
302,94,35,21,20,0.0,29
302,122,6,16,21,0.0,5
302,129,25,15,22,0.0,6
302,92,33,13,23,0.0,5
302,127,17,20,24,0.0,10
302,55,6,10,25,0.0,20
302,65,32,9,26,0.0,3
303,119,3,2,1,10.0,1
303,77,1,4,2,6.0,1
303,84,22,13,3,4.0,1
303,110,25,9,4,3.0,11
303,55,6,15,5,2.0,11
303,104,18,12,6,1.0,11
303,131,17,17,7,0.0,11
303,88,29,16,8,0.0,11
303,109,35,22,9,0.0,11
303,94,35,19,10,0.0,11
303,79,33,20,11,0.0,11
303,78,6,11,12,0.0,11
303,125,37,26,13,0.0,12
303,81,18,14,14,0.0,12
303,105,29,24,15,0.0,12
303,95,3,1,16,0.0,5
303,57,32,7,17,0.0,5
303,92,33,18,18,0.0,4
303,100,27,8,19,0.0,5
303,136,37,23,20,0.0,8
303,127,17,25,21,0.0,20
303,65,32,6,22,0.0,6
303,30,22,5,23,0.0,6
303,129,25,21,24,0.0,20
303,123,27,10,25,0.0,6
303,102,1,3,26,0.0,5
304,77,1,4,1,10.0,1
304,30,22,5,2,6.0,1
304,84,22,8,3,4.0,1
304,55,6,6,4,3.0,11
304,123,27,22,5,2.0,11
304,131,17,15,6,1.0,11
304,57,32,10,7,0.0,11
304,88,29,18,8,0.0,12
304,104,18,17,9,0.0,12
304,81,18,16,10,0.0,12
304,78,6,19,11,0.0,12
304,136,37,25,12,0.0,13
304,65,32,12,13,0.0,14
304,109,35,24,14,0.0,6
304,125,37,23,15,0.0,6
304,92,33,21,16,0.0,69
304,119,3,3,17,0.0,5
304,79,33,26,18,0.0,24
304,110,25,7,19,0.0,5
304,95,3,1,20,0.0,4
304,102,1,2,21,0.0,4
304,127,17,20,22,0.0,20
304,100,27,9,23,0.0,5
304,105,29,11,24,0.0,5
304,94,35,14,25,0.0,3
304,129,25,13,26,0.0,3
305,102,1,1,1,10.0,1
305,117,6,2,2,6.0,1
305,137,22,5,3,4.0,1
305,131,25,11,4,3.0,1
305,138,25,16,5,2.0,11
305,88,33,21,6,1.0,12
305,78,40,17,7,0.0,13
305,99,39,22,8,0.0,14
305,94,18,15,9,0.0,5
305,92,17,14,10,0.0,5
305,84,34,12,11,0.0,18
305,55,6,6,12,0.0,6
305,57,32,13,13,0.0,5
305,119,3,3,14,0.0,6
305,90,22,8,15,0.0,4
305,105,29,25,16,0.0,5
305,122,41,18,17,0.0,6
305,123,27,20,18,0.0,5
305,77,1,7,19,0.0,48
305,95,3,4,20,0.0,6
305,127,41,23,21,0.0,6
305,87,34,24,22,0.0,20
305,139,35,9,23,0.0,6
305,81,18,26,24,0.0,6
305,109,35,10,25,0.0,6
305,103,33,19,26,0.0,5
305,133,29,0,27,0.0,81
305,140,39,0,28,0.0,81
305,100,27,0,29,0.0,81
305,141,32,0,30,0.0,81
305,110,17,0,31,0.0,97
305,142,42,0,32,0.0,97
305,129,36,0,33,0.0,97
305,128,40,0,34,0.0,97
306,102,1,1,1,10.0,1
306,119,3,2,2,6.0,1
306,77,1,4,3,4.0,1
306,117,6,6,4,3.0,1
306,137,22,7,5,2.0,1
306,55,6,5,6,1.0,1
306,90,22,14,7,0.0,11
306,81,18,21,8,0.0,12
306,57,32,22,9,0.0,13
306,123,27,18,10,0.0,13
306,139,35,12,11,0.0,13
306,84,34,26,12,0.0,14
306,92,17,10,13,0.0,69
306,95,3,3,14,0.0,6
306,100,27,23,15,0.0,5
306,94,18,20,16,0.0,20
306,87,34,25,17,0.0,5
306,103,33,11,18,0.0,21
306,109,35,19,19,0.0,10
306,110,17,13,20,0.0,5
306,131,25,9,21,0.0,6
306,122,41,15,22,0.0,7
306,138,25,16,23,0.0,20
306,127,41,8,24,0.0,68
306,99,39,24,25,0.0,22
306,88,33,17,26,0.0,48
306,133,29,0,27,0.0,81
306,140,39,0,28,0.0,81
306,105,29,0,29,0.0,81
306,141,32,0,30,0.0,81
306,129,36,0,31,0.0,97
306,128,40,0,32,0.0,97
306,78,40,0,33,0.0,97
306,142,42,0,34,0.0,97
307,102,1,1,1,10.0,1
307,77,1,5,2,6.0,1
307,109,35,16,3,4.0,11
307,94,18,9,4,3.0,12
307,57,32,25,5,2.0,13
307,141,32,26,6,1.0,13
307,123,27,24,7,0.0,13
307,87,34,23,8,0.0,13
307,128,40,21,9,0.0,60
307,100,27,19,10,0.0,14
307,84,34,18,11,0.0,14
307,127,41,15,12,0.0,5
307,90,22,13,13,0.0,5
307,131,25,6,14,0.0,7
307,110,17,11,15,0.0,6
307,92,17,13,16,0.0,22
307,122,41,22,17,0.0,20
307,103,26,17,18,0.0,5
307,119,3,2,19,0.0,10
307,138,25,10,20,0.0,7
307,81,18,8,21,0.0,6
307,55,6,7,22,0.0,20
307,88,26,20,23,0.0,20
307,137,22,14,24,0.0,20
307,95,3,4,25,0.0,4
307,117,6,3,26,0.0,20
307,99,39,0,27,0.0,81
307,120,39,0,28,0.0,81
307,133,29,0,29,0.0,81
307,105,29,0,30,0.0,81
307,139,35,0,31,0.0,97
307,129,36,0,32,0.0,97
307,78,40,0,33,0.0,97
307,142,42,0,34,0.0,97
308,102,1,1,1,10.0,1
308,95,3,5,2,6.0,1
308,55,6,9,3,4.0,1
308,90,22,8,4,3.0,11
308,117,6,7,5,2.0,11
308,139,35,12,6,1.0,11
308,123,27,16,7,0.0,12
308,92,17,23,8,0.0,12
308,103,26,13,9,0.0,12
308,100,27,26,10,0.0,12
308,109,35,21,11,0.0,13
308,94,18,14,12,0.0,16
308,57,32,25,13,0.0,44
308,81,18,17,14,0.0,6
308,127,41,15,15,0.0,37
308,131,25,2,16,0.0,5
308,119,3,3,17,0.0,20
308,87,34,19,18,0.0,20
308,105,29,22,19,0.0,5
308,138,25,11,20,0.0,20
308,88,26,20,21,0.0,5
308,110,17,10,22,0.0,37
308,122,41,18,23,0.0,23
308,99,39,24,24,0.0,6
308,77,1,6,25,0.0,20
308,137,22,4,26,0.0,22
308,141,32,0,27,0.0,81
308,120,39,0,28,0.0,81
308,133,29,0,29,0.0,81
308,84,34,0,30,0.0,81
308,78,40,0,31,0.0,97
308,128,40,0,32,0.0,97
308,142,42,0,33,0.0,97
308,129,36,0,34,0.0,97
309,137,22,8,1,10.0,1
309,131,25,9,2,6.0,1
309,119,3,1,3,4.0,1
309,110,17,11,4,3.0,1
309,92,17,14,5,2.0,1
309,95,3,2,6,1.0,10
309,94,18,18,7,0.0,11
309,100,27,26,8,0.0,11
309,139,35,10,9,0.0,11
309,138,25,12,10,0.0,12
309,127,41,23,11,0.0,5
309,109,35,17,12,0.0,5
309,140,29,25,13,0.0,37
309,122,41,13,14,0.0,5
309,55,6,7,15,0.0,5
309,103,26,19,16,0.0,6
309,117,6,4,17,0.0,6
309,123,27,16,18,0.0,5
309,102,1,3,19,0.0,91
309,57,32,24,20,0.0,20
309,84,34,20,21,0.0,5
309,81,18,15,22,0.0,20
309,90,22,5,23,0.0,22
309,77,1,6,24,0.0,98
309,88,26,22,25,0.0,95
309,105,29,21,26,0.0,37
309,120,39,0,27,0.0,81
309,99,39,0,28,0.0,81
309,87,34,0,29,0.0,81
309,65,32,0,30,0.0,81
309,129,36,0,31,0.0,97
309,78,40,0,32,0.0,97
309,128,40,0,33,0.0,97
309,142,42,0,34,0.0,97
310,119,3,1,1,10.0,1
310,95,3,2,2,6.0,1
310,102,1,3,3,4.0,1
310,110,17,11,4,3.0,11
310,90,22,9,5,2.0,11
310,103,26,23,6,1.0,11
310,81,18,14,7,0.0,11
310,123,27,10,8,0.0,12
310,57,32,24,9,0.0,12
310,65,32,25,10,0.0,12
310,131,25,8,11,0.0,12
310,138,25,13,12,0.0,13
310,87,34,12,13,0.0,5
310,92,17,20,14,0.0,20
310,88,26,19,15,0.0,6
310,137,22,6,16,0.0,67
310,55,6,4,17,0.0,8
310,109,35,16,18,0.0,5
310,105,29,26,19,0.0,5
310,84,34,17,20,0.0,36
310,122,41,22,21,0.0,5
310,117,6,7,22,0.0,91
310,127,41,18,23,0.0,5
310,129,36,21,24,0.0,5
310,77,1,5,25,0.0,5
310,94,18,15,26,0.0,20
310,100,27,0,27,0.0,81
310,99,39,0,28,0.0,81
310,140,29,0,29,0.0,81
310,120,39,0,30,0.0,81
310,78,40,0,31,0.0,97
310,128,40,0,32,0.0,97
310,142,42,0,33,0.0,97
310,139,35,0,34,0.0,97
311,95,3,4,1,10.0,1
311,117,6,2,2,6.0,1
311,102,1,3,3,4.0,1
311,55,6,6,4,3.0,1
311,119,3,1,5,2.0,11
311,110,17,13,6,1.0,11
311,127,41,9,7,0.0,12
311,137,22,7,8,0.0,12
311,94,18,12,9,0.0,12
311,65,32,20,10,0.0,12
311,100,27,14,11,0.0,12
311,123,27,16,12,0.0,13
311,90,22,8,13,0.0,68
311,131,25,11,14,0.0,6
311,129,36,21,15,0.0,44
311,103,26,23,16,0.0,7
311,109,35,26,17,0.0,27
311,87,34,17,18,0.0,20
311,88,26,22,19,0.0,7
311,105,29,25,20,0.0,6
311,84,34,24,21,0.0,6
311,138,25,18,22,0.0,20
311,81,18,10,23,0.0,4
311,122,41,15,24,0.0,20
311,77,1,5,25,0.0,5
311,92,17,19,26,0.0,20
311,57,32,0,27,0.0,81
311,120,39,0,28,0.0,81
311,99,39,0,29,0.0,81
311,140,29,0,30,0.0,81
311,139,35,0,31,0.0,97
311,78,40,0,32,0.0,97
311,128,40,0,33,0.0,97
311,142,42,0,34,0.0,97
312,95,3,1,1,10.0,1
312,77,1,4,2,6.0,1
312,117,6,5,3,4.0,1
312,102,1,2,4,3.0,60
312,137,22,8,5,2.0,11
312,92,17,17,6,1.0,11
312,131,25,10,7,0.0,11
312,138,25,15,8,0.0,11
312,94,18,23,9,0.0,11
312,139,35,18,10,0.0,12
312,81,18,20,11,0.0,12
312,57,32,25,12,0.0,12
312,109,35,11,13,0.0,13
312,65,32,24,14,0.0,51
312,87,34,12,15,0.0,5
312,110,17,13,16,0.0,20
312,55,6,6,17,0.0,4
312,88,26,22,18,0.0,4
312,123,27,19,19,0.0,5
312,84,34,14,20,0.0,37
312,105,29,26,21,0.0,7
312,127,41,9,22,0.0,83
312,90,22,7,23,0.0,6
312,103,26,21,24,0.0,7
312,122,41,16,25,0.0,20
312,119,3,3,26,0.0,4
312,100,27,0,27,0.0,81
312,140,29,0,28,0.0,81
312,120,39,0,29,0.0,81
312,99,39,0,30,0.0,81
312,129,36,0,31,0.0,97
312,78,40,0,32,0.0,97
312,128,40,0,33,0.0,97
312,142,42,0,34,0.0,97
313,95,3,1,1,10.0,1
313,119,3,4,2,6.0,1
313,55,6,6,3,4.0,1
313,77,1,3,4,3.0,1
313,110,17,7,5,2.0,1
313,92,17,11,6,1.0,1
313,102,1,2,7,0.0,60
313,90,22,9,8,0.0,11
313,123,27,17,9,0.0,11
313,139,35,18,10,0.0,11
313,84,34,15,11,0.0,12
313,87,34,21,12,0.0,12
313,131,25,14,13,0.0,14
313,117,6,5,14,0.0,20
313,122,41,12,15,0.0,5
313,109,35,20,16,0.0,5
313,137,22,8,17,0.0,5
313,138,25,13,18,0.0,6
313,100,27,26,19,0.0,5
313,127,41,16,20,0.0,6
313,57,32,23,21,0.0,5
313,88,26,22,22,0.0,5
313,81,18,19,23,0.0,24
313,94,18,10,24,0.0,24
313,103,26,25,25,0.0,7
313,78,40,24,26,0.0,20
313,105,29,0,27,0.0,81
313,143,32,0,28,0.0,81
313,99,39,0,29,0.0,81
313,128,40,0,30,0.0,81
313,129,36,0,31,0.0,97
313,133,29,0,32,0.0,97
313,120,39,0,33,0.0,97
313,142,42,0,34,0.0,97
314,102,1,1,1,10.0,1
314,95,3,3,2,6.0,1
314,119,3,2,3,4.0,1
314,77,1,5,4,3.0,1
314,55,6,6,5,2.0,1
314,122,41,9,6,1.0,11
314,110,17,17,7,0.0,11
314,90,22,15,8,0.0,11
314,92,17,16,9,0.0,11
314,100,27,25,10,0.0,12
314,127,41,13,11,0.0,12
314,131,25,8,12,0.0,12
314,81,18,23,13,0.0,12
314,57,32,26,14,0.0,13
314,138,25,14,15,0.0,13
314,78,40,24,16,0.0,13
314,123,27,19,17,0.0,5
314,94,18,18,18,0.0,5
314,87,34,20,19,0.0,27
314,84,34,10,20,0.0,68
314,109,35,12,21,0.0,5
314,137,22,11,22,0.0,6
314,103,26,21,23,0.0,5
314,88,26,22,24,0.0,5
314,139,35,7,25,0.0,5
314,117,6,4,26,0.0,5
314,129,36,0,27,0.0,81
314,105,29,0,28,0.0,81
314,128,40,0,29,0.0,81
314,143,32,0,30,0.0,81
314,99,39,0,31,0.0,97
314,133,29,0,32,0.0,97
314,120,39,0,33,0.0,97
314,142,42,0,34,0.0,97
315,102,1,1,1,10.0,1
315,77,1,4,2,6.0,1
315,137,22,6,3,4.0,1
315,90,22,8,4,3.0,1
315,119,3,17,5,2.0,1
315,87,34,13,6,1.0,1
315,65,32,21,7,0.0,1
315,139,35,25,8,0.0,11
315,84,34,16,9,0.0,11
315,129,36,23,10,0.0,11
315,123,27,18,11,0.0,11
315,94,18,9,12,0.0,6
315,110,17,11,13,0.0,5
315,131,25,10,14,0.0,44
315,109,35,14,15,0.0,51
315,55,6,5,16,0.0,5
315,81,18,19,17,0.0,6
315,57,32,24,18,0.0,5
315,100,27,26,19,0.0,5
315,95,3,3,20,0.0,10
315,103,26,20,21,0.0,6
315,122,41,12,22,0.0,5
315,138,25,22,23,0.0,20
315,117,6,2,24,0.0,95
315,127,41,15,25,0.0,5
315,30,17,7,26,0.0,8
315,88,26,0,27,0.0,81
315,78,40,0,28,0.0,81
315,133,29,0,29,0.0,81
315,128,40,0,30,0.0,81
315,105,29,0,31,0.0,97
315,99,39,0,32,0.0,97
315,142,42,0,33,0.0,97
315,120,39,0,34,0.0,97
316,95,3,2,1,10.0,1
316,102,1,1,2,6.0,1
316,117,6,5,3,4.0,1
316,77,1,3,4,3.0,1
316,30,22,7,5,2.0,1
316,137,22,8,6,1.0,1
316,110,17,14,7,0.0,1
316,122,41,12,8,0.0,1
316,81,18,17,9,0.0,11
316,139,35,16,10,0.0,11
316,100,27,22,11,0.0,11
316,87,34,11,12,0.0,11
316,84,34,19,13,0.0,11
316,57,32,25,14,0.0,14
316,127,41,18,15,0.0,14
316,78,40,23,16,0.0,15
316,129,36,26,17,0.0,5
316,109,35,20,18,0.0,25
316,131,25,13,19,0.0,5
316,55,6,6,20,0.0,5
316,119,3,4,21,0.0,6
316,138,25,15,22,0.0,37
316,103,26,24,23,0.0,5
316,94,18,10,24,0.0,20
316,90,17,9,25,0.0,20
316,123,27,21,26,0.0,20
316,105,29,0,27,0.0,81
316,143,32,0,28,0.0,81
316,128,40,0,29,0.0,81
316,88,26,0,30,0.0,81
316,120,39,0,31,0.0,97
316,99,39,0,32,0.0,97
316,133,29,0,33,0.0,97
316,142,42,0,34,0.0,97
317,119,3,1,1,10.0,1
317,102,1,3,2,6.0,1
317,55,6,6,3,4.0,1
317,94,18,8,4,3.0,1
317,137,22,11,5,2.0,1
317,30,22,10,6,1.0,1
317,127,41,7,7,0.0,11
317,110,17,14,8,0.0,11
317,81,18,13,9,0.0,11
317,90,17,21,10,0.0,11
317,100,27,23,11,0.0,11
317,84,34,19,12,0.0,12
317,138,25,17,13,0.0,13
317,57,32,24,14,0.0,13
317,105,29,22,15,0.0,13
317,123,27,20,16,0.0,13
317,122,41,9,17,0.0,20
317,131,25,12,18,0.0,5
317,95,3,4,19,0.0,2
317,88,26,25,20,0.0,7
317,117,6,5,21,0.0,5
317,77,1,2,22,0.0,5
317,139,35,16,23,0.0,5
317,109,35,18,24,0.0,6
317,87,34,15,25,0.0,22
317,65,32,26,26,0.0,5
317,103,26,0,27,0.0,81
317,99,39,0,28,0.0,81
317,78,40,0,29,0.0,81
317,128,40,0,30,0.0,81
317,120,39,0,31,0.0,97
317,129,36,0,32,0.0,97
317,133,29,0,33,0.0,97
317,142,42,0,34,0.0,97
318,95,3,2,1,10.0,1
318,117,6,6,2,6.0,1
318,119,3,4,3,4.0,1
318,55,6,7,4,3.0,1
318,102,1,3,5,2.0,1
318,30,22,5,6,1.0,1
318,127,41,13,7,0.0,11
318,109,35,15,8,0.0,11
318,70,17,20,9,0.0,11
318,84,34,11,10,0.0,12
318,137,22,10,11,0.0,12
318,99,36,22,12,0.0,12
318,94,18,19,13,0.0,12
318,81,18,16,14,0.0,4
318,139,35,9,15,0.0,13
318,131,25,14,16,0.0,13
318,138,25,18,17,0.0,13
318,87,34,12,18,0.0,5
318,100,27,25,19,0.0,10
318,77,1,1,20,0.0,10
318,105,29,24,21,0.0,5
318,110,17,17,22,0.0,10
318,57,32,21,23,0.0,20
318,122,41,8,24,0.0,4
318,103,26,23,25,0.0,4
318,123,27,26,26,0.0,4
318,88,26,0,27,0.0,81
318,78,40,0,28,0.0,81
318,143,32,0,29,0.0,81
318,128,40,0,30,0.0,81
318,133,29,0,31,0.0,97
318,120,39,0,32,0.0,97
318,129,39,0,33,0.0,97
319,77,1,1,1,10.0,1
319,102,1,2,2,6.0,1
319,119,3,5,3,4.0,1
319,117,6,4,4,3.0,1
319,84,34,19,5,2.0,11
319,131,25,14,6,1.0,11
319,137,22,10,7,0.0,11
319,127,41,18,8,0.0,11
319,123,27,17,9,0.0,11
319,133,29,26,10,0.0,12
319,99,36,24,11,0.0,13
319,100,27,20,12,0.0,91
319,94,18,7,13,0.0,10
319,30,22,9,14,0.0,5
319,65,32,23,15,0.0,5
319,138,25,15,16,0.0,20
319,88,26,25,17,0.0,5
319,81,18,8,18,0.0,36
319,95,3,3,19,0.0,20
319,70,17,13,20,0.0,6
319,57,32,21,21,0.0,5
319,110,17,11,22,0.0,3
319,109,35,12,23,0.0,3
319,139,35,16,24,0.0,3
319,91,41,22,25,0.0,3
319,55,6,6,26,0.0,5
319,105,29,0,27,0.0,81
319,78,40,0,28,0.0,81
319,128,40,0,29,0.0,81
319,103,26,0,30,0.0,81
319,87,34,0,31,0.0,97
319,144,42,0,32,0.0,97
320,102,1,1,1,5.0,1
320,95,3,3,2,3.0,1
320,77,1,2,3,2.0,1
320,137,22,5,4,1.5,1
320,119,3,4,5,1.0,1
320,81,6,8,6,0.5,1
320,139,35,13,7,0.0,1
320,110,17,12,8,0.0,1
320,70,17,16,9,0.0,1
320,131,25,9,10,0.0,1
320,65,32,21,11,0.0,1
320,109,35,11,12,0.0,1
320,105,29,15,13,0.0,1
320,127,41,14,14,0.0,11
320,133,29,23,15,0.0,11
320,90,18,18,16,0.0,11
320,87,34,17,17,0.0,11
320,100,27,22,18,0.0,11
320,57,32,25,19,0.0,12
320,91,41,26,20,0.0,12
320,94,18,10,21,0.0,20
320,30,22,6,22,0.0,20
320,55,6,7,23,0.0,3
320,78,40,19,24,0.0,20
320,123,27,20,25,0.0,3
320,138,25,24,26,0.0,20
320,88,33,0,27,0.0,81
320,84,34,0,28,0.0,81
320,128,40,0,29,0.0,81
320,92,33,0,30,0.0,81
320,99,36,0,31,0.0,97
320,144,42,0,32,0.0,97
321,102,1,5,1,9.0,1
321,55,25,4,2,6.0,1
321,123,3,9,3,4.0,1
321,137,22,6,4,3.0,1
321,131,34,10,5,2.0,1
321,138,25,11,6,1.0,11
321,94,18,2,7,0.0,11
321,103,33,15,8,0.0,11
321,119,3,12,9,0.0,11
321,105,21,21,10,0.0,12
321,145,22,22,11,0.0,12
321,146,21,20,12,0.0,12
321,90,44,16,13,0.0,15
321,127,41,25,14,0.0,16
321,147,18,14,15,0.0,68
321,88,33,18,16,0.0,23
321,95,6,17,17,0.0,8
321,77,1,1,18,0.0,8
321,148,34,23,19,0.0,3
321,129,45,8,20,0.0,4
321,110,35,3,21,0.0,5
321,117,6,7,22,0.0,44
321,122,41,26,23,0.0,10
321,118,32,24,24,0.0,6
321,78,27,13,25,0.0,37
321,151,32,19,26,0.0,6
321,112,27,0,27,0.0,2
321,140,46,0,28,0.0,81
321,81,35,0,29,0.0,81
321,109,46,0,30,0.0,81
321,99,39,0,31,0.0,97
321,114,39,0,32,0.0,97
321,149,44,0,33,0.0,97
321,150,47,0,34,0.0,97
321,92,42,0,35,0.0,97
322,117,6,6,1,9.0,1
322,77,1,2,2,6.0,1
322,102,1,1,3,4.0,1
322,95,6,5,4,3.0,1
322,123,3,3,5,2.0,11
322,137,22,13,6,1.0,11
322,55,25,7,7,0.0,11
322,138,25,19,8,0.0,11
322,94,18,8,9,0.0,12
322,145,22,15,10,0.0,29
322,78,27,20,11,0.0,13
322,112,27,10,12,0.0,13
322,119,3,4,13,0.0,51
322,81,35,16,14,0.0,17
322,133,21,25,15,0.0,8
322,151,32,14,16,0.0,20
322,131,34,12,17,0.0,20
322,147,18,17,18,0.0,5
322,114,39,26,19,0.0,22
322,118,32,24,20,0.0,10
322,88,33,18,21,0.0,22
322,105,21,23,22,0.0,22
322,148,34,22,23,0.0,7
322,103,33,11,24,0.0,6
322,129,45,21,25,0.0,4
322,110,35,9,26,0.0,4
322,140,46,0,27,0.0,81
322,109,46,0,28,0.0,81
322,122,41,0,29,0.0,81
322,127,41,0,30,0.0,81
322,99,39,0,31,0.0,97
322,90,44,0,32,0.0,97
322,92,42,0,33,0.0,97
322,149,44,0,34,0.0,97
322,150,47,0,35,0.0,97
323,119,3,3,1,9.0,1
323,77,1,2,2,6.0,1
323,145,22,9,3,4.0,1
323,117,6,6,4,3.0,1
323,137,22,8,5,2.0,1
323,55,25,7,6,1.0,11
323,118,32,10,7,0.0,11
323,151,32,11,8,0.0,11
323,112,27,16,9,0.0,11
323,78,27,20,10,0.0,12
323,147,18,26,11,0.0,12
323,109,46,25,12,0.0,12
323,103,33,13,13,0.0,8
323,129,45,22,14,0.0,36
323,95,6,5,15,0.0,5
323,148,46,23,16,0.0,5
323,131,34,14,17,0.0,23
323,110,35,17,18,0.0,36
323,127,41,12,19,0.0,10
323,123,3,4,20,0.0,5
323,88,33,15,21,0.0,8
323,102,1,1,22,0.0,36
323,139,35,21,23,0.0,20
323,122,41,18,24,0.0,4
323,138,25,19,25,0.0,4
323,90,44,24,26,0.0,37
323,94,18,0,27,0.0,3
323,133,21,0,28,0.0,81
323,105,21,0,29,0.0,81
323,101,34,0,30,0.0,81
323,92,42,0,31,0.0,97
323,149,44,0,32,0.0,97
323,152,47,0,33,0.0,97
323,99,39,0,34,0.0,97
323,114,39,0,35,0.0,97
324,102,1,1,1,9.0,1
324,55,25,3,2,6.0,1
324,77,1,5,3,4.0,1
324,123,3,6,4,3.0,11
324,133,21,22,5,2.0,12
324,103,33,24,6,1.0,12
324,148,46,20,7,0.0,4
324,118,32,13,8,0.0,20
324,95,6,7,9,0.0,84
324,147,18,19,10,0.0,6
324,109,46,26,11,0.0,6
324,112,27,18,12,0.0,6
324,119,3,4,13,0.0,99
324,110,35,12,14,0.0,5
324,138,25,21,15,0.0,20
324,117,6,2,16,0.0,84
324,145,22,16,17,0.0,6
324,101,34,25,18,0.0,7
324,122,41,23,19,0.0,23
324,78,27,17,20,0.0,24
324,88,33,15,21,0.0,38
324,94,18,8,22,0.0,10
324,151,32,11,23,0.0,6
324,131,34,14,24,0.0,7
324,139,35,9,25,0.0,5
324,137,22,10,26,0.0,2
324,105,21,0,27,0.0,81
324,129,45,0,28,0.0,81
324,127,41,0,29,0.0,81
324,90,44,0,30,0.0,81
324,99,39,0,31,0.0,97
324,114,39,0,32,0.0,97
324,149,44,0,33,0.0,97
324,92,42,0,34,0.0,97
324,152,47,0,35,0.0,97
325,102,1,1,1,9.0,1
325,137,22,5,2,6.0,1
325,95,6,7,3,4.0,1
325,77,1,2,4,3.0,1
325,117,6,3,5,2.0,1
325,118,32,11,6,1.0,12
325,131,34,10,7,0.0,12
325,133,21,26,8,0.0,12
325,103,33,23,9,0.0,13
325,122,41,24,10,0.0,13
325,138,25,13,11,0.0,13
325,88,33,18,12,0.0,14
325,129,45,15,13,0.0,15
325,151,32,12,14,0.0,5
325,148,46,21,15,0.0,5
325,110,35,25,16,0.0,6
325,109,46,22,17,0.0,5
325,119,3,9,18,0.0,23
325,112,27,17,19,0.0,5
325,55,25,8,20,0.0,20
325,145,22,4,21,0.0,20
325,123,3,6,22,0.0,4
325,78,27,20,23,0.0,4
325,139,35,19,24,0.0,4
325,105,21,14,25,0.0,4
325,94,18,16,26,0.0,20
325,90,44,0,27,0.0,81
325,127,41,0,28,0.0,81
325,147,18,0,29,0.0,81
325,101,34,0,30,0.0,81
325,99,39,0,31,0.0,97
325,114,39,0,32,0.0,97
325,92,42,0,33,0.0,97
325,149,44,0,34,0.0,97
325,152,47,0,35,0.0,97
326,117,6,13,1,9.0,1
326,95,6,4,2,6.0,1
326,77,1,1,3,4.0,1
326,145,22,14,4,3.0,1
326,123,3,5,5,2.0,1
326,137,22,8,6,1.0,1
326,55,25,6,7,0.0,1
326,151,32,12,8,0.0,1
326,119,3,2,9,0.0,1
326,118,32,11,10,0.0,11
326,131,34,10,11,0.0,11
326,94,18,7,12,0.0,11
326,110,35,15,13,0.0,11
326,147,18,16,14,0.0,12
326,148,46,23,15,0.0,12
326,78,27,24,16,0.0,12
326,105,21,17,17,0.0,13
326,112,27,22,18,0.0,13
326,129,45,20,19,0.0,14
326,102,1,3,20,0.0,27
326,109,46,26,21,0.0,5
326,103,33,25,22,0.0,23
326,88,33,19,23,0.0,4
326,138,25,9,24,0.0,4
326,101,34,21,25,0.0,10
326,139,35,18,26,0.0,5
326,90,44,0,27,0.0,2
326,122,41,0,28,0.0,81
326,127,41,0,29,0.0,81
326,133,21,0,30,0.0,81
326,114,39,0,31,0.0,97
326,99,39,0,32,0.0,97
326,92,42,0,33,0.0,97
326,149,44,0,34,0.0,97
326,152,47,0,35,0.0,97
327,117,6,4,1,9.0,1
327,122,41,7,2,6.0,1
327,102,1,3,3,4.0,1
327,137,22,9,4,3.0,1
327,77,1,2,5,2.0,1
327,119,3,6,6,1.0,1
327,88,33,14,7,0.0,11
327,103,33,11,8,0.0,11
327,112,27,12,9,0.0,11
327,105,21,18,10,0.0,11
327,118,32,16,11,0.0,11
327,151,32,17,12,0.0,11
327,131,34,20,13,0.0,12
327,78,27,19,14,0.0,12
327,101,34,25,15,0.0,13
327,145,22,5,16,0.0,10
327,114,39,26,17,0.0,15
327,95,6,1,18,0.0,5
327,110,35,21,19,0.0,2
327,138,25,15,20,0.0,6
327,127,41,10,21,0.0,5
327,94,18,23,22,0.0,10
327,55,25,13,23,0.0,24
327,133,21,22,24,0.0,22
327,123,3,8,25,0.0,5
327,139,35,24,26,0.0,23
327,147,18,0,27,0.0,81
327,99,39,0,28,0.0,81
327,148,46,0,29,0.0,81
327,109,46,0,30,0.0,81
327,129,45,0,31,0.0,97
327,90,44,0,32,0.0,97
327,149,44,0,33,0.0,97
327,92,42,0,34,0.0,97
327,152,47,0,35,0.0,97
328,117,6,5,1,9.0,1
328,123,3,4,2,6.0,1
328,102,1,2,3,4.0,1
328,103,33,8,4,3.0,1
328,137,22,11,5,2.0,1
328,88,33,9,6,1.0,11
328,133,21,17,7,0.0,11
328,55,25,6,8,0.0,11
328,131,34,20,9,0.0,12
328,78,27,21,10,0.0,12
328,139,35,19,11,0.0,12
328,147,18,24,12,0.0,12
328,112,27,22,13,0.0,13
328,77,1,3,14,0.0,37
328,95,6,1,15,0.0,6
328,122,41,10,16,0.0,95
328,151,32,14,17,0.0,5
328,118,32,16,18,0.0,5
328,99,39,26,19,0.0,5
328,105,21,25,20,0.0,5
328,119,3,7,21,0.0,83
328,138,25,12,22,0.0,10
328,145,22,13,23,0.0,4
328,110,35,23,24,0.0,69
328,94,18,18,25,0.0,91
328,127,41,15,26,0.0,48
328,129,45,0,27,0.0,81
328,101,34,0,28,0.0,81
328,109,46,0,29,0.0,81
328,148,46,0,30,0.0,81
328,90,44,0,31,0.0,97
328,114,39,0,32,0.0,97
328,149,44,0,33,0.0,97
328,92,42,0,34,0.0,97
328,152,47,0,35,0.0,97
329,102,1,1,1,9.0,1
329,145,22,9,2,6.0,1
329,77,1,2,3,4.0,1
329,117,6,3,4,3.0,1
329,119,3,5,5,2.0,1
329,123,3,6,6,1.0,1
329,122,41,10,7,0.0,11
329,118,32,16,8,0.0,11
329,133,21,18,9,0.0,11
329,78,27,22,10,0.0,12
329,55,25,8,11,0.0,7
329,109,46,25,12,0.0,62
329,103,33,12,13,0.0,48
329,88,33,11,14,0.0,8
329,138,25,13,15,0.0,5
329,137,22,7,16,0.0,5
329,94,18,15,17,0.0,5
329,148,46,26,18,0.0,20
329,95,6,4,19,0.0,41
329,127,41,14,20,0.0,5
329,101,34,21,21,0.0,5
329,105,21,19,22,0.0,5
329,151,32,20,23,0.0,8
329,131,34,17,24,0.0,8
329,139,35,23,25,0.0,4
329,112,27,24,26,0.0,2
329,129,45,0,27,0.0,81
329,147,18,0,28,0.0,81
329,114,39,0,29,0.0,81
329,110,35,0,30,0.0,81
329,99,39,0,31,0.0,97
329,90,44,0,32,0.0,97
329,92,42,0,33,0.0,97
329,149,44,0,34,0.0,97
329,152,47,0,35,0.0,97
330,123,3,1,1,9.0,1
330,102,1,4,2,6.0,1
330,137,22,9,3,4.0,1
330,119,3,2,4,3.0,1
330,118,32,11,5,2.0,1
330,103,33,12,6,1.0,1
330,151,32,18,7,0.0,11
330,127,41,17,8,0.0,11
330,133,21,26,9,0.0,11
330,139,35,13,10,0.0,11
330,78,27,25,11,0.0,11
330,105,21,22,12,0.0,12
330,99,39,24,13,0.0,13
330,112,27,21,14,0.0,13
330,147,18,23,15,0.0,13
330,77,1,3,16,0.0,4
330,95,6,5,17,0.0,4
330,145,22,7,18,0.0,4
330,122,41,16,19,0.0,6
330,88,33,19,20,0.0,5
330,117,6,8,21,0.0,6
330,55,25,6,22,0.0,4
330,131,34,20,23,0.0,5
330,94,18,14,24,0.0,4
330,110,35,10,25,0.0,5
330,138,25,15,26,0.0,23
330,114,39,0,27,0.0,81
330,101,34,0,28,0.0,81
330,109,46,0,29,0.0,81
330,148,46,0,30,0.0,81
330,129,45,0,31,0.0,97
330,92,42,0,32,0.0,97
330,90,44,0,33,0.0,97
330,149,44,0,34,0.0,97
330,152,47,0,35,0.0,97
331,102,1,1,1,9.0,1
331,117,6,3,2,6.0,1
331,77,1,2,3,4.0,1
331,145,22,6,4,3.0,1
331,137,22,8,5,2.0,1
331,127,41,14,6,1.0,1
331,122,41,12,7,0.0,11
331,55,25,9,8,0.0,11
331,103,33,15,9,0.0,11
331,133,21,19,10,0.0,11
331,118,32,18,11,0.0,11
331,151,32,22,12,0.0,11
331,105,21,26,13,0.0,11
331,78,27,21,14,0.0,12
331,94,18,16,15,0.0,12
331,129,45,23,16,0.0,12
331,131,34,13,17,0.0,5
331,101,34,24,18,0.0,10
331,110,35,20,19,0.0,5
331,123,3,4,20,0.0,7
331,95,6,5,21,0.0,64
331,119,3,7,22,0.0,6
331,139,35,17,23,0.0,47
331,138,25,10,24,0.0,5
331,88,33,11,25,0.0,3
331,147,18,25,26,0.0,3
331,112,27,0,27,0.0,81
331,99,39,0,28,0.0,81
331,114,39,0,29,0.0,81
331,92,42,0,30,0.0,81
331,90,44,0,31,0.0,97
331,149,44,0,32,0.0,97
331,152,47,0,33,0.0,97
332,102,1,1,1,9.0,1
332,117,6,2,2,6.0,1
332,77,1,3,3,4.0,1
332,95,6,4,4,3.0,1
332,119,3,7,5,2.0,1
332,138,25,14,6,1.0,11
332,137,22,9,7,0.0,11
332,145,22,8,8,0.0,11
332,133,21,21,9,0.0,12
332,110,35,25,10,0.0,12
332,78,27,26,11,0.0,12
332,105,21,22,12,0.0,20
332,112,27,20,13,0.0,13
332,114,39,24,14,0.0,62
332,122,41,16,15,0.0,5
332,88,33,18,16,0.0,10
332,129,45,23,17,0.0,67
332,127,41,10,18,0.0,5
332,131,34,17,19,0.0,5
332,123,3,6,20,0.0,22
332,118,32,12,21,0.0,8
332,139,35,19,22,0.0,20
332,151,32,11,23,0.0,5
332,103,33,13,24,0.0,8
332,94,18,15,25,0.0,22
332,55,25,5,26,0.0,20
332,99,39,0,27,0.0,81
332,147,18,0,28,0.0,81
332,101,34,0,29,0.0,81
332,92,42,0,30,0.0,81
332,90,44,0,31,0.0,97
332,149,44,0,32,0.0,97
332,152,47,0,33,0.0,97
333,95,6,1,1,9.0,1
333,102,1,3,2,6.0,1
333,117,6,2,3,4.0,1
333,77,1,4,4,3.0,1
333,137,22,6,5,2.0,1
333,145,22,9,6,1.0,1
333,119,3,5,7,0.0,11
333,55,25,8,8,0.0,11
333,105,21,19,9,0.0,11
333,78,27,22,10,0.0,12
333,94,18,16,11,0.0,12
333,127,41,14,12,0.0,12
333,133,21,17,13,0.0,3
333,88,33,11,14,0.0,3
333,139,35,13,15,0.0,13
333,112,27,20,16,0.0,3
333,101,34,25,17,0.0,6
333,122,41,12,18,0.0,5
333,123,3,7,19,0.0,5
333,103,33,10,20,0.0,6
333,131,34,23,21,0.0,6
333,151,32,15,22,0.0,91
333,118,32,21,23,0.0,37
333,114,39,24,24,0.0,86
333,110,35,18,25,0.0,20
333,138,25,0,26,0.0,54
333,129,45,0,27,0.0,81
333,147,18,0,28,0.0,81
333,99,39,0,29,0.0,81
333,92,42,0,30,0.0,81
333,90,44,0,31,0.0,97
333,149,44,0,32,0.0,97
333,152,47,0,33,0.0,97
334,117,6,2,1,9.0,1
334,95,6,3,2,6.0,1
334,145,22,9,3,4.0,1
334,123,3,7,4,3.0,1
334,119,3,6,5,2.0,1
334,88,33,15,6,1.0,1
334,78,27,20,7,0.0,11
334,127,41,12,8,0.0,11
334,114,39,23,9,0.0,11
334,105,21,25,10,0.0,12
334,118,32,10,11,0.0,6
334,122,41,19,12,0.0,68
334,77,1,5,13,0.0,4
334,102,1,1,14,0.0,21
334,137,22,8,15,0.0,84
334,110,35,17,16,0.0,5
334,129,45,21,17,0.0,67
334,94,18,11,18,0.0,20
334,112,27,13,19,0.0,20
334,103,33,18,20,0.0,6
334,138,25,14,21,0.0,20
334,99,39,22,22,0.0,5
334,131,34,24,23,0.0,4
334,55,25,4,24,0.0,20
334,139,35,16,25,0.0,37
334,151,32,0,26,0.0,73
334,101,34,0,27,0.0,81
334,147,18,0,28,0.0,81
334,146,21,0,29,0.0,81
334,92,42,0,30,0.0,81
334,90,44,0,31,0.0,97
334,149,44,0,32,0.0,97
334,152,47,0,33,0.0,97
335,137,22,6,1,9.0,1
335,90,22,8,2,6.0,1
335,88,33,9,3,4.0,1
335,119,3,7,4,3.0,1
335,123,3,5,5,2.0,1
335,138,25,14,6,1.0,1
335,78,27,17,7,0.0,11
335,94,18,10,8,0.0,11
335,133,21,23,9,0.0,11
335,112,27,25,10,0.0,11
335,118,32,11,11,0.0,6
335,65,32,12,12,0.0,5
335,105,21,24,13,0.0,5
335,95,6,3,14,0.0,7
335,139,35,19,15,0.0,91
335,103,33,18,16,0.0,5
335,81,18,20,17,0.0,20
335,122,41,13,18,0.0,80
335,110,35,26,19,0.0,20
335,127,41,16,20,0.0,5
335,101,34,21,21,0.0,8
335,77,1,4,22,0.0,20
335,102,1,1,23,0.0,4
335,117,6,2,24,0.0,4
335,131,34,22,25,0.0,4
335,55,25,7,26,0.0,54
335,129,45,0,27,0.0,81
335,99,39,0,28,0.0,81
335,114,39,0,29,0.0,81
335,92,42,0,30,0.0,81
336,137,22,7,1,9.0,1
336,95,6,3,2,6.0,1
336,117,6,4,3,4.0,1
336,77,1,2,4,3.0,1
336,123,3,9,5,2.0,1
336,119,3,6,6,1.0,11
336,90,22,8,7,0.0,11
336,55,25,5,8,0.0,11
336,94,18,10,9,0.0,12
336,78,27,12,10,0.0,12
336,112,27,19,11,0.0,13
336,131,34,17,12,0.0,14
336,129,45,22,13,0.0,17
336,139,35,21,14,0.0,5
336,102,1,1,15,0.0,20
336,99,39,26,16,0.0,5
336,65,32,18,17,0.0,8
336,138,25,13,18,0.0,20
336,122,41,14,19,0.0,37
336,118,32,11,20,0.0,6
336,127,41,16,21,0.0,23
336,110,35,15,22,0.0,10
336,103,33,23,23,0.0,6
336,81,18,20,24,0.0,6
336,101,34,25,25,0.0,20
336,88,33,24,26,0.0,7
336,105,21,0,27,0.0,81
336,114,39,0,28,0.0,81
336,133,21,0,29,0.0,81
336,92,42,0,30,0.0,81
1,18,23,1,1,10.0,1
1,22,23,2,2,8.0,1
1,15,7,20,3,6.0,1
1,10,7,19,4,5.0,1
1,4,4,10,5,4.0,1
1,3,3,5,6,3.0,1
1,67,5,13,7,2.0,1
1,7,5,17,8,1.0,1
1,16,10,16,9,0.0,1
1,2,2,9,10,0.0,1
1,21,10,15,11,0.0,1
1,17,9,8,12,0.0,11
1,20,9,3,13,0.0,4
1,9,2,4,14,0.0,4
1,8,6,7,15,0.0,24
1,13,6,6,16,0.0,22
1,12,4,14,17,0.0,20
1,6,3,11,18,0.0,3
1,5,1,12,19,0.0,4
1,1,1,18,20,0.0,2
2,18,23,1,1,5.0,1
2,2,2,10,2,4.0,1
2,10,7,3,3,3.0,1
2,15,7,2,4,2.5,1
2,22,23,8,5,2.0,1
2,17,9,5,6,1.5,1
2,1,1,12,7,1.0,1
2,3,3,4,8,0.5,1
2,13,6,16,9,0.0,1
2,7,5,15,10,0.0,1
2,4,4,9,11,0.0,11
2,6,3,11,12,0.0,11
2,12,4,17,13,0.0,11
2,8,6,7,14,0.0,11
2,20,9,13,15,0.0,20
2,67,5,20,16,0.0,20
2,16,10,19,17,0.0,11
2,21,10,18,18,0.0,20
2,9,2,6,19,0.0,5
2,5,1,14,20,0.0,20
3,20,9,1,1,10.0,1
3,17,9,3,2,8.0,1
3,18,23,5,3,6.0,1
3,22,23,4,4,5.0,1
3,5,1,12,5,4.0,1
3,1,1,9,6,3.0,1
3,10,7,19,7,2.0,1
3,67,5,10,8,1.0,1
3,4,4,2,9,0.0,1
3,8,6,8,10,0.0,1
3,7,5,15,11,0.0,1
3,2,2,11,12,0.0,1
3,9,2,17,13,0.0,1
3,21,10,20,14,0.0,11
3,3,3,7,15,0.0,11
3,12,4,16,16,0.0,12
3,16,10,18,17,0.0,20
3,6,3,14,18,0.0,31
3,13,6,13,19,0.0,40
3,15,7,6,20,0.0,4
4,18,23,4,1,10.0,1
4,20,9,3,2,8.0,1
4,15,7,1,3,6.0,1
4,1,1,5,4,5.0,1
4,22,23,6,5,4.0,1
4,8,6,10,6,3.0,1
4,10,7,2,7,2.0,1
4,4,4,7,8,1.0,1
4,3,3,9,9,0.0,1
4,12,4,15,10,0.0,1
4,17,9,18,11,0.0,1
4,5,1,11,12,0.0,1
4,7,5,20,13,0.0,1
4,13,6,8,14,0.0,11
4,21,10,17,15,0.0,11
4,16,10,19,16,0.0,11
4,67,5,16,17,0.0,11
4,9,2,13,18,0.0,11
4,2,2,14,19,0.0,11
4,6,3,12,20,0.0,51
5,18,23,1,1,10.0,1
5,22,23,3,2,8.0,1
5,17,9,5,3,6.0,1
5,20,9,2,4,5.0,1
5,4,4,8,5,4.0,1
5,13,6,4,6,3.0,1
5,2,2,13,7,2.0,1
5,3,3,9,8,1.0,1
5,1,1,14,9,0.0,11
5,10,7,6,10,0.0,11
5,9,2,10,11,0.0,11
5,12,4,12,12,0.0,11
5,6,3,11,13,0.0,11
5,21,10,20,14,0.0,11
5,8,6,16,15,0.0,9
5,5,1,18,16,0.0,6
5,15,7,7,17,0.0,4
5,67,5,15,18,0.0,4
5,7,5,17,19,0.0,4
5,16,10,19,20,0.0,4
6,18,23,1,1,10.0,1
6,22,23,3,2,8.0,1
6,8,6,2,3,6.0,1
6,13,6,5,4,5.0,1
6,17,9,8,5,4.0,1
6,3,3,6,6,3.0,1
6,4,4,9,7,2.0,1
6,7,5,14,8,1.0,1
6,21,10,13,9,0.0,1
6,10,7,20,10,0.0,11
6,2,2,16,11,0.0,11
6,1,1,19,12,0.0,11
6,15,7,18,13,0.0,11
6,16,10,15,14,0.0,11
6,6,3,10,15,0.0,3
6,5,1,7,16,0.0,3
6,9,2,17,17,0.0,23
6,20,9,4,18,0.0,3
6,12,4,12,19,0.0,4
6,67,5,11,20,0.0,4
7,18,23,2,1,10.0,1
7,17,9,4,2,8.0,1
7,20,9,1,3,6.0,1
7,15,7,5,4,5.0,1
7,3,3,9,5,4.0,1
7,13,6,7,6,3.0,1
7,9,2,10,7,2.0,1
7,10,7,13,8,1.0,1
7,8,6,6,9,0.0,1
7,4,4,8,10,0.0,1
7,2,2,11,11,0.0,1
7,6,3,12,12,0.0,1
7,1,1,16,13,0.0,1
7,5,1,14,14,0.0,11
7,67,5,18,15,0.0,11
7,12,4,17,16,0.0,11
7,16,10,15,17,0.0,11
7,7,5,20,18,0.0,11
7,22,23,3,19,0.0,6
7,21,10,19,20,0.0,23
8,20,9,1,1,10.0,1
8,17,9,3,2,8.0,1
8,22,23,2,3,6.0,1
8,13,6,11,4,5.0,1
8,3,3,7,5,4.0,1
8,18,23,6,6,3.0,1
8,15,7,4,7,2.0,1
8,8,6,9,8,1.0,1
8,10,7,8,9,0.0,1
8,21,10,16,10,0.0,1
8,6,3,5,11,0.0,1
8,12,4,14,12,0.0,11
8,9,2,12,13,0.0,11
8,4,4,10,14,0.0,11
8,2,2,15,15,0.0,11
8,1,1,18,16,0.0,11
8,16,10,20,17,0.0,11
8,67,5,19,18,0.0,11
8,7,5,17,19,0.0,4
8,5,1,13,20,0.0,4
9,17,9,1,1,10.0,1
9,20,9,4,2,8.0,1
9,13,6,8,3,6.0,1
9,3,3,15,4,5.0,1
9,18,23,3,5,4.0,1
9,22,23,2,6,3.0,1
9,4,4,12,7,2.0,1
9,5,1,6,8,1.0,1
9,10,7,20,9,0.0,1
9,2,2,11,10,0.0,1
9,21,10,18,11,0.0,1
9,6,3,13,12,0.0,1
9,12,4,10,13,0.0,1
9,9,2,16,14,0.0,1
9,16,10,7,15,0.0,1
9,67,5,17,16,0.0,1
9,15,7,14,17,0.0,1
9,1,1,5,18,0.0,11
9,8,6,9,19,0.0,5
9,7,5,19,20,0.0,9
10,1,1,4,1,10.0,1
10,8,6,7,2,8.0,1
10,17,9,3,3,6.0,1
10,3,3,5,4,5.0,1
10,5,1,6,5,4.0,1
10,10,7,13,6,3.0,1
10,18,23,8,7,2.0,1
10,15,7,11,8,1.0,1
10,6,3,9,9,0.0,1
10,22,23,12,10,0.0,1
10,2,2,15,11,0.0,1
10,12,4,14,12,0.0,1
10,9,2,18,13,0.0,1
10,21,10,16,14,0.0,11
10,153,5,19,15,0.0,11
10,67,5,10,16,0.0,11
10,20,9,2,17,0.0,22
10,4,4,1,18,0.0,36
10,16,10,17,19,0.0,25
10,13,6,0,20,0.0,54
11,22,23,3,1,10.0,1
11,1,1,1,2,8.0,1
11,8,6,6,3,6.0,1
11,5,1,2,4,5.0,1
11,3,3,7,5,4.0,1
11,4,4,8,6,3.0,1
11,18,23,5,7,2.0,1
11,9,2,10,8,1.0,1
11,17,9,9,9,0.0,1
11,16,10,12,10,0.0,1
11,2,2,11,11,0.0,1
11,21,10,16,12,0.0,1
11,15,7,18,13,0.0,1
11,10,7,13,14,0.0,1
11,154,4,14,15,0.0,1
11,153,5,19,16,0.0,11
11,69,6,20,17,0.0,11
11,6,3,17,18,0.0,13
11,67,5,15,19,0.0,23
11,20,9,4,20,0.0,5
12,8,6,6,1,10.0,1
12,21,10,1,2,8.0,1
12,20,9,8,3,6.0,1
12,9,2,5,4,5.0,1
12,2,2,3,5,4.0,1
12,5,1,15,6,3.0,1
12,22,23,4,7,2.0,1
12,3,3,10,8,1.0,1
12,17,9,9,9,0.0,1
12,10,7,7,10,0.0,1
12,16,10,11,11,0.0,1
12,67,5,16,12,0.0,1
12,6,3,18,13,0.0,1
12,69,6,20,14,0.0,1
12,4,4,13,15,0.0,31
12,15,7,2,16,0.0,23
12,18,23,14,17,0.0,4
12,154,4,19,18,0.0,4
12,1,1,12,19,0.0,4
12,153,5,17,20,0.0,4
13,22,23,5,1,10.0,1
13,18,23,6,2,8.0,1
13,8,6,3,3,6.0,1
13,16,10,2,4,5.0,1
13,4,4,8,5,4.0,1
13,5,1,4,6,3.0,1
13,2,2,15,7,2.0,1
13,20,9,9,8,1.0,1
13,21,6,14,9,0.0,1
13,6,3,17,10,0.0,1
13,10,7,16,11,0.0,1
13,1,1,1,12,0.0,3
13,67,5,19,13,0.0,11
13,15,7,11,14,0.0,11
13,154,4,12,15,0.0,11
13,3,3,18,16,0.0,12
13,24,10,7,17,0.0,7
13,153,5,20,18,0.0,31
13,9,2,13,19,0.0,44
13,17,9,10,20,0.0,4
14,1,1,1,1,10.0,1
14,10,7,6,2,8.0,1
14,4,4,5,3,6.0,1
14,20,9,2,4,5.0,1
14,18,23,11,5,4.0,1
14,22,23,9,6,3.0,1
14,5,1,8,7,2.0,1
14,9,2,7,8,1.0,1
14,6,3,10,9,0.0,1
14,8,6,12,10,0.0,1
14,3,3,3,11,0.0,1
14,15,7,14,12,0.0,1
14,21,6,17,13,0.0,1
14,24,10,19,14,0.0,1
14,153,5,16,15,0.0,23
14,67,5,13,16,0.0,6
14,17,9,4,17,0.0,23
14,16,10,15,18,0.0,4
14,2,2,20,19,0.0,4
14,154,4,18,20,0.0,23
15,20,9,1,1,10.0,1
15,15,7,2,2,8.0,1
15,1,1,3,3,6.0,1
15,8,6,5,4,5.0,1
15,3,3,7,5,4.0,1
15,2,2,4,6,3.0,1
15,22,23,6,7,2.0,1
15,18,23,10,8,1.0,1
15,9,2,9,9,0.0,1
15,4,4,16,10,0.0,1
15,5,1,11,11,0.0,1
15,21,6,14,12,0.0,1
15,16,10,8,13,0.0,1
15,24,10,18,14,0.0,1
15,6,3,15,15,0.0,1
15,154,4,17,16,0.0,11
15,17,9,19,17,0.0,12
15,153,5,12,18,0.0,3
15,67,5,13,19,0.0,8
15,10,7,20,20,0.0,73
16,17,9,2,1,10.0,1
16,9,2,8,2,8.0,1
16,1,1,17,3,6.0,1
16,20,9,15,4,5.0,1
16,18,23,14,5,4.0,1
16,8,6,5,6,3.0,1
16,67,5,6,7,2.0,1
16,22,23,1,8,1.0,1
16,5,1,16,9,0.0,1
16,155,7,11,10,0.0,1
16,21,6,19,11,0.0,1
16,24,10,20,12,0.0,1
16,154,4,13,13,0.0,11
16,153,5,12,14,0.0,11
16,6,3,9,15,0.0,3
16,3,3,7,16,0.0,6
16,2,2,18,17,0.0,60
16,16,10,3,18,0.0,3
16,15,7,4,19,0.0,3
16,4,4,10,20,0.0,3
356,95,6,6,1,9.0,1
356,117,1,5,2,6.0,1
356,127,37,12,3,4.0,1
356,65,22,10,4,3.0,1
356,118,21,8,5,2.0,1
356,145,22,11,6,1.0,1
356,156,25,18,7,0.0,11
356,138,32,21,8,0.0,11
356,129,27,22,9,0.0,11
356,105,25,20,10,0.0,12
356,102,1,1,11,0.0,12
356,112,33,26,12,0.0,13
356,110,35,15,13,0.0,14
356,157,48,17,14,0.0,15
356,119,3,2,15,0.0,91
356,158,21,24,16,0.0,4
356,146,49,25,17,0.0,4
356,84,34,13,18,0.0,86
356,122,37,7,19,0.0,22
356,137,32,9,20,0.0,69
356,78,45,19,21,0.0,2
356,131,34,14,22,0.0,86
356,123,3,4,23,0.0,5
356,94,18,16,24,0.0,83
356,77,6,3,25,0.0,4
356,159,18,23,26,0.0,4
356,114,33,0,27,0.0,81
356,163,27,0,28,0.0,81
356,148,44,0,29,0.0,81
356,90,42,0,30,0.0,81
356,133,35,0,31,0.0,97
356,160,45,0,32,0.0,97
356,161,48,0,33,0.0,97
356,162,42,0,34,0.0,97
356,164,39,0,35,0.0,97
356,88,49,0,36,0.0,97
356,140,46,0,37,0.0,97
356,92,46,0,38,0.0,97
357,102,1,1,1,9.0,1
357,117,1,2,2,6.0,1
357,145,22,7,3,4.0,11
357,123,3,6,4,3.0,11
357,118,21,12,5,2.0,11
357,156,25,25,6,1.0,11
357,133,35,9,7,0.0,11
357,99,39,18,8,0.0,11
357,158,21,21,9,0.0,12
357,110,35,16,10,0.0,12
357,65,22,23,11,0.0,12
357,78,45,14,12,0.0,20
357,84,34,22,13,0.0,69
357,138,32,24,14,0.0,62
357,159,18,15,15,0.0,20
357,127,37,19,16,0.0,7
357,137,32,8,17,0.0,5
357,95,6,3,18,0.0,6
357,119,3,4,19,0.0,5
357,131,34,17,20,0.0,20
357,94,18,11,21,0.0,6
357,129,27,10,22,0.0,2
357,77,6,5,23,0.0,3
357,122,37,13,24,0.0,20
357,112,33,20,25,0.0,10
357,114,33,26,26,0.0,10
357,105,25,0,27,0.0,81
357,163,27,0,28,0.0,81
357,157,48,0,29,0.0,81
357,90,42,0,30,0.0,81
357,92,46,0,31,0.0,97
357,148,44,0,32,0.0,97
357,160,45,0,33,0.0,97
357,140,46,0,34,0.0,97
357,164,39,0,35,0.0,97
357,162,42,0,36,0.0,97
357,88,49,0,37,0.0,97
357,146,49,0,38,0.0,97
357,161,48,0,39,0.0,97
358,102,1,1,1,9.0,1
358,117,1,2,2,6.0,1
358,131,34,8,3,4.0,11
358,133,35,9,4,3.0,12
358,105,25,12,5,2.0,12
358,84,34,4,6,1.0,12
358,158,21,20,7,0.0,12
358,145,22,15,8,0.0,13
358,156,25,23,9,0.0,13
358,123,3,3,10,0.0,13
358,122,37,22,11,0.0,14
358,163,27,21,12,0.0,14
358,110,35,10,13,0.0,14
358,65,22,24,14,0.0,14
358,119,3,7,15,0.0,14
358,159,18,26,16,0.0,25
358,99,39,13,17,0.0,10
358,90,42,25,18,0.0,6
358,112,33,17,19,0.0,5
358,127,37,14,20,0.0,5
358,137,32,19,21,0.0,4
358,95,6,5,22,0.0,6
358,162,42,18,23,0.0,6
358,129,27,16,24,0.0,6
358,94,18,11,25,0.0,8
358,118,21,6,26,0.0,10
358,157,48,0,27,0.0,81
358,114,33,0,28,0.0,81
358,138,32,0,29,0.0,81
358,160,45,0,30,0.0,97
358,140,46,0,31,0.0,97
358,78,45,0,32,0.0,97
358,146,49,0,33,0.0,97
358,92,46,0,34,0.0,97
358,148,44,0,35,0.0,97
358,161,48,0,36,0.0,97
358,88,49,0,37,0.0,97
358,164,39,0,38,0.0,97
359,102,1,1,1,9.0,1
359,119,3,5,2,6.0,1
359,105,25,7,3,4.0,1
359,145,22,13,4,3.0,1
359,117,1,2,5,2.0,1
359,99,39,17,6,1.0,11
359,158,21,24,7,0.0,11
359,129,27,11,8,0.0,11
359,84,34,20,9,0.0,11
359,131,34,9,10,0.0,11
359,137,32,26,11,0.0,11
359,157,48,23,12,0.0,12
359,133,35,19,13,0.0,12
359,163,27,25,14,0.0,13
359,65,22,18,15,0.0,13
359,94,18,22,16,0.0,5
359,95,6,3,17,0.0,6
359,118,21,10,18,0.0,10
359,138,32,15,19,0.0,20
359,112,33,16,20,0.0,62
359,110,35,12,21,0.0,22
359,77,6,6,22,0.0,6
359,140,46,21,23,0.0,7
359,123,3,8,24,0.0,10
359,156,25,14,25,0.0,37
359,122,37,4,26,0.0,7
359,159,18,0,27,0.0,81
359,127,37,0,28,0.0,81
359,114,33,0,29,0.0,81
359,90,42,0,30,0.0,81
359,92,46,0,31,0.0,97
359,148,44,0,32,0.0,97
359,78,45,0,33,0.0,97
359,161,48,0,34,0.0,97
359,146,49,0,35,0.0,97
359,88,49,0,36,0.0,97
359,160,45,0,37,0.0,97
359,164,39,0,38,0.0,97
359,162,42,0,39,0.0,97
360,117,1,2,1,9.0,1
360,119,3,14,2,6.0,1
360,158,21,17,3,4.0,1
360,157,48,26,4,3.0,11
360,65,22,25,5,2.0,11
360,123,3,16,6,1.0,11
360,99,39,24,7,0.0,5
360,110,35,13,8,0.0,15
360,156,25,21,9,0.0,69
360,77,6,8,10,0.0,91
360,133,35,6,11,0.0,4
360,137,32,22,12,0.0,20
360,140,46,19,13,0.0,22
360,159,18,20,14,0.0,5
360,102,1,1,15,0.0,10
360,84,34,5,16,0.0,23
360,131,34,7,17,0.0,23
360,95,6,4,18,0.0,91
360,94,18,15,19,0.0,5
360,138,32,23,20,0.0,37
360,122,37,11,21,0.0,7
360,127,37,18,22,0.0,23
360,105,25,9,23,0.0,6
360,145,22,3,24,0.0,68
360,118,21,10,25,0.0,4
360,112,33,12,26,0.0,20
360,129,27,0,27,0.0,81
360,90,42,0,28,0.0,81
360,163,27,0,29,0.0,81
360,114,33,0,30,0.0,81
360,160,45,0,31,0.0,97
360,162,42,0,32,0.0,97
360,148,44,0,33,0.0,97
360,78,45,0,34,0.0,97
360,164,39,0,35,0.0,97
360,161,48,0,36,0.0,97
360,88,49,0,37,0.0,97
360,146,49,0,38,0.0,97
360,92,46,0,39,0.0,97
361,123,3,6,1,9.0,1
361,119,3,3,2,6.0,1
361,110,35,9,3,4.0,1
361,137,32,19,4,3.0,1
361,163,27,22,5,2.0,11
361,133,35,8,6,1.0,12
361,102,1,2,7,0.0,5
361,157,48,23,8,0.0,13
361,90,42,26,9,0.0,24
361,118,21,12,10,0.0,5
361,156,25,14,11,0.0,20
361,78,45,15,12,0.0,10
361,122,37,21,13,0.0,20
361,112,33,10,14,0.0,20
361,140,46,18,15,0.0,2
361,159,18,24,16,0.0,20
361,127,37,17,17,0.0,10
361,77,6,4,18,0.0,6
361,99,39,25,19,0.0,20
361,158,21,16,20,0.0,20
361,117,1,1,21,0.0,22
361,95,6,5,22,0.0,2
361,131,34,7,23,0.0,3
361,94,18,11,24,0.0,3
361,145,22,13,25,0.0,2
361,105,25,20,26,0.0,10
361,138,32,0,27,0.0,81
361,114,33,0,28,0.0,81
361,65,22,0,29,0.0,81
361,129,27,0,30,0.0,81
361,84,34,0,31,0.0,97
361,92,46,0,32,0.0,97
361,148,44,0,33,0.0,97
361,160,45,0,34,0.0,97
361,146,49,0,35,0.0,97
361,164,39,0,36,0.0,97
361,161,48,0,37,0.0,97
361,88,49,0,38,0.0,97
361,162,42,0,39,0.0,97
362,117,1,1,1,9.0,1
362,95,6,3,2,6.0,1
362,119,3,8,3,4.0,1
362,55,25,16,4,3.0,1
362,140,46,13,5,2.0,11
362,129,27,17,6,1.0,11
362,158,21,25,7,0.0,11
362,137,32,20,8,0.0,12
362,139,22,24,9,0.0,12
362,156,25,9,10,0.0,12
362,103,33,15,11,0.0,13
362,151,21,14,12,0.0,13
362,92,46,11,13,0.0,5
362,127,37,10,14,0.0,62
362,131,34,22,15,0.0,5
362,123,3,5,16,0.0,6
362,138,32,19,17,0.0,5
362,122,37,12,18,0.0,5
362,145,22,4,19,0.0,22
362,94,18,23,20,0.0,5
362,112,33,7,21,0.0,5
362,99,39,21,22,0.0,5
362,77,6,6,23,0.0,8
362,133,35,26,24,0.0,8
362,163,27,18,25,0.0,6
362,102,1,2,26,0.0,24
362,110,35,0,27,0.0,81
362,159,18,0,28,0.0,81
362,157,48,0,29,0.0,81
362,90,42,0,30,0.0,81
362,78,45,0,31,0.0,97
362,84,34,0,32,0.0,97
362,161,48,0,33,0.0,97
362,146,49,0,34,0.0,97
362,160,45,0,35,0.0,97
362,162,42,0,36,0.0,97
362,88,49,0,37,0.0,97
362,148,44,0,38,0.0,97
362,164,39,0,39,0.0,97
363,117,1,2,1,9.0,1
363,95,6,3,2,6.0,1
363,145,22,9,3,4.0,1
363,137,32,10,4,3.0,1
363,94,18,11,5,2.0,11
363,159,18,15,6,1.0,11
363,129,27,24,7,0.0,11
363,138,32,16,8,0.0,11
363,118,21,19,9,0.0,12
363,123,3,7,10,0.0,12
363,139,22,26,11,0.0,12
363,92,46,21,12,0.0,12
363,127,37,6,13,0.0,6
363,84,34,20,14,0.0,5
363,77,6,4,15,0.0,66
363,103,33,13,16,0.0,5
363,112,33,12,17,0.0,5
363,156,25,18,18,0.0,20
363,131,34,14,19,0.0,5
363,55,25,22,20,0.0,20
363,78,45,17,21,0.0,64
363,119,3,5,22,0.0,21
363,122,37,8,23,0.0,7
363,110,35,25,24,0.0,5
363,102,1,1,25,0.0,20
363,90,42,23,26,0.0,6
363,163,27,0,27,0.0,81
363,158,21,0,28,0.0,81
363,99,39,0,29,0.0,81
363,157,48,0,30,0.0,81
363,140,46,0,31,0.0,97
363,133,35,0,32,0.0,97
363,148,44,0,33,0.0,97
363,160,45,0,34,0.0,97
363,114,39,0,35,0.0,97
363,146,49,0,36,0.0,97
363,162,42,0,37,0.0,97
363,88,49,0,38,0.0,97
363,161,48,0,39,0.0,97
364,102,1,1,1,9.0,1
364,117,1,2,2,6.0,1
364,95,6,3,3,4.0,1
364,119,3,5,4,3.0,11
364,137,32,8,5,2.0,11
364,118,21,17,6,1.0,11
364,110,35,21,7,0.0,11
364,84,34,12,8,0.0,11
364,94,18,13,9,0.0,11
364,55,25,10,10,0.0,12
364,163,27,23,11,0.0,13
364,158,21,25,12,0.0,69
364,131,34,16,13,0.0,5
364,138,32,18,14,0.0,20
364,122,37,22,15,0.0,10
364,127,37,14,16,0.0,6
364,139,22,9,17,0.0,20
364,112,33,15,18,0.0,44
364,156,25,19,19,0.0,5
364,77,6,4,20,0.0,20
364,140,46,24,21,0.0,25
364,145,22,7,22,0.0,10
364,123,3,6,23,0.0,4
364,133,35,20,24,0.0,5
364,105,33,26,25,0.0,10
364,129,27,11,26,0.0,6
364,159,18,0,27,0.0,81
364,92,46,0,28,0.0,81
364,157,48,0,29,0.0,81
364,161,48,0,30,0.0,2
364,114,39,0,31,0.0,97
364,78,45,0,32,0.0,97
364,99,39,0,33,0.0,97
364,160,45,0,34,0.0,97
364,90,42,0,35,0.0,97
364,162,42,0,36,0.0,97
364,148,44,0,37,0.0,97
364,88,49,0,38,0.0,97
365,95,6,12,1,9.0,1
365,102,1,2,2,6.0,1
365,123,3,4,3,4.0,1
365,117,1,5,4,3.0,1
365,158,21,16,5,2.0,1
365,137,32,17,6,1.0,1
365,133,35,3,7,0.0,1
365,139,22,25,8,0.0,11
365,55,25,11,9,0.0,11
365,118,21,9,10,0.0,11
365,131,34,8,11,0.0,11
365,84,34,15,12,0.0,12
365,156,25,19,13,0.0,14
365,159,18,23,14,0.0,4
365,77,6,6,15,0.0,6
365,119,3,1,16,0.0,21
365,140,46,24,17,0.0,6
365,145,22,7,18,0.0,6
365,92,46,21,19,0.0,6
365,138,32,20,20,0.0,3
365,127,37,13,21,0.0,10
365,122,37,14,22,0.0,36
365,105,33,26,23,0.0,5
365,160,45,22,24,0.0,10
365,94,18,10,25,0.0,36
365,110,35,18,26,0.0,8
365,163,27,0,27,0.0,81
365,129,27,0,28,0.0,81
365,157,48,0,29,0.0,81
365,161,48,0,30,0.0,81
365,78,45,0,31,0.0,97
365,112,33,0,32,0.0,97
365,114,39,0,33,0.0,97
365,146,49,0,34,0.0,97
365,99,39,0,35,0.0,97
365,90,42,0,36,0.0,97
365,148,44,0,37,0.0,97
365,88,49,0,38,0.0,97
365,162,42,0,39,0.0,97
366,102,1,1,1,9.0,1
366,117,1,2,2,6.0,1
366,95,6,6,3,4.0,1
366,123,3,4,4,3.0,1
366,145,22,7,5,2.0,1
366,118,21,10,6,1.0,1
366,127,37,9,7,0.0,11
366,140,46,15,8,0.0,11
366,94,18,14,9,0.0,11
366,139,22,13,10,0.0,11
366,110,35,18,11,0.0,11
366,122,37,19,12,0.0,11
366,129,27,26,13,0.0,11
366,156,25,21,14,0.0,12
366,159,18,25,15,0.0,13
366,112,33,11,16,0.0,5
366,158,21,24,17,0.0,36
366,92,46,23,18,0.0,20
366,119,3,5,19,0.0,4
366,105,33,22,20,0.0,4
366,133,35,12,21,0.0,20
366,84,34,20,22,0.0,23
366,77,6,3,23,0.0,20
366,131,34,8,24,0.0,64
366,163,27,17,25,0.0,4
366,65,25,16,26,0.0,20
366,138,32,0,27,0.0,81
366,137,32,0,28,0.0,81
366,157,48,0,29,0.0,81
366,162,48,0,30,0.0,81
366,78,45,0,31,0.0,97
366,160,45,0,32,0.0,97
366,90,42,0,33,0.0,97
366,99,39,0,34,0.0,97
366,146,49,0,35,0.0,97
366,88,49,0,36,0.0,97
366,114,39,0,37,0.0,97
366,148,44,0,38,0.0,97
366,134,42,0,39,0.0,97
367,117,1,4,1,9.0,1
367,77,6,2,2,6.0,1
367,123,3,6,3,4.0,1
367,119,3,5,4,3.0,1
367,55,25,10,5,2.0,11
367,84,34,12,6,1.0,11
367,94,18,15,7,0.0,11
367,159,18,26,8,0.0,12
367,163,27,23,9,0.0,12
367,138,32,19,10,0.0,22
367,133,35,20,11,0.0,5
367,110,35,17,12,0.0,5
367,102,1,1,13,0.0,5
367,95,6,3,14,0.0,6
367,92,46,22,15,0.0,21
367,145,22,8,16,0.0,23
367,122,37,18,17,0.0,5
367,129,27,21,18,0.0,43
367,137,32,11,19,0.0,20
367,156,25,14,20,0.0,5
367,118,21,16,21,0.0,69
367,78,45,24,22,0.0,6
367,105,33,13,23,0.0,10
367,127,37,25,24,0.0,37
367,112,33,7,25,0.0,20
367,139,22,9,26,0.0,7
367,131,34,0,27,0.0,2
367,158,21,0,28,0.0,81
367,157,48,0,29,0.0,81
367,162,48,0,30,0.0,81
367,140,46,0,31,0.0,97
367,99,39,0,32,0.0,97
367,90,42,0,33,0.0,97
367,160,45,0,34,0.0,97
367,146,49,0,35,0.0,97
367,88,49,0,36,0.0,97
367,165,44,0,37,0.0,97
367,114,39,0,38,0.0,97
367,134,42,0,39,0.0,97
368,77,6,2,1,9.0,1
368,117,1,4,2,6.0,1
368,140,46,12,3,4.0,1
368,145,22,13,4,3.0,1
368,94,18,5,5,2.0,11
368,156,25,18,6,1.0,11
368,138,32,25,7,0.0,11
368,84,34,10,8,0.0,11
368,112,33,17,9,0.0,11
368,127,37,14,10,0.0,12
368,105,33,21,11,0.0,12
368,159,18,9,12,0.0,12
368,163,27,23,13,0.0,12
368,131,34,11,14,0.0,12
368,119,3,6,15,0.0,25
368,123,3,8,16,0.0,25
368,102,1,1,17,0.0,4
368,95,6,3,18,0.0,2
368,118,21,22,19,0.0,3
368,137,32,20,20,0.0,4
368,133,35,7,21,0.0,4
368,139,22,16,22,0.0,22
368,122,37,24,23,0.0,5
368,158,21,26,24,0.0,20
368,110,35,19,25,0.0,10
368,90,42,15,26,0.0,10
368,65,25,0,27,0.0,81
368,129,27,0,28,0.0,81
368,162,48,0,29,0.0,81
368,157,48,0,30,0.0,81
368,114,39,0,31,0.0,97
368,109,46,0,32,0.0,97
368,160,45,0,33,0.0,97
368,165,44,0,34,0.0,97
368,99,39,0,35,0.0,97
368,78,45,0,36,0.0,97
368,88,49,0,37,0.0,97
368,146,49,0,38,0.0,97
368,134,42,0,39,0.0,97
369,102,1,1,1,9.0,1
369,77,6,2,2,6.0,1
369,117,1,3,3,4.0,1
369,55,25,9,4,3.0,11
369,119,3,6,5,2.0,11
369,112,33,5,6,1.0,11
369,110,35,15,7,0.0,11
369,137,32,7,8,0.0,12
369,118,21,16,9,0.0,12
369,156,25,13,10,0.0,12
369,158,21,22,11,0.0,5
369,139,22,10,12,0.0,20
369,133,35,23,13,0.0,5
369,84,34,8,14,0.0,20
369,127,37,26,15,0.0,4
369,159,18,20,16,0.0,20
369,123,3,21,17,0.0,48
369,129,27,24,18,0.0,5
369,94,18,4,19,0.0,20
369,122,37,19,20,0.0,7
369,109,46,17,21,0.0,6
369,160,45,25,22,0.0,6
369,145,22,14,23,0.0,20
369,131,34,12,24,0.0,10
369,78,45,11,25,0.0,22
369,138,32,18,26,0.0,4
369,163,27,0,27,0.0,81
369,162,48,0,28,0.0,81
369,148,48,0,29,0.0,81
369,99,39,0,30,0.0,97
369,140,46,0,31,0.0,97
369,90,42,0,32,0.0,97
369,105,33,0,33,0.0,97
369,88,49,0,34,0.0,97
369,114,39,0,35,0.0,97
369,146,49,0,36,0.0,97
369,165,44,0,37,0.0,97
369,134,42,0,38,0.0,97
370,145,22,6,1,9.0,1
370,119,3,5,2,6.0,1
370,123,3,7,3,4.0,1
370,137,32,11,4,3.0,1
370,84,34,13,5,2.0,11
370,118,21,25,6,1.0,11
370,127,37,20,7,0.0,11
370,158,21,24,8,0.0,11
370,133,35,15,9,0.0,11
370,110,35,16,10,0.0,12
370,102,1,1,11,0.0,2
370,117,1,2,12,0.0,4
370,131,34,9,13,0.0,5
370,95,6,4,14,0.0,5
370,138,32,12,15,0.0,5
370,55,25,18,16,0.0,6
370,112,33,8,17,0.0,5
370,77,6,3,18,0.0,6
370,139,22,22,19,0.0,4
370,129,27,23,20,0.0,5
370,122,37,17,21,0.0,22
370,78,45,10,22,0.0,23
370,156,25,26,23,0.0,95
370,146,49,21,24,0.0,6
370,159,18,14,25,0.0,4
370,147,18,19,26,0.0,8
370,163,27,0,27,0.0,81
370,105,33,0,28,0.0,81
370,162,48,0,29,0.0,81
370,92,48,0,30,0.0,81
370,160,45,0,31,0.0,97
370,90,42,0,32,0.0,97
370,140,46,0,33,0.0,97
370,88,49,0,34,0.0,97
370,165,44,0,35,0.0,97
370,109,46,0,36,0.0,97
370,99,39,0,37,0.0,97
370,114,39,0,38,0.0,97
370,134,42,0,39,0.0,97
371,123,3,5,1,9.0,1
371,145,22,4,2,6.0,1
371,119,3,6,3,4.0,1
371,138,32,23,4,3.0,1
371,139,22,13,5,2.0,12
371,94,18,3,6,1.0,13
371,127,37,25,7,0.0,14
371,131,34,8,8,0.0,16
371,158,21,22,9,0.0,20
371,109,46,17,10,0.0,10
371,129,27,24,11,0.0,20
371,137,32,18,12,0.0,4
371,160,45,21,13,0.0,4
371,95,6,7,14,0.0,20
371,102,1,1,15,0.0,4
371,133,35,10,16,0.0,20
371,122,37,16,17,0.0,21
371,110,35,9,18,0.0,20
371,84,34,12,19,0.0,4
371,118,21,20,20,0.0,20
371,112,33,19,21,0.0,4
371,77,6,14,22,0.0,4
371,55,25,15,23,0.0,10
371,163,27,26,24,0.0,4
371,117,1,2,25,0.0,54
371,78,45,11,26,0.0,10
371,156,25,0,27,0.0,81
371,159,18,0,28,0.0,81
371,92,48,0,29,0.0,81
371,162,48,0,30,0.0,81
371,140,46,0,31,0.0,97
371,105,33,0,32,0.0,97
371,146,49,0,33,0.0,97
371,90,42,0,34,0.0,97
371,165,44,0,35,0.0,97
371,88,49,0,36,0.0,97
371,114,39,0,37,0.0,97
371,99,39,0,38,0.0,97
371,134,42,0,39,0.0,97
372,117,1,3,1,9.0,1
372,77,6,4,2,6.0,1
372,137,32,5,3,4.0,1
372,118,21,11,4,3.0,1
372,105,6,6,5,2.0,1
372,138,32,10,6,1.0,11
372,123,22,7,7,0.0,11
372,158,21,15,8,0.0,11
372,140,27,21,9,0.0,13
372,110,48,14,10,0.0,5
372,156,25,22,11,0.0,7
372,159,18,20,12,0.0,83
372,112,33,16,13,0.0,22
372,99,42,25,14,0.0,22
372,166,39,19,15,0.0,23
372,114,33,17,16,0.0,5
372,102,1,1,17,0.0,2
372,163,27,18,18,0.0,8
372,131,44,24,19,0.0,5
372,95,3,2,20,0.0,5
372,145,22,12,21,0.0,5
372,119,3,8,22,0.0,5
372,122,37,9,23,0.0,5
372,167,18,23,24,0.0,83
372,127,37,13,25,0.0,6
372,165,44,26,26,0.0,10
372,141,25,0,27,0.0,81
372,160,49,0,28,0.0,81
372,78,45,0,29,0.0,81
372,146,49,0,30,0.0,81
372,133,35,0,31,0.0,97
373,102,1,1,1,9.0,1
373,117,1,2,2,6.0,1
373,137,32,3,3,4.0,11
373,123,22,8,4,3.0,11
373,77,6,5,5,2.0,11
373,145,22,4,6,1.0,11
373,158,21,7,7,0.0,11
373,138,32,12,8,0.0,11
373,118,21,14,9,0.0,12
373,166,39,13,10,0.0,12
373,159,18,18,11,0.0,12
373,114,33,19,12,0.0,12
373,119,3,6,13,0.0,12
373,156,25,23,14,0.0,12
373,127,37,20,15,0.0,12
373,167,18,22,16,0.0,13
373,112,33,15,17,0.0,13
373,105,6,10,18,0.0,5
373,131,44,26,19,0.0,62
373,141,25,21,20,0.0,6
373,95,3,11,21,0.0,5
373,99,42,17,22,0.0,69
373,133,35,24,23,0.0,6
373,160,49,25,24,0.0,6
373,122,37,9,25,0.0,6
373,110,48,16,26,0.0,22
373,78,45,0,27,0.0,96
373,165,44,0,28,0.0,81
373,140,27,0,29,0.0,81
373,163,27,0,30,0.0,81
374,117,1,2,1,9.0,1
374,77,6,3,2,6.0,1
374,105,6,4,3,4.0,1
374,118,21,7,4,3.0,11
374,156,25,10,5,2.0,11
374,119,3,8,6,1.0,11
374,114,33,21,7,0.0,11
374,123,22,16,8,0.0,12
374,78,45,25,9,0.0,13
374,122,37,22,10,0.0,16
374,102,1,1,11,0.0,20
374,112,33,13,12,0.0,4
374,127,37,14,13,0.0,69
374,160,49,23,14,0.0,6
374,145,22,6,15,0.0,6
374,159,18,15,16,0.0,86
374,95,3,5,17,0.0,4
374,110,48,19,18,0.0,5
374,163,27,20,19,0.0,5
374,165,44,18,20,0.0,23
374,158,21,9,21,0.0,5
374,140,27,26,22,0.0,5
374,99,42,24,23,0.0,22
374,137,32,11,24,0.0,4
374,133,35,17,25,0.0,20
374,166,39,12,26,0.0,37
374,138,32,0,27,0.0,81
374,146,49,0,28,0.0,81
374,167,18,0,29,0.0,81
374,141,25,0,30,0.0,81
374,131,44,0,31,0.0,96
375,117,1,2,1,9.0,1
375,102,1,1,2,6.0,1
375,77,6,3,3,4.0,1
375,105,6,5,4,3.0,11
375,118,21,9,5,2.0,11
375,158,21,7,6,1.0,11
375,145,22,8,7,0.0,12
375,123,22,11,8,0.0,13
375,114,33,22,9,0.0,13
375,140,27,24,10,0.0,14
375,159,18,25,11,0.0,14
375,166,39,19,12,0.0,14
375,165,44,26,13,0.0,14
375,99,42,21,14,0.0,15
375,160,49,18,15,0.0,16
375,122,37,10,16,0.0,16
375,137,32,4,17,0.0,5
375,110,48,12,18,0.0,6
375,138,32,6,19,0.0,5
375,95,3,14,20,0.0,5
375,146,49,15,21,0.0,5
375,119,3,17,22,0.0,5
375,163,27,20,23,0.0,3
375,133,35,23,24,0.0,23
375,127,37,16,25,0.0,10
375,112,33,13,26,0.0,22
375,167,18,0,27,0.0,81
375,156,25,0,28,0.0,81
375,78,45,0,29,0.0,81
375,141,25,0,30,0.0,81
375,131,44,0,31,0.0,96
376,102,1,1,1,9.0,1
376,117,1,2,2,6.0,1
376,123,22,7,3,4.0,1
376,137,32,6,4,3.0,11
376,122,37,14,5,2.0,11
376,156,25,19,6,1.0,12
376,118,21,16,7,0.0,12
376,99,42,26,8,0.0,12
376,110,48,12,9,0.0,60
376,112,33,17,10,0.0,10
376,138,32,13,11,0.0,13
376,131,44,15,12,0.0,13
376,159,18,21,13,0.0,15
376,160,49,22,14,0.0,5
376,127,37,18,15,0.0,6
376,166,39,10,16,0.0,22
376,163,27,20,17,0.0,7
376,105,6,4,18,0.0,5
376,119,3,11,19,0.0,5
376,158,21,8,20,0.0,37
376,95,3,9,21,0.0,5
376,140,27,25,22,0.0,5
376,77,6,3,23,0.0,10
376,145,22,5,24,0.0,80
376,165,44,24,25,0.0,83
376,141,25,23,26,0.0,4
376,167,18,0,27,0.0,81
376,78,45,0,28,0.0,81
376,114,33,0,29,0.0,81
376,146,49,0,30,0.0,81
376,133,35,0,31,0.0,97
377,102,1,1,1,9.0,1
377,117,1,4,2,6.0,1
377,123,22,5,3,4.0,11
377,110,48,12,4,3.0,11
377,156,25,17,5,2.0,11
377,94,18,16,6,1.0,11
377,114,33,24,7,0.0,12
377,133,35,21,8,0.0,12
377,141,25,22,9,0.0,20
377,159,18,25,10,0.0,6
377,112,33,14,11,0.0,86
377,131,44,19,12,0.0,20
377,105,6,3,13,0.0,4
377,163,27,20,14,0.0,25
377,127,37,13,15,0.0,5
377,119,3,10,16,0.0,10
377,137,32,8,17,0.0,20
377,165,44,23,18,0.0,6
377,118,21,9,19,0.0,20
377,95,3,6,20,0.0,5
377,166,39,11,21,0.0,22
377,145,22,7,22,0.0,22
377,158,21,15,23,0.0,10
377,78,45,26,24,0.0,5
377,77,6,2,25,0.0,29
377,140,27,18,26,0.0,25
377,122,37,0,27,0.0,73
377,138,32,0,28,0.0,81
377,146,49,0,29,0.0,81
377,160,49,0,30,0.0,81
377,99,42,0,31,0.0,81
378,117,1,1,1,9.0,1
378,102,1,2,2,6.0,1
378,105,6,4,3,4.0,1
378,77,6,3,4,3.0,11
378,137,32,7,5,2.0,11
378,145,22,6,6,1.0,11
378,138,32,8,7,0.0,11
378,127,37,16,8,0.0,11
378,122,37,10,9,0.0,11
378,110,48,12,10,0.0,12
378,158,21,13,11,0.0,12
378,133,35,14,12,0.0,12
378,114,33,19,13,0.0,12
378,131,44,20,14,0.0,13
378,94,18,22,15,0.0,13
378,159,18,25,16,0.0,62
378,165,44,26,17,0.0,8
378,78,45,24,18,0.0,86
378,146,49,21,19,0.0,6
378,95,3,9,20,0.0,22
378,112,33,18,21,0.0,10
378,156,25,23,22,0.0,5
378,119,3,15,23,0.0,23
378,123,22,5,24,0.0,5
378,166,39,17,25,0.0,95
378,118,21,11,26,0.0,20
378,163,27,0,27,0.0,81
378,141,25,0,28,0.0,81
378,140,27,0,29,0.0,81
378,99,42,0,30,0.0,97
378,160,49,0,31,0.0,96
379,102,1,3,1,9.0,1
379,95,3,11,2,6.0,1
379,145,22,8,3,4.0,1
379,127,37,5,4,3.0,1
379,137,32,7,5,2.0,1
379,118,21,9,6,1.0,11
379,158,21,13,7,0.0,11
379,119,3,15,8,0.0,11
379,77,6,1,9,0.0,11
379,138,32,10,10,0.0,11
379,133,35,21,11,0.0,11
379,131,44,20,12,0.0,11
379,114,33,23,13,0.0,12
379,112,33,22,14,0.0,12
379,94,18,19,15,0.0,12
379,141,25,24,16,0.0,12
379,105,6,2,17,0.0,60
379,163,27,25,18,0.0,13
379,78,45,26,19,0.0,60
379,123,22,12,20,0.0,7
379,122,37,6,21,0.0,91
379,117,1,4,22,0.0,64
379,156,25,17,23,0.0,5
379,110,48,14,24,0.0,8
379,166,39,16,25,0.0,41
379,159,18,18,26,0.0,22
379,165,44,0,27,0.0,81
379,160,49,0,28,0.0,81
379,140,27,0,29,0.0,81
379,146,49,0,30,0.0,81
379,99,42,0,31,0.0,97
380,102,1,1,1,9.0,1
380,117,1,2,2,6.0,1
380,77,6,3,3,4.0,1
380,105,6,4,4,3.0,1
380,122,37,7,5,2.0,1
380,123,22,9,6,1.0,11
380,118,21,12,7,0.0,11
380,127,37,10,8,0.0,11
380,138,32,8,9,0.0,11
380,158,21,15,10,0.0,11
380,156,25,24,11,0.0,11
380,146,49,22,12,0.0,11
380,110,48,14,13,0.0,12
380,160,49,23,14,0.0,12
380,133,35,19,15,0.0,12
380,165,44,26,16,0.0,12
380,163,27,17,17,0.0,13
380,145,22,6,18,0.0,14
380,114,33,21,19,0.0,8
380,166,39,16,20,0.0,37
380,119,3,13,21,0.0,20
380,78,45,18,22,0.0,5
380,95,3,11,23,0.0,20
380,131,44,25,24,0.0,5
380,112,33,20,25,0.0,20
380,137,32,5,26,0.0,20
380,159,18,0,27,0.0,81
380,140,27,0,28,0.0,81
380,141,25,0,29,0.0,81
380,94,18,0,30,0.0,81
380,99,42,0,31,0.0,97
381,102,1,1,1,9.0,1
381,117,1,7,2,6.0,1
381,123,22,3,3,4.0,1
381,77,6,9,4,3.0,1
381,127,37,8,5,2.0,11
381,119,3,6,6,1.0,11
381,138,32,19,7,0.0,13
381,137,32,13,8,0.0,13
381,114,33,17,9,0.0,13
381,159,18,11,10,0.0,14
381,131,44,26,11,0.0,14
381,112,33,20,12,0.0,14
381,99,42,22,13,0.0,15
381,118,21,12,14,0.0,23
381,95,3,2,15,0.0,100
381,158,21,14,16,0.0,23
381,105,6,15,17,0.0,10
381,163,27,25,18,0.0,5
381,110,48,18,19,0.0,86
381,145,22,5,20,0.0,25
381,133,35,10,21,0.0,5
381,140,27,24,22,0.0,37
381,94,18,16,23,0.0,4
381,166,39,23,24,0.0,4
381,122,37,4,25,0.0,5
381,156,25,21,26,0.0,5
381,165,44,0,27,0.0,81
381,146,49,0,28,0.0,81
381,141,25,0,29,0.0,81
381,160,49,0,30,0.0,81
381,78,45,0,31,0.0,97
382,102,1,1,1,9.0,1
382,117,1,2,2,6.0,1
382,122,37,14,3,4.0,1
382,137,32,9,4,3.0,1
382,118,21,10,5,2.0,1
382,158,21,11,6,1.0,11
382,84,3,12,7,0.0,11
382,133,35,15,8,0.0,11
382,112,33,16,9,0.0,11
382,166,39,18,10,0.0,11
382,140,27,20,11,0.0,5
382,156,25,21,12,0.0,37
382,146,49,25,13,0.0,6
382,123,22,6,14,0.0,2
382,145,22,7,15,0.0,2
382,99,42,22,16,0.0,38
382,105,6,4,17,0.0,5
382,119,3,5,18,0.0,5
382,127,37,13,19,0.0,20
382,160,49,24,20,0.0,44
382,138,32,8,21,0.0,5
382,78,45,26,22,0.0,69
382,77,6,3,23,0.0,98
382,114,33,23,24,0.0,5
382,110,48,19,25,0.0,3
382,163,27,17,26,0.0,3
382,159,18,0,27,0.0,81
382,94,18,0,28,0.0,81
382,131,44,0,29,0.0,81
382,141,25,0,30,0.0,81
382,165,44,0,31,0.0,97
383,77,6,3,1,9.0,1
383,105,6,4,2,6.0,1
383,158,21,5,3,4.0,1
383,118,21,6,4,3.0,1
383,122,37,11,5,2.0,1
383,123,22,8,6,1.0,1
383,119,3,10,7,0.0,1
383,127,37,13,8,0.0,1
383,145,22,9,9,0.0,11
383,102,1,1,10,0.0,4
383,168,3,22,11,0.0,12
383,141,25,26,12,0.0,12
383,163,27,24,13,0.0,12
383,117,1,2,14,0.0,5
383,112,33,20,15,0.0,5
383,166,39,23,16,0.0,8
383,146,49,15,17,0.0,5
383,110,48,18,18,0.0,83
383,160,49,16,19,0.0,5
383,133,35,21,20,0.0,5
383,114,33,25,21,0.0,21
383,94,18,14,22,0.0,5
383,138,32,12,23,0.0,5
383,159,18,19,24,0.0,6
383,137,32,7,25,0.0,8
383,78,45,17,26,0.0,5
383,156,25,0,27,0.0,81
383,140,27,0,28,0.0,81
383,99,42,0,29,0.0,81
383,131,44,0,30,0.0,81
383,165,44,0,31,0.0,97
384,117,1,1,1,9.0,1
384,122,37,3,2,6.0,1
384,123,22,13,3,4.0,1
384,118,21,10,4,3.0,1
384,105,6,7,5,2.0,1
384,102,1,2,6,1.0,1
384,133,35,17,7,0.0,11
384,159,18,19,8,0.0,12
384,166,39,21,9,0.0,12
384,163,27,23,10,0.0,12
384,99,42,26,11,0.0,15
384,78,45,25,12,0.0,17
384,127,37,5,13,0.0,5
384,95,3,6,14,0.0,20
384,156,25,22,15,0.0,25
384,145,22,9,16,0.0,64
384,77,6,4,17,0.0,20
384,137,32,8,18,0.0,8
384,119,3,11,19,0.0,21
384,94,18,14,20,0.0,5
384,114,33,15,21,0.0,91
384,138,32,16,22,0.0,20
384,110,48,12,23,0.0,86
384,158,21,18,24,0.0,101
384,112,33,20,25,0.0,5
384,140,27,24,26,0.0,5
384,141,25,0,27,0.0,81
384,160,49,0,28,0.0,81
384,131,44,0,29,0.0,81
384,146,49,0,30,0.0,81
384,165,44,0,31,0.0,97
385,117,1,2,1,9.0,1
385,95,3,3,2,6.0,1
385,145,22,5,3,4.0,1
385,102,1,1,4,3.0,1
385,119,3,7,5,2.0,1
385,77,6,8,6,1.0,1
385,127,37,11,7,0.0,1
385,137,32,9,8,0.0,1
385,123,22,4,9,0.0,1
385,133,35,18,10,0.0,11
385,114,33,16,11,0.0,11
385,159,18,24,12,0.0,12
385,131,44,26,13,0.0,12
385,112,33,12,14,0.0,13
385,140,27,21,15,0.0,36
385,158,21,25,16,0.0,83
385,122,37,6,17,0.0,5
385,118,21,17,18,0.0,83
385,110,48,23,19,0.0,5
385,166,39,13,20,0.0,5
385,105,6,10,21,0.0,5
385,94,18,20,22,0.0,6
385,138,32,15,23,0.0,20
385,78,45,14,24,0.0,22
385,156,25,22,25,0.0,83
385,163,27,19,26,0.0,37
385,146,49,0,27,0.0,81
385,165,44,0,28,0.0,81
385,141,25,0,29,0.0,81
385,160,49,0,30,0.0,81
385,99,42,0,31,0.0,97
386,102,1,1,1,9.0,1
386,117,1,2,2,6.0,1
386,123,22,10,3,4.0,1
386,77,6,3,4,3.0,1
386,145,22,12,5,2.0,1
386,119,3,11,6,1.0,1
386,138,32,6,7,0.0,11
386,166,39,18,8,0.0,11
386,112,33,19,9,0.0,11
386,127,37,13,10,0.0,11
386,105,6,9,11,0.0,11
386,156,25,16,12,0.0,11
386,94,18,17,13,0.0,12
386,141,25,26,14,0.0,12
386,159,18,22,15,0.0,12
386,88,33,20,16,0.0,13
386,163,27,23,17,0.0,13
386,110,48,14,18,0.0,25
386,158,21,15,19,0.0,80
386,78,45,24,20,0.0,23
386,137,32,5,21,0.0,100
386,95,3,8,22,0.0,4
386,133,35,21,23,0.0,20
386,122,37,4,24,0.0,10
386,118,21,7,25,0.0,20
386,146,49,25,26,0.0,100
386,140,27,0,27,0.0,81
386,165,44,0,28,0.0,81
386,160,49,0,29,0.0,81
386,131,44,0,30,0.0,81
386,99,42,0,31,0.0,97
387,117,1,2,1,9.0,1
387,102,1,1,2,6.0,1
387,137,32,5,3,4.0,1
387,119,3,6,4,3.0,1
387,123,22,10,5,2.0,11
387,122,37,9,6,1.0,11
387,94,18,14,7,0.0,12
387,110,48,15,8,0.0,60
387,140,27,22,9,0.0,60
387,112,33,24,10,0.0,60
387,166,39,16,11,0.0,10
387,160,49,26,12,0.0,69
387,95,3,3,13,0.0,20
387,145,22,8,14,0.0,20
387,131,44,20,15,0.0,86
387,118,21,7,16,0.0,5
387,158,21,18,17,0.0,5
387,127,37,19,18,0.0,4
387,138,32,13,19,0.0,4
387,159,18,21,20,0.0,5
387,133,35,11,21,0.0,8
387,77,6,4,22,0.0,4
387,163,27,23,23,0.0,4
387,156,25,17,24,0.0,7
387,165,44,25,25,0.0,86
387,105,6,12,26,0.0,4
387,99,42,0,27,0.0,81
387,141,25,0,28,0.0,81
387,162,33,0,29,0.0,81
387,146,49,0,30,0.0,81
387,78,45,0,31,0.0,97
388,117,1,5,1,9.0,1
388,137,3,2,2,6.0,1
388,140,1,10,3,4.0,1
388,77,6,7,4,3.0,1
388,123,22,6,5,2.0,11
388,95,3,1,6,1.0,11
388,138,32,12,7,0.0,12
388,105,6,9,8,0.0,20
388,157,49,17,9,0.0,13
388,156,25,18,10,0.0,13
388,166,25,20,11,0.0,14
388,169,39,22,12,0.0,16
388,158,21,14,13,0.0,25
388,102,32,3,14,0.0,5
388,119,34,11,15,0.0,10
388,110,34,13,16,0.0,24
388,118,21,8,17,0.0,5
388,133,45,21,18,0.0,54
388,145,18,15,19,0.0,22
388,84,49,19,20,0.0,101
388,170,22,4,21,0.0,101
388,167,18,16,22,0.0,2
388,122,37,23,23,0.0,54
389,95,3,2,1,9.0,1
389,102,32,1,2,6.0,1
389,105,6,6,3,4.0,1
389,140,1,8,4,3.0,1
389,84,49,14,5,2.0,12
389,138,32,12,6,1.0,60
389,157,49,17,7,0.0,12
389,166,25,20,8,0.0,12
389,119,34,7,9,0.0,12
389,112,33,21,10,0.0,13
389,118,21,10,11,0.0,60
389,133,45,19,12,0.0,60
389,169,39,24,13,0.0,16
389,170,22,4,14,0.0,101
389,123,22,11,15,0.0,5
389,158,21,9,16,0.0,8
389,156,25,23,17,0.0,8
389,110,34,13,18,0.0,20
389,167,18,16,19,0.0,6
389,99,45,25,20,0.0,6
389,145,18,15,21,0.0,101
389,122,37,22,22,0.0,5
389,77,6,5,23,0.0,10
389,117,1,3,24,0.0,10
389,160,27,18,25,0.0,64
389,137,3,0,26,0.0,82
389,163,27,0,27,0.0,22
390,117,1,6,1,9.0,1
390,140,1,10,2,6.0,1
390,110,34,13,3,4.0,11
390,158,21,11,4,3.0,11
390,138,32,15,5,2.0,11
390,163,27,16,6,1.0,12
390,160,27,17,7,0.0,13
390,112,33,22,8,0.0,13
390,166,25,23,9,0.0,14
390,169,39,25,10,0.0,15
390,170,22,9,11,0.0,5
390,84,49,18,12,0.0,25
390,123,22,7,13,0.0,67
390,95,3,1,14,0.0,3
390,102,32,3,15,0.0,3
390,122,37,21,16,0.0,5
390,137,3,2,17,0.0,43
390,133,45,26,18,0.0,95
390,105,6,5,19,0.0,7
390,157,49,20,20,0.0,23
390,118,21,12,21,0.0,21
390,119,34,8,22,0.0,8
390,77,6,4,23,0.0,5
390,145,18,14,24,0.0,101
390,167,18,19,25,0.0,6
390,156,25,24,26,0.0,3
391,102,32,2,1,9.0,1
391,137,3,3,2,6.0,1
391,105,6,5,3,4.0,1
391,77,6,8,4,3.0,11
391,156,25,15,5,2.0,12
391,122,37,19,6,1.0,12
391,84,49,14,7,0.0,12
391,170,22,12,8,0.0,12
391,117,1,4,9,0.0,5
391,138,32,17,10,0.0,13
391,163,27,22,11,0.0,14
391,160,27,20,12,0.0,14
391,169,39,24,13,0.0,17
391,158,21,6,14,0.0,25
391,118,21,11,15,0.0,6
391,140,1,7,16,0.0,5
391,112,33,18,17,0.0,5
391,119,34,10,18,0.0,10
391,133,45,16,19,0.0,10
391,110,34,21,20,0.0,22
391,95,3,1,21,0.0,101
391,145,18,13,22,0.0,10
391,166,25,23,23,0.0,3
391,123,22,9,24,0.0,7
391,167,18,0,25,0.0,54
391,157,49,0,26,0.0,96
392,102,32,2,1,9.0,1
392,137,3,3,2,6.0,1
392,117,1,5,3,4.0,1
392,77,6,12,4,3.0,1
392,95,3,1,5,2.0,11
392,158,21,6,6,1.0,13
392,140,1,11,7,0.0,13
392,157,49,16,8,0.0,13
392,119,34,9,9,0.0,13
392,163,27,21,10,0.0,13
392,156,25,13,11,0.0,13
392,169,39,26,12,0.0,15
392,123,22,4,13,0.0,23
392,160,27,23,14,0.0,8
392,166,25,14,15,0.0,36
392,112,33,20,16,0.0,3
392,105,6,7,17,0.0,6
392,145,18,18,18,0.0,6
392,84,49,15,19,0.0,101
392,118,21,10,20,0.0,3
392,122,37,22,21,0.0,10
392,170,22,8,22,0.0,3
392,133,45,19,23,0.0,7
392,110,34,17,24,0.0,6
392,167,18,25,25,0.0,3
392,138,32,24,26,0.0,3
393,95,3,1,1,9.0,1
393,137,3,4,2,6.0,1
393,117,1,2,3,4.0,1
393,102,32,3,4,3.0,11
393,170,22,7,5,2.0,13
393,166,25,25,6,1.0,14
393,156,25,24,7,0.0,14
393,140,1,9,8,0.0,16
393,169,39,26,9,0.0,16
393,77,6,6,10,0.0,22
393,138,32,16,11,0.0,62
393,105,6,8,12,0.0,5
393,118,21,10,13,0.0,101
393,112,33,23,14,0.0,6
393,122,37,22,15,0.0,5
393,167,18,21,16,0.0,101
393,163,27,13,17,0.0,43
393,123,22,5,18,0.0,5
393,157,49,19,19,0.0,25
393,160,27,17,20,0.0,5
393,145,18,15,21,0.0,101
393,119,34,12,22,0.0,24
393,84,49,18,23,0.0,36
393,133,45,20,24,0.0,5
393,110,34,11,25,0.0,101
393,158,21,14,26,0.0,10
394,95,3,2,1,9.0,1
394,137,3,1,2,6.0,1
394,102,32,3,3,4.0,11
394,138,32,12,4,3.0,12
394,118,21,13,5,2.0,12
394,170,22,6,6,1.0,12
394,123,22,5,7,0.0,13
394,156,25,23,8,0.0,15
394,169,39,25,9,0.0,16
394,166,25,22,10,0.0,5
394,84,49,17,11,0.0,62
394,117,1,4,12,0.0,5
394,105,6,7,13,0.0,22
394,158,21,14,14,0.0,5
394,167,18,19,15,0.0,69
394,133,45,20,16,0.0,5
394,157,49,18,17,0.0,6
394,119,34,11,18,0.0,101
394,140,1,10,19,0.0,5
394,145,18,15,20,0.0,5
394,110,34,9,21,0.0,101
394,77,6,8,22,0.0,3
394,112,33,21,23,0.0,6
394,163,27,16,24,0.0,10
394,122,37,24,25,0.0,3
394,160,27,19,26,0.0,96
395,137,3,4,1,9.0,1
395,140,1,8,2,6.0,1
395,102,32,2,3,4.0,11
395,166,25,22,4,3.0,11
395,156,25,23,5,2.0,11
395,112,33,21,6,1.0,12
395,117,1,3,7,0.0,10
395,84,49,19,8,0.0,62
395,160,27,17,9,0.0,5
395,167,18,18,10,0.0,5
395,123,22,6,11,0.0,5
395,95,3,1,12,0.0,5
395,145,18,16,13,0.0,5
395,118,21,13,14,0.0,101
395,157,49,20,15,0.0,86
395,77,6,10,16,0.0,101
395,170,22,9,17,0.0,5
395,133,45,26,18,0.0,5
395,110,34,7,19,0.0,5
395,105,6,5,20,0.0,101
395,169,39,25,21,0.0,5
395,158,21,15,22,0.0,37
395,138,32,14,23,0.0,101
395,122,37,24,24,0.0,5
395,163,27,12,25,0.0,80
395,119,34,11,26,0.0,80
396,137,3,3,1,9.0,1
396,102,32,6,2,6.0,1
396,117,1,4,3,4.0,1
396,123,22,7,4,3.0,11
396,119,34,10,5,2.0,11
396,118,21,9,6,1.0,12
396,156,25,16,7,0.0,12
396,158,21,11,8,0.0,12
396,166,25,14,9,0.0,12
396,122,37,18,10,0.0,12
396,145,18,20,11,0.0,13
396,160,27,25,12,0.0,13
396,169,39,26,13,0.0,15
396,95,3,1,14,0.0,36
396,133,45,21,15,0.0,69
396,163,27,19,16,0.0,10
396,112,33,15,17,0.0,3
396,84,49,22,18,0.0,101
396,105,6,5,19,0.0,5
396,110,34,13,20,0.0,6
396,140,1,8,21,0.0,6
396,170,22,12,22,0.0,6
396,167,18,24,23,0.0,20
396,77,6,2,24,0.0,24
396,157,49,23,25,0.0,5
396,138,32,17,26,0.0,30
397,95,3,2,1,9.0,1
397,137,3,1,2,6.0,1
397,170,22,5,3,4.0,11
397,123,22,4,4,3.0,11
397,102,32,7,5,2.0,12
397,117,1,9,6,1.0,12
397,140,1,14,7,0.0,12
397,160,27,18,8,0.0,12
397,157,49,20,9,0.0,13
397,163,27,16,10,0.0,13
397,122,37,23,11,0.0,13
397,112,33,22,12,0.0,13
397,138,32,13,13,0.0,13
397,156,25,24,14,0.0,15
397,84,49,17,15,0.0,2
397,169,39,26,16,0.0,62
397,119,34,8,17,0.0,5
397,105,6,6,18,0.0,101
397,110,34,10,19,0.0,5
397,118,21,11,20,0.0,5
397,158,21,12,21,0.0,27
397,77,6,3,22,0.0,101
397,167,18,19,23,0.0,10
397,145,18,15,24,0.0,5
397,133,45,21,25,0.0,10
397,166,25,25,26,0.0,3
398,137,3,1,1,9.0,1
398,102,32,4,2,6.0,1
398,95,3,2,3,4.0,1
398,77,6,3,4,3.0,1
398,123,22,6,5,2.0,1
398,140,1,11,6,1.0,1
398,170,22,7,7,0.0,11
398,160,27,19,8,0.0,12
398,157,49,16,9,0.0,12
398,163,27,15,10,0.0,12
398,138,32,14,11,0.0,13
398,166,25,24,12,0.0,13
398,122,37,25,13,0.0,13
398,156,25,22,14,0.0,13
398,117,1,5,15,0.0,14
398,145,18,18,16,0.0,15
398,84,49,17,17,0.0,6
398,112,33,23,18,0.0,20
398,167,18,20,19,0.0,5
398,158,21,13,20,0.0,86
398,171,45,26,21,0.0,101
398,133,45,21,22,0.0,22
398,105,6,8,23,0.0,101
398,118,21,12,24,0.0,10
398,110,34,10,25,0.0,22
398,119,34,9,26,0.0,5
398,78,42,0,27,0.0,81
398,169,39,0,28,0.0,81
399,117,1,3,1,9.0,1
399,77,6,1,2,6.0,1
399,137,3,4,3,4.0,1
399,170,22,10,4,3.0,60
399,140,1,8,5,2.0,11
399,158,21,11,6,1.0,12
399,102,32,5,7,0.0,12
399,138,32,15,8,0.0,12
399,122,37,22,9,0.0,13
399,156,25,24,10,0.0,13
399,145,18,14,11,0.0,60
399,166,25,21,12,0.0,14
399,118,21,12,13,0.0,14
399,123,22,9,14,0.0,16
399,110,34,13,15,0.0,98
399,105,6,6,16,0.0,6
399,84,49,17,17,0.0,6
399,171,45,26,18,0.0,22
399,112,33,19,19,0.0,5
399,163,27,18,20,0.0,21
399,133,45,25,21,0.0,101
399,160,27,23,22,0.0,80
399,167,18,20,23,0.0,3
399,95,3,2,24,0.0,10
399,119,34,7,25,0.0,5
399,157,49,16,26,0.0,3
400,95,3,2,1,9.0,1
400,117,1,7,2,6.0,1
400,140,1,11,3,4.0,1
400,137,3,1,4,3.0,1
400,102,32,5,5,2.0,1
400,112,33,17,6,1.0,11
400,166,25,15,7,0.0,11
400,158,21,13,8,0.0,60
400,138,32,18,9,0.0,12
400,118,21,12,10,0.0,12
400,84,49,20,11,0.0,12
400,122,37,19,12,0.0,12
400,119,34,9,13,0.0,14
400,167,18,24,14,0.0,14
400,105,6,4,15,0.0,5
400,123,22,8,16,0.0,3
400,77,6,3,17,0.0,5
400,156,25,16,18,0.0,4
400,163,27,14,19,0.0,4
400,157,49,22,20,0.0,7
400,145,18,21,21,0.0,101
400,170,22,6,22,0.0,23
400,110,34,10,23,0.0,6
400,160,27,23,24,0.0,80
400,169,39,25,25,0.0,8
400,78,42,26,26,0.0,22
400,133,45,0,27,0.0,81
401,95,3,1,1,9.0,1
401,137,3,3,2,6.0,1
401,119,34,8,3,4.0,1
401,158,21,13,4,3.0,1
401,170,22,6,5,2.0,12
401,112,33,24,6,1.0,13
401,156,25,22,7,0.0,13
401,166,25,25,8,0.0,13
401,114,33,23,9,0.0,14
401,102,32,7,10,0.0,20
401,122,37,20,11,0.0,47
401,133,45,26,12,0.0,5
401,160,27,21,13,0.0,47
401,167,18,19,14,0.0,7
401,163,27,18,15,0.0,25
401,118,21,11,16,0.0,3
401,110,34,10,17,0.0,3
401,77,6,2,18,0.0,101
401,123,22,4,19,0.0,10
401,145,18,14,20,0.0,101
401,105,6,9,21,0.0,5
401,84,49,13,22,0.0,101
401,140,1,15,23,0.0,3
401,138,32,16,24,0.0,3
401,157,49,17,25,0.0,3
401,117,1,5,26,0.0,4
402,77,6,1,1,9.0,1
402,102,32,7,2,6.0,1
402,140,1,9,3,4.0,1
402,105,6,4,4,3.0,1
402,123,22,3,5,2.0,1
402,138,32,11,6,1.0,1
402,117,1,2,7,0.0,11
402,156,25,19,8,0.0,11
402,158,21,12,9,0.0,60
402,118,21,13,10,0.0,11
402,119,34,8,11,0.0,12
402,166,25,25,12,0.0,12
402,160,27,24,13,0.0,13
402,114,33,22,14,0.0,14
402,137,3,5,15,0.0,5
402,163,27,17,16,0.0,60
402,133,45,23,17,0.0,60
402,90,39,26,18,0.0,10
402,145,18,14,19,0.0,5
402,84,49,15,20,0.0,5
402,110,34,10,21,0.0,5
402,170,22,6,22,0.0,5
402,157,49,16,23,0.0,5
402,122,37,20,24,0.0,3
402,167,18,21,25,0.0,5
402,112,33,18,26,0.0,3
402,95,3,0,27,0.0,3
403,77,6,1,1,9.0,1
403,105,6,6,2,6.0,1
403,123,22,5,3,4.0,11
403,156,25,19,4,3.0,12
403,114,33,21,5,0.0,13
403,90,39,25,6,1.0,13
403,157,49,24,7,0.0,13
403,110,34,10,8,0.0,20
403,119,3,7,9,0.0,44
403,102,32,4,10,0.0,2
403,137,3,3,11,0.0,23
403,122,37,23,12,0.0,20
403,117,1,2,13,0.0,23
403,158,21,11,14,0.0,25
403,140,1,8,15,0.0,23
403,170,22,9,16,0.0,23
403,167,18,26,17,0.0,7
403,112,33,17,18,0.0,10
403,163,27,20,19,0.0,80
403,131,34,15,20,0.0,68
403,160,27,22,21,0.0,80
403,138,32,14,22,0.0,9
403,118,21,12,23,0.0,7
403,84,49,16,24,0.0,5
403,166,25,18,25,0.0,20
403,145,18,13,26,0.0,3
403,133,45,27,27,0.0,81
404,137,3,2,1,9.0,1
404,102,32,1,2,6.0,1
404,172,27,5,3,4.0,1
404,163,27,4,4,3.0,1
404,84,25,17,5,2.0,11
404,77,22,16,6,1.0,12
404,166,25,18,7,0.0,12
404,173,34,14,8,0.0,13
404,174,32,11,9,0.0,13
404,170,22,12,10,0.0,15
404,123,21,15,11,0.0,43
404,105,6,6,12,0.0,69
404,117,1,9,13,0.0,5
404,157,45,24,14,0.0,5
404,140,6,8,15,0.0,23
404,175,26,13,16,0.0,84
404,119,34,10,17,0.0,47
404,156,49,21,18,0.0,5
404,176,21,20,19,0.0,5
404,145,18,25,20,0.0,8
404,110,18,22,21,0.0,101
404,160,45,23,22,0.0,5
404,177,1,7,23,0.0,5
404,178,26,19,24,0.0,98
404,95,3,3,25,0.0,20
405,102,32,1,1,9.0,1
405,95,3,3,2,6.0,1
405,117,1,4,3,4.0,1
405,177,1,5,4,3.0,11
405,170,22,9,5,2.0,11
405,77,22,7,6,1.0,11
405,123,21,19,7,0.0,14
405,175,26,18,8,0.0,16
405,174,32,10,9,0.0,6
405,84,25,12,10,0.0,5
405,172,27,8,11,0.0,86
405,176,21,22,12,0.0,69
405,137,3,2,13,0.0,5
405,173,34,15,14,0.0,6
405,163,27,6,15,0.0,86
405,105,6,13,16,0.0,67
405,166,25,20,17,0.0,5
405,157,45,23,18,0.0,5
405,140,6,11,19,0.0,23
405,160,45,21,20,0.0,5
405,119,34,14,21,0.0,6
405,110,18,24,22,0.0,24
405,156,49,16,23,0.0,4
405,178,26,17,24,0.0,4
405,145,18,25,25,0.0,24
406,117,1,4,1,9.0,1
406,137,3,2,2,6.0,1
406,77,22,9,3,4.0,11
406,140,6,7,4,3.0,11
406,177,1,6,5,2.0,60
406,119,34,16,6,1.0,60
406,123,21,12,7,0.0,12
406,84,25,13,8,0.0,12
406,176,21,15,9,0.0,13
406,105,6,5,10,0.0,101
406,160,45,26,11,0.0,60
406,163,27,8,12,0.0,36
406,166,25,22,13,0.0,7
406,170,22,10,14,0.0,5
406,156,49,20,15,0.0,23
406,157,45,25,16,0.0,10
406,178,26,21,17,0.0,25
406,110,18,23,18,0.0,5
406,173,34,19,19,0.0,5
406,172,27,14,20,0.0,7
406,102,32,1,21,0.0,67
406,95,3,3,22,0.0,5
406,174,32,17,23,0.0,67
406,179,49,24,24,0.0,101
406,175,26,11,25,0.0,5
406,145,18,18,26,0.0,3
407,117,1,1,1,9.0,1
407,177,1,9,2,6.0,1
407,102,32,3,3,4.0,1
407,95,3,2,4,3.0,1
407,163,27,12,5,2.0,11
407,172,27,7,6,1.0,11
407,137,3,11,7,0.0,11
407,123,21,14,8,0.0,13
407,176,21,17,9,0.0,13
407,140,6,15,10,0.0,13
407,166,25,13,11,0.0,14
407,156,49,19,12,0.0,14
407,84,25,10,13,0.0,3
407,175,26,8,14,0.0,3
407,77,22,5,15,0.0,38
407,119,34,6,16,0.0,48
407,105,6,4,17,0.0,101
407,173,34,20,18,0.0,5
407,170,22,16,19,0.0,23
407,178,26,18,20,0.0,3
407,160,45,0,21,0.0,81
407,174,32,0,22,0.0,81
407,179,49,0,23,0.0,81
407,157,45,0,24,0.0,81
407,110,18,0,25,0.0,81
408,95,3,5,1,9.0,1
408,102,32,4,2,6.0,1
408,140,6,11,3,4.0,1
408,105,6,9,4,3.0,1
408,172,27,17,5,2.0,1
408,117,1,3,6,1.0,1
408,170,22,6,7,0.0,11
408,119,34,15,8,0.0,11
408,176,21,21,9,0.0,12
408,77,22,2,10,0.0,12
408,178,26,16,11,0.0,60
408,166,25,18,12,0.0,13
408,156,49,20,13,0.0,16
408,110,18,19,14,0.0,60
408,179,49,23,15,0.0,10
408,84,25,12,16,0.0,6
408,145,18,22,17,0.0,6
408,163,27,7,18,0.0,5
408,137,3,1,19,0.0,101
408,123,21,14,20,0.0,10
408,174,32,13,21,0.0,20
408,177,1,8,22,0.0,5
408,160,45,24,23,0.0,5
408,157,45,25,24,0.0,5
408,175,26,10,25,0.0,3
409,95,3,1,1,9.0,1
409,117,1,4,2,6.0,1
409,137,3,3,3,4.0,1
409,177,1,6,4,3.0,1
409,102,32,2,5,2.0,11
409,163,27,5,6,1.0,11
409,172,27,8,7,0.0,11
409,105,6,11,8,0.0,11
409,84,25,19,9,0.0,12
409,178,26,13,10,0.0,13
409,166,25,17,11,0.0,14
409,179,49,24,12,0.0,16
409,119,34,9,13,0.0,101
409,160,45,23,14,0.0,6
409,110,18,21,15,0.0,6
409,123,21,12,16,0.0,10
409,77,22,7,17,0.0,101
409,140,6,18,18,0.0,3
409,174,32,16,19,0.0,3
409,156,49,22,20,0.0,5
409,118,34,10,21,0.0,5
409,145,18,20,22,0.0,101
409,170,22,15,23,0.0,84
409,157,45,25,24,0.0,101
409,175,26,14,25,0.0,3
410,102,32,1,1,9.0,1
410,172,27,6,2,6.0,1
410,117,1,7,3,4.0,1
410,105,6,11,4,3.0,1
410,95,3,2,5,2.0,11
410,119,34,8,6,1.0,11
410,174,32,14,7,0.0,12
410,156,49,20,8,0.0,12
410,166,25,18,9,0.0,12
410,118,34,15,10,0.0,13
410,157,21,19,11,0.0,10
410,163,27,4,12,0.0,3
410,123,21,13,13,0.0,3
410,110,18,23,14,0.0,6
410,137,3,3,15,0.0,3
410,140,6,5,16,0.0,10
410,170,22,17,17,0.0,6
410,158,26,10,18,0.0,38
410,178,26,21,19,0.0,38
410,180,45,25,20,0.0,10
410,84,25,16,21,0.0,10
410,160,45,22,22,0.0,101
410,177,1,9,23,0.0,7
410,77,22,12,24,0.0,5
410,145,18,24,25,0.0,101
410,179,49,26,26,0.0,10
411,95,3,2,1,9.0,1
411,117,1,5,2,6.0,1
411,137,3,3,3,4.0,1
411,177,1,7,4,3.0,1
411,163,27,4,5,2.0,11
411,172,27,11,6,1.0,11
411,119,34,16,7,0.0,12
411,105,6,9,8,0.0,12
411,118,34,14,9,0.0,13
411,84,25,15,10,0.0,13
411,157,21,18,11,0.0,14
411,123,21,21,12,0.0,62
411,175,26,13,13,0.0,23
411,174,32,12,14,0.0,5
411,156,49,22,15,0.0,5
411,166,25,17,16,0.0,42
411,179,49,24,17,0.0,3
411,180,45,26,18,0.0,101
411,77,22,8,19,0.0,6
411,170,22,6,20,0.0,5
411,140,6,10,21,0.0,101
411,102,32,1,22,0.0,3
411,160,45,25,23,0.0,3
411,145,18,19,24,0.0,3
411,110,18,23,25,0.0,101
411,178,26,20,26,0.0,3
412,95,3,2,1,9.0,1
412,137,3,1,2,6.0,1
412,117,1,6,3,4.0,11
412,163,27,8,4,3.0,12
412,84,25,11,5,2.0,13
412,166,25,16,6,1.0,13
412,174,32,10,7,0.0,13
412,118,34,9,8,0.0,13
412,156,49,22,9,0.0,16
412,123,21,13,10,0.0,62
412,175,26,17,11,0.0,6
412,105,6,12,12,0.0,101
412,145,18,20,13,0.0,38
412,170,22,7,14,0.0,69
412,119,34,15,15,0.0,5
412,102,32,3,16,0.0,6
412,179,49,25,17,0.0,5
412,110,18,21,18,0.0,10
412,77,22,4,19,0.0,10
412,178,26,14,20,0.0,37
412,140,6,18,21,0.0,5
412,177,1,5,22,0.0,6
412,172,27,19,23,0.0,4
412,157,21,23,24,0.0,4
412,160,45,24,25,0.0,4
412,180,45,26,26,0.0,4
413,137,3,5,1,9.0,1
413,102,32,3,2,6.0,1
413,95,3,6,3,4.0,1
413,163,27,8,4,3.0,1
413,177,1,1,5,2.0,60
413,117,1,2,6,1.0,60
413,118,34,20,7,0.0,11
413,175,26,13,8,0.0,11
413,178,26,19,9,0.0,12
413,77,22,4,10,0.0,12
413,140,6,11,11,0.0,41
413,180,45,26,12,0.0,14
413,157,21,17,13,0.0,101
413,179,49,24,14,0.0,6
413,156,49,16,15,0.0,5
413,84,25,15,16,0.0,10
413,119,34,7,17,0.0,101
413,110,18,23,18,0.0,6
413,145,18,22,19,0.0,25
413,174,32,12,20,0.0,21
413,123,21,21,21,0.0,101
413,112,27,14,22,0.0,5
413,160,45,25,23,0.0,8
413,166,25,18,24,0.0,5
413,105,6,10,25,0.0,7
413,170,22,9,26,0.0,3
414,137,3,2,1,9.0,1
414,102,32,1,2,6.0,1
414,95,3,4,3,4.0,11
414,140,6,7,4,3.0,11
414,174,32,8,5,2.0,12
414,84,25,16,6,1.0,12
414,175,26,6,7,0.0,12
414,166,25,18,8,0.0,12
414,112,27,12,9,0.0,13
414,156,49,24,10,0.0,16
414,163,27,9,11,0.0,5
414,178,26,10,12,0.0,24
414,77,22,11,13,0.0,7
414,123,21,22,14,0.0,10
414,177,1,5,15,0.0,22
414,170,22,13,16,0.0,7
414,145,18,17,17,0.0,5
414,105,6,15,18,0.0,3
414,118,34,19,19,0.0,3
414,117,1,3,20,0.0,3
414,160,45,23,21,0.0,22
414,157,21,21,22,0.0,22
414,119,34,14,23,0.0,6
414,110,18,20,24,0.0,5
414,179,49,25,25,0.0,21
414,180,45,26,26,0.0,101
415,117,1,5,1,9.0,1
415,105,6,9,2,6.0,11
415,140,6,14,3,4.0,12
415,178,26,16,4,3.0,12
415,175,26,13,5,2.0,12
415,157,21,22,6,1.0,13
415,77,22,2,7,0.0,13
415,179,49,24,8,0.0,14
415,177,1,3,9,0.0,10
415,163,27,12,10,0.0,15
415,160,45,25,11,0.0,16
415,95,3,6,12,0.0,86
415,137,3,7,13,0.0,5
415,123,21,18,14,0.0,101
415,170,22,1,15,0.0,5
415,112,27,11,16,0.0,5
415,145,18,19,17,0.0,22
415,110,18,23,18,0.0,8
415,102,32,8,19,0.0,5
415,84,25,17,20,0.0,101
415,166,25,20,21,0.0,5
415,174,32,15,22,0.0,5
415,156,49,21,23,0.0,5
415,180,45,26,24,0.0,10
415,119,34,4,25,0.0,5
415,118,34,10,26,0.0,54
416,137,3,6,1,9.0,1
416,95,3,3,2,6.0,1
416,140,6,12,3,4.0,1
416,177,1,8,4,3.0,1
416,77,22,4,5,2.0,11
416,178,26,18,6,1.0,12
416,123,21,13,7,0.0,12
416,157,21,16,8,0.0,12
416,166,25,23,9,0.0,12
416,84,25,20,10,0.0,12
416,133,45,27,11,0.0,62
416,170,22,1,12,0.0,29
416,105,6,9,13,0.0,5
416,110,18,21,14,0.0,5
416,122,39,25,15,0.0,29
416,163,27,11,16,0.0,6
416,156,49,22,17,0.0,5
416,117,1,2,18,0.0,2
416,112,27,14,19,0.0,5
416,174,32,17,20,0.0,6
416,118,34,7,21,0.0,20
416,145,18,19,22,0.0,10
416,160,45,26,23,0.0,22
416,175,26,15,24,0.0,3
416,119,34,10,25,0.0,3
416,179,49,24,26,0.0,5
416,102,32,5,27,0.0,7
417,95,3,2,1,9.0,1
417,117,1,3,2,6.0,1
417,137,3,6,3,4.0,1
417,102,32,1,4,3.0,60
417,105,6,13,5,2.0,11
417,140,6,8,6,1.0,11
417,163,27,10,7,0.0,11
417,170,22,5,8,0.0,12
417,174,32,15,9,0.0,12
417,123,21,21,10,0.0,13
417,157,21,22,11,0.0,13
417,156,49,20,12,0.0,13
417,180,45,27,13,0.0,17
417,119,34,9,14,0.0,5
417,175,26,14,15,0.0,62
417,145,18,18,16,0.0,62
417,77,22,4,17,0.0,20
417,110,18,16,18,0.0,20
417,177,1,7,19,0.0,10
417,118,34,12,20,0.0,10
417,112,27,11,21,0.0,5
417,166,25,23,22,0.0,5
417,84,25,19,23,0.0,5
417,178,26,17,24,0.0,23
417,179,49,26,25,0.0,7
417,160,45,24,26,0.0,5
417,122,39,25,27,0.0,7
418,77,22,4,1,9.0,1
418,117,1,6,2,6.0,1
418,102,32,1,3,4.0,1
418,137,3,2,4,3.0,11
418,95,3,3,5,2.0,11
418,112,27,10,6,1.0,11
418,123,21,21,7,0.0,12
418,110,18,22,8,0.0,12
418,157,21,20,9,0.0,12
418,156,49,18,10,0.0,60
418,84,25,16,11,0.0,13
418,140,6,14,12,0.0,101
418,119,34,5,13,0.0,20
418,145,18,24,14,0.0,14
418,163,27,13,15,0.0,5
418,180,45,26,16,0.0,17
418,174,32,17,17,0.0,10
418,118,34,7,18,0.0,5
418,178,26,15,19,0.0,27
418,177,1,11,20,0.0,29
418,105,6,12,21,0.0,101
418,160,45,25,22,0.0,101
418,166,25,19,23,0.0,101
418,170,22,9,24,0.0,5
418,175,26,8,25,0.0,3
419,117,1,4,1,9.0,1
419,137,3,2,2,6.0,1
419,140,6,12,3,4.0,11
419,84,25,16,4,3.0,11
419,166,25,10,5,2.0,60
419,174,32,14,6,1.0,12
419,163,27,5,7,0.0,13
419,112,27,8,8,0.0,13
419,156,49,21,9,0.0,15
419,170,22,13,10,0.0,15
419,175,26,17,11,0.0,62
419,95,3,1,12,0.0,27
419,119,34,19,13,0.0,10
419,177,1,7,14,0.0,27
419,180,45,26,15,0.0,62
419,118,34,20,16,0.0,23
419,157,21,24,17,0.0,5
419,123,21,22,18,0.0,5
419,102,32,3,19,0.0,5
419,110,18,11,20,0.0,26
419,77,22,6,21,0.0,5
419,179,49,23,22,0.0,22
419,178,26,15,23,0.0,5
419,145,18,18,24,0.0,3
419,160,45,25,25,0.0,7
419,105,6,9,26,0.0,3
420,117,1,6,1,9.0,1
420,105,6,1,2,6.0,1
420,173,32,3,3,4.0,11
420,163,6,7,4,3.0,12
420,175,4,11,5,2.0,12
420,172,27,15,6,1.0,12
420,140,25,23,7,0.0,13
420,84,25,21,8,0.0,13
420,112,50,20,9,0.0,13
420,118,4,10,10,0.0,14
420,123,21,12,11,0.0,14
420,160,45,22,12,0.0,14
420,181,50,16,13,0.0,14
420,77,21,19,14,0.0,22
420,102,32,4,15,0.0,10
420,158,51,18,16,0.0,5
420,94,18,25,17,0.0,5
420,182,1,9,18,0.0,69
420,110,27,13,19,0.0,3
420,119,51,14,20,0.0,29
420,177,3,2,21,0.0,101
420,183,34,17,22,0.0,3
420,95,3,5,23,0.0,43
420,184,52,24,24,0.0,101
420,137,34,8,25,0.0,7
421,102,32,1,1,9.0,1
421,105,6,5,2,6.0,1
421,175,4,12,3,4.0,11
421,173,32,4,4,3.0,11
421,95,3,9,5,2.0,12
421,185,25,21,6,1.0,12
421,118,4,6,7,0.0,12
421,140,6,11,8,0.0,15
421,160,45,26,9,0.0,16
421,181,50,15,10,0.0,62
421,182,1,7,11,0.0,5
421,158,51,14,12,0.0,5
421,117,1,2,13,0.0,20
421,110,27,8,14,0.0,27
421,137,34,16,15,0.0,27
421,123,21,10,16,0.0,10
421,84,25,22,17,0.0,7
421,184,52,29,18,0.0,20
421,177,3,3,19,0.0,20
421,172,27,18,20,0.0,27
421,77,21,17,21,0.0,20
421,94,18,25,22,0.0,20
421,119,51,13,23,0.0,20
421,112,50,20,24,0.0,20
421,183,34,19,25,0.0,10
421,156,49,23,26,0.0,22
422,173,32,3,1,9.0,1
422,123,21,5,2,6.0,11
422,175,4,11,3,4.0,11
422,182,1,8,4,3.0,11
422,95,3,7,5,2.0,12
422,140,6,15,6,1.0,60
422,102,32,1,7,0.0,60
422,137,34,9,8,0.0,60
422,84,25,25,9,0.0,60
422,118,4,14,10,0.0,60
422,117,1,6,11,0.0,2
422,158,51,12,12,0.0,5
422,160,45,22,13,0.0,62
422,105,6,4,14,0.0,10
422,181,50,23,15,0.0,5
422,112,50,21,16,0.0,5
422,177,3,2,17,0.0,23
422,172,27,16,18,0.0,101
422,94,18,19,19,0.0,101
422,110,27,13,20,0.0,20
422,184,52,26,21,0.0,10
422,183,34,20,22,0.0,5
422,185,25,24,23,0.0,5
422,77,21,18,24,0.0,5
422,119,51,18,25,0.0,5
422,156,49,17,26,0.0,31
423,117,1,5,1,9.0,1
423,105,6,3,2,6.0,1
423,173,32,9,3,4.0,1
423,110,27,8,4,3.0,11
423,118,4,10,5,2.0,11
423,172,27,16,6,1.0,11
423,95,3,2,7,0.0,11
423,177,3,7,8,0.0,12
423,123,21,6,9,0.0,12
423,84,25,18,10,0.0,14
423,156,49,19,11,0.0,14
423,182,1,14,12,0.0,20
423,119,51,12,13,0.0,3
423,137,34,13,14,0.0,3
423,170,53,20,15,0.0,101
423,102,32,1,16,0.0,5
423,158,51,4,17,0.0,91
423,140,6,15,18,0.0,3
423,77,21,11,19,0.0,3
423,175,4,17,20,0.0,3
423,160,45,0,21,0.0,81
423,185,25,0,22,0.0,81
423,112,50,0,23,0.0,81
423,181,50,0,24,0.0,81
423,183,34,0,25,0.0,81
424,105,6,3,1,9.0,1
424,140,6,4,2,6.0,1
424,117,1,5,3,4.0,1
424,177,3,8,4,3.0,1
424,173,32,1,5,2.0,1
424,95,3,16,6,1.0,1
424,175,4,10,7,0.0,11
424,172,27,19,8,0.0,11
424,123,21,7,9,0.0,12
424,119,51,13,10,0.0,12
424,185,25,23,11,0.0,12
424,84,25,24,12,0.0,12
424,77,21,12,13,0.0,13
424,110,27,15,14,0.0,13
424,176,34,20,15,0.0,13
424,102,32,2,16,0.0,15
424,158,51,11,17,0.0,16
424,94,18,25,18,0.0,3
424,182,1,17,19,0.0,5
424,160,45,22,20,0.0,5
424,112,50,21,21,0.0,3
424,118,4,6,22,0.0,3
424,181,50,14,23,0.0,3
424,170,53,18,24,0.0,101
424,137,34,9,25,0.0,7
425,177,3,5,1,9.0,1
425,140,6,9,2,6.0,1
425,105,6,3,3,4.0,1
425,185,25,19,4,3.0,1
425,173,32,8,5,2.0,1
425,137,34,10,6,1.0,11
425,123,21,21,7,0.0,11
425,176,34,11,8,0.0,11
425,158,51,7,9,0.0,12
425,110,27,17,10,0.0,12
425,77,21,24,11,0.0,13
425,172,27,16,12,0.0,15
425,102,32,1,13,0.0,3
425,84,25,18,14,0.0,3
425,112,50,23,15,0.0,3
425,95,3,2,16,0.0,3
425,117,1,4,17,0.0,23
425,119,51,14,18,0.0,10
425,118,4,6,19,0.0,7
425,175,4,15,20,0.0,3
425,94,18,25,21,0.0,5
425,182,1,12,22,0.0,23
425,170,53,13,23,0.0,8
425,181,50,20,24,0.0,101
425,160,45,22,25,0.0,3
426,137,34,5,1,9.0,1
426,177,3,1,2,6.0,1
426,117,1,4,3,4.0,1
426,140,6,16,4,3.0,1
426,173,32,7,5,2.0,1
426,175,4,10,6,1.0,1
426,118,4,11,7,0.0,1
426,176,34,14,8,0.0,11
426,123,21,12,9,0.0,11
426,158,51,18,10,0.0,11
426,119,51,17,11,0.0,11
426,181,50,20,12,0.0,13
426,185,25,26,13,0.0,13
426,170,53,19,14,0.0,69
426,160,45,24,15,0.0,14
426,84,25,21,16,0.0,6
426,182,1,6,17,0.0,6
426,102,32,2,18,0.0,3
426,77,21,9,19,0.0,3
426,94,18,25,20,0.0,3
426,112,50,23,21,0.0,69
426,156,49,22,22,0.0,5
426,105,6,3,23,0.0,101
426,110,27,13,24,0.0,38
426,172,27,15,25,0.0,101
426,95,3,8,26,0.0,82
427,117,1,3,1,9.0,1
427,105,6,6,2,6.0,11
427,172,27,16,3,4.0,11
427,137,34,2,4,3.0,11
427,118,4,12,5,2.0,11
427,176,34,15,6,1.0,12
427,84,25,20,7,0.0,12
427,77,21,17,8,0.0,12
427,119,51,14,9,0.0,13
427,102,32,4,10,0.0,69
427,185,25,26,11,0.0,16
427,182,1,10,12,0.0,10
427,123,21,19,13,0.0,20
427,110,27,7,14,0.0,8
427,94,18,23,15,0.0,7
427,173,32,8,16,0.0,62
427,181,50,18,17,0.0,101
427,177,3,1,18,0.0,43
427,95,3,5,19,0.0,8
427,158,51,22,20,0.0,101
427,156,49,24,21,0.0,5
427,170,53,9,22,0.0,7
427,140,6,11,23,0.0,3
427,175,4,13,24,0.0,20
427,112,50,21,25,0.0,3
427,160,45,25,26,0.0,3
428,105,6,8,1,9.0,1
428,117,1,3,2,6.0,1
428,172,27,13,3,4.0,1
428,123,21,15,4,3.0,1
428,182,1,12,5,2.0,1
428,95,3,10,6,1.0,1
428,77,21,17,7,0.0,11
428,185,25,19,8,0.0,11
428,140,6,2,9,0.0,11
428,84,25,26,10,0.0,14
428,94,18,27,11,0.0,5
428,177,3,4,12,0.0,23
428,158,51,18,13,0.0,101
428,173,32,7,14,0.0,5
428,179,45,25,15,0.0,6
428,170,53,1,16,0.0,8
428,102,32,5,17,0.0,102
428,118,4,20,18,0.0,80
428,137,34,6,19,0.0,101
428,175,4,16,20,0.0,20
428,176,34,11,21,0.0,5
428,181,50,22,22,0.0,5
428,119,51,9,23,0.0,6
428,183,4,23,24,0.0,8
428,112,50,21,25,0.0,51
428,156,49,24,26,0.0,91
428,110,27,14,27,0.0,4
429,117,1,1,1,9.0,1
429,102,32,14,2,6.0,1
429,105,6,9,3,4.0,1
429,140,6,12,4,3.0,1
429,173,32,7,5,2.0,1
429,176,34,11,6,1.0,11
429,185,25,22,7,0.0,60
429,123,21,16,8,0.0,13
429,179,45,24,9,0.0,14
429,175,4,8,10,0.0,5
429,172,27,15,11,0.0,3
429,94,18,23,12,0.0,22
429,182,1,3,13,0.0,5
429,77,21,17,14,0.0,101
429,170,53,6,15,0.0,10
429,118,4,13,16,0.0,5
429,186,50,23,17,0.0,5
429,137,34,5,18,0.0,43
429,95,3,2,19,0.0,5
429,119,51,10,20,0.0,5
429,156,49,25,21,0.0,5
429,112,50,21,22,0.0,101
429,110,27,18,23,0.0,3
429,158,51,20,24,0.0,101
429,177,3,4,25,0.0,51
429,160,53,19,26,0.0,54
429,84,25,0,27,0.0,81
430,182,1,10,1,9.0,1
430,117,1,3,2,6.0,1
430,102,32,4,3,4.0,1
430,105,6,16,4,3.0,1
430,173,32,11,5,2.0,11
430,95,3,7,6,1.0,11
430,84,25,21,7,0.0,11
430,137,34,1,8,0.0,11
430,77,21,14,9,0.0,12
430,176,34,9,10,0.0,43
430,179,45,26,11,0.0,62
430,123,21,8,12,0.0,22
430,112,50,25,13,0.0,5
430,185,25,22,14,0.0,5
430,118,4,12,15,0.0,6
430,110,27,18,16,0.0,101
430,175,4,6,17,0.0,7
430,177,3,2,18,0.0,5
430,170,53,5,19,0.0,67
430,172,27,13,20,0.0,10
430,156,49,23,21,0.0,51
430,160,53,15,22,0.0,5
430,140,6,17,23,0.0,5
430,94,18,24,24,0.0,3
430,158,51,20,25,0.0,101
430,119,51,19,26,0.0,101
431,117,1,5,1,9.0,1
431,137,34,4,2,6.0,1
431,102,32,1,3,4.0,1
431,176,34,9,4,3.0,1
431,140,6,10,5,2.0,11
431,173,32,6,6,1.0,11
431,175,4,8,7,0.0,11
431,84,25,18,8,0.0,11
431,123,21,14,9,0.0,11
431,166,27,19,10,0.0,12
431,95,3,3,11,0.0,5
431,170,53,15,12,0.0,14
431,105,6,7,13,0.0,5
431,177,3,2,14,0.0,5
431,172,27,20,15,0.0,5
431,182,1,16,16,0.0,7
431,119,51,13,17,0.0,43
431,179,45,22,18,0.0,5
431,112,50,26,19,0.0,101
431,77,21,11,20,0.0,5
431,118,4,6,21,0.0,7
431,178,26,25,22,0.0,5
431,158,51,17,23,0.0,5
431,186,50,24,24,0.0,8
431,94,18,23,25,0.0,48
431,160,53,0,26,0.0,54
432,102,32,2,1,9.0,1
432,95,3,7,2,6.0,1
432,117,1,1,3,4.0,1
432,177,3,10,4,3.0,1
432,137,34,3,5,2.0,11
432,118,4,14,6,1.0,11
432,77,21,8,7,0.0,11
432,176,34,12,8,0.0,11
432,166,27,18,9,0.0,11
432,123,21,9,10,0.0,13
432,172,27,17,11,0.0,3
432,94,18,24,12,0.0,15
432,84,25,21,13,0.0,15
432,179,45,23,14,0.0,62
432,119,51,15,15,0.0,5
432,158,51,19,16,0.0,6
432,175,4,13,17,0.0,6
432,170,53,11,18,0.0,37
432,173,32,9,19,0.0,101
432,157,49,22,20,0.0,6
432,112,50,20,21,0.0,3
432,140,6,5,22,0.0,20
432,160,53,16,23,0.0,3
432,105,6,4,24,0.0,8
433,95,3,3,1,9.0,1
433,102,32,1,2,6.0,1
433,177,3,4,3,4.0,1
433,117,1,6,4,3.0,1
433,173,32,9,5,2.0,11
433,123,21,12,6,1.0,12
433,187,1,21,7,0.0,12
433,166,27,5,8,0.0,12
433,119,51,11,9,0.0,12
433,77,21,19,10,0.0,12
433,158,51,18,11,0.0,12
433,175,4,17,12,0.0,13
433,176,34,7,13,0.0,101
433,140,6,13,14,0.0,10
433,172,27,18,15,0.0,5
433,157,49,25,16,0.0,5
433,122,25,24,17,0.0,3
433,84,25,16,18,0.0,47
433,170,53,20,19,0.0,5
433,112,50,23,20,0.0,5
433,160,53,14,21,0.0,5
433,178,26,22,22,0.0,21
433,105,6,15,23,0.0,101
433,137,34,2,24,0.0,3
433,118,4,8,25,0.0,98
433,94,18,26,26,0.0,3
434,95,3,1,1,9.0,1
434,177,3,3,2,6.0,1
434,117,1,9,3,4.0,11
434,140,6,16,4,3.0,11
434,77,21,11,5,2.0,11
434,123,21,10,6,1.0,11
434,84,25,17,7,0.0,12
434,173,32,6,8,0.0,5
434,94,18,20,9,0.0,21
434,182,1,8,10,0.0,101
434,166,25,19,11,0.0,3
434,102,32,4,12,0.0,5
434,105,6,15,13,0.0,101
434,137,34,2,14,0.0,5
434,160,53,13,15,0.0,5
434,170,53,7,16,0.0,5
434,176,34,5,17,0.0,5
434,179,45,21,18,0.0,10
434,119,51,12,19,0.0,3
434,158,51,14,20,0.0,3
434,178,26,18,21,0.0,100
435,177,3,3,1,9.0,1
435,172,27,20,2,6.0,1
435,166,27,18,3,4.0,1
435,122,25,22,4,3.0,11
435,140,6,15,5,2.0,11
435,77,21,7,6,1.0,11
435,179,45,25,7,0.0,14
435,94,18,23,8,0.0,14
435,102,32,1,9,0.0,5
435,105,6,5,10,0.0,7
435,182,1,16,11,0.0,3
435,118,4,12,12,0.0,7
435,84,25,17,13,0.0,62
435,176,34,6,14,0.0,5
435,119,51,14,15,0.0,43
435,170,53,24,16,0.0,5
435,123,21,11,17,0.0,44
435,160,53,21,18,0.0,8
435,117,1,4,19,0.0,5
435,175,4,8,20,0.0,7
435,178,26,19,21,0.0,10
435,173,32,10,22,0.0,2
435,137,34,9,23,0.0,42
435,158,51,13,24,0.0,5
435,95,3,2,25,0.0,7
436,117,1,4,1,9.0,1
436,177,3,9,2,6.0,1
436,173,32,1,3,4.0,1
436,158,51,12,4,3.0,11
436,175,4,8,5,2.0,60
436,123,21,20,6,1.0,12
436,176,21,24,7,0.0,12
436,156,50,26,8,0.0,13
436,84,25,18,9,0.0,2
436,118,4,3,10,0.0,22
436,110,27,14,11,0.0,6
436,119,51,11,12,0.0,6
436,182,1,6,13,0.0,10
436,95,32,5,14,0.0,3
436,137,34,7,15,0.0,5
436,170,34,15,16,0.0,101
436,163,6,10,17,0.0,84
436,160,45,21,18,0.0,6
436,183,27,19,19,0.0,25
436,112,50,25,20,0.0,84
436,188,53,17,21,0.0,101
436,172,3,13,22,0.0,10
436,105,6,2,23,0.0,23
436,184,52,23,24,0.0,99
436,185,25,22,25,0.0,2
436,102,53,16,26,0.0,101
436,181,54,0,27,0.0,2
437,182,1,8,1,9.0,1
437,117,1,5,2,6.0,1
437,118,4,9,3,4.0,11
437,119,51,18,4,3.0,12
437,110,27,14,5,2.0,12
437,102,53,13,6,1.0,13
437,173,32,7,7,0.0,14
437,184,52,20,8,0.0,14
437,176,21,23,9,0.0,14
437,183,27,17,10,0.0,14
437,105,6,10,11,0.0,80
437,123,21,26,12,0.0,15
437,84,25,25,13,0.0,2
437,175,4,4,14,0.0,60
437,185,25,24,15,0.0,2
437,172,3,11,16,0.0,7
437,181,54,12,17,0.0,5
437,177,3,2,18,0.0,36
437,95,32,3,19,0.0,101
437,163,6,15,20,0.0,98
437,137,34,1,21,0.0,101
437,188,53,19,22,0.0,27
437,112,50,22,23,0.0,5
437,156,50,21,24,0.0,6
437,170,34,6,25,0.0,101
437,158,51,16,26,0.0,21
437,160,45,0,27,0.0,54
438,105,6,1,1,9.0,1
438,118,4,4,2,6.0,1
438,163,6,2,3,4.0,1
438,177,3,3,4,3.0,60
438,173,32,5,5,2.0,11
438,102,53,19,6,1.0,12
438,175,4,12,7,0.0,12
438,176,21,24,8,0.0,12
438,137,34,9,9,0.0,5
438,156,50,26,10,0.0,12
438,185,25,21,11,0.0,2
438,184,52,25,12,0.0,22
438,84,25,22,13,0.0,2
438,110,27,13,14,0.0,3
438,170,34,18,15,0.0,20
438,181,54,6,16,0.0,43
438,182,1,14,17,0.0,103
438,158,51,11,18,0.0,5
438,172,3,15,19,0.0,10
438,183,27,23,20,0.0,21
438,123,21,17,21,0.0,5
438,160,45,20,22,0.0,7
438,95,32,10,23,0.0,8
438,117,1,8,24,0.0,99
438,119,51,7,25,0.0,80
438,188,53,16,26,0.0,8
438,112,50,0,27,0.0,81
439,117,1,2,1,9.0,1
439,163,6,6,2,6.0,1
439,173,32,11,3,4.0,60
439,118,4,4,4,3.0,11
439,123,21,20,5,2.0,11
439,110,27,12,6,1.0,60
439,158,51,8,7,0.0,60
439,184,52,24,8,0.0,12
439,156,50,25,9,0.0,13
439,185,25,21,10,0.0,2
439,84,25,22,11,0.0,2
439,112,50,23,12,0.0,101
439,188,53,19,13,0.0,62
439,137,34,1,14,0.0,101
439,170,34,9,15,0.0,101
439,189,45,26,16,0.0,5
439,176,21,16,17,0.0,101
439,181,54,7,18,0.0,101
439,105,6,13,19,0.0,43
439,182,1,5,20,0.0,5
439,172,3,15,21,0.0,5
439,119,51,10,22,0.0,10
439,95,32,18,23,0.0,20
439,177,3,3,24,0.0,10
439,175,4,14,25,0.0,4
439,183,27,17,26,0.0,4
439,160,45,0,27,0.0,81
439,102,53,0,28,0.0,81
440,182,1,9,1,9.0,1
440,175,4,1,2,6.0,1
440,95,32,6,3,4.0,1
440,163,6,11,4,3.0,1
440,173,32,2,5,2.0,1
440,177,3,4,6,1.0,11
440,117,1,5,7,0.0,11
440,172,3,12,8,0.0,11
440,170,34,17,9,0.0,11
440,110,27,26,10,0.0,12
440,123,21,14,11,0.0,12
440,160,45,25,12,0.0,15
440,156,50,21,13,0.0,17
440,84,25,23,14,0.0,2
440,184,52,24,15,0.0,5
440,118,4,7,16,0.0,3
440,176,21,19,17,0.0,3
440,158,51,16,18,0.0,5
440,102,53,13,19,0.0,101
440,105,6,10,20,0.0,5
440,188,53,18,21,0.0,101
440,119,51,15,22,0.0,5
440,137,34,3,23,0.0,101
440,185,25,20,24,0.0,2
440,181,54,8,25,0.0,8
440,112,50,22,26,0.0,10
441,117,1,1,1,4.5,1
441,102,53,13,2,3.0,1
441,163,6,3,3,2.0,1
441,177,3,10,4,1.5,1
441,173,32,11,5,1.0,1
441,105,6,4,6,0.5,11
441,160,45,19,7,0.0,11
441,172,3,16,8,0.0,11
441,185,25,20,9,0.0,2
441,119,51,14,10,0.0,38
441,182,1,8,11,0.0,20
441,181,54,12,12,0.0,20
441,95,32,2,13,0.0,20
441,137,34,9,14,0.0,10
441,183,27,17,15,0.0,10
441,190,34,15,16,0.0,10
441,188,53,18,17,0.0,20
441,118,4,5,18,0.0,4
441,175,4,6,19,0.0,4
441,110,27,7,20,0.0,3
441,176,21,0,21,0.0,81
441,84,25,0,22,0.0,81
441,158,51,0,23,0.0,81
441,123,21,0,24,0.0,81
441,156,50,0,25,0.0,81
441,184,52,0,26,0.0,81
441,112,50,0,27,0.0,81
442,137,34,1,1,9.0,1
442,182,1,8,2,6.0,1
442,117,1,2,3,4.0,1
442,173,32,3,4,3.0,11
442,163,6,5,5,2.0,12
442,95,32,7,6,1.0,12
442,102,53,9,7,0.0,12
442,181,54,12,8,0.0,12
442,188,53,20,9,0.0,12
442,112,50,26,10,0.0,15
442,158,51,11,11,0.0,60
442,84,25,21,12,0.0,2
442,176,21,23,13,0.0,5
442,118,4,4,14,0.0,83
442,179,52,24,15,0.0,62
442,185,25,22,16,0.0,2
442,110,27,10,17,0.0,23
442,190,34,16,18,0.0,101
442,123,21,18,19,0.0,5
442,119,51,14,20,0.0,3
442,177,3,15,21,0.0,69
442,172,3,17,22,0.0,101
442,191,50,25,23,0.0,101
442,160,45,19,24,0.0,6
442,105,6,6,25,0.0,5
442,183,27,13,26,0.0,101
443,137,34,1,1,9.0,1
443,173,32,5,2,6.0,1
443,170,34,23,3,4.0,1
443,117,1,2,4,3.0,1
443,172,3,19,5,2.0,11
443,84,25,11,6,0.0,2
443,105,6,4,7,0.0,5
443,177,3,21,8,0.0,101
443,118,4,6,9,0.0,6
443,185,25,16,10,0.0,3
443,175,4,9,11,0.0,7
443,112,50,20,12,0.0,23
443,182,1,10,13,0.0,10
443,95,32,3,14,0.0,6
443,123,21,13,15,0.0,5
443,110,27,12,16,0.0,25
443,188,53,17,17,0.0,8
443,158,51,8,18,0.0,5
443,102,53,7,19,0.0,3
443,119,51,25,20,0.0,20
443,183,27,18,21,0.0,3
443,160,45,26,22,0.0,3
443,163,6,15,23,0.0,3
443,156,50,24,24,0.0,27
443,181,54,14,25,0.0,5
443,176,21,22,26,0.0,3
443,179,52,0,27,0.0,81
444,177,3,8,1,9.0,1
444,163,6,4,2,6.0,1
444,173,32,2,3,4.0,11
444,172,3,24,4,3.0,12
444,160,45,18,5,2.0,12
444,95,32,1,6,1.0,6
444,190,34,11,7,0.0,13
444,181,54,13,8,0.0,13
444,182,1,5,9,0.0,20
444,117,1,7,10,0.0,20
444,123,21,20,11,0.0,20
444,105,6,9,12,0.0,20
444,176,21,22,13,0.0,20
444,102,53,6,14,0.0,8
444,156,50,25,15,0.0,10
444,137,34,12,16,0.0,20
444,175,4,10,17,0.0,20
444,188,53,15,18,0.0,20
444,110,27,16,19,0.0,20
444,179,52,23,20,0.0,95
444,119,51,21,21,0.0,20
444,118,4,3,22,0.0,20
444,185,25,17,23,0.0,2
444,158,51,14,24,0.0,20
444,183,27,19,25,0.0,3
444,84,25,0,26,0.0,81
445,182,1,3,1,9.0,1
445,118,4,6,2,6.0,1
445,102,53,7,3,4.0,1
445,173,32,4,4,3.0,11
445,105,6,9,5,2.0,11
445,163,6,13,6,1.0,11
445,137,34,1,7,0.0,11
445,175,4,10,8,0.0,101
445,160,45,21,9,0.0,13
445,110,27,19,10,0.0,13
445,176,21,15,11,0.0,14
445,119,51,17,12,0.0,15
445,185,25,26,13,0.0,2
445,179,52,22,14,0.0,62
445,183,27,20,15,0.0,10
445,117,1,2,16,0.0,6
445,95,32,8,17,0.0,6
445,123,21,12,18,0.0,10
445,172,3,16,19,0.0,103
445,156,50,23,20,0.0,3
445,170,34,14,21,0.0,10
445,181,54,11,22,0.0,20
445,177,3,5,23,0.0,5
445,140,25,25,24,0.0,2
445,158,51,18,25,0.0,3
445,112,50,24,26,0.0,3
445,189,45,27,27,0.0,3
445,188,53,0,28,0.0,81
446,117,1,1,1,9.0,1
446,182,1,7,2,6.0,1
446,118,4,3,3,4.0,1
446,95,32,16,4,3.0,1
446,175,4,4,5,2.0,1
446,163,6,10,6,1.0,11
446,110,27,11,7,0.0,11
446,183,27,17,8,0.0,11
446,179,52,24,9,0.0,14
446,140,25,26,10,0.0,2
446,181,54,13,11,0.0,6
446,158,51,18,12,0.0,5
446,170,34,8,13,0.0,101
446,137,34,5,14,0.0,6
446,119,51,20,15,0.0,69
446,160,45,21,16,0.0,10
446,189,45,23,17,0.0,101
446,105,6,6,18,0.0,5
446,156,50,25,19,0.0,101
446,177,3,19,20,0.0,10
446,172,3,12,21,0.0,5
446,123,21,15,22,0.0,5
446,173,32,2,23,0.0,101
446,112,50,22,24,0.0,25
446,102,53,9,25,0.0,3
446,176,21,14,26,0.0,101
446,191,25,0,27,0.0,81
447,182,1,4,1,9.0,1
447,137,34,1,2,6.0,1
447,105,6,12,3,4.0,1
447,170,34,7,4,3.0,1
447,123,21,17,5,2.0,11
447,176,21,19,6,1.0,11
447,163,6,15,7,0.0,11
447,183,27,21,8,0.0,12
447,156,50,24,9,0.0,12
447,119,51,13,10,0.0,60
447,112,50,25,11,0.0,13
447,77,54,20,12,0.0,6
447,175,4,5,13,0.0,5
447,102,53,10,14,0.0,51
447,95,32,8,15,0.0,5
447,117,1,2,16,0.0,20
447,173,32,3,17,0.0,5
447,179,52,26,18,0.0,62
447,158,51,16,19,0.0,5
447,118,4,6,20,0.0,5
447,110,27,18,21,0.0,98
447,177,3,9,22,0.0,64
447,172,3,11,23,0.0,5
447,189,45,22,24,0.0,5
447,160,45,23,25,0.0,6
447,185,25,0,26,0.0,2
447,140,25,0,27,0.0,81
448,117,1,1,1,9.0,1
448,182,1,6,2,6.0,1
448,95,32,12,3,4.0,1
448,173,32,3,4,3.0,11
448,170,34,10,5,2.0,11
448,175,4,5,6,1.0,11
448,183,27,20,7,0.0,12
448,177,3,7,8,0.0,60
448,156,50,22,9,0.0,14
448,112,50,26,10,0.0,14
448,163,6,15,11,0.0,10
448,189,45,23,12,0.0,15
448,158,51,17,13,0.0,60
448,185,25,26,14,0.0,2
448,140,25,25,15,0.0,2
448,123,21,11,16,0.0,3
448,179,52,27,17,0.0,37
448,119,51,11,18,0.0,5
448,110,27,14,19,0.0,5
448,172,3,8,20,0.0,5
448,118,4,4,21,0.0,20
448,181,54,16,22,0.0,20
448,102,53,13,23,0.0,5
448,176,21,19,24,0.0,36
448,137,34,2,25,0.0,51
448,160,45,21,26,0.0,48
448,105,6,9,27,0.0,5
449,182,1,4,1,9.0,1
449,105,6,11,2,6.0,1
449,119,51,9,3,4.0,11
449,140,53,17,4,3.0,12
449,189,45,24,5,0.0,12
449,77,54,20,6,0.0,12
449,160,45,22,7,0.0,60
449,179,52,25,8,0.0,13
449,158,51,10,9,0.0,60
449,123,21,19,10,0.0,16
449,175,4,8,11,0.0,37
449,170,34,5,12,0.0,5
449,176,21,15,13,0.0,5
449,118,4,12,14,0.0,51
449,156,50,26,15,0.0,51
449,137,34,1,16,0.0,5
449,173,32,3,17,0.0,6
449,95,32,7,18,0.0,20
449,172,3,13,19,0.0,101
449,177,3,6,20,0.0,101
449,110,27,16,21,0.0,5
449,183,27,18,22,0.0,20
449,112,50,23,23,0.0,10
449,163,6,14,24,0.0,6
449,117,1,2,25,0.0,5
449,181,54,21,26,0.0,54
449,94,53,0,27,0.0,81
450,117,1,2,1,9.0,1
450,105,6,5,2,6.0,1
450,137,34,1,3,4.0,1
450,182,1,15,4,3.0,1
450,163,6,6,5,2.0,1
450,119,51,9,6,1.0,11
450,110,27,17,7,0.0,12
450,184,52,24,8,0.0,12
450,123,21,11,9,0.0,80
450,183,27,19,10,0.0,13
450,118,4,7,11,0.0,25
450,189,45,22,12,0.0,69
450,170,34,10,13,0.0,6
450,95,32,8,14,0.0,5
450,175,4,3,15,0.0,69
450,158,51,13,16,0.0,69
450,112,50,25,17,0.0,101
450,156,50,21,18,0.0,101
450,172,3,14,19,0.0,5
450,173,32,23,20,0.0,101
450,140,53,26,21,0.0,25
450,177,3,4,22,0.0,3
450,102,53,12,23,0.0,3
450,176,21,16,24,0.0,3
450,77,54,18,25,0.0,3
450,160,45,20,26,0.0,3
451,117,1,2,1,9.0,1
451,182,1,11,2,6.0,1
451,102,53,3,3,4.0,1
451,105,6,8,4,3.0,1
451,173,32,5,5,2.0,1
451,137,34,1,6,1.0,11
451,175,4,7,7,0.0,11
451,119,51,12,8,0.0,11
451,163,6,17,9,0.0,11
451,181,34,19,10,0.0,11
451,140,53,10,11,0.0,11
451,110,27,20,12,0.0,11
451,77,54,23,13,0.0,12
451,172,3,15,14,0.0,13
451,184,52,25,15,0.0,14
451,189,45,24,16,0.0,60
451,158,51,14,17,0.0,16
451,160,45,22,18,0.0,5
451,95,32,6,19,0.0,20
451,118,4,9,20,0.0,6
451,166,4,13,21,0.0,7
451,177,3,4,22,0.0,5
451,183,27,21,23,0.0,10
451,123,21,18,24,0.0,7
451,156,50,26,25,0.0,6
451,176,21,16,26,0.0,10
451,112,50,27,27,0.0,5
452,137,34,4,1,9.0,1
452,182,1,9,2,4.0,1
452,172,3,18,3,3.0,1
452,175,6,3,4,2.0,1
452,176,21,20,5,1.0,1
452,117,4,2,6,0.0,11
452,118,53,5,7,0.0,11
452,192,21,23,8,0.0,11
452,163,6,6,9,0.0,11
452,193,25,21,10,0.0,11
452,95,32,22,11,0.0,12
452,188,55,19,12,0.0,13
452,194,50,26,13,0.0,14
452,181,54,25,14,0.0,14
452,177,3,1,15,0.0,2
452,173,32,13,16,0.0,2
452,195,55,14,17,0.0,62
452,158,4,8,18,0.0,23
452,187,1,16,19,0.0,5
452,196,27,17,20,0.0,5
452,184,51,10,21,0.0,4
452,197,27,12,22,0.0,22
452,119,34,7,23,0.0,43
452,190,45,24,24,0.0,5
452,152,53,15,25,0.0,20
452,105,25,11,26,0.0,5
452,110,51,0,27,0.0,81
452,160,45,0,28,0.0,81
453,187,1,22,1,9.0,1
453,182,1,23,2,6.0,1
453,163,6,2,3,4.0,1
453,172,3,4,4,3.0,11
453,176,21,16,5,2.0,11
453,188,55,17,6,1.0,11
453,196,27,26,7,0.0,12
453,193,25,9,8,0.0,12
453,105,25,7,9,0.0,12
453,119,34,11,10,0.0,99
453,117,4,8,11,0.0,13
453,95,32,13,12,0.0,13
453,158,4,15,13,0.0,6
453,178,21,12,14,0.0,100
453,137,34,20,15,0.0,37
453,110,51,19,16,0.0,6
453,173,32,5,17,0.0,64
453,195,55,18,18,0.0,6
453,197,27,10,19,0.0,4
453,152,53,14,20,0.0,84
453,184,51,21,21,0.0,20
453,175,6,1,22,0.0,4
453,177,3,3,23,0.0,4
453,194,50,25,24,0.0,6
453,118,53,6,25,0.0,20
453,181,54,24,26,0.0,20
453,190,45,0,27,0.0,81
453,160,45,0,28,0.0,81
454,117,4,1,1,9.0,1
454,137,34,6,2,6.0,1
454,158,4,2,3,4.0,1
454,175,6,11,4,3.0,1
454,177,3,16,5,2.0,11
454,172,3,19,6,1.0,11
454,163,6,4,7,0.0,11
454,105,25,15,8,0.0,11
454,197,27,20,9,0.0,11
454,176,21,21,10,0.0,11
454,188,55,17,11,0.0,12
454,110,51,7,12,0.0,14
454,152,53,13,13,0.0,6
454,196,27,25,14,0.0,5
454,190,45,23,15,0.0,5
454,181,54,10,16,0.0,101
454,182,1,12,17,0.0,67
454,184,51,8,18,0.0,20
454,192,21,26,19,0.0,6
454,195,55,22,20,0.0,5
454,193,25,24,21,0.0,8
454,173,32,5,22,0.0,10
454,119,34,3,23,0.0,47
454,118,53,9,24,0.0,5
454,95,32,18,25,0.0,68
454,187,1,14,26,0.0,5
454,194,50,0,27,0.0,81
454,160,45,0,28,0.0,81
454,168,50,0,29,0.0,81
455,175,6,3,1,9.0,1
455,117,4,4,2,6.0,1
455,163,6,1,3,4.0,11
455,177,3,11,4,3.0,11
455,187,1,24,5,2.0,11
455,176,21,12,6,1.0,11
455,172,3,16,7,0.0,11
455,192,21,20,8,0.0,12
455,196,27,25,9,0.0,12
455,184,51,10,10,0.0,5
455,181,54,7,11,0.0,13
455,95,32,15,12,0.0,20
455,119,34,5,13,0.0,20
455,110,51,8,14,0.0,80
455,173,32,9,15,0.0,64
455,137,34,2,16,0.0,5
455,197,27,19,17,0.0,21
455,193,25,22,18,0.0,4
455,118,53,14,19,0.0,20
455,190,45,26,20,0.0,20
455,152,53,17,21,0.0,22
455,182,1,18,22,0.0,20
455,188,55,23,23,0.0,20
455,105,25,13,24,0.0,4
455,195,55,21,25,0.0,20
455,158,4,6,26,0.0,101
455,194,50,0,27,0.0,81
455,160,45,0,28,0.0,81
456,177,3,5,1,9.0,1
456,137,34,6,2,6.0,1
456,117,4,1,3,4.0,1
456,175,6,4,4,3.0,1
456,193,25,20,5,2.0,12
456,184,51,13,6,1.0,12
456,192,21,15,7,0.0,12
456,119,34,17,8,0.0,10
456,172,3,8,9,0.0,6
456,176,21,12,10,0.0,4
456,118,53,10,11,0.0,4
456,173,32,19,12,0.0,86
456,197,27,9,13,0.0,22
456,158,4,3,14,0.0,5
456,110,51,7,15,0.0,6
456,163,6,2,16,0.0,22
456,196,27,18,17,0.0,4
456,181,54,16,18,0.0,4
456,105,25,11,19,0.0,4
456,95,32,14,20,0.0,4
456,152,53,0,21,0.0,81
456,182,1,0,22,0.0,81
456,187,1,0,23,0.0,81
456,190,45,0,24,0.0,81
456,194,50,0,25,0.0,81
456,160,45,0,26,0.0,81
456,188,55,0,27,0.0,97
456,195,55,0,28,0.0,97
457,117,4,1,1,9.0,1
457,175,6,2,2,6.0,1
457,158,4,8,3,4.0,1
457,137,34,4,4,3.0,1
457,177,3,9,5,2.0,1
457,172,3,11,6,1.0,1
457,118,53,22,7,0.0,1
457,152,53,16,8,0.0,1
457,173,32,13,9,0.0,11
457,188,55,25,10,0.0,11
457,176,21,10,11,0.0,11
457,193,25,23,12,0.0,11
457,196,27,26,13,0.0,11
457,105,25,17,14,0.0,12
457,182,1,15,15,0.0,6
457,95,32,19,16,0.0,6
457,110,51,3,17,0.0,98
457,195,55,14,18,0.0,5
457,163,6,5,19,0.0,5
457,190,45,24,20,0.0,36
457,181,54,7,21,0.0,36
457,187,1,20,22,0.0,4
457,197,27,21,23,0.0,4
457,123,21,18,24,0.0,22
457,184,51,12,25,0.0,37
457,119,34,6,26,0.0,5
457,160,45,0,27,0.0,81
457,194,50,0,28,0.0,81
458,105,25,6,1,9.0,1
458,177,3,12,2,6.0,1
458,187,1,21,3,4.0,1
458,137,34,2,4,3.0,1
458,172,3,20,5,2.0,1
458,95,32,14,6,1.0,11
458,123,21,10,7,0.0,11
458,117,4,13,8,0.0,11
458,152,53,17,9,0.0,11
458,196,27,23,10,0.0,12
458,176,21,5,11,0.0,12
458,184,51,25,12,0.0,14
458,182,1,18,13,0.0,22
458,195,55,11,14,0.0,62
458,188,55,26,15,0.0,6
458,110,51,8,16,0.0,101
458,163,6,1,17,0.0,10
458,193,25,16,18,0.0,10
458,197,27,19,19,0.0,36
458,181,54,22,20,0.0,4
458,118,53,9,21,0.0,5
458,119,34,15,22,0.0,23
458,173,32,4,23,0.0,6
458,158,4,7,24,0.0,99
458,160,45,24,25,0.0,25
458,175,6,3,26,0.0,5
458,190,45,0,27,0.0,54
459,163,6,1,1,9.0,1
459,158,4,6,2,6.0,1
459,175,6,4,3,4.0,1
459,177,3,9,4,3.0,1
459,117,4,2,5,2.0,11
459,187,1,20,6,1.0,11
459,123,21,15,7,0.0,11
459,105,25,17,8,0.0,12
459,181,54,7,9,0.0,13
459,184,51,26,10,0.0,13
459,193,25,22,11,0.0,2
459,119,34,5,12,0.0,6
459,118,53,12,13,0.0,101
459,152,53,10,14,0.0,5
459,95,32,18,15,0.0,64
459,110,51,8,16,0.0,5
459,172,3,13,17,0.0,6
459,196,27,24,18,0.0,86
459,195,55,21,19,0.0,5
459,190,45,25,20,0.0,5
459,188,55,23,21,0.0,24
459,137,34,3,22,0.0,37
459,182,1,19,23,0.0,20
459,173,32,11,24,0.0,37
459,176,21,14,25,0.0,7
459,197,27,16,26,0.0,6
459,198,50,0,27,0.0,81
459,160,45,0,28,0.0,81
460,117,4,3,1,9.0,1
460,137,34,6,2,6.0,1
460,175,6,2,3,4.0,1
460,95,32,18,4,3.0,1
460,163,6,1,5,2.0,1
460,182,1,15,6,1.0,11
460,184,51,11,7,0.0,11
460,110,51,9,8,0.0,11
460,187,1,24,9,0.0,11
460,197,27,25,10,0.0,12
460,177,3,13,11,0.0,12
460,172,3,20,12,0.0,12
460,105,25,16,13,0.0,12
460,193,25,23,14,0.0,12
460,123,21,17,15,0.0,12
460,195,55,21,16,0.0,13
460,176,21,19,17,0.0,13
460,181,54,8,18,0.0,5
460,196,27,22,19,0.0,22
460,160,45,26,20,0.0,69
460,118,53,10,21,0.0,6
460,119,34,5,22,0.0,101
460,140,52,15,23,0.0,69
460,158,4,7,24,0.0,5
460,152,53,12,25,0.0,101
460,173,32,4,26,0.0,101
460,188,55,0,27,0.0,81
460,190,45,0,28,0.0,81
460,186,50,0,29,0.0,81
461,163,6,2,1,9.0,1
461,110,51,3,2,6.0,1
461,119,34,8,3,4.0,1
461,117,4,5,4,3.0,1
461,187,1,23,5,2.0,11
461,172,3,15,6,1.0,11
461,176,21,20,7,0.0,11
461,197,27,19,8,0.0,11
461,123,21,14,9,0.0,11
461,177,3,12,10,0.0,11
461,188,55,22,11,0.0,11
461,193,25,21,12,0.0,12
461,137,34,4,13,0.0,42
461,182,1,18,14,0.0,2
461,158,4,6,15,0.0,69
461,160,45,26,16,0.0,44
461,196,27,25,17,0.0,5
461,184,51,7,18,0.0,101
461,152,53,10,19,0.0,101
461,118,53,9,20,0.0,5
461,140,52,13,21,0.0,5
461,175,6,1,22,0.0,5
461,173,32,11,23,0.0,5
461,105,25,16,24,0.0,48
461,95,32,17,25,0.0,5
461,195,55,24,26,0.0,5
461,186,50,0,27,0.0,81
461,190,45,0,28,0.0,81
461,181,54,0,29,0.0,81
462,117,4,5,1,9.0,1
462,163,6,2,2,6.0,1
462,137,34,4,3,4.0,1
462,158,4,8,4,3.0,1
462,95,32,3,5,2.0,11
462,182,1,14,6,1.0,12
462,197,27,20,7,0.0,12
462,177,3,15,8,0.0,12
462,187,1,17,9,0.0,12
462,190,45,26,10,0.0,13
462,160,45,25,11,0.0,14
462,140,52,16,12,0.0,15
462,123,21,19,13,0.0,15
462,181,54,13,14,0.0,47
462,110,51,11,15,0.0,60
462,175,6,1,16,0.0,80
462,119,34,6,17,0.0,5
462,195,55,21,18,0.0,6
462,172,3,24,19,0.0,76
462,184,51,9,20,0.0,44
462,105,25,18,21,0.0,4
462,118,53,10,22,0.0,101
462,152,53,7,23,0.0,21
462,173,32,12,24,0.0,4
462,176,21,22,25,0.0,4
462,193,25,23,26,0.0,4
462,196,27,0,27,0.0,81
462,188,55,0,28,0.0,81
462,186,50,0,29,0.0,81
463,163,6,10,1,9.0,1
463,175,6,2,2,6.0,1
463,187,1,15,3,4.0,1
463,118,53,7,4,3.0,1
463,184,51,12,5,2.0,1
463,105,25,18,6,1.0,11
463,140,52,16,7,0.0,12
463,176,21,14,8,0.0,12
463,119,34,6,9,0.0,12
463,196,27,24,10,0.0,12
463,190,45,25,11,0.0,5
463,195,55,20,12,0.0,14
463,152,53,13,13,0.0,20
463,123,21,21,14,0.0,5
463,177,3,23,15,0.0,80
463,181,54,9,16,0.0,2
463,137,34,1,17,0.0,4
463,117,4,4,18,0.0,20
463,158,4,11,19,0.0,10
463,172,3,17,20,0.0,64
463,95,32,5,21,0.0,20
463,182,1,19,22,0.0,23
463,193,25,26,23,0.0,5
463,173,32,3,24,0.0,10
463,110,51,8,25,0.0,5
463,197,27,22,26,0.0,22
463,160,45,0,27,0.0,81
463,188,55,0,28,0.0,81
463,186,50,0,29,0.0,81
464,137,34,4,1,9.0,1
464,163,6,3,2,6.0,1
464,158,4,7,3,4.0,1
464,175,6,2,4,3.0,1
464,173,32,8,5,2.0,1
464,118,53,12,6,1.0,1
464,152,53,14,7,0.0,1
464,95,32,11,8,0.0,1
464,197,27,19,9,0.0,11
464,176,21,20,10,0.0,11
464,177,3,16,11,0.0,11
464,188,55,26,12,0.0,12
464,195,55,21,13,0.0,12
464,190,45,25,14,0.0,5
464,193,25,22,15,0.0,69
464,123,21,18,16,0.0,5
464,181,54,9,17,0.0,43
464,105,25,24,18,0.0,8
464,117,4,5,19,0.0,101
464,182,1,13,20,0.0,10
464,187,1,15,21,0.0,10
464,160,45,23,22,0.0,6
464,184,51,10,23,0.0,101
464,140,52,17,24,0.0,99
464,119,34,1,25,0.0,5
464,110,51,6,26,0.0,4
464,196,27,0,27,0.0,81
464,172,3,0,28,0.0,81
464,186,50,0,29,0.0,81
465,137,34,4,1,9.0,1
465,117,4,8,2,6.0,1
465,95,32,3,3,4.0,1
465,110,51,14,4,3.0,1
465,118,53,11,5,2.0,1
465,152,53,12,6,1.0,1
465,119,34,2,7,0.0,1
465,181,54,9,8,0.0,11
465,163,6,5,9,0.0,11
465,158,4,7,10,0.0,11
465,123,21,18,11,0.0,11
465,195,55,21,12,0.0,11
465,156,3,25,13,0.0,12
465,140,52,19,14,0.0,12
465,196,27,23,15,0.0,13
465,175,6,6,16,0.0,20
465,105,25,26,17,0.0,5
465,160,45,24,18,0.0,37
465,176,21,17,19,0.0,5
465,177,3,16,20,0.0,5
465,184,51,15,21,0.0,8
465,187,1,10,22,0.0,20
465,193,25,20,23,0.0,44
465,182,1,13,24,0.0,5
465,173,32,1,25,0.0,94
465,197,27,22,26,0.0,8
465,186,50,0,27,0.0,81
465,190,45,0,28,0.0,81
465,172,3,0,29,0.0,81
466,119,34,3,1,9.0,1
466,110,51,9,2,6.0,1
466,137,34,2,3,4.0,1
466,118,53,13,4,3.0,11
466,177,3,6,5,2.0,11
466,158,4,14,6,1.0,11
466,193,25,19,7,0.0,12
466,176,21,22,8,0.0,12
466,123,21,20,9,0.0,13
466,197,27,21,10,0.0,14
466,182,1,12,11,0.0,10
466,186,50,24,12,0.0,16
466,95,32,7,13,0.0,62
466,196,27,23,14,0.0,62
466,105,25,18,15,0.0,5
466,175,6,1,16,0.0,101
466,152,53,16,17,0.0,101
466,117,4,5,18,0.0,101
466,190,45,25,19,0.0,5
466,173,32,11,20,0.0,5
466,187,1,15,21,0.0,2
466,163,6,4,22,0.0,5
466,184,51,17,23,0.0,5
466,181,54,8,24,0.0,5
466,172,3,10,25,0.0,20
466,160,45,26,26,0.0,5
467,117,4,5,1,9.0,1
467,199,3,8,2,6.0,1
467,163,4,1,3,4.0,1
467,182,1,13,4,3.0,1
467,177,3,7,5,2.0,1
467,187,1,9,6,1.0,1
467,105,25,10,7,0.0,11
467,173,32,15,8,0.0,11
467,194,54,12,9,0.0,12
467,181,54,20,10,0.0,12
467,152,51,19,11,0.0,13
467,200,37,22,12,0.0,13
467,110,51,16,13,0.0,14
467,206,55,24,14,0.0,14
467,196,37,21,15,0.0,15
467,201,25,23,16,0.0,15
467,192,56,25,17,0.0,15
467,202,6,6,18,0.0,16
467,172,27,11,19,0.0,69
467,118,53,14,20,0.0,3
467,119,34,4,21,0.0,101
467,158,27,17,22,0.0,69
467,203,6,3,23,0.0,101
467,137,34,2,24,0.0,20
467,95,32,18,25,0.0,10
467,197,45,26,26,0.0,4
467,184,21,0,27,0.0,81
467,204,45,0,28,0.0,81
467,205,21,0,29,0.0,81
467,195,57,0,30,0.0,81
467,170,53,0,31,0.0,81
468,117,4,1,1,9.0,1
468,187,1,12,2,6.0,1
468,95,32,14,3,4.0,1
468,105,25,13,4,3.0,1
468,181,54,15,5,2.0,11
468,202,6,8,6,1.0,11
468,201,25,21,7,0.0,12
468,200,37,22,8,0.0,12
468,197,45,23,9,0.0,13
468,184,21,19,10,0.0,16
468,137,34,7,11,0.0,2
468,177,3,3,12,0.0,2
468,194,54,18,13,0.0,5
468,192,56,25,14,0.0,22
468,119,34,9,15,0.0,68
468,203,6,2,16,0.0,20
468,182,1,5,17,0.0,4
468,163,4,4,18,0.0,4
468,199,3,6,19,0.0,4
468,173,32,11,20,0.0,4
468,158,27,26,21,0.0,47
468,152,51,16,22,0.0,8
468,172,27,24,23,0.0,83
468,110,51,10,24,0.0,83
468,206,55,20,25,0.0,20
468,196,37,17,26,0.0,20
468,170,53,0,27,0.0,81
468,205,21,0,28,0.0,81
468,118,53,0,29,0.0,81
468,195,57,0,30,0.0,81
468,204,45,0,31,0.0,81
469,182,1,2,1,9.0,1
469,177,3,8,2,6.0,1
469,119,34,18,3,4.0,1
469,105,25,12,4,3.0,1
469,173,32,16,5,2.0,11
469,187,1,11,6,1.0,11
469,95,32,17,7,0.0,12
469,200,37,21,8,0.0,12
469,196,37,23,9,0.0,15
469,201,25,24,10,0.0,17
469,203,6,7,11,0.0,2
469,158,27,13,12,0.0,6
469,110,51,1,13,0.0,20
469,205,21,20,14,0.0,20
469,195,57,19,15,0.0,20
469,172,27,15,16,0.0,20
469,197,45,10,17,0.0,7
469,137,34,6,18,0.0,20
469,206,55,22,19,0.0,20
469,207,3,14,20,0.0,4
469,117,4,4,21,0.0,20
469,202,6,9,22,0.0,20
469,163,4,3,23,0.0,4
469,152,51,5,24,0.0,4
469,194,54,26,25,0.0,4
469,181,54,25,26,0.0,4
469,170,53,0,27,0.0,81
469,204,45,0,28,0.0,81
469,192,56,0,29,0.0,81
469,184,21,0,30,0.0,81
469,118,53,0,31,0.0,81
470,202,6,4,1,9.0,1
470,203,6,3,2,6.0,1
470,105,25,5,3,4.0,1
470,197,45,9,4,3.0,11
470,194,54,14,5,2.0,13
470,181,54,12,6,0.0,2
470,170,53,10,7,0.0,62
470,163,4,1,8,0.0,101
470,152,51,6,9,0.0,5
470,204,45,13,10,0.0,22
470,117,4,2,11,0.0,5
470,110,51,7,12,0.0,10
470,205,25,11,13,0.0,7
470,118,53,8,14,0.0,10
471,187,1,10,1,9.0,1
471,177,3,3,2,6.0,1
471,158,27,14,3,4.0,11
471,173,32,11,4,3.0,12
471,137,34,8,5,2.0,13
471,192,56,23,6,1.0,13
471,176,21,22,7,0.0,14
471,196,37,24,8,0.0,14
471,172,27,17,9,0.0,14
471,182,1,4,10,0.0,2
471,206,3,13,11,0.0,20
471,200,37,25,12,0.0,5
471,117,4,1,13,0.0,20
471,119,34,9,14,0.0,20
471,184,21,26,15,0.0,37
471,197,45,14,16,0.0,41
471,110,51,6,17,0.0,6
471,205,25,20,18,0.0,5
471,105,25,5,19,0.0,5
471,118,53,19,20,0.0,7
471,170,53,21,21,0.0,23
471,95,32,7,22,0.0,8
471,163,4,2,23,0.0,101
471,181,54,12,24,0.0,8
471,152,51,15,25,0.0,4
471,194,54,18,26,0.0,4
471,202,6,0,27,0.0,54
471,203,6,0,28,0.0,3
471,195,57,0,29,0.0,81
471,136,55,0,30,0.0,81
471,204,45,0,31,0.0,97
471,208,37,0,32,0.0,97
472,119,34,2,1,9.0,1
472,202,6,5,2,6.0,60
472,110,51,7,3,4.0,60
472,95,32,11,4,3.0,11
472,173,32,15,5,2.0,11
472,206,3,8,6,1.0,6
472,117,4,4,7,0.0,20
472,205,25,17,8,0.0,14
472,176,21,19,9,0.0,16
472,105,25,9,10,0.0,22
472,177,3,6,11,0.0,4
472,182,1,12,12,0.0,5
472,137,34,13,13,0.0,101
472,187,1,10,14,0.0,10
472,181,54,14,15,0.0,24
472,172,27,18,16,0.0,64
472,158,27,16,17,0.0,44
472,194,54,20,18,0.0,26
472,163,4,1,19,0.0,20
472,152,51,3,20,0.0,86
472,184,21,0,21,0.0,81
472,136,55,0,22,0.0,81
472,200,37,0,23,0.0,81
472,118,53,0,24,0.0,81
472,197,45,0,25,0.0,81
472,195,57,0,26,0.0,81
472,170,53,0,27,0.0,97
472,204,45,0,28,0.0,97
472,196,37,0,29,0.0,97
472,192,56,0,30,0.0,97
472,208,37,0,31,0.0,97
473,187,1,17,1,9.0,1
473,158,27,9,2,6.0,1
473,202,6,4,3,4.0,1
473,177,3,3,4,3.0,1
473,206,3,12,5,2.0,1
473,172,27,13,6,1.0,11
473,200,37,18,7,0.0,11
473,176,21,19,8,0.0,11
473,205,25,20,9,0.0,12
473,163,4,15,10,0.0,13
473,192,56,26,11,0.0,13
473,117,4,1,12,0.0,62
473,95,32,7,13,0.0,5
473,182,1,10,14,0.0,4
473,105,25,16,15,0.0,20
473,152,51,6,16,0.0,4
473,173,32,8,17,0.0,6
473,194,54,25,18,0.0,20
473,195,57,11,19,0.0,4
473,119,34,14,20,0.0,4
473,110,51,2,21,0.0,7
473,197,45,22,22,0.0,80
473,181,54,5,23,0.0,20
473,196,37,21,24,0.0,4
473,184,21,24,25,0.0,4
473,204,45,23,26,0.0,31
473,208,37,0,27,0.0,81
473,137,34,0,28,0.0,81
473,136,55,0,29,0.0,81
474,137,34,4,1,9.0,1
474,119,34,8,2,6.0,1
474,187,1,6,3,4.0,1
474,173,32,10,4,3.0,11
474,176,21,16,5,2.0,11
474,110,51,9,6,1.0,60
474,206,3,13,7,0.0,60
474,184,21,17,8,0.0,12
474,202,6,1,9,0.0,13
474,158,27,12,10,0.0,60
474,200,37,22,11,0.0,14
474,205,25,26,12,0.0,62
474,177,3,7,13,0.0,6
474,196,37,21,14,0.0,5
474,105,25,15,15,0.0,5
474,117,4,3,16,0.0,5
474,163,4,2,17,0.0,20
474,194,54,24,18,0.0,5
474,182,1,11,19,0.0,8
474,172,27,19,20,0.0,69
474,195,57,20,21,0.0,8
474,152,51,5,22,0.0,4
474,95,32,14,23,0.0,4
474,197,45,18,24,0.0,54
474,204,45,23,25,0.0,104
474,209,55,25,26,0.0,4
474,181,54,0,27,0.0,81
474,208,37,0,28,0.0,81
474,192,56,0,29,0.0,81
475,202,6,4,1,9.0,1
475,137,34,3,2,6.0,1
475,177,3,7,3,4.0,1
475,182,1,5,4,3.0,1
475,206,3,12,5,2.0,11
475,184,21,16,6,1.0,11
475,105,25,14,7,0.0,11
475,175,6,6,8,0.0,11
475,187,1,11,9,0.0,11
475,176,21,17,10,0.0,11
475,152,51,8,11,0.0,12
475,181,54,18,12,0.0,12
475,194,54,25,13,0.0,12
475,197,45,23,14,0.0,13
475,119,34,10,15,0.0,13
475,200,37,24,16,0.0,5
475,136,55,26,17,0.0,5
475,173,32,15,18,0.0,64
475,110,51,9,19,0.0,10
475,117,4,2,20,0.0,5
475,163,4,1,21,0.0,20
475,205,25,20,22,0.0,37
475,196,37,22,23,0.0,5
475,192,56,19,24,0.0,69
475,118,53,13,25,0.0,44
475,172,27,21,26,0.0,64
475,195,57,0,27,0.0,81
475,170,53,0,28,0.0,81
475,158,27,0,29,0.0,81
475,90,32,0,30,0.0,81
475,208,37,0,31,0.0,97
476,182,1,5,1,9.0,1
476,202,6,4,2,6.0,1
476,175,6,13,3,4.0,1
476,173,32,7,4,3.0,1
476,206,3,10,5,2.0,1
476,117,4,8,6,1.0,1
476,152,51,14,7,0.0,11
476,205,25,17,8,0.0,11
476,184,21,26,9,0.0,12
476,200,37,25,10,0.0,13
476,110,51,11,11,0.0,10
476,158,27,24,12,0.0,5
476,176,21,22,13,0.0,5
476,177,3,1,14,0.0,69
476,105,25,9,15,0.0,5
476,172,27,20,16,0.0,6
476,118,53,16,17,0.0,86
476,95,32,23,18,0.0,100
476,137,34,3,19,0.0,69
476,195,57,19,20,0.0,5
476,197,45,18,21,0.0,4
476,192,56,21,22,0.0,4
476,187,1,12,23,0.0,20
476,119,34,2,24,0.0,4
476,163,4,6,25,0.0,4
476,170,53,15,26,0.0,4
476,181,54,0,27,0.0,81
476,136,55,0,28,0.0,81
476,194,54,0,29,0.0,81
476,196,37,0,30,0.0,81
477,163,4,1,1,9.0,1
477,117,4,2,2,6.0,1
477,202,6,3,3,4.0,1
477,175,6,5,4,3.0,1
477,177,3,10,5,2.0,1
477,105,25,15,6,1.0,1
477,206,3,11,7,0.0,11
477,182,1,9,8,0.0,11
477,152,51,8,9,0.0,11
477,205,25,23,10,0.0,11
477,181,54,18,11,0.0,12
477,209,32,24,12,0.0,12
477,176,21,20,13,0.0,12
477,172,27,16,14,0.0,13
477,118,53,14,15,0.0,14
477,158,27,19,16,0.0,15
477,110,51,7,17,0.0,20
477,137,34,6,18,0.0,5
477,173,32,13,19,0.0,69
477,187,1,12,20,0.0,10
477,200,37,26,21,0.0,20
477,184,21,25,22,0.0,4
477,119,34,4,23,0.0,5
477,194,54,22,24,0.0,20
477,197,45,17,25,0.0,86
477,170,53,21,26,0.0,10
477,136,55,0,27,0.0,81
477,195,57,0,28,0.0,81
477,196,37,0,29,0.0,81
478,175,6,5,1,9.0,1
478,163,4,3,2,6.0,1
478,177,3,9,3,4.0,11
478,105,25,7,4,3.0,11
478,152,51,11,5,2.0,11
478,176,21,26,6,1.0,11
478,205,25,17,7,0.0,11
478,195,57,21,8,0.0,11
478,95,32,18,9,0.0,12
478,118,53,14,10,0.0,12
478,192,56,25,11,0.0,12
478,187,1,10,12,0.0,22
478,172,27,15,13,0.0,64
478,206,3,19,14,0.0,5
478,196,37,24,15,0.0,27
478,173,32,13,16,0.0,64
478,137,34,4,17,0.0,4
478,194,54,22,18,0.0,4
478,117,4,2,19,0.0,98
478,119,34,6,20,0.0,5
478,110,51,8,21,0.0,6
478,158,27,12,22,0.0,69
478,184,21,23,23,0.0,69
478,197,45,20,24,0.0,38
478,181,54,16,25,0.0,8
478,202,6,1,26,0.0,3
478,210,55,0,27,0.0,81
478,211,37,0,28,0.0,81
478,170,53,0,29,0.0,81
479,173,32,7,1,9.0,1
479,177,3,6,2,6.0,1
479,172,27,14,3,4.0,11
479,175,6,4,4,3.0,11
479,182,1,10,5,2.0,11
479,184,21,23,6,1.0,11
479,192,56,20,7,0.0,12
479,117,4,3,8,0.0,98
479,187,1,18,9,0.0,5
479,205,25,19,10,0.0,5
479,137,34,1,11,0.0,10
479,210,55,26,12,0.0,20
479,176,21,21,13,0.0,5
479,119,34,2,14,0.0,5
479,158,27,22,15,0.0,5
479,95,32,12,16,0.0,5
479,163,4,5,17,0.0,98
479,181,54,25,18,0.0,20
479,118,53,15,19,0.0,22
479,170,53,17,20,0.0,7
479,195,57,16,21,0.0,20
479,105,25,8,22,0.0,20
479,211,37,24,23,0.0,38
479,206,3,9,24,0.0,4
479,110,51,11,25,0.0,4
479,152,51,13,26,0.0,4
479,196,37,0,27,0.0,81
479,197,45,0,28,0.0,81
479,194,54,0,29,0.0,81
480,177,3,8,1,9.0,1
480,117,4,1,2,6.0,1
480,182,1,4,3,4.0,1
480,137,34,6,4,3.0,11
480,119,34,3,5,2.0,11
480,173,32,15,6,1.0,11
480,105,25,12,7,0.0,11
480,95,32,26,8,0.0,11
480,206,3,7,9,0.0,11
480,110,51,5,10,0.0,12
480,205,25,18,11,0.0,12
480,152,51,9,12,0.0,12
480,187,1,11,13,0.0,13
480,194,54,25,14,0.0,14
480,176,21,14,15,0.0,14
480,163,4,2,16,0.0,98
480,158,27,16,17,0.0,64
480,181,54,20,18,0.0,83
480,197,45,17,19,0.0,5
480,172,27,13,20,0.0,64
480,170,53,23,21,0.0,5
480,196,37,24,22,0.0,47
480,211,37,22,23,0.0,20
480,118,53,21,24,0.0,5
480,195,57,19,25,0.0,5
480,175,6,10,26,0.0,82
480,192,56,0,27,0.0,81
480,210,55,0,28,0.0,81
480,184,21,0,29,0.0,81
481,163,4,6,1,9.0,1
481,175,6,3,2,6.0,1
481,207,6,1,3,4.0,1
481,187,1,12,4,3.0,1
481,105,25,11,5,2.0,11
481,158,27,14,6,1.0,11
481,95,32,23,7,0.0,11
481,177,3,7,8,0.0,12
481,194,54,25,9,0.0,12
481,110,51,9,10,0.0,12
481,192,56,26,11,0.0,13
481,184,21,24,12,0.0,13
481,195,57,18,13,0.0,62
481,173,32,17,14,0.0,37
481,152,51,8,15,0.0,64
481,176,21,19,16,0.0,80
481,117,4,5,17,0.0,98
481,182,1,10,18,0.0,23
481,197,45,15,19,0.0,36
481,137,34,2,20,0.0,5
481,119,34,4,21,0.0,8
481,172,27,21,22,0.0,6
481,170,53,22,23,0.0,5
481,206,3,13,24,0.0,4
481,118,53,16,25,0.0,4
481,205,25,20,26,0.0,4
481,211,37,0,27,0.0,81
481,181,54,0,28,0.0,81
481,196,37,0,29,0.0,81
481,210,55,0,30,0.0,81
482,105,25,3,1,9.0,1
482,187,1,9,2,6.0,1
482,158,27,4,3,4.0,1
482,117,4,1,4,3.0,1
482,177,3,6,5,2.0,1
482,206,3,14,6,1.0,11
482,176,21,17,7,0.0,11
482,205,25,19,8,0.0,11
482,110,51,18,9,0.0,12
482,152,51,16,10,0.0,12
482,184,21,23,11,0.0,12
482,211,37,25,12,0.0,12
482,196,37,24,13,0.0,16
482,181,54,22,14,0.0,62
482,182,1,13,15,0.0,5
482,210,55,26,16,0.0,20
482,118,53,10,17,0.0,105
482,173,32,20,18,0.0,5
482,207,6,7,19,0.0,22
482,137,34,12,20,0.0,105
482,163,4,2,21,0.0,5
482,119,34,5,22,0.0,8
482,95,32,21,23,0.0,4
482,172,27,11,24,0.0,80
482,175,6,8,25,0.0,54
482,195,57,15,26,0.0,5
482,197,45,27,27,0.0,3
482,170,53,0,28,0.0,81
482,194,54,0,29,0.0,81
482,192,56,0,30,0.0,81
483,178,3,2,1,9.0,1
483,199,3,3,2,6.0,1
483,137,34,4,3,4.0,1
483,207,51,6,4,3.0,1
483,158,25,8,5,2.0,1
483,175,55,17,6,1.0,11
483,192,56,18,7,0.0,12
483,163,4,20,8,0.0,13
483,176,57,19,9,0.0,69
483,202,6,11,10,0.0,69
483,197,27,10,11,0.0,48
483,212,34,15,12,0.0,3
483,152,51,9,13,0.0,4
483,172,27,12,14,0.0,4
483,177,56,16,15,0.0,5
483,136,54,21,16,0.0,4
483,119,21,1,17,0.0,69
483,213,45,24,18,0.0,3
483,95,32,7,19,0.0,3
483,203,6,5,20,0.0,86
483,187,1,23,21,0.0,23
483,173,32,13,22,0.0,3
483,117,4,14,23,0.0,4
483,110,1,22,24,0.0,4
483,214,25,0,25,0.0,81
483,206,37,0,26,0.0,81
483,215,45,0,27,0.0,81
483,216,21,0,28,0.0,81
483,194,37,0,29,0.0,81
484,199,3,2,1,9.0,1
484,178,3,3,2,6.0,1
484,119,21,4,3,4.0,1
484,176,57,18,4,3.0,1
484,173,32,10,5,2.0,1
484,172,27,16,6,1.0,1
484,197,27,23,7,0.0,1
484,187,1,15,8,0.0,11
484,177,56,12,9,0.0,11
484,175,55,19,10,0.0,11
484,95,32,13,11,0.0,11
484,137,34,1,12,0.0,12
484,217,25,24,13,0.0,15
484,158,25,14,14,0.0,62
484,152,51,6,15,0.0,62
484,203,6,7,16,0.0,101
484,212,34,11,17,0.0,20
484,117,4,5,18,0.0,4
484,216,21,21,19,0.0,3
484,202,6,17,20,0.0,4
484,110,1,20,21,0.0,5
484,163,4,8,22,0.0,4
484,207,51,9,23,0.0,4
484,192,56,22,24,0.0,4
484,136,54,0,25,0.0,81
484,213,45,0,26,0.0,81
484,215,45,0,27,0.0,81
484,194,45,0,28,0.0,81
484,206,37,0,29,0.0,81
484,218,57,0,30,0.0,54
485,137,34,1,1,9.0,1
485,199,3,4,2,6.0,1
485,117,4,2,3,4.0,1
485,178,3,3,4,3.0,1
485,163,4,5,5,2.0,1
485,173,32,10,6,1.0,11
485,119,21,9,7,0.0,11
485,207,51,17,8,0.0,11
485,216,21,19,9,0.0,11
485,152,51,22,10,0.0,60
485,110,1,18,11,0.0,12
485,136,54,23,12,0.0,12
485,217,25,24,13,0.0,12
485,203,6,7,14,0.0,7
485,175,55,14,15,0.0,44
485,187,1,11,16,0.0,7
485,212,34,6,17,0.0,10
485,192,56,20,18,0.0,6
485,172,27,21,19,0.0,64
485,176,57,16,20,0.0,5
485,177,56,8,21,0.0,69
485,95,32,15,22,0.0,5
485,202,6,12,23,0.0,5
485,158,25,13,24,0.0,8
485,215,45,0,25,0.0,81
485,213,45,0,26,0.0,81
485,206,37,0,27,0.0,81
485,219,27,0,28,0.0,81
485,194,37,0,29,0.0,81
486,137,34,5,1,9.0,1
486,119,21,9,2,6.0,1
486,199,3,2,3,4.0,1
486,212,34,13,4,3.0,1
486,202,6,6,5,2.0,1
486,110,1,14,6,1.0,1
486,203,6,1,7,0.0,1
486,163,4,3,8,0.0,11
486,176,57,21,9,0.0,11
486,187,1,7,10,0.0,12
486,175,55,16,11,0.0,12
486,178,3,8,12,0.0,12
486,201,54,24,13,0.0,13
486,219,27,18,14,0.0,62
486,194,37,23,15,0.0,20
486,105,25,17,16,0.0,4
486,213,45,20,17,0.0,4
486,152,51,11,18,0.0,4
486,158,25,19,19,0.0,4
486,207,51,12,20,0.0,6
486,177,56,15,21,0.0,5
486,172,27,10,22,0.0,22
486,117,4,4,23,0.0,6
486,215,45,22,24,0.0,3
486,216,21,0,25,0.0,81
486,206,37,0,26,0.0,81
486,136,54,0,27,0.0,31
486,192,56,0,28,0.0,81
486,118,53,0,29,0.0,81
486,205,53,0,30,0.0,81
486,173,32,0,31,0.0,54
486,95,32,0,32,0.0,54
487,199,3,1,1,9.0,1
487,172,27,9,2,6.0,1
487,95,32,10,3,4.0,1
487,203,6,7,4,3.0,1
487,173,32,14,5,2.0,1
487,158,25,8,6,1.0,1
487,187,1,5,7,0.0,1
487,202,6,3,8,0.0,1
487,152,51,17,9,0.0,1
487,207,51,18,10,0.0,11
487,176,57,15,11,0.0,12
487,105,25,19,12,0.0,12
487,160,45,24,13,0.0,14
487,212,34,21,14,0.0,3
487,219,27,16,15,0.0,7
487,192,56,20,16,0.0,5
487,213,45,22,17,0.0,5
487,178,3,6,18,0.0,3
487,110,1,23,19,0.0,6
487,137,34,2,20,0.0,3
487,177,56,11,21,0.0,6
487,117,4,12,22,0.0,8
487,119,21,4,23,0.0,4
487,216,21,13,24,0.0,4
487,206,37,0,25,0.0,81
487,163,4,0,26,0.0,81
487,194,37,0,27,0.0,81
487,201,54,0,28,0.0,81
487,175,55,0,29,0.0,81
487,118,53,0,30,0.0,81
487,205,53,0,31,0.0,81
488,203,6,2,1,9.0,1
488,178,3,7,2,6.0,1
488,172,27,8,3,4.0,1
488,202,6,17,4,3.0,11
488,158,25,15,5,2.0,12
488,176,57,19,6,1.0,12
488,175,55,16,7,0.0,14
488,137,34,1,8,0.0,20
488,187,1,10,9,0.0,5
488,105,25,20,10,0.0,4
488,152,51,18,11,0.0,4
488,117,4,9,12,0.0,5
488,199,3,4,13,0.0,6
488,173,32,6,14,0.0,5
488,163,4,13,15,0.0,20
488,119,21,5,16,0.0,6
488,95,32,3,17,0.0,22
488,216,21,14,18,0.0,69
488,110,1,11,19,0.0,4
488,207,51,12,20,0.0,4
488,177,56,0,21,0.0,81
488,219,27,0,22,0.0,81
488,212,34,0,23,0.0,81
488,192,56,0,24,0.0,81
488,160,45,0,25,0.0,81
488,213,45,0,26,0.0,81
488,201,54,0,27,0.0,81
488,206,37,0,28,0.0,81
488,194,37,0,29,0.0,81
488,205,53,0,30,0.0,81
488,118,53,0,31,0.0,81
489,203,6,7,1,9.0,1
489,172,27,1,2,6.0,1
489,187,1,4,3,4.0,1
489,199,3,3,4,3.0,1
489,173,32,10,5,2.0,1
489,95,32,11,6,1.0,1
489,178,3,2,7,0.0,1
489,207,51,8,8,0.0,1
489,163,4,17,9,0.0,1
489,152,51,6,10,0.0,1
489,192,56,21,11,0.0,11
489,177,56,15,12,0.0,12
489,175,55,16,13,0.0,12
489,194,57,24,14,0.0,13
489,202,6,13,15,0.0,14
489,206,37,22,16,0.0,15
489,158,25,20,17,0.0,62
489,219,27,19,18,0.0,23
489,212,34,18,19,0.0,6
489,216,21,23,20,0.0,80
489,137,34,9,21,0.0,3
489,117,4,5,22,0.0,20
489,119,21,12,23,0.0,23
489,110,1,14,24,0.0,3
489,105,25,0,25,0.0,81
489,213,45,0,26,0.0,81
489,201,54,0,27,0.0,81
489,205,53,0,28,0.0,81
489,118,53,0,29,0.0,81
489,220,45,0,30,0.0,81
490,117,4,3,1,9.0,1
490,187,1,2,2,6.0,1
490,137,34,4,3,4.0,1
490,163,4,1,4,3.0,1
490,202,6,14,5,2.0,11
490,173,32,8,6,1.0,11
490,95,32,13,7,0.0,11
490,207,51,10,8,0.0,11
490,212,34,15,9,0.0,12
490,199,3,7,10,0.0,12
490,110,1,5,11,0.0,12
490,176,55,21,12,0.0,12
490,158,25,19,13,0.0,13
490,119,21,18,14,0.0,13
490,152,51,12,15,0.0,13
490,105,25,23,16,0.0,13
490,178,3,9,17,0.0,4
490,172,27,6,18,0.0,22
490,206,37,20,19,0.0,5
490,203,6,11,20,0.0,10
490,175,27,16,21,0.0,67
490,177,56,17,22,0.0,22
490,194,57,22,23,0.0,22
490,192,56,24,24,0.0,54
490,216,21,0,25,0.0,81
490,205,53,0,26,0.0,81
490,201,54,0,27,0.0,81
490,213,45,0,28,0.0,81
490,118,53,0,29,0.0,81
491,187,1,5,1,9.0,1
491,199,3,9,2,6.0,1
491,172,27,14,3,4.0,11
491,158,25,23,4,3.0,11
491,212,34,13,5,2.0,11
491,201,54,21,6,1.0,11
491,206,37,17,7,0.0,12
491,197,45,20,8,0.0,13
491,163,4,1,9,0.0,99
491,119,21,10,10,0.0,5
491,176,55,24,11,0.0,60
491,207,51,11,12,0.0,37
491,177,56,14,13,0.0,22
491,173,32,22,14,0.0,2
491,117,4,2,15,0.0,99
491,175,27,15,16,0.0,8
491,202,6,4,17,0.0,101
491,137,34,3,18,0.0,27
491,152,51,12,19,0.0,7
491,203,6,8,20,0.0,20
491,178,3,7,21,0.0,4
491,110,1,6,22,0.0,20
491,105,25,19,23,0.0,8
491,216,21,18,24,0.0,20
491,192,56,0,25,0.0,81
491,205,53,0,26,0.0,81
491,95,32,0,27,0.0,81
491,194,57,0,28,0.0,81
491,118,53,0,29,0.0,81
491,213,45,0,30,0.0,81
492,137,34,6,1,9.0,1
492,117,4,1,2,6.0,1
492,172,27,7,3,4.0,1
492,212,34,16,4,3.0,1
492,158,25,18,5,2.0,1
492,187,1,9,6,1.0,11
492,173,32,14,7,0.0,11
492,197,45,17,8,0.0,11
492,207,51,12,9,0.0,11
492,203,6,8,10,0.0,11
492,178,3,4,11,0.0,11
492,216,21,26,12,0.0,11
492,163,4,2,13,0.0,11
492,176,55,22,14,0.0,22
492,152,51,17,15,0.0,12
492,194,57,23,16,0.0,62
492,201,54,28,17,0.0,5
492,199,3,3,18,0.0,5
492,119,21,13,19,0.0,5
492,175,27,11,20,0.0,7
492,206,37,21,21,0.0,22
492,95,32,15,22,0.0,95
492,110,1,10,23,0.0,4
492,202,6,5,24,0.0,10
492,177,56,0,25,0.0,81
492,205,53,0,26,0.0,81
492,213,45,0,27,0.0,81
492,118,53,0,28,0.0,81
492,105,25,0,29,0.0,81
492,192,56,0,30,0.0,81
493,172,27,4,1,9.0,1
493,163,4,1,2,6.0,1
493,137,34,7,3,4.0,1
493,178,3,6,4,3.0,1
493,199,3,5,5,2.0,1
493,187,1,12,6,1.0,1
493,173,32,9,7,0.0,11
493,110,1,18,8,0.0,11
493,202,6,8,9,0.0,11
493,197,45,14,10,0.0,12
493,206,37,19,11,0.0,16
493,207,51,13,12,0.0,5
493,201,54,21,13,0.0,23
493,119,21,10,14,0.0,5
493,194,57,20,15,0.0,51
493,105,25,22,16,0.0,6
493,152,51,16,17,0.0,42
493,212,34,15,18,0.0,8
493,216,21,24,19,0.0,25
493,117,4,2,20,0.0,22
493,175,27,17,21,0.0,5
493,95,32,11,22,0.0,5
493,203,6,3,23,0.0,3
493,176,55,23,24,0.0,99
493,158,25,0,25,0.0,81
493,118,53,0,26,0.0,81
493,205,53,0,27,0.0,81
493,213,45,0,28,0.0,81
494,117,4,1,1,9.0,1
494,137,34,3,2,6.0,1
494,178,3,4,3,4.0,1
494,212,34,15,4,3.0,11
494,173,32,9,5,2.0,11
494,194,57,24,6,1.0,12
494,216,21,21,7,0.0,13
494,176,55,20,8,0.0,13
494,105,25,25,9,0.0,5
494,201,54,23,10,0.0,14
494,207,51,7,11,0.0,3
494,187,1,8,12,0.0,80
494,158,25,22,13,0.0,22
494,197,45,18,14,0.0,7
494,163,4,2,15,0.0,5
494,152,51,14,16,0.0,27
494,172,27,6,17,0.0,4
494,199,3,5,18,0.0,4
494,119,21,10,19,0.0,22
494,206,37,19,20,0.0,22
494,202,6,12,21,0.0,4
494,95,32,17,22,0.0,5
494,175,27,11,23,0.0,4
494,203,6,16,24,0.0,4
494,110,1,0,25,0.0,54
494,205,53,0,26,0.0,81
494,177,56,0,27,0.0,81
494,192,56,0,28,0.0,81
494,213,45,0,29,0.0,81
494,118,53,0,30,0.0,81
495,117,4,3,1,9.0,1
495,178,3,5,2,6.0,1
495,199,3,2,3,4.0,1
495,173,32,11,4,3.0,1
495,202,6,8,5,2.0,1
495,137,34,6,6,1.0,5
495,110,1,16,7,0.0,29
495,152,51,10,8,0.0,12
495,197,45,18,9,0.0,12
495,205,53,23,10,0.0,13
495,207,51,13,11,0.0,5
495,206,37,19,12,0.0,6
495,175,27,15,13,0.0,29
495,95,32,12,14,0.0,22
495,187,1,7,15,0.0,3
495,119,21,20,16,0.0,6
495,105,25,22,17,0.0,3
495,194,57,24,18,0.0,20
495,163,4,1,19,0.0,20
495,172,27,4,20,0.0,29
495,158,25,17,21,0.0,20
495,201,54,21,22,0.0,20
495,203,6,9,23,0.0,5
495,212,34,14,24,0.0,10
495,176,55,0,25,0.0,81
495,213,45,0,26,0.0,81
495,118,53,0,27,0.0,81
495,216,21,0,28,0.0,81
495,177,56,0,29,0.0,81
495,192,56,0,30,0.0,81
496,172,27,10,1,9.0,1
496,187,1,9,2,6.0,1
496,203,6,11,3,4.0,1
496,152,51,15,4,3.0,11
496,137,34,1,5,2.0,11
496,173,32,7,6,1.0,11
496,207,51,16,7,0.0,11
496,206,37,20,8,0.0,12
496,176,55,19,9,0.0,12
496,199,3,2,10,0.0,13
496,105,25,22,11,0.0,14
496,158,25,14,12,0.0,5
496,110,1,13,13,0.0,20
496,117,4,4,14,0.0,4
496,95,32,5,15,0.0,4
496,201,54,21,16,0.0,20
496,212,34,6,17,0.0,20
496,197,45,23,18,0.0,4
496,178,3,3,19,0.0,64
496,202,6,12,20,0.0,80
496,194,57,24,21,0.0,20
496,175,27,17,22,0.0,20
496,119,21,18,23,0.0,20
496,163,4,8,24,0.0,4
496,177,56,0,25,0.0,81
496,192,56,0,26,0.0,81
496,205,53,0,27,0.0,81
496,198,21,0,28,0.0,81
496,118,53,0,29,0.0,81
496,213,45,0,30,0.0,81
497,178,3,2,1,9.0,1
497,117,4,5,2,6.0,1
497,152,51,8,3,4.0,1
497,95,32,9,4,3.0,1
497,137,34,4,5,2.0,1
497,172,27,12,6,1.0,1
497,187,1,6,7,0.0,1
497,199,3,1,8,0.0,11
497,202,6,18,9,0.0,12
497,177,56,20,10,0.0,12
497,119,21,11,11,0.0,14
497,110,1,14,12,0.0,16
497,105,25,17,13,0.0,5
497,194,57,24,14,0.0,62
497,118,53,22,15,0.0,6
497,207,51,10,16,0.0,22
497,203,6,3,17,0.0,2
497,212,34,16,18,0.0,37
497,176,55,23,19,0.0,22
497,158,25,19,20,0.0,5
497,163,4,13,21,0.0,10
497,175,27,7,22,0.0,3
497,173,32,15,23,0.0,47
497,197,45,21,24,0.0,7
497,201,54,0,25,0.0,81
497,192,56,0,26,0.0,81
497,206,37,0,27,0.0,81
497,198,21,0,28,0.0,81
497,205,53,0,29,0.0,81
497,213,45,0,30,0.0,81
498,178,3,1,1,9.0,1
498,137,34,4,2,6.0,1
498,177,56,13,3,4.0,1
498,206,25,22,4,3.0,1
498,152,51,20,5,2.0,11
498,117,1,12,6,1.0,11
498,217,34,16,7,0.0,12
498,221,51,23,8,0.0,5
498,222,6,11,9,0.0,5
498,223,57,15,10,0.0,62
498,224,56,24,11,0.0,62
498,203,6,8,12,0.0,3
498,172,27,2,13,0.0,5
498,119,21,7,14,0.0,5
498,176,54,21,15,0.0,42
498,207,32,6,16,0.0,69
498,200,21,14,17,0.0,6
498,199,3,10,18,0.0,5
498,173,32,5,19,0.0,22
498,187,1,17,20,0.0,6
498,219,4,9,21,0.0,6
498,163,4,19,22,0.0,22
498,202,27,3,23,0.0,5
498,197,25,18,24,0.0,4
498,225,58,0,25,0.0,81
498,140,58,0,26,0.0,81
498,136,54,0,27,0.0,81
498,158,45,0,28,0.0,81
499,163,4,6,1,9.0,1
499,173,32,7,2,6.0,1
499,178,3,10,3,4.0,1
499,202,27,2,4,3.0,1
499,117,1,13,5,2.0,1
499,119,21,14,6,1.0,11
499,176,54,20,7,0.0,11
499,217,34,18,8,0.0,11
499,177,56,15,9,0.0,11
499,200,21,16,10,0.0,11
499,187,1,23,11,0.0,11
499,197,25,22,12,0.0,11
499,152,51,17,13,0.0,11
499,206,25,24,14,0.0,12
499,224,56,19,15,0.0,12
499,203,6,3,16,0.0,37
499,221,51,21,17,0.0,10
499,219,4,1,18,0.0,101
499,137,34,9,19,0.0,22
499,172,27,5,20,0.0,10
499,223,57,12,21,0.0,5
499,222,6,8,22,0.0,5
499,207,32,11,23,0.0,20
499,199,3,4,24,0.0,86
499,136,54,0,25,0.0,81
499,225,58,0,26,0.0,81
499,140,58,0,27,0.0,81
499,158,45,0,28,0.0,81
500,163,4,2,1,9.0,1
500,172,27,4,2,6.0,1
500,202,27,5,3,4.0,1
500,137,34,3,4,3.0,1
500,199,3,6,5,2.0,11
500,200,21,19,6,1.0,11
500,197,25,13,7,0.0,11
500,224,56,18,8,0.0,11
500,223,57,20,9,0.0,11
500,217,34,17,10,0.0,11
500,187,1,21,11,0.0,12
500,207,32,15,12,0.0,12
500,209,58,24,13,0.0,22
500,152,51,12,14,0.0,5
500,219,4,1,15,0.0,29
500,206,25,16,16,0.0,29
500,177,56,23,17,0.0,3
500,221,51,7,18,0.0,62
500,178,3,8,19,0.0,6
500,203,6,10,20,0.0,7
500,222,6,9,21,0.0,5
500,119,21,11,22,0.0,20
500,158,45,22,23,0.0,20
500,173,32,14,24,0.0,20
500,117,1,0,25,0.0,3
500,176,54,0,26,0.0,3
500,225,58,0,27,0.0,81
500,136,54,0,28,0.0,81
501,137,34,1,1,9.0,1
501,119,21,8,2,6.0,1
501,224,56,24,3,4.0,1
501,187,1,21,4,3.0,11
501,222,6,16,5,2.0,11
501,202,27,9,6,1.0,11
501,200,21,17,7,0.0,11
501,206,25,14,8,0.0,11
501,163,4,2,9,0.0,12
501,219,4,11,10,0.0,19
501,177,56,22,11,0.0,25
501,223,57,23,12,0.0,3
501,152,51,6,13,0.0,3
501,178,3,5,14,0.0,3
501,203,6,10,15,0.0,7
501,221,51,3,16,0.0,22
501,172,27,13,17,0.0,29
501,158,45,19,18,0.0,7
501,199,3,7,19,0.0,7
501,197,25,12,20,0.0,3
501,173,32,20,21,0.0,3
501,136,54,4,22,0.0,7
501,207,32,15,23,0.0,3
501,217,34,18,24,0.0,3
501,225,58,0,25,0.0,81
501,209,58,0,26,0.0,81
501,226,1,0,27,0.0,81
502,202,27,2,1,9.0,1
502,178,3,1,2,6.0,1
502,199,3,4,3,4.0,1
502,163,4,6,4,3.0,11
502,197,25,9,5,2.0,11
502,203,6,12,6,1.0,11
502,177,56,21,7,0.0,11
502,222,6,14,8,0.0,12
502,206,25,11,9,0.0,12
502,173,32,8,10,0.0,20
502,172,27,3,11,0.0,14
502,136,54,15,12,0.0,5
502,187,1,20,13,0.0,62
502,119,21,16,14,0.0,20
502,207,32,17,15,0.0,6
502,221,51,10,16,0.0,43
502,137,34,7,17,0.0,20
502,117,1,19,18,0.0,7
502,224,56,24,19,0.0,10
502,227,57,23,20,0.0,5
502,152,51,18,21,0.0,22
502,217,34,22,22,0.0,6
502,200,21,13,23,0.0,20
502,219,4,5,24,0.0,8
502,209,58,0,25,0.0,81
502,225,58,0,26,0.0,81
502,158,45,0,27,0.0,81
503,199,3,2,1,9.0,1
503,172,27,5,2,6.0,1
503,137,34,4,3,4.0,1
503,200,21,15,4,3.0,11
503,203,6,6,5,2.0,11
503,224,56,18,6,1.0,12
503,207,32,19,7,0.0,13
503,119,21,11,8,0.0,13
503,173,32,14,9,0.0,3
503,136,54,13,10,0.0,62
503,202,27,1,11,0.0,3
503,163,4,20,12,0.0,3
503,221,51,7,13,0.0,5
503,222,6,17,14,0.0,64
503,219,4,16,15,0.0,6
503,178,3,3,16,0.0,24
503,152,51,8,17,0.0,3
503,197,25,9,18,0.0,3
503,117,1,10,19,0.0,3
503,206,25,12,20,0.0,3
503,187,1,0,21,0.0,81
503,158,45,0,22,0.0,81
503,209,58,0,23,0.0,81
503,177,56,0,24,0.0,81
503,217,34,0,25,0.0,81
503,227,57,0,26,0.0,81
503,225,58,0,27,0.0,81
504,178,3,4,1,9.0,1
504,202,27,3,2,6.0,1
504,172,27,1,3,4.0,1
504,137,34,8,4,3.0,1
504,163,4,2,5,2.0,1
504,199,3,5,6,1.0,1
504,187,1,13,7,0.0,11
504,203,6,17,8,0.0,11
504,119,21,18,9,0.0,11
504,200,21,15,10,0.0,11
504,206,25,20,11,0.0,12
504,222,6,19,12,0.0,12
504,224,56,24,13,0.0,5
504,197,25,16,14,0.0,14
504,158,45,21,15,0.0,5
504,176,54,11,16,0.0,6
504,221,51,10,17,0.0,64
504,207,32,12,18,0.0,6
504,177,56,23,19,0.0,20
504,152,51,9,20,0.0,64
504,117,1,7,21,0.0,7
504,173,32,14,22,0.0,8
504,219,4,6,23,0.0,7
504,217,34,22,24,0.0,8
504,209,58,0,25,0.0,81
504,136,57,0,26,0.0,81
504,225,58,0,27,0.0,81
505,178,3,3,1,9.0,1
505,137,34,5,2,6.0,1
505,199,3,4,3,4.0,1
505,206,25,10,4,3.0,11
505,197,25,11,5,2.0,11
505,117,1,7,6,1.0,11
505,212,34,17,7,0.0,12
505,187,1,12,8,0.0,5
505,119,21,21,9,0.0,13
505,222,6,23,10,0.0,13
505,211,3,18,11,0.0,13
505,224,56,22,12,0.0,14
505,200,21,24,13,0.0,17
505,163,4,16,14,0.0,62
505,202,27,1,15,0.0,27
505,176,54,15,16,0.0,5
505,207,32,9,17,0.0,6
505,152,51,6,18,0.0,20
505,203,6,19,19,0.0,5
505,172,27,2,20,0.0,27
505,221,51,8,21,0.0,5
505,158,45,20,22,0.0,22
505,173,32,14,23,0.0,22
505,219,4,13,24,0.0,5
505,136,57,0,25,0.0,81
505,177,56,0,26,0.0,81
505,228,3,0,27,0.0,81
506,172,27,5,1,9.0,1
506,199,3,4,2,6.0,1
506,178,3,1,3,4.0,1
506,137,34,6,4,3.0,1
506,152,51,19,5,2.0,1
506,203,6,16,6,1.0,1
506,207,32,9,7,0.0,1
506,200,21,17,8,0.0,1
506,119,21,10,9,0.0,11
506,206,25,22,10,0.0,11
506,117,1,14,11,0.0,11
506,176,54,13,12,0.0,11
506,222,6,21,13,0.0,11
506,136,57,24,14,0.0,11
506,197,25,23,15,0.0,11
506,173,32,11,16,0.0,67
506,187,1,20,17,0.0,5
506,219,4,2,18,0.0,5
506,163,4,3,19,0.0,5
506,158,45,18,20,0.0,6
506,202,27,7,21,0.0,7
506,224,56,12,22,0.0,23
506,177,56,8,23,0.0,67
506,212,34,15,24,0.0,6
506,211,3,0,25,0.0,81
506,229,54,0,26,0.0,81
507,219,4,2,1,9.0,1
507,178,3,3,2,6.0,1
507,199,3,4,3,4.0,1
507,172,27,5,4,3.0,1
507,137,34,7,5,2.0,1
507,173,32,9,6,1.0,1
507,117,1,12,7,0.0,1
507,203,6,15,8,0.0,11
507,163,4,1,9,0.0,11
507,212,34,14,10,0.0,11
507,224,56,23,11,0.0,11
507,176,54,16,12,0.0,11
507,222,6,22,13,0.0,11
507,119,21,18,14,0.0,11
507,211,3,20,15,0.0,12
507,177,56,11,16,0.0,12
507,95,32,24,17,0.0,5
507,187,1,21,18,0.0,5
507,152,51,8,19,0.0,36
507,202,27,13,20,0.0,64
507,197,25,6,21,0.0,10
507,158,45,19,22,0.0,67
507,206,25,10,23,0.0,23
507,207,32,17,24,0.0,5
507,136,57,0,25,0.0,81
507,200,21,0,26,0.0,81
508,137,34,5,1,9.0,1
508,163,4,1,2,6.0,1
508,172,27,6,3,4.0,1
508,199,3,3,4,3.0,1
508,197,25,17,5,2.0,1
508,117,1,18,6,1.0,1
508,203,6,7,7,0.0,11
508,207,32,10,8,0.0,60
508,222,6,12,9,0.0,12
508,176,54,20,10,0.0,13
508,178,3,4,11,0.0,13
508,206,25,23,12,0.0,23
508,152,51,8,13,0.0,3
508,158,45,19,14,0.0,5
508,119,21,14,15,0.0,5
508,219,4,2,16,0.0,64
508,230,51,22,17,0.0,3
508,209,57,24,18,0.0,3
508,187,1,9,19,0.0,5
508,224,56,21,20,0.0,23
508,95,32,16,21,0.0,23
508,173,32,11,22,0.0,3
508,202,27,15,23,0.0,3
508,212,34,13,24,0.0,6
508,211,3,0,25,0.0,81
508,136,57,0,26,0.0,81
508,191,21,0,27,0.0,81
508,177,56,0,28,0.0,81
508,200,21,0,29,0.0,54
509,137,34,5,1,9.0,1
509,178,3,6,2,6.0,1
509,199,3,3,3,4.0,1
509,173,32,18,4,3.0,11
509,177,56,11,5,2.0,11
509,202,27,13,6,1.0,11
509,117,1,24,7,0.0,11
509,222,6,16,8,0.0,11
509,172,27,20,9,0.0,11
509,163,4,1,10,0.0,12
509,211,3,21,11,0.0,12
509,158,45,17,12,0.0,13
509,197,25,12,13,0.0,23
509,219,4,2,14,0.0,6
509,176,54,23,15,0.0,5
509,207,32,10,16,0.0,5
509,119,21,7,17,0.0,5
509,206,25,22,18,0.0,3
509,187,1,14,19,0.0,67
509,212,34,9,20,0.0,22
509,224,56,15,21,0.0,3
509,203,6,8,22,0.0,29
509,152,51,4,23,0.0,29
509,230,51,19,24,0.0,20
509,95,32,0,25,0.0,81
509,181,21,0,26,0.0,81
509,136,57,0,27,0.0,81
509,209,57,0,28,0.0,81
510,178,3,2,1,9.0,1
510,199,3,5,2,6.0,1
510,202,27,3,3,4.0,1
510,187,1,7,4,3.0,1
510,203,6,22,5,2.0,1
510,212,34,10,6,1.0,11
510,197,25,15,7,0.0,11
510,172,27,9,8,0.0,60
510,177,56,6,9,0.0,12
510,173,32,17,10,0.0,12
510,200,21,21,11,0.0,13
510,136,57,19,12,0.0,14
510,117,1,12,13,0.0,22
510,163,4,23,14,0.0,23
510,219,4,13,15,0.0,22
510,137,34,1,16,0.0,5
510,207,32,18,17,0.0,5
510,110,51,8,18,0.0,5
510,158,45,14,19,0.0,69
510,224,56,16,20,0.0,6
510,152,51,4,21,0.0,83
510,119,21,11,22,0.0,3
510,206,25,20,23,0.0,3
510,191,25,24,24,0.0,3
510,176,54,0,25,0.0,81
510,222,6,0,26,0.0,81
510,211,3,0,27,0.0,81
510,214,3,0,28,0.0,81
511,178,3,5,1,9.0,1
511,199,3,3,2,6.0,1
511,202,27,7,3,4.0,1
511,173,32,4,4,3.0,1
511,172,27,12,5,2.0,11
511,207,32,11,6,1.0,11
511,163,4,6,7,0.0,11
511,176,54,17,8,0.0,12
511,211,3,15,9,0.0,12
511,177,56,14,10,0.0,12
511,222,6,23,11,0.0,13
511,187,1,9,12,0.0,19
511,203,6,18,13,0.0,3
511,197,25,22,14,0.0,62
511,200,21,24,15,0.0,7
511,152,51,1,16,0.0,10
511,137,34,2,17,0.0,20
511,212,34,8,18,0.0,5
511,158,45,16,19,0.0,22
511,119,21,20,20,0.0,20
511,136,57,25,21,0.0,38
511,224,56,19,22,0.0,22
511,206,25,21,23,0.0,20
511,110,51,10,24,0.0,3
511,117,1,13,25,0.0,54
511,191,25,0,26,0.0,81
511,209,3,0,27,0.0,81
512,172,27,1,1,9.0,1
512,199,32,3,2,6.0,1
512,187,1,6,3,4.0,1
512,221,27,2,4,3.0,1
512,207,32,7,5,2.0,11
512,224,56,11,6,1.0,11
512,173,58,16,7,0.0,11
512,200,21,14,8,0.0,12
512,178,3,15,9,0.0,12
512,223,3,17,10,0.0,12
512,206,57,24,11,0.0,12
512,203,6,10,12,0.0,5
512,212,32,19,13,0.0,22
512,136,58,21,14,0.0,7
512,231,59,18,15,0.0,10
512,197,25,4,16,0.0,5
512,219,4,12,17,0.0,5
512,182,204,23,18,0.0,69
512,163,4,25,19,0.0,5
512,222,6,5,20,0.0,4
512,202,25,8,21,0.0,4
512,175,1,9,22,0.0,4
512,137,204,20,23,0.0,4
512,232,60,22,24,0.0,4
512,119,21,13,25,0.0,3
512,233,54,0,26,0.0,54
513,172,27,1,1,9.0,1
513,221,27,2,2,6.0,1
513,199,32,3,3,4.0,1
513,202,25,8,4,3.0,1
513,203,6,5,5,2.0,11
513,222,6,6,6,1.0,11
513,200,21,19,7,0.0,11
513,187,1,14,8,0.0,11
513,119,21,16,9,0.0,11
513,219,4,7,10,0.0,11
513,224,56,9,11,0.0,11
513,173,58,20,12,0.0,11
513,206,57,23,13,0.0,11
513,136,58,21,14,0.0,11
513,223,3,17,15,0.0,12
513,178,3,13,16,0.0,69
513,233,54,24,17,0.0,38
513,163,4,11,18,0.0,20
513,231,59,10,19,0.0,38
513,175,1,18,20,0.0,4
513,182,204,12,21,0.0,6
513,137,204,22,22,0.0,3
513,207,32,4,23,0.0,95
513,197,25,15,24,0.0,10
513,212,32,0,25,0.0,81
513,232,60,0,26,0.0,81
514,203,6,3,1,9.0,1
514,222,6,2,2,6.0,1
514,197,25,9,3,4.0,1
514,207,32,8,4,3.0,1
514,199,32,11,5,2.0,1
514,182,204,4,6,1.0,11
514,137,204,12,7,0.0,11
514,231,59,13,8,0.0,11
514,223,3,22,9,0.0,12
514,175,1,17,10,0.0,13
514,119,21,16,11,0.0,13
514,200,21,20,12,0.0,14
514,224,56,18,13,0.0,14
514,212,32,23,14,0.0,5
514,163,4,10,15,0.0,27
514,178,3,19,16,0.0,22
514,187,1,14,17,0.0,80
514,233,54,24,18,0.0,3
514,219,4,1,19,0.0,5
514,172,27,6,20,0.0,3
514,202,25,7,21,0.0,37
514,173,58,15,22,0.0,3
514,221,27,5,23,0.0,3
514,136,58,21,24,0.0,3
514,206,57,0,25,0.0,81
514,232,60,0,26,0.0,81
515,203,6,1,1,9.0,1
515,222,6,3,2,6.0,1
515,178,3,10,3,4.0,1
515,207,32,6,4,3.0,1
515,221,27,4,5,2.0,1
515,197,25,7,6,1.0,11
515,173,58,20,7,0.0,12
515,137,204,12,8,0.0,12
515,200,21,13,9,0.0,12
515,202,25,17,10,0.0,2
515,212,32,23,11,0.0,3
515,206,57,24,12,0.0,3
515,187,1,18,13,0.0,98
515,233,54,21,14,0.0,2
515,223,3,15,15,0.0,5
515,136,58,14,16,0.0,22
515,119,21,9,17,0.0,23
515,199,32,2,18,0.0,7
515,224,56,16,19,0.0,7
515,232,60,22,20,0.0,5
515,172,27,5,21,0.0,23
515,231,59,8,22,0.0,7
515,182,204,11,23,0.0,3
515,175,1,19,24,0.0,4
515,163,4,0,25,0.0,54
515,219,4,0,26,0.0,54
516,221,27,2,1,9.0,1
516,199,32,8,2,6.0,1
516,207,32,4,3,4.0,1
516,222,6,5,4,3.0,1
516,197,25,12,5,2.0,1
516,202,25,10,6,1.0,1
516,203,6,3,7,0.0,1
516,200,21,17,8,0.0,1
516,163,4,11,9,0.0,11
516,119,21,16,10,0.0,11
516,224,56,19,11,0.0,11
516,136,58,24,12,0.0,12
516,175,1,20,13,0.0,13
516,233,54,21,14,0.0,16
516,182,204,6,15,0.0,47
516,212,32,23,16,0.0,5
516,178,3,13,17,0.0,6
516,173,58,22,18,0.0,5
516,223,3,14,19,0.0,5
516,231,59,15,20,0.0,23
516,219,4,9,21,0.0,101
516,187,1,18,22,0.0,5
516,172,27,1,23,0.0,5
516,137,204,7,24,0.0,98
516,206,57,0,25,0.0,81
516,232,60,0,26,0.0,81
516,234,61,0,27,0.0,81
517,222,6,7,1,9.0,1
517,172,27,1,2,6.0,1
517,202,25,12,3,4.0,1
517,199,32,10,4,3.0,1
517,119,21,16,5,2.0,1
517,187,1,19,6,1.0,1
517,203,6,6,7,0.0,11
517,233,54,20,8,0.0,11
517,224,56,23,9,0.0,12
517,136,58,21,10,0.0,12
517,197,25,11,11,0.0,13
517,221,27,2,12,0.0,3
517,231,59,9,13,0.0,3
517,178,3,4,14,0.0,10
517,207,32,5,15,0.0,23
517,137,204,3,16,0.0,5
517,182,204,13,17,0.0,5
517,163,4,18,18,0.0,101
517,152,51,14,19,0.0,3
517,173,58,24,20,0.0,3
517,200,21,22,21,0.0,20
517,212,32,15,22,0.0,7
517,219,4,17,23,0.0,101
517,223,3,8,24,0.0,3
517,175,1,0,25,0.0,81
517,232,60,0,26,0.0,81
517,206,57,0,27,0.0,81
517,234,61,0,28,0.0,81
518,222,6,1,1,9.0,1
518,223,3,16,2,6.0,1
518,199,32,11,3,4.0,1
518,187,1,14,4,3.0,1
518,221,27,3,5,2.0,5
518,200,21,8,6,1.0,17
518,137,204,18,7,0.0,7
518,219,4,20,8,0.0,18
518,172,27,5,9,0.0,6
518,203,6,2,10,0.0,7
518,178,3,9,11,0.0,38
518,197,25,6,12,0.0,22
518,233,54,12,13,0.0,36
518,182,204,4,14,0.0,3
518,202,25,7,15,0.0,3
518,207,32,13,16,0.0,22
518,224,56,17,17,0.0,5
518,163,4,19,18,0.0,3
518,231,59,10,19,0.0,7
518,119,21,15,20,0.0,22
518,173,58,0,21,0.0,81
518,175,1,0,22,0.0,81
518,136,58,0,23,0.0,81
518,206,57,0,24,0.0,81
518,234,60,0,25,0.0,97
519,219,4,1,1,9.0,1
519,203,6,3,2,6.0,1
519,163,4,2,3,4.0,1
519,178,3,7,4,3.0,1
519,197,25,10,5,2.0,1
519,223,3,9,6,1.0,1
519,222,6,5,7,0.0,11
519,172,27,8,8,0.0,11
519,177,59,16,9,0.0,11
519,175,1,20,10,0.0,12
519,187,1,15,11,0.0,12
519,212,32,23,12,0.0,12
519,199,32,13,13,0.0,13
519,119,21,19,14,0.0,13
519,200,21,22,15,0.0,15
519,173,58,24,16,0.0,15
519,152,51,17,17,0.0,15
519,136,58,21,18,0.0,17
519,202,25,11,19,0.0,22
519,224,56,18,20,0.0,5
519,137,204,4,21,0.0,3
519,207,32,12,22,0.0,23
519,235,27,14,23,0.0,5
519,182,204,6,24,0.0,20
519,233,54,0,25,0.0,54
519,236,57,0,26,0.0,81
519,232,60,0,27,0.0,81
520,223,3,4,1,9.0,1
520,163,4,5,2,6.0,1
520,197,25,16,3,4.0,11
520,187,1,7,4,3.0,11
520,222,6,11,5,2.0,11
520,235,27,17,6,1.0,11
520,175,1,18,7,0.0,60
520,199,32,8,8,0.0,12
520,212,32,26,9,0.0,12
520,202,25,15,10,0.0,12
520,136,58,21,11,0.0,13
520,173,58,12,12,0.0,13
520,236,57,23,13,0.0,13
520,203,6,13,14,0.0,69
520,119,21,19,15,0.0,6
520,172,27,10,16,0.0,5
520,177,59,14,17,0.0,69
520,178,3,1,18,0.0,103
520,200,21,20,19,0.0,6
520,224,56,22,20,0.0,5
520,219,4,2,21,0.0,101
520,182,204,6,22,0.0,23
520,207,32,9,23,0.0,36
520,137,204,3,24,0.0,20
520,233,54,0,25,0.0,81
520,232,60,0,26,0.0,81
521,178,3,2,1,9.0,1
521,223,3,6,2,6.0,1
521,172,27,3,3,4.0,1
521,222,6,5,4,3.0,1
521,187,1,12,5,2.0,1
521,200,21,18,6,1.0,11
521,209,25,16,7,0.0,11
521,203,6,9,8,0.0,11
521,202,25,8,9,0.0,11
521,136,58,20,10,0.0,11
521,173,58,21,11,0.0,12
521,137,204,4,12,0.0,5
521,119,21,19,13,0.0,27
521,175,1,15,14,0.0,22
521,177,59,17,15,0.0,5
521,182,204,7,16,0.0,5
521,235,27,14,17,0.0,27
521,212,32,24,18,0.0,64
521,207,32,11,19,0.0,7
521,163,4,10,20,0.0,27
521,219,4,1,21,0.0,20
521,224,56,22,22,0.0,10
521,199,32,13,23,0.0,3
521,233,54,23,24,0.0,22
521,236,57,0,25,0.0,81
521,232,60,0,26,0.0,81
522,178,3,2,1,9.0,1
522,203,6,5,2,6.0,1
522,172,27,8,3,4.0,1
522,222,6,9,4,3.0,1
522,223,3,6,5,2.0,1
522,163,4,1,6,1.0,11
522,202,25,10,7,0.0,11
522,206,25,11,8,0.0,11
522,187,1,16,9,0.0,11
522,175,1,14,10,0.0,11
522,182,204,4,11,0.0,5
522,236,57,24,12,0.0,22
522,119,21,13,13,0.0,22
522,173,58,22,14,0.0,5
522,137,204,7,15,0.0,5
522,233,54,18,16,0.0,5
522,235,27,21,17,0.0,5
522,199,32,17,18,0.0,64
522,219,4,3,19,0.0,6
522,177,59,19,20,0.0,10
522,224,56,12,21,0.0,23
522,136,58,23,22,0.0,3
522,200,21,20,23,0.0,5
522,207,32,15,24,0.0,8
522,212,32,0,25,0.0,81
522,232,60,0,26,0.0,81
523,178,3,2,1,9.0,1
523,222,6,5,2,6.0,1
523,172,27,7,3,4.0,1
523,137,204,11,4,3.0,11
523,235,27,20,5,2.0,11
523,200,21,18,6,1.0,12
523,212,32,24,7,0.0,12
523,202,25,10,8,0.0,22
523,203,6,6,9,0.0,27
523,173,58,22,10,0.0,7
523,177,59,8,11,0.0,5
523,219,4,4,12,0.0,8
523,187,1,12,13,0.0,5
523,197,25,16,14,0.0,20
523,233,54,15,15,0.0,7
523,136,58,23,16,0.0,6
523,207,32,17,17,0.0,22
523,119,21,19,18,0.0,23
523,175,1,14,19,0.0,5
523,182,204,9,20,0.0,54
523,224,56,21,21,0.0,10
523,199,32,13,22,0.0,22
523,163,4,1,23,0.0,22
523,223,3,3,24,0.0,3
523,236,57,0,25,0.0,81
523,232,60,0,26,0.0,81
524,222,6,3,1,9.0,1
524,203,6,5,2,6.0,1
524,223,3,6,3,4.0,1
524,182,204,9,4,3.0,1
524,207,32,10,5,2.0,1
524,197,25,16,6,1.0,1
524,199,32,13,7,0.0,1
524,224,56,20,8,0.0,11
524,178,3,4,9,0.0,11
524,202,25,12,10,0.0,11
524,233,54,15,11,0.0,11
524,230,51,22,12,0.0,11
524,119,21,17,13,0.0,13
524,219,4,1,14,0.0,5
524,172,27,7,15,0.0,5
524,177,59,23,16,0.0,5
524,235,27,11,17,0.0,5
524,173,58,24,18,0.0,8
524,152,51,18,19,0.0,20
524,163,4,2,20,0.0,5
524,187,1,19,21,0.0,3
524,175,1,14,22,0.0,5
524,200,21,21,23,0.0,22
524,137,204,8,24,0.0,3
524,136,58,0,25,0.0,81
524,176,57,0,26,0.0,81
524,232,60,0,27,0.0,81
524,212,62,0,28,0.0,81
525,178,3,1,1,9.0,1
525,203,6,2,2,6.0,1
525,223,3,3,3,4.0,1
525,222,6,9,4,3.0,11
525,202,25,6,5,2.0,11
525,187,1,17,6,1.0,12
525,217,182,17,7,0.0,14
525,224,56,15,8,0.0,15
525,136,58,21,9,0.0,15
525,207,32,10,10,0.0,60
525,137,182,4,11,0.0,6
525,230,51,18,12,0.0,69
525,235,27,16,13,0.0,6
525,197,25,13,14,0.0,5
525,206,25,24,15,0.0,5
525,212,62,22,16,0.0,83
525,219,4,7,17,0.0,23
525,173,58,23,18,0.0,80
525,199,32,11,19,0.0,22
525,119,21,14,20,0.0,20
525,175,1,20,21,0.0,5
525,163,4,8,22,0.0,3
525,233,54,12,23,0.0,3
525,172,27,5,24,0.0,5
525,200,21,0,25,0.0,81
525,176,57,0,26,0.0,81
525,177,59,0,27,0.0,81
525,237,56,0,28,0.0,81
525,232,60,0,29,0.0,81
525,182,182,0,30,0.0,54
526,203,6,3,1,9.0,1
526,163,4,7,2,6.0,1
526,202,25,10,3,4.0,1
526,173,58,20,4,3.0,1
526,233,54,14,5,2.0,1
526,187,1,13,6,1.0,11
526,224,56,23,7,0.0,15
526,137,182,2,8,0.0,7
526,206,25,15,9,0.0,20
526,222,6,16,10,0.0,27
526,119,21,19,11,0.0,22
526,178,3,1,12,0.0,36
526,176,57,21,13,0.0,5
526,223,3,5,14,0.0,3
526,217,182,9,15,0.0,20
526,219,4,8,16,0.0,5
526,177,59,12,17,0.0,3
526,175,1,22,18,0.0,5
526,197,25,11,19,0.0,3
526,207,32,17,20,0.0,6
526,199,32,6,21,0.0,20
526,172,27,4,22,0.0,20
526,235,27,24,23,0.0,20
526,152,51,18,24,0.0,20
526,230,51,0,25,0.0,81
526,200,21,0,26,0.0,81
526,136,58,0,27,0.0,81
526,212,62,0,28,0.0,81
526,237,56,0,29,0.0,81
526,232,60,0,30,0.0,81
527,207,32,1,1,9.0,1
527,182,34,5,2,6.0,1
527,221,25,10,3,4.0,1
527,231,1,6,4,3.0,1
527,238,32,3,5,2.0,1
527,175,1,9,6,1.0,1
527,199,6,2,7,0.0,1
527,203,6,7,8,0.0,1
527,224,56,17,9,0.0,1
527,222,59,15,10,0.0,1
527,200,54,13,11,0.0,1
527,197,54,11,12,0.0,11
527,239,1,24,13,0.0,11
527,202,25,23,14,0.0,11
527,223,58,16,15,0.0,11
527,172,27,8,16,0.0,5
527,233,58,18,17,0.0,12
527,230,63,12,18,0.0,12
527,187,34,4,19,0.0,5
527,178,3,14,20,0.0,69
527,240,57,21,21,0.0,99
527,241,57,22,22,0.0,5
527,232,60,20,23,0.0,24
527,211,63,19,24,0.0,25
527,212,32,0,25,0.0,81
527,158,55,0,26,0.0,81
527,242,64,0,27,0.0,81
528,199,6,4,1,9.0,1
528,224,56,7,2,6.0,1
528,182,34,10,3,4.0,1
528,207,32,3,4,3.0,1
528,223,58,15,5,2.0,11
528,202,25,19,6,1.0,11
528,200,54,20,7,0.0,11
528,187,34,21,8,0.0,12
528,172,27,14,9,0.0,12
528,119,21,18,10,0.0,14
528,178,3,8,11,0.0,15
528,212,32,22,12,0.0,68
528,203,6,6,13,0.0,20
528,175,1,5,14,0.0,20
528,231,1,2,15,0.0,20
528,233,58,9,16,0.0,69
528,222,59,12,17,0.0,3
528,238,32,1,18,0.0,4
528,240,57,23,19,0.0,23
528,239,1,13,20,0.0,25
528,221,25,11,21,0.0,3
528,211,63,24,22,0.0,3
528,241,57,17,23,0.0,7
528,197,54,16,24,0.0,54
528,232,60,0,25,0.0,81
528,158,55,0,26,0.0,81
528,230,63,0,27,0.0,81
528,242,64,0,28,0.0,81
529,238,32,12,1,9.0,1
529,221,25,11,2,6.0,1
529,187,34,10,3,4.0,1
529,178,3,18,4,3.0,1
529,172,27,13,5,2.0,1
529,202,25,14,6,1.0,11
529,207,32,2,7,0.0,11
529,197,54,17,8,0.0,11
529,243,21,22,9,0.0,11
529,212,32,21,10,0.0,11
529,239,1,20,11,0.0,12
529,230,63,19,12,0.0,12
529,119,21,7,13,0.0,5
529,222,59,5,14,0.0,20
529,175,1,4,15,0.0,3
529,203,6,8,16,0.0,44
529,199,6,9,17,0.0,20
529,182,34,1,18,0.0,5
529,211,63,23,19,0.0,5
529,200,54,15,20,0.0,5
529,232,60,26,21,0.0,22
529,219,4,6,22,0.0,5
529,177,55,24,23,0.0,8
529,224,56,16,24,0.0,7
529,158,64,25,25,0.0,44
529,231,1,3,26,0.0,5
529,163,65,0,27,0.0,81
529,223,58,0,28,0.0,81
529,241,57,0,29,0.0,81
529,233,58,0,30,0.0,81
530,199,6,1,1,9.0,1
530,207,32,4,2,6.0,1
530,221,25,12,3,4.0,1
530,238,32,6,4,3.0,1
530,172,27,14,5,2.0,1
530,119,21,9,6,1.0,11
530,178,3,8,7,0.0,11
530,224,56,15,8,0.0,11
530,243,21,18,9,0.0,11
530,223,58,20,10,0.0,11
530,197,54,19,11,0.0,15
530,175,1,11,12,0.0,3
530,222,59,10,13,0.0,3
530,230,63,17,14,0.0,7
530,219,4,13,15,0.0,101
530,203,6,2,16,0.0,3
530,182,34,3,17,0.0,80
530,202,25,22,18,0.0,6
530,232,60,21,19,0.0,6
530,200,54,16,20,0.0,23
530,187,34,5,21,0.0,6
530,231,1,7,22,0.0,3
530,211,63,0,23,0.0,3
530,233,58,0,24,0.0,3
530,239,1,0,25,0.0,81
530,241,57,0,26,0.0,81
530,177,55,0,27,0.0,97
530,212,32,0,28,0.0,97
530,240,58,0,29,0.0,97
530,206,64,0,30,0.0,97
531,221,25,5,1,9.0,1
531,182,34,3,2,6.0,1
531,222,59,9,3,4.0,1
531,187,34,2,4,3.0,1
531,202,25,13,5,2.0,1
531,119,21,14,6,1.0,1
531,175,1,11,7,0.0,11
531,199,6,1,8,0.0,11
531,224,56,20,9,0.0,11
531,219,4,12,10,0.0,14
531,207,32,4,11,0.0,16
531,203,6,8,12,0.0,3
531,238,32,7,13,0.0,6
531,231,1,6,14,0.0,64
531,243,21,19,15,0.0,100
531,178,3,10,16,0.0,44
531,235,57,16,17,0.0,23
531,233,58,17,18,0.0,3
531,172,27,15,19,0.0,6
531,211,63,18,20,0.0,7
531,200,54,0,21,0.0,81
531,223,58,0,22,0.0,81
531,197,54,0,23,0.0,81
531,230,63,0,24,0.0,81
531,177,55,0,25,0.0,97
531,206,64,0,26,0.0,97
531,163,65,0,27,0.0,97
531,212,32,0,28,0.0,97
531,239,1,0,29,0.0,97
531,232,60,0,30,0.0,97
532,207,32,1,1,9.0,1
532,238,32,7,2,6.0,1
532,199,6,2,3,4.0,1
532,203,6,4,4,3.0,1
532,172,27,14,5,2.0,3
532,202,25,23,6,1.0,11
532,239,1,24,7,0.0,11
532,152,1,21,8,0.0,11
532,163,65,19,9,0.0,12
532,178,3,11,10,0.0,12
532,200,54,16,11,0.0,12
532,235,57,22,12,0.0,16
532,230,63,12,13,0.0,5
532,233,58,10,14,0.0,20
532,219,4,20,15,0.0,62
532,222,59,5,16,0.0,20
532,221,25,13,17,0.0,6
532,223,58,18,18,0.0,7
532,119,21,8,19,0.0,22
532,243,21,17,20,0.0,20
532,187,34,9,21,0.0,3
532,182,34,3,22,0.0,3
532,231,1,6,23,0.0,3
532,224,56,15,24,0.0,3
532,211,63,0,25,0.0,81
532,206,64,0,26,0.0,81
532,177,55,0,27,0.0,81
532,244,54,0,28,0.0,81
532,212,32,0,29,0.0,97
532,232,60,0,30,0.0,97
533,207,32,1,1,9.0,1
533,238,32,2,2,6.0,1
533,172,27,10,3,4.0,1
533,222,59,9,4,3.0,1
533,187,34,7,5,2.0,1
533,231,1,4,6,1.0,11
533,230,63,16,7,0.0,11
533,178,3,18,8,0.0,11
533,200,54,17,9,0.0,11
533,203,6,5,10,0.0,11
533,211,63,23,11,0.0,12
533,202,25,13,12,0.0,14
533,219,4,11,13,0.0,14
533,243,21,19,14,0.0,14
533,223,58,22,15,0.0,106
533,235,57,21,16,0.0,5
533,224,56,15,17,0.0,37
533,199,6,3,18,0.0,3
533,182,34,6,19,0.0,5
533,221,25,12,20,0.0,5
533,233,58,24,21,0.0,22
533,119,21,8,22,0.0,5
533,212,32,20,23,0.0,43
533,175,1,14,24,0.0,20
533,232,60,0,25,0.0,81
533,239,1,0,26,0.0,81
533,208,1,0,27,0.0,81
533,244,54,0,28,0.0,81
533,177,55,0,29,0.0,97
534,182,34,3,1,9.0,1
534,119,21,5,2,6.0,1
534,238,32,4,3,4.0,1
534,175,1,15,4,3.0,11
534,223,58,16,5,2.0,11
534,224,56,13,6,1.0,11
534,172,27,11,7,0.0,11
534,231,1,14,8,0.0,11
534,203,6,7,9,0.0,11
534,199,6,8,10,0.0,11
534,233,58,20,11,0.0,12
534,212,32,21,12,0.0,12
534,200,54,19,13,0.0,12
534,243,21,24,14,0.0,13
534,177,54,23,15,0.0,17
534,232,60,22,16,0.0,18
534,207,32,1,17,0.0,5
534,178,3,9,18,0.0,36
534,221,25,12,19,0.0,22
534,219,4,10,20,0.0,5
534,187,34,2,21,0.0,20
534,222,59,6,22,0.0,25
534,202,25,17,23,0.0,3
534,230,63,18,24,0.0,3
534,211,63,0,25,0.0,81
534,239,1,0,26,0.0,81
534,235,57,0,27,0.0,81
535,207,32,2,1,9.0,1
535,238,32,5,2,6.0,1
535,231,1,4,3,4.0,1
535,187,34,1,4,3.0,1
535,178,3,14,5,2.0,1
535,222,59,7,6,1.0,1
535,172,27,10,7,0.0,1
535,119,21,12,8,0.0,1
535,175,1,6,9,0.0,1
535,202,25,16,10,0.0,1
535,233,58,20,11,0.0,11
535,203,6,9,12,0.0,11
535,200,54,25,13,0.0,11
535,163,65,18,14,0.0,11
535,243,21,21,15,0.0,11
535,177,54,26,16,0.0,12
535,230,63,19,17,0.0,12
535,199,6,8,18,0.0,15
535,239,1,24,19,0.0,5
535,224,56,15,20,0.0,22
535,211,63,23,21,0.0,5
535,152,1,22,22,0.0,5
535,182,34,3,23,0.0,5
535,221,25,13,24,0.0,5
535,223,58,17,25,0.0,10
535,219,4,11,26,0.0,5
535,232,60,0,27,0.0,81
535,206,57,0,28,0.0,81
535,212,32,0,29,0.0,81
536,199,6,8,1,9.0,1
536,182,34,4,2,6.0,1
536,187,34,9,3,4.0,1
536,221,25,10,4,3.0,1
536,233,58,18,5,2.0,11
536,175,1,20,6,1.0,11
536,152,1,16,7,0.0,11
536,239,1,24,8,0.0,11
536,230,63,25,9,0.0,11
536,172,27,7,10,0.0,13
536,200,54,26,11,0.0,45
536,177,54,22,12,0.0,22
536,223,58,17,13,0.0,6
536,219,4,12,14,0.0,101
536,119,21,5,15,0.0,22
536,202,25,19,16,0.0,6
536,222,59,3,17,0.0,6
536,224,56,11,18,0.0,5
536,232,60,23,19,0.0,69
536,206,57,15,20,0.0,36
536,207,32,2,21,0.0,5
536,178,3,6,22,0.0,7
536,203,6,13,23,0.0,7
536,212,32,21,24,0.0,6
536,231,1,14,25,0.0,3
536,238,32,1,26,0.0,69
536,211,63,0,27,0.0,81
536,243,21,0,28,0.0,81
536,209,57,0,29,0.0,81
536,245,1,0,30,0.0,81
537,207,32,1,1,9.0,1
537,222,59,4,2,6.0,1
537,172,27,7,3,4.0,1
537,224,56,10,4,3.0,1
537,202,25,16,5,2.0,1
537,212,32,18,6,1.0,1
537,187,34,5,7,0.0,1
537,203,6,15,8,0.0,1
537,119,21,14,9,0.0,11
537,177,59,19,10,0.0,13
537,229,57,17,11,0.0,5
537,243,21,23,12,0.0,2
537,238,32,2,13,0.0,6
537,231,1,8,14,0.0,2
537,178,3,6,15,0.0,69
537,137,57,21,16,0.0,5
537,230,63,20,17,0.0,69
537,175,1,11,18,0.0,3
537,199,6,12,19,0.0,69
537,182,34,3,20,0.0,5
537,219,4,9,21,0.0,5
537,200,54,22,22,0.0,3
537,233,58,24,23,0.0,3
537,221,25,13,24,0.0,3
537,223,58,0,25,0.0,81
537,197,54,0,26,0.0,81
537,211,63,0,27,0.0,81
537,232,60,0,28,0.0,81
537,163,65,0,29,0.0,97
537,239,1,0,30,0.0,97
538,238,32,1,1,9.0,1
538,221,25,14,2,6.0,1
538,203,6,11,3,4.0,1
538,224,56,6,4,3.0,11
538,172,27,5,5,2.0,11
538,230,63,21,6,1.0,11
538,187,34,10,7,0.0,11
538,239,1,17,8,0.0,12
538,163,65,26,9,0.0,12
538,223,58,22,10,0.0,17
538,177,59,25,11,0.0,17
538,206,57,19,12,0.0,2
538,175,1,14,13,0.0,3
538,233,58,23,14,0.0,3
538,219,4,3,15,0.0,6
538,199,6,12,16,0.0,2
538,182,34,4,17,0.0,3
538,202,25,9,18,0.0,3
538,231,1,8,19,0.0,3
538,178,3,15,20,0.0,3
538,119,21,16,21,0.0,3
538,229,57,24,22,0.0,3
538,212,32,18,23,0.0,3
538,137,1,20,24,0.0,3
538,222,59,7,25,0.0,3
538,207,32,2,26,0.0,3
538,232,60,0,27,0.0,81
538,200,54,0,28,0.0,81
538,211,63,0,29,0.0,81
538,246,54,0,30,0.0,81
538,243,21,0,31,0.0,97
539,207,32,1,1,9.0,1
539,238,32,2,2,6.0,1
539,182,34,3,3,4.0,1
539,187,34,8,4,3.0,1
539,224,56,10,5,2.0,1
539,203,6,5,6,1.0,1
539,199,6,4,7,0.0,1
539,172,27,6,8,0.0,11
539,175,1,14,9,0.0,11
539,231,1,7,10,0.0,11
539,212,32,20,11,0.0,11
539,222,59,15,12,0.0,12
539,152,1,19,13,0.0,20
539,233,58,18,14,0.0,7
539,163,65,23,15,0.0,83
539,232,60,26,16,0.0,5
539,230,63,22,17,0.0,2
539,219,4,9,18,0.0,5
539,239,1,21,19,0.0,5
539,177,59,24,20,0.0,3
539,178,3,11,21,0.0,37
539,137,1,25,22,0.0,7
539,221,25,12,23,0.0,5
539,206,57,16,24,0.0,7
539,119,21,13,25,0.0,3
539,202,25,17,26,0.0,3
539,211,63,0,27,0.0,54
539,223,58,0,28,0.0,81
539,247,54,0,29,0.0,81
539,200,54,0,30,0.0,81
539,229,57,0,31,0.0,97
539,240,58,0,32,0.0,97
539,243,21,0,33,0.0,97
540,182,34,4,1,9.0,1
540,187,34,7,2,6.0,1
540,199,6,11,3,4.0,1
540,172,27,8,4,3.0,1
540,175,1,19,5,2.0,1
540,207,32,1,6,1.0,1
540,203,6,2,7,0.0,1
540,224,56,13,8,0.0,1
540,137,1,24,9,0.0,1
540,206,57,18,10,0.0,1
540,221,25,16,11,0.0,1
540,222,59,9,12,0.0,11
540,178,3,6,13,0.0,11
540,152,1,20,14,0.0,11
540,223,58,15,15,0.0,17
540,119,21,12,16,0.0,5
540,231,1,10,17,0.0,99
540,232,60,22,18,0.0,5
540,219,4,3,19,0.0,5
540,238,32,5,20,0.0,3
540,202,25,14,21,0.0,3
540,233,58,17,22,0.0,3
540,239,1,21,23,0.0,3
540,230,63,23,24,0.0,3
540,212,32,0,25,0.0,81
540,229,54,0,26,0.0,81
540,247,54,0,27,0.0,81
540,248,63,0,28,0.0,81
540,229,57,0,29,0.0,97
540,177,59,0,30,0.0,97
540,243,21,0,31,0.0,97
540,244,60,0,32,0.0,97
541,199,6,2,1,9.0,1
541,178,3,3,2,6.0,1
541,222,59,11,3,4.0,1
541,219,4,9,4,3.0,1
541,224,56,13,5,2.0,1
541,175,1,18,6,1.0,1
541,231,1,6,7,0.0,11
541,206,57,19,8,0.0,11
541,163,65,21,9,0.0,11
541,202,25,16,10,0.0,11
541,172,27,10,11,0.0,11
541,249,59,20,12,0.0,11
541,239,57,24,13,0.0,11
541,223,58,17,14,0.0,13
541,197,32,8,15,0.0,60
541,243,21,22,16,0.0,15
541,232,60,26,17,0.0,6
541,247,54,25,18,0.0,44
541,182,34,5,19,0.0,5
541,207,32,1,20,0.0,5
541,187,34,7,21,0.0,5
541,221,25,12,22,0.0,36
541,203,6,4,23,0.0,5
541,177,54,15,24,0.0,7
541,233,58,14,25,0.0,69
541,212,32,23,26,0.0,8
541,213,63,0,27,0.0,81
542,203,6,3,1,9.0,1
542,222,59,2,2,6.0,1
542,199,6,11,3,4.0,1
542,119,21,12,4,3.0,1
542,221,25,13,5,2.0,1
542,206,57,15,6,1.0,1
542,202,25,18,7,0.0,1
542,175,1,17,8,0.0,1
542,178,3,5,9,0.0,1
542,207,32,9,10,0.0,11
542,137,34,14,11,0.0,11
542,219,4,22,12,0.0,15
542,177,54,21,13,0.0,55
542,172,27,10,14,0.0,7
542,231,1,19,15,0.0,20
542,197,32,1,16,0.0,44
542,163,63,16,17,0.0,5
542,249,59,20,18,0.0,69
542,187,34,4,19,0.0,3
542,182,34,7,20,0.0,23
542,233,58,8,21,0.0,3
542,224,56,6,22,0.0,3
542,223,58,0,23,0.0,81
542,213,63,0,24,0.0,81
542,232,60,0,25,0.0,81
542,212,32,0,26,0.0,81
542,243,21,0,27,0.0,97
542,247,54,0,28,0.0,97
543,222,59,11,1,9.0,1
543,250,34,6,2,6.0,1
543,199,6,7,3,4.0,1
543,224,56,16,4,3.0,1
543,207,32,8,5,2.0,67
543,223,57,12,6,1.0,12
543,230,63,13,7,0.0,60
543,251,37,17,8,0.0,10
543,252,58,9,9,0.0,62
543,187,34,2,10,0.0,22
543,237,37,20,11,0.0,7
543,172,27,15,12,0.0,62
543,221,25,3,13,0.0,25
543,231,1,1,14,0.0,22
543,200,1,5,15,0.0,20
543,238,25,14,16,0.0,20
543,253,56,19,17,0.0,5
543,182,6,4,18,0.0,69
543,246,63,18,19,0.0,3
543,254,58,21,20,0.0,6
543,255,32,10,21,0.0,54
544,199,6,2,1,9.0,1
544,231,1,1,2,6.0,1
544,182,6,13,3,4.0,1
544,224,56,16,4,3.0,11
544,255,32,10,5,2.0,11
544,254,58,18,6,1.0,11
544,253,56,19,7,0.0,12
544,250,34,12,8,0.0,3
544,252,58,5,9,0.0,5
544,246,63,20,10,0.0,22
544,187,34,7,11,0.0,3
544,172,27,14,12,0.0,3
544,221,25,6,13,0.0,3
544,207,32,3,14,0.0,80
544,237,37,21,15,0.0,5
544,200,1,4,16,0.0,3
544,238,25,8,17,0.0,3
544,223,57,9,18,0.0,3
544,230,63,11,19,0.0,3
544,222,59,15,20,0.0,5
544,251,37,17,21,0.0,7
544,256,66,22,22,0.0,25
545,182,6,3,1,9.0,1
545,222,59,5,2,6.0,1
545,221,25,4,3,4.0,1
545,231,1,1,4,3.0,1
545,200,1,12,5,2.0,1
545,187,34,11,6,1.0,1
545,230,63,14,7,0.0,1
545,199,6,8,8,0.0,1
545,223,57,16,9,0.0,1
545,224,56,9,10,0.0,1
545,246,63,19,11,0.0,11
545,255,32,10,12,0.0,11
545,250,34,2,13,0.0,12
545,239,37,23,14,0.0,12
545,256,66,22,15,0.0,15
545,237,37,17,16,0.0,5
545,233,37,18,17,0.0,5
545,207,32,6,18,0.0,3
545,257,37,21,19,0.0,6
545,172,27,12,20,0.0,3
545,252,58,15,21,0.0,3
545,254,58,20,22,0.0,95
545,238,25,7,23,0.0,69
546,207,32,2,1,9.0,1
546,182,6,1,2,6.0,1
546,222,59,3,3,4.0,1
546,221,25,12,4,3.0,1
546,224,56,7,5,2.0,1
546,197,67,9,6,1.0,11
546,231,1,8,7,0.0,11
546,255,32,16,8,0.0,11
546,172,27,5,9,0.0,10
546,205,37,18,10,0.0,13
546,246,63,19,11,0.0,13
546,238,25,10,12,0.0,69
546,223,57,13,13,0.0,6
546,233,34,17,14,0.0,23
546,178,58,14,15,0.0,6
546,200,1,15,16,0.0,64
546,187,34,6,17,0.0,2
546,254,58,20,18,0.0,6
546,237,37,22,19,0.0,6
546,199,6,4,20,0.0,3
546,239,37,21,21,0.0,3
546,230,63,11,22,0.0,3
547,207,32,1,1,9.0,1
547,199,6,4,2,6.0,1
547,222,59,5,3,4.0,1
547,200,1,9,4,3.0,1
547,255,32,12,5,2.0,1
547,233,34,13,6,1.0,11
547,172,27,2,7,0.0,11
547,238,25,15,8,0.0,11
547,246,63,20,9,0.0,12
547,239,37,28,10,0.0,13
547,251,37,17,11,0.0,13
547,258,37,22,12,0.0,14
547,208,1,23,13,0.0,15
547,224,56,19,14,0.0,15
547,187,34,6,15,0.0,69
547,178,58,14,16,0.0,3
547,211,64,16,17,0.0,3
547,229,64,10,18,0.0,21
547,254,58,24,19,0.0,5
547,232,37,21,20,0.0,22
547,221,25,10,21,0.0,5
547,231,1,7,22,0.0,5
547,223,57,8,23,0.0,3
547,230,63,11,24,0.0,3
547,182,6,3,25,0.0,73
547,197,67,0,26,0.0,81
547,237,37,0,27,0.0,81
547,257,37,0,28,0.0,81
547,205,37,0,29,0.0,81
547,259,68,0,30,0.0,81
547,260,66,0,31,0.0,81
548,222,59,2,1,9.0,1
548,182,6,6,2,6.0,1
548,199,6,3,3,4.0,1
548,200,1,9,4,3.0,1
548,207,32,10,5,2.0,1
548,178,58,11,6,1.0,1
548,172,27,16,7,0.0,1
548,230,63,14,8,0.0,1
548,119,58,15,9,0.0,11
548,235,57,17,10,0.0,11
548,197,67,12,11,0.0,12
548,211,64,20,12,0.0,13
548,255,32,13,13,0.0,6
548,187,34,1,14,0.0,6
548,221,25,8,15,0.0,6
548,246,63,19,16,0.0,69
548,224,56,18,17,0.0,5
548,231,1,7,18,0.0,5
548,233,34,5,19,0.0,10
548,238,25,4,20,0.0,23
548,232,37,0,21,0.0,81
548,257,37,0,22,0.0,81
548,229,64,0,23,0.0,81
548,223,57,0,24,0.0,81
548,237,37,0,25,0.0,81
548,251,37,0,26,0.0,81
549,255,32,3,1,9.0,1
549,182,6,11,2,6.0,1
549,238,25,8,3,4.0,1
549,230,63,12,4,3.0,1
549,178,58,17,5,2.0,1
549,233,34,18,6,1.0,11
549,231,1,9,7,0.0,11
549,221,25,5,8,0.0,11
549,229,64,25,9,0.0,11
549,258,37,24,10,0.0,12
549,197,67,26,11,0.0,12
549,256,63,23,12,0.0,13
549,259,68,20,13,0.0,13
549,232,37,14,14,0.0,15
549,257,37,27,15,0.0,62
549,222,59,4,16,0.0,5
549,200,1,6,17,0.0,3
549,172,27,10,18,0.0,5
549,223,57,13,19,0.0,5
549,199,6,7,20,0.0,3
549,211,64,19,21,0.0,3
549,119,58,15,22,0.0,3
549,251,37,21,23,0.0,3
549,224,56,16,24,0.0,10
549,207,32,1,25,0.0,3
549,187,34,2,26,0.0,3
549,208,1,0,27,0.0,81
549,237,37,0,28,0.0,81
549,260,66,0,29,0.0,81
549,261,37,0,30,0.0,81
549,212,64,0,31,0.0,81
550,172,27,8,1,9.0,1
550,200,1,9,2,6.0,1
550,199,6,12,3,4.0,1
550,221,25,6,4,3.0,1
550,187,34,2,5,2.0,1
550,207,32,1,6,1.0,1
550,223,57,14,7,0.0,1
550,197,67,17,8,0.0,1
550,262,58,16,9,0.0,1
550,233,34,5,10,0.0,11
550,239,1,22,11,0.0,11
550,231,1,3,12,0.0,11
550,211,64,24,13,0.0,11
550,259,68,19,14,0.0,12
550,258,37,20,15,0.0,13
550,229,64,23,16,0.0,14
550,178,58,11,17,0.0,15
550,224,56,18,18,0.0,16
550,255,32,7,19,0.0,67
550,251,37,21,20,0.0,7
550,230,63,13,21,0.0,32
550,182,6,15,22,0.0,64
550,222,59,4,23,0.0,3
550,238,25,10,24,0.0,80
550,237,37,0,25,0.0,81
550,208,1,0,26,0.0,81
550,256,63,0,27,0.0,81
550,257,37,0,28,0.0,81
550,212,64,0,29,0.0,81
550,260,66,0,30,0.0,81
550,263,37,0,31,0.0,81
551,207,32,1,1,9.0,1
551,187,34,4,2,6.0,1
551,231,1,2,3,4.0,1
551,255,32,3,4,3.0,1
551,182,6,9,5,2.0,1
551,199,6,6,6,1.0,11
551,223,57,16,7,0.0,11
551,172,27,5,8,0.0,12
551,200,1,7,9,0.0,12
551,211,64,14,10,0.0,12
551,224,56,22,11,0.0,13
551,238,25,17,12,0.0,13
551,230,63,11,13,0.0,13
551,251,37,20,14,0.0,62
551,222,59,8,15,0.0,3
551,233,34,13,16,0.0,3
551,178,58,10,17,0.0,7
551,232,37,18,18,0.0,6
551,221,25,12,19,0.0,3
551,119,58,15,20,0.0,5
551,259,68,21,21,0.0,3
551,197,67,19,22,0.0,3
551,237,37,0,23,0.0,81
551,258,37,0,24,0.0,81
551,239,1,0,25,0.0,81
551,229,64,0,26,0.0,81
551,256,63,0,27,0.0,81
551,212,64,0,28,0.0,81
551,175,63,0,29,0.0,81
551,260,66,0,30,0.0,81
552,231,1,1,1,9.0,1
552,182,6,3,2,6.0,1
552,255,32,5,3,4.0,1
552,200,1,11,4,3.0,1
552,233,34,7,5,2.0,1
552,172,27,15,6,1.0,11
552,178,58,12,7,0.0,11
552,230,63,8,8,0.0,11
552,197,67,20,9,0.0,11
552,258,37,26,10,0.0,12
552,203,1,9,11,0.0,12
552,267,63,23,12,0.0,12
552,239,1,19,13,0.0,14
552,207,32,6,14,0.0,5
552,199,6,14,15,0.0,16
552,187,34,2,16,0.0,69
552,222,59,4,17,0.0,5
552,224,56,22,18,0.0,37
552,232,37,17,19,0.0,7
552,119,58,25,20,0.0,32
552,221,25,18,21,0.0,23
552,219,4,21,22,0.0,101
552,251,37,24,23,0.0,3
552,238,25,16,24,0.0,5
552,175,57,10,25,0.0,10
552,211,64,13,26,0.0,3
552,237,37,0,27,0.0,81
552,223,57,0,28,0.0,81
552,205,37,0,29,0.0,81
552,208,1,0,30,0.0,81
552,259,68,0,31,0.0,97
552,264,37,0,32,0.0,97
552,265,66,0,33,0.0,97
552,245,63,0,34,0.0,97
552,266,69,0,35,0.0,97
552,263,37,0,36,0.0,97
553,182,6,3,1,9.0,1
553,222,59,1,2,6.0,1
553,233,34,5,3,4.0,1
553,199,6,8,4,3.0,1
553,230,63,10,5,2.0,1
553,175,57,11,6,1.0,1
553,267,63,19,7,0.0,11
553,237,37,20,8,0.0,11
553,238,25,14,9,0.0,5
553,119,58,16,10,0.0,36
553,211,64,23,11,0.0,3
553,207,32,7,12,0.0,5
553,231,1,4,13,0.0,48
553,255,32,9,14,0.0,5
553,200,1,13,15,0.0,6
553,221,25,15,16,0.0,5
553,172,27,6,17,0.0,5
553,212,64,24,18,0.0,5
553,239,1,21,19,0.0,3
553,251,37,19,20,0.0,8
553,187,34,2,21,0.0,5
553,197,67,12,22,0.0,7
553,178,58,17,23,0.0,3
553,268,67,25,24,0.0,81
553,258,37,0,25,0.0,81
553,208,1,0,26,0.0,81
553,224,56,0,27,0.0,81
553,232,37,0,28,0.0,81
553,269,66,0,29,0.0,81
554,178,58,14,1,9.0,1
554,182,6,1,2,6.0,1
554,233,34,4,3,4.0,1
554,199,6,5,4,3.0,1
554,238,25,15,5,2.0,1
554,200,1,9,6,1.0,11
554,211,64,20,7,0.0,11
554,187,34,12,8,0.0,11
554,258,37,22,9,0.0,11
554,239,1,17,10,0.0,11
554,224,56,23,11,0.0,11
554,246,67,19,12,0.0,11
554,221,25,10,13,0.0,11
554,197,67,18,14,0.0,12
554,230,63,13,15,0.0,12
554,267,63,25,16,0.0,12
554,208,1,26,17,0.0,3
554,222,59,8,18,0.0,20
554,231,1,2,19,0.0,5
554,175,57,7,20,0.0,5
554,255,32,16,21,0.0,5
554,232,58,21,22,0.0,6
554,172,27,6,23,0.0,44
554,207,32,3,24,0.0,5
554,251,37,24,25,0.0,3
554,223,57,11,26,0.0,3
554,205,37,0,27,0.0,81
554,270,64,0,28,0.0,81
554,212,64,0,29,0.0,81
554,237,37,0,30,0.0,81
555,182,6,4,1,9.0,1
555,172,27,2,2,6.0,1
555,222,59,15,3,4.0,11
555,224,56,17,4,3.0,11
555,175,57,12,5,2.0,60
555,199,6,6,6,1.0,12
555,233,34,19,7,0.0,12
555,246,67,18,8,0.0,12
555,239,1,20,9,0.0,12
555,251,37,25,10,0.0,12
555,237,37,24,11,0.0,13
555,230,63,22,12,0.0,3
555,119,58,16,13,0.0,5
555,205,70,23,14,0.0,2
555,219,4,10,15,0.0,22
555,255,32,5,16,0.0,3
555,178,58,13,17,0.0,5
555,221,25,11,18,0.0,5
555,238,25,7,19,0.0,80
555,223,57,9,20,0.0,37
555,207,32,1,21,0.0,5
555,211,64,26,22,0.0,3
555,231,1,3,23,0.0,3
555,197,67,21,24,0.0,80
555,187,34,8,25,0.0,44
555,200,1,14,26,0.0,3
555,258,37,0,27,0.0,81
555,232,37,0,28,0.0,81
555,267,63,0,29,0.0,81
555,270,64,0,30,0.0,81
555,257,37,0,31,0.0,81
555,212,64,0,32,0.0,81
555,269,66,0,33,0.0,81
555,247,37,0,34,0.0,81
556,207,32,4,1,9.0,1
556,182,6,5,2,6.0,1
556,178,58,16,3,4.0,1
556,200,1,9,4,3.0,1
556,223,57,7,5,2.0,1
556,238,25,12,6,1.0,1
556,258,37,24,7,0.0,12
556,172,27,8,8,0.0,12
556,211,64,23,9,0.0,14
556,251,37,17,10,0.0,7
556,199,6,2,11,0.0,20
556,119,58,6,12,0.0,20
556,152,1,15,13,0.0,5
556,233,34,11,14,0.0,5
556,231,1,1,15,0.0,20
556,221,25,13,16,0.0,5
556,222,59,3,17,0.0,5
556,219,4,20,18,0.0,5
556,197,67,18,19,0.0,5
556,175,57,21,20,0.0,5
556,230,63,10,21,0.0,3
556,255,32,22,22,0.0,22
556,239,1,19,23,0.0,5
556,187,34,14,24,0.0,3
556,237,37,0,25,0.0,81
556,224,56,0,26,0.0,81
556,241,63,0,27,0.0,81
556,205,70,0,28,0.0,81
556,208,1,0,29,0.0,81
556,270,64,0,30,0.0,81
556,269,66,0,31,0.0,81
556,246,67,0,32,0.0,81
556,271,71,0,33,0.0,81
556,220,34,0,34,0.0,81
557,231,1,1,1,9.0,1
557,207,32,4,2,6.0,1
557,222,59,9,3,4.0,1
557,182,6,7,4,3.0,1
557,223,57,19,5,2.0,1
557,199,6,6,6,1.0,11
557,172,27,10,7,0.0,11
557,211,64,20,8,0.0,11
557,197,58,16,9,0.0,11
557,239,1,17,10,0.0,12
557,246,63,25,11,0.0,12
557,187,34,3,12,0.0,12
557,224,56,18,13,0.0,12
557,221,25,8,14,0.0,13
557,237,37,23,15,0.0,13
557,238,25,5,16,0.0,13
557,270,64,22,17,0.0,14
557,258,37,24,18,0.0,14
557,230,63,11,19,0.0,15
557,219,4,14,20,0.0,91
557,255,32,12,21,0.0,3
557,233,34,2,22,0.0,3
557,251,37,21,23,0.0,3
557,200,1,15,24,0.0,48
557,240,67,26,25,0.0,3
557,178,58,13,26,0.0,3
557,175,57,0,27,0.0,81
558,222,59,9,1,9.0,1
558,221,25,6,2,6.0,1
558,200,1,5,3,4.0,1
558,178,58,7,4,3.0,1
558,175,57,16,5,2.0,1
558,230,63,15,6,1.0,3
558,240,67,22,7,0.0,12
558,237,37,23,8,0.0,12
558,207,32,1,9,0.0,5
558,119,58,8,10,0.0,20
558,239,1,20,11,0.0,5
558,203,6,17,12,0.0,7
558,231,1,2,13,0.0,3
558,258,37,21,14,0.0,5
558,238,25,3,15,0.0,95
558,211,64,25,16,0.0,3
558,246,63,24,17,0.0,3
558,251,37,18,18,0.0,5
558,224,56,19,19,0.0,5
558,199,6,12,20,0.0,69
558,233,34,13,21,0.0,5
558,255,32,4,22,0.0,3
558,172,27,11,23,0.0,7
558,187,34,10,24,0.0,22
558,223,57,14,25,0.0,3
558,270,64,0,26,0.0,54
558,219,4,0,27,0.0,81
559,231,1,2,1,9.0,1
559,199,6,7,2,6.0,1
559,221,25,15,3,4.0,1
559,178,58,12,4,3.0,1
559,172,27,5,5,2.0,60
559,119,58,13,6,1.0,11
559,233,34,4,7,0.0,11
559,230,63,9,8,0.0,12
559,272,25,22,9,0.0,12
559,222,59,6,10,0.0,12
559,273,72,11,11,0.0,12
559,237,37,23,12,0.0,14
559,255,32,14,13,0.0,6
559,223,57,10,14,0.0,5
559,187,34,3,15,0.0,6
559,200,1,8,16,0.0,5
559,175,57,16,17,0.0,5
559,238,25,18,18,0.0,3
559,203,6,20,19,0.0,3
559,197,27,17,20,0.0,5
559,207,32,1,21,0.0,4
559,274,72,19,22,0.0,4
559,246,63,21,23,0.0,4
560,182,6,2,1,9.0,1
560,221,25,9,2,6.0,1
560,252,58,12,3,4.0,1
560,233,37,14,4,3.0,1
560,222,25,13,5,2.0,1
560,200,1,6,6,1.0,1
560,223,6,4,7,0.0,1
560,235,59,19,8,0.0,11
560,254,3,17,9,0.0,11
560,250,204,10,10,0.0,11
560,253,56,20,11,0.0,11
560,199,204,15,12,0.0,60
560,224,56,5,13,0.0,13
560,275,37,22,14,0.0,14
560,197,58,3,15,0.0,3
560,231,1,1,16,0.0,3
560,230,37,7,17,0.0,44
560,172,27,11,18,0.0,7
560,238,32,18,19,0.0,3
560,207,32,16,20,0.0,3
560,187,67,8,21,0.0,69
560,270,66,21,22,0.0,94
561,182,6,2,1,9.0,1
561,231,1,1,2,6.0,1
561,200,1,4,3,4.0,1
561,222,25,12,4,3.0,1
561,187,67,3,5,2.0,11
561,207,73,13,6,1.0,11
561,252,58,7,7,0.0,11
561,230,37,5,8,0.0,11
561,221,25,6,9,0.0,11
561,276,32,23,10,0.0,11
561,239,63,20,11,0.0,11
561,233,37,17,12,0.0,12
561,277,59,22,13,0.0,12
561,278,57,18,14,0.0,12
561,229,64,24,15,0.0,14
561,235,59,19,16,0.0,15
561,224,56,21,17,0.0,5
561,223,6,9,18,0.0,5
561,172,27,8,19,0.0,5
561,197,58,15,20,0.0,21
561,250,204,14,21,0.0,51
561,255,32,25,22,0.0,8
561,199,204,11,23,0.0,51
561,238,37,13,24,0.0,3
561,251,25,16,25,0.0,3
562,223,6,1,1,9.0,1
562,182,6,4,2,6.0,1
562,221,25,2,3,4.0,1
562,172,27,12,4,3.0,1
562,200,1,14,5,2.0,1
562,224,56,16,6,1.0,11
562,197,58,7,7,0.0,11
562,278,57,17,8,0.0,12
562,250,204,13,9,0.0,13
562,238,37,6,10,0.0,13
562,178,63,19,11,0.0,62
562,187,67,9,12,0.0,62
562,222,25,11,13,0.0,22
562,252,58,5,14,0.0,86
562,207,73,15,15,0.0,47
562,231,1,3,16,0.0,3
562,233,37,18,17,0.0,3
562,230,37,20,18,0.0,3
562,199,204,10,19,0.0,3
562,255,32,8,20,0.0,22
562,277,59,0,21,0.0,81
562,253,56,0,22,0.0,81
562,232,37,0,23,0.0,81
562,276,32,0,24,0.0,81
562,235,59,0,25,0.0,81
562,229,64,0,26,0.0,81
562,239,63,0,27,0.0,81
563,231,1,1,1,9.0,1
563,182,6,2,2,6.0,1
563,255,32,7,3,4.0,1
563,199,204,12,4,3.0,11
563,278,57,10,5,2.0,11
563,250,204,11,6,1.0,11
563,235,59,21,7,0.0,11
563,252,58,22,8,0.0,11
563,178,63,20,9,0.0,11
563,277,59,23,10,0.0,12
563,223,6,5,11,0.0,13
563,172,27,8,12,0.0,13
563,256,70,24,13,0.0,13
563,200,1,4,14,0.0,5
563,197,58,15,15,0.0,10
563,222,25,14,16,0.0,5
563,187,67,13,17,0.0,5
563,232,37,18,18,0.0,6
563,207,32,9,19,0.0,6
563,221,25,3,20,0.0,3
563,230,37,6,21,0.0,22
563,233,37,17,22,0.0,6
563,238,37,16,23,0.0,7
563,224,56,19,24,0.0,7
563,239,63,0,25,0.0,81
563,271,182,0,26,0.0,81
563,279,3,0,27,0.0,81
563,208,182,0,28,0.0,81
563,229,64,0,29,0.0,81
563,253,56,0,30,0.0,81
564,182,6,1,1,9.0,1
564,223,6,2,2,6.0,1
564,172,27,4,3,4.0,1
564,222,25,7,4,3.0,1
564,178,63,16,5,2.0,11
564,200,1,18,6,1.0,11
564,187,67,17,7,0.0,11
564,256,70,20,8,0.0,11
564,197,58,14,9,0.0,11
564,252,58,13,10,0.0,12
564,277,59,25,11,0.0,12
564,271,182,23,12,0.0,17
564,239,63,26,13,0.0,10
564,250,204,9,14,0.0,10
564,278,57,8,15,0.0,3
564,231,1,3,16,0.0,6
564,233,37,15,17,0.0,22
564,229,64,24,18,0.0,5
564,221,25,4,19,0.0,5
564,207,32,11,20,0.0,86
564,258,182,19,21,0.0,86
564,232,37,21,22,0.0,5
564,199,204,12,23,0.0,5
564,238,37,10,24,0.0,3
564,255,32,22,25,0.0,3
564,230,37,5,26,0.0,86
564,224,56,0,27,0.0,81
564,235,59,0,28,0.0,81
564,265,64,0,29,0.0,81
565,182,6,1,1,9.0,1
565,222,25,5,2,6.0,1
565,221,25,4,3,4.0,1
565,233,37,6,4,3.0,11
565,200,1,11,5,2.0,11
565,224,56,7,6,1.0,11
565,252,58,15,7,0.0,11
565,197,58,10,8,0.0,12
565,250,204,13,9,0.0,12
565,187,67,17,10,0.0,12
565,277,59,18,11,0.0,12
565,172,27,8,12,0.0,3
565,278,57,12,13,0.0,14
565,223,6,2,14,0.0,3
565,255,32,16,15,0.0,5
565,238,37,3,16,0.0,3
565,231,1,14,17,0.0,5
565,230,37,9,18,0.0,22
565,178,63,19,19,0.0,4
565,199,204,20,20,0.0,3
565,235,59,0,21,0.0,81
565,280,63,0,22,0.0,81
565,256,70,0,23,0.0,81
565,229,64,0,24,0.0,81
565,232,37,0,25,0.0,81
566,222,25,1,1,9.0,1
566,221,25,4,2,6.0,1
566,182,6,5,3,4.0,1
566,172,27,7,4,3.0,1
566,231,1,8,5,2.0,1
566,223,6,11,6,1.0,1
566,238,37,9,7,0.0,1
566,250,204,10,8,0.0,1
566,252,58,12,9,0.0,11
566,230,37,15,10,0.0,11
566,200,1,13,11,0.0,11
566,197,58,14,12,0.0,11
566,178,63,18,13,0.0,11
566,232,37,19,14,0.0,5
566,239,63,24,15,0.0,12
566,229,64,23,16,0.0,20
566,233,37,20,17,0.0,5
566,207,32,2,18,0.0,5
566,278,57,3,19,0.0,3
566,277,59,25,20,0.0,5
566,256,70,22,21,0.0,5
566,224,56,21,22,0.0,64
566,271,182,26,23,0.0,3
566,255,32,6,24,0.0,3
566,199,204,16,25,0.0,5
566,187,67,17,26,0.0,3
566,281,182,0,27,0.0,81
567,231,1,1,1,9.0,1
567,221,25,3,2,6.0,1
567,187,67,8,3,4.0,1
567,250,204,5,4,3.0,1
567,207,32,7,5,2.0,1
567,222,25,9,6,1.0,1
567,233,37,17,7,0.0,1
567,252,58,16,8,0.0,1
567,232,37,20,9,0.0,1
567,235,59,19,10,0.0,11
567,199,204,10,11,0.0,11
567,197,58,15,12,0.0,11
567,277,59,22,13,0.0,11
567,172,27,13,14,0.0,11
567,200,1,14,15,0.0,11
567,239,63,23,16,0.0,11
567,265,64,25,17,0.0,11
567,258,57,26,18,0.0,11
567,238,37,6,19,0.0,69
567,178,63,18,20,0.0,22
567,230,37,11,21,0.0,51
567,224,56,21,22,0.0,51
567,280,63,24,23,0.0,22
567,223,6,4,24,0.0,5
567,182,6,2,25,0.0,5
567,255,32,12,26,0.0,6
567,229,64,29,27,0.0,24
567,282,182,0,28,0.0,81
567,253,56,0,29,0.0,81
567,271,182,0,30,0.0,81
568,182,6,1,1,9.0,1
568,222,25,8,2,6.0,1
568,187,67,11,3,4.0,11
568,252,58,20,4,3.0,11
568,178,63,19,5,2.0,11
568,224,56,21,6,1.0,12
568,229,64,23,7,0.0,13
568,250,204,16,8,0.0,13
568,197,58,24,9,0.0,16
568,231,1,2,10,0.0,2
568,255,32,14,11,0.0,5
568,238,37,7,12,0.0,69
568,239,63,18,13,0.0,6
568,221,25,5,14,0.0,5
568,199,204,15,15,0.0,51
568,232,37,9,16,0.0,5
568,223,6,4,17,0.0,51
568,172,27,13,18,0.0,22
568,276,182,22,19,0.0,6
568,230,37,10,20,0.0,3
568,280,63,26,21,0.0,69
568,278,57,6,22,0.0,47
568,207,32,3,23,0.0,80
568,200,1,12,24,0.0,8
568,233,37,17,25,0.0,3
568,265,64,25,26,0.0,3
568,235,59,0,27,0.0,81
568,242,63,0,28,0.0,81
568,283,58,0,29,0.0,81
568,275,182,0,30,0.0,81
569,231,1,1,1,9.0,1
569,222,25,8,2,6.0,1
569,200,1,9,3,4.0,1
569,250,204,7,4,3.0,1
569,255,32,16,5,2.0,1
569,243,204,15,6,1.0,1
569,187,67,19,7,0.0,1
569,252,58,18,8,0.0,1
569,223,6,5,9,0.0,1
569,178,63,14,10,0.0,1
569,197,58,23,11,0.0,1
569,207,32,12,12,0.0,1
569,224,56,20,13,0.0,1
569,284,25,26,14,0.0,11
569,265,64,25,15,0.0,11
569,232,59,21,16,0.0,23
569,230,37,13,17,0.0,3
569,221,25,3,18,0.0,3
569,199,204,10,19,0.0,69
569,238,37,11,20,0.0,3
569,233,37,4,21,0.0,8
569,172,27,6,22,0.0,6
569,278,57,17,23,0.0,31
569,182,6,2,24,0.0,3
569,239,63,24,25,0.0,3
569,229,64,22,26,0.0,3
569,275,182,0,27,0.0,81
569,280,63,0,28,0.0,81
570,187,67,2,1,9.0,1
570,172,27,5,2,6.0,1
570,255,32,4,3,4.0,1
570,231,1,1,4,3.0,1
570,207,32,9,5,2.0,1
570,238,37,3,6,1.0,1
570,200,1,12,7,0.0,1
570,229,64,20,8,0.0,11
570,280,63,22,9,0.0,12
570,239,63,16,10,0.0,3
570,284,25,23,11,0.0,13
570,275,182,24,12,0.0,14
570,246,57,19,13,0.0,37
570,271,182,25,14,0.0,62
570,230,37,7,15,0.0,3
570,224,56,17,16,0.0,3
570,250,204,18,17,0.0,3
570,197,58,8,18,0.0,48
570,178,63,15,19,0.0,3
570,233,37,11,20,0.0,69
570,221,25,13,21,0.0,22
570,232,59,21,22,0.0,3
570,252,58,6,23,0.0,23
570,222,25,10,24,0.0,22
570,199,204,14,25,0.0,8
571,231,1,2,1,9.0,1
571,223,6,5,2,6.0,1
571,207,32,6,3,4.0,1
571,252,58,3,4,3.0,1
571,222,25,8,5,2.0,1
571,230,37,7,6,1.0,1
571,221,25,14,7,0.0,1
571,178,63,16,8,0.0,11
571,200,1,15,9,0.0,11
571,197,58,20,10,0.0,11
571,280,63,22,11,0.0,11
571,243,64,25,12,0.0,13
571,235,57,11,13,0.0,10
571,257,67,21,14,0.0,86
571,250,204,9,15,0.0,44
571,172,27,10,16,0.0,44
571,238,37,1,17,0.0,51
571,229,64,24,18,0.0,20
571,187,67,4,19,0.0,6
571,256,70,19,20,0.0,3
571,224,56,17,21,0.0,10
571,199,204,12,22,0.0,8
571,255,32,13,23,0.0,3
571,233,37,26,24,0.0,5
571,260,63,18,25,0.0,5
571,232,59,23,26,0.0,3
571,284,25,0,27,0.0,81
572,238,37,8,1,9.0,1
572,223,6,9,2,6.0,1
572,172,27,1,3,4.0,1
572,182,6,5,4,3.0,1
572,222,25,2,5,2.0,1
572,221,25,4,6,1.0,1
572,230,37,16,7,0.0,1
572,252,58,15,8,0.0,1
572,199,6,7,9,0.0,1
572,235,57,10,10,0.0,1
572,187,67,26,11,0.0,1
572,178,63,18,12,0.0,11
572,255,32,12,13,0.0,11
572,239,63,24,14,0.0,12
572,224,56,20,15,0.0,12
572,229,64,19,16,0.0,86
572,280,63,22,17,0.0,13
572,284,25,21,18,0.0,13
572,197,58,17,19,0.0,15
572,243,204,11,20,0.0,69
572,233,37,6,21,0.0,3
572,207,32,14,22,0.0,3
572,231,1,24,23,0.0,20
572,256,70,13,24,0.0,5
572,250,204,3,25,0.0,5
572,200,1,25,26,0.0,80
572,265,64,0,27,0.0,54
572,232,59,0,28,0.0,54
572,285,25,0,29,0.0,54
573,231,1,1,1,9.0,1
573,221,25,4,2,6.0,1
573,207,32,5,3,4.0,1
573,222,25,7,4,3.0,1
573,200,1,11,5,2.0,1
573,223,6,12,6,1.0,1
573,250,204,10,7,0.0,1
573,182,6,6,8,0.0,1
573,238,37,2,9,0.0,11
573,187,67,14,10,0.0,11
573,252,58,13,11,0.0,11
573,255,32,15,12,0.0,11
573,235,57,16,13,0.0,11
573,230,37,3,14,0.0,11
573,239,63,22,15,0.0,12
573,178,63,20,16,0.0,12
573,256,204,19,17,0.0,12
573,197,58,18,18,0.0,13
573,280,63,21,19,0.0,13
573,265,64,23,20,0.0,15
573,172,27,9,21,0.0,51
573,224,56,17,22,0.0,43
573,233,37,8,23,0.0,64
573,232,59,24,24,0.0,3
573,229,64,0,25,0.0,3
573,278,59,0,26,0.0,3
573,285,25,0,27,0.0,81
574,231,1,1,1,9.0,1
574,222,25,2,2,6.0,1
574,182,6,5,3,4.0,1
574,200,1,17,4,3.0,1
574,233,37,6,5,2.0,1
574,187,67,8,6,1.0,1
574,223,6,14,7,0.0,11
574,178,63,18,8,0.0,11
574,224,56,15,9,0.0,12
574,197,58,16,10,0.0,12
574,239,63,24,11,0.0,12
574,237,64,22,12,0.0,12
574,229,64,21,13,0.0,15
574,286,59,23,14,0.0,15
574,280,63,26,15,0.0,62
574,252,58,9,16,0.0,5
574,230,37,12,17,0.0,27
574,172,27,4,18,0.0,27
574,250,204,10,19,0.0,4
574,256,204,13,20,0.0,22
574,207,32,11,21,0.0,22
574,235,57,19,22,0.0,3
574,255,32,20,23,0.0,5
574,238,37,3,24,0.0,22
574,232,59,25,25,0.0,3
574,221,25,7,26,0.0,106
574,285,25,0,27,0.0,81
575,207,32,1,1,9.0,1
575,221,25,13,2,6.0,11
575,231,1,2,3,4.0,11
575,178,63,20,4,3.0,11
575,223,6,7,5,2.0,11
575,255,32,16,6,1.0,11
575,172,27,11,7,0.0,11
575,229,64,22,8,0.0,11
575,274,63,24,9,0.0,13
575,197,58,15,10,0.0,14
575,287,72,10,11,0.0,17
575,222,25,5,12,0.0,25
575,246,59,25,13,0.0,36
575,252,58,14,14,0.0,68
575,230,37,8,15,0.0,10
575,233,37,18,16,0.0,10
575,200,1,12,17,0.0,3
575,187,67,4,18,0.0,5
575,273,25,21,19,0.0,27
575,232,59,19,20,0.0,6
575,224,56,23,21,0.0,54
575,250,204,6,22,0.0,54
575,182,6,3,23,0.0,54
575,256,204,17,24,0.0,54
575,238,37,9,25,0.0,5
575,245,74,0,26,0.0,81
576,224,1,5,1,9.0,1
576,231,64,6,2,6.0,1
576,199,34,3,3,4.0,1
576,223,6,7,4,3.0,1
576,221,25,8,5,2.0,1
576,182,6,4,6,1.0,1
576,288,67,16,7,0.0,11
576,235,32,18,8,0.0,11
576,230,37,12,9,0.0,11
576,289,26,21,10,0.0,11
576,222,25,9,11,0.0,11
576,252,202,14,12,0.0,7
576,243,26,19,13,0.0,12
576,200,1,13,14,0.0,13
576,250,34,2,15,0.0,5
576,232,3,20,16,0.0,62
576,207,73,10,17,0.0,7
576,283,66,22,18,0.0,5
576,238,32,11,19,0.0,5
576,172,3,17,20,0.0,6
576,290,56,23,21,0.0,3
576,187,63,15,22,0.0,2
576,197,202,1,23,0.0,7
577,250,34,6,1,9.0,1
577,224,1,2,2,6.0,1
577,200,1,10,3,4.0,1
577,223,6,5,4,3.0,1
577,182,6,4,5,2.0,1
577,231,64,7,6,1.0,1
577,207,73,18,7,0.0,1
577,199,34,3,8,0.0,1
577,235,32,12,9,0.0,1
577,187,63,13,10,0.0,1
577,172,3,11,11,0.0,11
577,289,26,20,12,0.0,11
577,290,56,21,13,0.0,11
577,243,26,23,14,0.0,11
577,238,32,16,15,0.0,12
577,197,202,1,16,0.0,69
577,221,25,9,17,0.0,22
577,252,202,14,18,0.0,3
577,232,3,11,19,0.0,69
577,288,67,15,20,0.0,64
577,283,66,22,21,0.0,10
577,222,25,8,22,0.0,44
577,230,37,17,23,0.0,5
578,222,25,3,1,9.0,1
578,199,34,2,2,6.0,1
578,221,25,5,3,4.0,1
578,250,34,1,4,3.0,1
578,182,6,4,5,2.0,1
578,200,1,16,6,1.0,1
578,243,75,14,7,0.0,1
578,288,67,18,8,0.0,11
578,252,202,19,9,0.0,11
578,238,32,8,10,0.0,11
578,291,32,25,11,0.0,12
578,235,32,21,12,0.0,12
578,292,32,22,13,0.0,12
578,293,1,20,14,0.0,12
578,276,66,24,15,0.0,12
578,223,6,9,16,0.0,37
578,207,73,6,17,0.0,7
578,172,3,23,18,0.0,62
578,224,1,11,19,0.0,62
578,251,25,17,20,0.0,3
578,231,64,12,21,0.0,69
578,197,202,13,22,0.0,25
578,275,37,26,23,0.0,69
578,232,3,15,24,0.0,5
578,187,63,10,25,0.0,8
578,230,37,7,26,0.0,21
578,290,56,0,27,0.0,81
578,289,26,0,28,0.0,81
579,200,1,11,1,4.5,1
579,235,32,16,2,3.0,1
579,199,34,15,3,2.0,11
579,197,202,10,4,1.5,11
579,230,37,5,5,1.0,11
579,275,37,24,6,0.5,12
579,294,3,18,7,0.0,12
579,187,63,6,8,0.0,13
579,223,6,2,9,0.0,62
579,243,26,9,10,0.0,3
579,250,34,14,11,0.0,3
579,252,202,8,12,0.0,3
579,238,32,12,13,0.0,22
579,295,57,19,14,0.0,7
579,296,26,22,15,0.0,62
579,207,73,4,16,0.0,22
579,276,66,23,17,0.0,69
579,231,64,3,18,0.0,3
579,222,25,13,19,0.0,5
579,288,67,17,20,0.0,3
579,178,64,20,21,0.0,3
579,221,25,7,22,0.0,3
579,290,56,21,23,0.0,54
579,232,3,25,24,0.0,54
579,182,6,1,25,0.0,3
579,224,1,26,26,0.0,54
580,182,6,1,1,9.0,1
580,224,1,9,2,6.0,1
580,250,34,8,3,4.0,1
580,238,32,4,4,3.0,1
580,221,25,12,5,2.0,1
580,200,1,15,6,1.0,1
580,222,25,7,7,0.0,11
580,235,32,14,8,0.0,11
580,199,34,10,9,0.0,12
580,288,67,16,10,0.0,3
580,231,64,11,11,0.0,3
580,178,64,18,12,0.0,36
580,230,37,5,13,0.0,3
580,252,202,2,14,0.0,3
580,223,6,17,15,0.0,3
580,187,63,6,16,0.0,20
580,207,73,13,17,0.0,44
580,197,202,3,18,0.0,3
580,172,3,0,19,0.0,81
580,232,3,0,20,0.0,81
580,289,75,0,21,0.0,81
580,276,66,0,22,0.0,81
580,295,57,0,23,0.0,81
580,297,64,0,24,0.0,81
580,275,37,0,25,0.0,81
580,290,56,0,26,0.0,81
581,182,6,1,1,9.0,1
581,222,25,9,2,6.0,1
581,199,34,6,3,4.0,1
581,221,25,12,4,3.0,1
581,223,6,4,5,2.0,1
581,252,202,5,6,1.0,1
581,224,1,8,7,0.0,11
581,250,34,2,8,0.0,11
581,276,66,20,9,0.0,12
581,187,63,18,10,0.0,12
581,288,67,21,11,0.0,13
581,290,56,24,12,0.0,13
581,296,75,22,13,0.0,22
581,230,37,3,14,0.0,23
581,235,32,16,15,0.0,23
581,238,32,14,16,0.0,23
581,172,3,23,17,0.0,6
581,275,37,17,18,0.0,5
581,294,75,7,19,0.0,5
581,231,64,11,20,0.0,7
581,197,202,10,21,0.0,20
581,232,3,19,22,0.0,8
581,178,64,13,23,0.0,3
581,200,1,15,24,0.0,3
582,182,6,5,1,9.0,1
582,199,34,4,2,6.0,1
582,223,6,12,3,4.0,1
582,207,73,15,4,3.0,1
582,288,67,16,5,2.0,1
582,294,75,17,6,1.0,11
582,222,25,8,7,0.0,11
582,224,1,11,8,0.0,11
582,238,32,9,9,0.0,11
582,297,64,21,10,0.0,60
582,178,64,19,11,0.0,12
582,221,25,2,12,0.0,12
582,276,66,23,13,0.0,12
582,282,3,22,14,0.0,12
582,235,32,18,15,0.0,13
582,187,63,10,16,0.0,13
582,290,56,25,17,0.0,16
582,252,202,7,18,0.0,20
582,251,3,20,19,0.0,27
582,267,75,26,20,0.0,7
582,250,34,6,21,0.0,20
582,197,202,3,22,0.0,5
582,230,37,1,23,0.0,7
582,200,1,14,24,0.0,25
582,231,64,13,25,0.0,23
582,275,37,24,26,0.0,69
583,231,64,3,1,9.0,1
583,182,6,1,2,6.0,1
583,223,6,2,3,4.0,1
583,199,34,5,4,3.0,11
583,250,34,9,5,2.0,11
583,252,202,12,6,1.0,11
583,294,75,7,7,0.0,11
583,288,67,18,8,0.0,11
583,221,25,13,9,0.0,12
583,298,57,22,10,0.0,14
583,290,56,24,11,0.0,14
583,251,3,19,12,0.0,15
583,178,75,17,13,0.0,15
583,275,37,23,14,0.0,15
583,238,32,16,15,0.0,60
583,222,25,4,16,0.0,5
583,172,3,15,17,0.0,5
583,200,1,8,18,0.0,3
583,197,202,10,19,0.0,27
583,187,63,14,20,0.0,76
583,224,1,6,21,0.0,5
583,276,66,20,22,0.0,24
583,235,32,21,23,0.0,5
583,230,37,11,24,0.0,22
583,299,74,0,25,0.0,54
584,182,6,1,1,9.0,1
584,231,64,3,2,6.0,1
584,200,1,7,3,4.0,1
584,224,1,10,4,3.0,1
584,207,73,15,5,2.0,1
584,221,25,13,6,1.0,1
584,294,75,12,7,0.0,1
584,197,202,4,8,0.0,1
584,222,25,2,9,0.0,1
584,238,32,17,10,0.0,1
584,172,3,16,11,0.0,1
584,219,25,21,12,0.0,1
584,187,63,14,13,0.0,11
584,199,34,11,14,0.0,11
584,298,57,22,15,0.0,11
584,178,75,20,16,0.0,11
584,276,66,25,17,0.0,12
584,275,37,26,18,0.0,14
584,250,34,5,19,0.0,7
584,235,32,19,20,0.0,23
584,290,56,23,21,0.0,5
584,230,37,8,22,0.0,83
584,223,6,9,23,0.0,5
584,288,67,18,24,0.0,7
584,252,202,6,25,0.0,7
584,296,3,24,26,0.0,54
585,224,1,7,1,9.0,1
585,250,34,2,2,6.0,3
585,222,25,6,3,4.0,3
585,231,64,9,4,3.0,3
585,288,37,15,5,2.0,3
585,230,37,5,6,1.0,11
585,200,1,10,7,0.0,3
585,182,6,3,8,0.0,12
585,221,25,17,9,0.0,3
585,178,75,28,10,0.0,12
585,187,63,18,11,0.0,3
585,207,73,12,12,0.0,12
585,223,6,4,13,0.0,12
585,197,202,11,14,0.0,3
585,294,75,13,15,0.0,3
585,205,32,21,16,0.0,3
585,300,76,26,17,0.0,3
585,301,63,23,18,0.0,3
585,290,56,24,19,0.0,3
585,233,37,14,20,0.0,3
585,302,32,25,21,0.0,3
585,252,202,1,22,0.0,3
585,275,37,22,23,0.0,5
585,238,32,16,24,0.0,5
585,172,3,19,25,0.0,6
585,199,34,8,26,0.0,5
585,295,57,0,27,0.0,81
585,299,74,0,28,0.0,81
586,199,34,10,1,9.0,1
586,172,3,15,2,6.0,1
586,182,6,1,3,4.0,1
586,252,202,16,4,3.0,1
586,178,75,21,5,2.0,1
586,298,57,24,6,1.0,1
586,275,37,25,7,0.0,1
586,229,64,23,8,0.0,1
586,221,25,4,9,0.0,11
586,207,73,13,10,0.0,60
586,231,64,9,11,0.0,36
586,223,6,5,12,0.0,5
586,294,75,17,13,0.0,3
586,222,25,3,14,0.0,3
586,197,202,12,15,0.0,27
586,250,34,2,16,0.0,22
586,290,56,22,17,0.0,5
586,233,37,7,18,0.0,5
586,224,1,8,19,0.0,22
586,230,37,11,20,0.0,22
586,187,32,14,21,0.0,22
586,238,32,18,22,0.0,8
586,288,37,19,23,0.0,27
586,200,1,6,24,0.0,3
586,270,3,20,25,0.0,3
586,245,74,0,26,0.0,81
587,230,37,8,1,4.5,1
587,231,64,2,2,3.0,1
587,252,202,15,3,2.0,1
587,200,1,9,4,1.5,1
587,238,32,13,5,1.0,1
587,182,6,1,6,0.5,1
587,223,6,5,7,0.0,1
587,222,25,10,8,0.0,11
587,224,1,3,9,0.0,11
587,187,63,18,10,0.0,11
587,221,25,7,11,0.0,11
587,278,57,23,12,0.0,11
587,239,64,17,13,0.0,11
587,199,34,11,14,0.0,11
587,294,75,16,15,0.0,11
587,243,75,25,16,0.0,12
587,275,37,21,17,0.0,13
587,295,57,27,18,0.0,62
587,229,64,26,19,0.0,10
587,172,3,12,20,0.0,64
587,250,34,6,21,0.0,5
587,303,3,28,22,0.0,5
587,233,37,4,23,0.0,3
587,197,203,14,24,0.0,98
587,276,66,24,25,0.0,5
587,207,73,19,26,0.0,3
587,288,37,20,27,0.0,3
587,205,32,22,28,0.0,3
587,245,74,0,29,0.0,81
587,290,56,0,30,0.0,81
588,223,6,2,1,9.0,1
588,224,1,3,2,6.0,1
588,182,6,1,3,4.0,1
588,199,34,7,4,3.0,1
588,231,64,8,5,2.0,1
588,252,202,14,6,1.0,1
588,221,25,12,7,0.0,11
588,222,25,4,8,0.0,11
588,229,64,17,9,0.0,11
588,239,64,21,10,0.0,12
588,232,56,26,11,0.0,14
588,278,57,19,12,0.0,14
588,302,32,25,13,0.0,16
588,254,3,22,14,0.0,16
588,197,203,13,15,0.0,48
588,275,37,24,16,0.0,3
588,233,37,16,17,0.0,3
588,172,3,18,18,0.0,6
588,250,34,10,19,0.0,37
588,243,75,23,20,0.0,3
588,200,1,5,21,0.0,3
588,238,32,11,22,0.0,5
588,294,75,6,23,0.0,3
588,207,73,15,24,0.0,3
588,230,37,9,25,0.0,8
588,276,66,20,26,0.0,10
588,295,57,0,27,0.0,81
588,245,74,0,28,0.0,81
589,182,6,1,1,9.0,1
589,224,1,2,2,6.0,1
589,200,1,9,3,4.0,1
589,231,64,15,4,3.0,1
589,238,32,14,5,2.0,1
589,222,25,10,6,1.0,1
589,230,37,6,7,0.0,1
589,233,37,13,8,0.0,11
589,187,67,12,9,0.0,12
589,290,56,23,10,0.0,14
589,252,202,7,11,0.0,62
589,205,32,19,12,0.0,62
589,239,64,18,13,0.0,3
589,295,57,22,14,0.0,6
589,223,6,11,15,0.0,54
589,197,202,4,16,0.0,67
589,199,34,3,17,0.0,5
589,207,73,5,18,0.0,22
589,294,75,17,19,0.0,3
589,277,25,20,20,0.0,5
589,221,25,8,21,0.0,3
589,250,34,16,22,0.0,3
589,172,3,21,23,0.0,68
589,275,3,24,24,0.0,80
590,304,1,10,1,9.0,1
590,182,6,8,2,6.0,1
590,223,6,2,3,4.0,1
590,305,1,9,4,3.0,1
590,306,66,14,5,2.0,1
590,221,25,15,6,1.0,1
590,199,34,6,7,0.0,60
590,307,37,19,8,0.0,60
590,280,66,21,9,0.0,11
590,224,1,3,10,0.0,11
590,265,26,25,11,0.0,12
590,187,34,20,12,0.0,14
590,238,32,1,13,0.0,15
590,289,26,17,14,0.0,5
590,235,32,7,15,0.0,8
590,308,34,22,16,0.0,6
590,233,37,23,17,0.0,8
590,296,66,24,18,0.0,47
590,222,25,12,19,0.0,5
590,250,63,11,20,0.0,22
590,232,80,13,21,0.0,25
590,231,37,5,22,0.0,25
590,200,63,18,23,0.0,5
590,309,58,4,24,0.0,3
590,197,58,16,25,0.0,3
591,224,1,1,1,9.0,1
591,223,6,8,2,6.0,1
591,235,32,5,3,4.0,11
591,250,63,12,4,3.0,11
591,305,1,7,5,2.0,11
591,238,32,4,6,1.0,11
591,199,34,2,7,0.0,11
591,221,25,16,8,0.0,11
591,231,37,18,9,0.0,11
591,306,66,17,10,0.0,11
591,289,26,21,11,0.0,11
591,304,1,11,12,0.0,11
591,222,25,14,13,0.0,11
591,280,66,22,14,0.0,12
591,308,34,24,15,0.0,12
591,296,66,23,16,0.0,12
591,200,63,10,17,0.0,12
591,187,34,15,18,0.0,8
591,233,37,13,19,0.0,7
591,197,58,19,20,0.0,23
591,232,80,9,21,0.0,37
591,309,58,6,22,0.0,25
591,307,37,20,23,0.0,80
591,182,6,25,24,0.0,5
591,265,26,3,25,0.0,83
592,199,34,4,1,9.0,1
592,306,66,11,2,6.0,1
592,305,1,12,3,4.0,1
592,221,25,15,4,3.0,1
592,233,37,7,5,2.0,1
592,232,80,3,6,1.0,1
592,224,1,5,7,0.0,1
592,222,25,8,8,0.0,1
592,304,1,9,9,0.0,11
592,230,37,19,10,0.0,11
592,250,63,2,11,0.0,11
592,289,26,18,12,0.0,11
592,251,32,22,13,0.0,12
592,292,25,24,14,0.0,12
592,296,66,25,15,0.0,13
592,182,6,1,16,0.0,80
592,308,34,23,17,0.0,14
592,280,66,21,18,0.0,16
592,293,1,20,19,0.0,17
592,223,6,6,20,0.0,51
592,187,34,13,21,0.0,69
592,235,32,10,22,0.0,23
592,231,64,14,23,0.0,7
592,200,63,17,24,0.0,22
592,310,32,26,25,0.0,8
592,238,32,16,26,0.0,4
592,311,80,27,27,0.0,8
593,182,6,1,1,9.0,1
593,223,6,3,2,6.0,1
593,224,1,4,3,4.0,11
593,233,37,13,4,3.0,12
593,222,25,9,5,2.0,12
593,304,1,8,6,1.0,12
593,312,58,21,7,0.0,13
593,221,25,16,8,0.0,13
593,305,1,17,9,0.0,13
593,231,64,10,10,0.0,13
593,187,34,15,11,0.0,14
593,280,66,20,12,0.0,14
593,250,63,14,13,0.0,16
593,314,77,25,14,0.0,20
593,197,58,12,15,0.0,62
593,289,26,19,16,0.0,5
593,232,80,7,17,0.0,3
593,200,63,18,18,0.0,6
593,296,66,22,19,0.0,5
593,235,32,5,20,0.0,23
593,238,32,2,21,0.0,5
593,278,78,23,22,0.0,23
593,313,34,24,23,0.0,44
593,199,34,6,24,0.0,20
593,306,66,11,25,0.0,5
593,265,26,0,26,0.0,81
593,311,80,0,27,0.0,81
594,224,1,4,1,9.0,1
594,182,6,3,2,6.0,1
594,222,25,2,3,4.0,1
594,223,6,1,4,3.0,1
594,306,66,7,5,2.0,1
594,304,1,12,6,1.0,1
594,305,1,13,7,0.0,11
594,289,26,29,8,0.0,12
594,230,37,31,9,0.0,12
594,314,77,23,10,0.0,12
594,187,34,19,11,0.0,12
594,265,26,21,12,0.0,13
594,197,58,17,13,0.0,13
594,298,80,30,14,0.0,13
594,267,57,14,15,0.0,13
594,296,66,25,16,0.0,13
594,269,34,27,17,0.0,14
594,312,58,18,18,0.0,5
594,235,32,16,19,0.0,25
594,252,79,20,20,0.0,4
594,199,34,24,21,0.0,5
594,238,32,5,22,0.0,95
594,221,25,28,23,0.0,23
594,200,63,26,24,0.0,22
594,315,34,11,25,0.0,27
594,250,63,8,26,0.0,64
594,313,34,22,27,0.0,5
594,231,64,9,28,0.0,3
594,232,80,6,29,0.0,7
594,280,66,15,30,0.0,4
594,233,37,10,31,0.0,8
594,316,63,0,32,0.0,81
595,238,32,3,1,9.0,1
595,222,25,5,2,6.0,1
595,197,58,6,3,4.0,1
595,223,6,2,4,3.0,1
595,224,1,13,5,2.0,11
595,187,34,23,6,1.0,11
595,289,26,21,7,0.0,12
595,265,26,26,8,0.0,13
595,221,25,4,9,0.0,14
595,280,66,27,10,0.0,6
595,235,32,19,11,0.0,5
595,182,6,1,12,0.0,80
595,231,64,7,13,0.0,86
595,305,1,10,14,0.0,3
595,199,34,8,15,0.0,22
595,296,66,22,16,0.0,3
595,267,57,25,17,0.0,3
595,233,37,9,18,0.0,4
595,306,66,11,19,0.0,4
595,304,1,12,20,0.0,4
595,232,80,14,21,0.0,4
595,230,37,15,22,0.0,4
595,312,58,16,23,0.0,4
595,250,63,18,24,0.0,4
595,314,77,24,25,0.0,4
595,200,63,17,26,0.0,54
595,278,78,20,27,0.0,54
595,313,34,0,28,0.0,81
596,222,25,2,1,9.0,1
596,221,25,1,2,6.0,1
596,231,64,6,3,4.0,1
596,224,1,9,4,3.0,1
596,197,58,8,5,2.0,1
596,289,26,15,6,1.0,11
596,265,26,18,7,0.0,11
596,311,80,21,8,0.0,11
596,313,34,20,9,0.0,11
596,230,37,17,10,0.0,5
596,187,34,14,11,0.0,13
596,267,57,26,12,0.0,2
596,182,6,3,13,0.0,6
596,317,37,16,14,0.0,22
596,304,1,12,15,0.0,22
596,200,63,22,16,0.0,22
596,199,34,10,17,0.0,44
596,235,32,7,18,0.0,5
596,223,6,4,19,0.0,6
596,250,63,24,20,0.0,64
596,238,32,5,21,0.0,86
596,316,63,25,22,0.0,5
596,305,1,11,23,0.0,95
596,306,66,13,24,0.0,5
596,318,58,23,25,0.0,6
596,280,66,19,26,0.0,42
596,308,80,0,27,0.0,81
597,182,6,1,1,9.0,1
597,223,6,2,2,6.0,1
597,224,1,3,3,4.0,1
597,305,1,4,4,3.0,1
597,222,25,5,5,2.0,1
597,221,25,8,6,1.0,1
597,187,34,13,7,0.0,1
597,238,32,10,8,0.0,12
597,313,34,23,9,0.0,12
597,230,37,15,10,0.0,13
597,235,32,18,11,0.0,14
597,199,34,12,12,0.0,14
597,267,57,17,13,0.0,2
597,304,1,9,14,0.0,80
597,296,66,25,15,0.0,6
597,232,80,21,16,0.0,6
597,265,26,14,17,0.0,69
597,197,58,7,18,0.0,8
597,306,66,16,19,0.0,6
597,289,26,19,20,0.0,6
597,280,66,24,21,0.0,64
597,200,63,20,22,0.0,7
597,231,64,6,23,0.0,4
597,252,58,11,24,0.0,4
597,233,37,22,25,0.0,3
597,314,77,0,26,0.0,81
597,298,80,0,27,0.0,81
598,238,32,2,1,9.0,1
598,182,6,1,2,6.0,1
598,223,6,4,3,4.0,1
598,222,25,7,4,3.0,1
598,235,32,13,5,2.0,1
598,304,1,11,6,1.0,1
598,305,1,6,7,0.0,11
598,221,25,9,8,0.0,11
598,232,80,15,9,0.0,11
598,306,66,17,10,0.0,11
598,230,37,16,11,0.0,11
598,197,58,12,12,0.0,11
598,289,26,21,13,0.0,12
598,296,66,22,14,0.0,12
598,265,26,20,15,0.0,13
598,187,34,14,16,0.0,14
598,224,1,5,17,0.0,5
598,199,34,8,18,0.0,64
598,200,63,18,19,0.0,8
598,252,58,3,20,0.0,4
598,280,66,19,21,0.0,8
598,231,64,10,22,0.0,4
598,267,57,0,23,0.0,81
598,313,34,0,24,0.0,81
598,250,34,0,25,0.0,81
598,219,80,0,26,0.0,81
598,233,37,0,27,0.0,81
598,319,63,0,28,0.0,81
598,316,63,0,29,0.0,81
598,315,34,0,30,0.0,81
599,222,25,3,1,9.0,1
599,224,1,8,2,6.0,1
599,235,32,12,3,4.0,1
599,223,6,7,4,3.0,1
599,182,6,1,5,2.0,11
599,199,34,4,6,1.0,11
599,304,1,19,7,0.0,11
599,252,58,5,8,0.0,11
599,250,34,20,9,0.0,11
599,238,32,2,10,0.0,12
599,187,34,13,11,0.0,12
599,306,66,23,12,0.0,13
599,289,26,22,13,0.0,16
599,200,63,17,14,0.0,17
599,280,66,24,15,0.0,5
599,296,66,14,16,0.0,62
599,305,1,11,17,0.0,20
599,197,58,16,18,0.0,22
599,233,37,9,19,0.0,3
599,221,25,10,20,0.0,5
599,232,80,15,21,0.0,5
599,230,37,16,22,0.0,69
599,314,77,25,23,0.0,22
599,231,64,6,24,0.0,22
599,320,26,21,25,0.0,68
599,259,79,0,26,0.0,81
599,321,63,0,27,0.0,81
599,311,80,0,28,0.0,81
599,275,34,0,29,0.0,81
599,267,57,0,30,0.0,81
599,300,76,0,31,0.0,81
599,307,74,0,32,0.0,81
599,283,37,0,33,0.0,81
599,316,63,0,34,0.0,81
600,223,6,2,1,9.0,1
600,222,25,4,2,6.0,1
600,199,34,6,3,4.0,1
600,238,32,8,4,3.0,1
600,235,32,9,5,2.0,1
600,252,58,11,6,1.0,1
600,233,37,20,7,0.0,1
600,197,58,18,8,0.0,1
600,289,26,19,9,0.0,1
600,280,66,24,10,0.0,1
600,321,63,25,11,0.0,1
600,250,34,17,12,0.0,1
600,230,37,23,13,0.0,1
600,270,79,20,14,0.0,11
600,305,1,12,15,0.0,3
600,200,63,13,16,0.0,5
600,231,64,10,17,0.0,6
600,221,25,5,18,0.0,3
600,232,80,16,19,0.0,37
600,306,66,15,20,0.0,69
600,267,57,22,21,0.0,6
600,224,1,3,22,0.0,22
600,172,80,21,23,0.0,22
600,187,34,14,24,0.0,22
600,182,6,1,25,0.0,3
600,304,1,7,26,0.0,3
600,296,66,0,27,0.0,81
600,314,77,0,28,0.0,81
600,265,26,0,29,0.0,81
600,256,78,0,30,0.0,81
600,278,78,0,31,0.0,81
600,307,74,0,32,0.0,81
601,199,34,2,1,9.0,1
601,304,1,10,2,6.0,1
601,231,64,7,3,4.0,1
601,187,34,11,4,3.0,1
601,223,6,8,5,2.0,1
601,230,37,20,6,1.0,1
601,322,1,17,7,0.0,11
601,197,58,23,8,0.0,12
601,323,63,25,9,0.0,13
601,314,77,19,10,0.0,14
601,233,37,15,11,0.0,22
601,289,26,21,12,0.0,16
601,270,79,24,13,0.0,62
601,238,32,6,14,0.0,86
601,235,32,22,15,0.0,4
601,221,25,14,16,0.0,4
601,250,34,4,17,0.0,95
601,224,1,3,18,0.0,5
601,172,80,12,19,0.0,62
601,232,80,9,20,0.0,69
601,252,58,16,21,0.0,20
601,306,66,18,22,0.0,5
601,182,6,1,23,0.0,5
601,243,26,13,24,0.0,3
601,222,25,5,25,0.0,5
601,251,64,0,26,0.0,81
601,316,63,0,27,0.0,81
601,321,63,0,28,0.0,81
601,283,57,0,29,0.0,81
601,219,63,0,30,0.0,81
601,324,34,0,31,0.0,81
602,238,32,7,1,9.0,1
602,224,1,6,2,6.0,1
602,222,25,12,3,4.0,1
602,232,80,15,4,3.0,1
602,250,34,3,5,2.0,11
602,304,1,19,6,1.0,11
602,187,34,4,7,0.0,11
602,289,26,21,8,0.0,11
602,322,1,23,9,0.0,11
602,252,58,22,10,0.0,12
602,221,25,10,11,0.0,12
602,223,6,5,12,0.0,5
602,182,6,1,13,0.0,5
602,235,32,16,14,0.0,37
602,243,26,14,15,0.0,22
602,172,80,17,16,0.0,5
602,197,58,9,17,0.0,5
602,230,37,13,18,0.0,3
602,314,77,20,19,0.0,6
602,199,34,2,20,0.0,6
602,233,37,18,21,0.0,83
602,280,66,25,22,0.0,5
602,231,64,8,23,0.0,5
602,296,66,24,24,0.0,6
602,306,66,11,25,0.0,10
602,319,63,0,26,0.0,81
602,325,34,0,27,0.0,81
602,321,63,0,28,0.0,81
602,283,57,0,29,0.0,81
602,278,78,0,30,0.0,81
602,316,63,0,31,0.0,81
603,224,1,1,1,9.0,1
603,223,6,6,2,6.0,1
603,238,32,10,3,4.0,1
603,231,64,8,4,3.0,1
603,221,25,7,5,2.0,1
603,304,1,14,6,1.0,11
603,207,73,16,7,0.0,11
603,250,34,9,8,0.0,11
603,199,34,4,9,0.0,11
603,324,63,22,10,0.0,12
603,243,26,11,11,0.0,12
603,288,67,24,12,0.0,12
603,235,32,21,13,0.0,12
603,289,26,20,14,0.0,13
603,172,80,18,15,0.0,29
603,200,1,12,16,0.0,18
603,278,66,25,17,0.0,62
603,182,6,2,18,0.0,3
603,252,58,13,19,0.0,5
603,187,34,15,20,0.0,22
603,306,66,17,21,0.0,62
603,222,25,3,22,0.0,23
603,197,58,5,23,0.0,86
603,232,80,19,24,0.0,64
603,326,34,26,25,0.0,5
603,233,37,23,26,0.0,69
603,321,63,0,27,0.0,81
603,283,57,0,28,0.0,81
603,230,37,0,29,0.0,81
603,270,34,0,30,0.0,81
604,199,34,1,1,9.0,1
604,250,34,4,2,6.0,1
604,231,64,2,3,4.0,1
604,224,1,8,4,3.0,1
604,187,34,7,5,2.0,1
604,221,25,13,6,1.0,1
604,200,1,20,7,0.0,1
604,289,26,24,8,0.0,11
604,278,66,12,9,0.0,12
604,197,58,10,10,0.0,12
604,223,6,9,11,0.0,14
604,243,26,21,12,0.0,15
604,238,32,19,13,0.0,69
604,283,57,22,14,0.0,62
604,252,58,18,15,0.0,62
604,222,25,6,16,0.0,69
604,232,80,15,17,0.0,10
604,182,6,5,18,0.0,22
604,172,80,11,19,0.0,5
604,288,67,14,20,0.0,22
604,319,63,26,21,0.0,54
604,230,37,25,22,0.0,69
604,324,63,23,23,0.0,104
604,235,32,16,24,0.0,22
604,314,32,27,25,0.0,2
604,207,73,3,26,0.0,2
604,304,1,17,27,0.0,5
604,233,37,0,28,0.0,81
604,270,34,0,29,0.0,81
604,306,66,0,30,0.0,81
605,224,32,2,1,9.0,1
605,327,25,6,2,6.0,1
605,328,25,4,3,4.0,1
605,235,6,3,4,3.0,1
605,304,1,8,5,2.0,11
605,290,34,13,6,1.0,11
605,223,66,1,7,0.0,13
605,309,1,11,8,0.0,14
605,232,6,14,9,0.0,14
605,329,37,18,10,0.0,22
605,197,37,17,11,0.0,21
605,306,66,7,12,0.0,5
605,307,80,19,13,0.0,62
605,238,32,5,14,0.0,51
605,182,66,13,15,0.0,51
605,199,34,9,16,0.0,6
605,305,63,10,17,0.0,86
605,250,63,15,18,0.0,22
605,330,80,16,19,0.0,5
606,224,32,2,1,9.0,1
606,328,25,8,2,6.0,1
606,304,1,5,3,4.0,1
606,232,6,17,4,3.0,11
606,235,6,3,5,2.0,11
606,223,66,4,6,1.0,11
606,307,80,14,7,0.0,11
606,182,66,13,8,0.0,12
606,330,80,18,9,0.0,12
606,327,25,9,10,0.0,12
606,199,34,7,11,0.0,12
606,331,63,20,12,0.0,14
606,306,66,10,13,0.0,10
606,329,37,19,14,0.0,25
606,250,63,6,15,0.0,22
606,305,63,14,16,0.0,6
606,197,37,15,17,0.0,6
606,238,32,1,18,0.0,36
606,290,34,11,19,0.0,25
606,309,1,12,20,0.0,6
607,328,25,16,1,9.0,1
607,309,1,6,2,6.0,1
607,224,32,2,3,4.0,1
607,232,6,15,4,3.0,11
607,304,1,1,5,2.0,12
607,332,58,21,6,1.0,12
607,199,34,8,7,0.0,12
607,333,63,20,8,0.0,12
607,222,1,3,9,0.0,5
607,307,80,19,10,0.0,16
607,238,32,4,11,0.0,16
607,250,63,9,12,0.0,3
607,292,25,22,13,0.0,62
607,197,37,18,14,0.0,62
607,327,25,25,15,0.0,62
607,329,37,23,16,0.0,62
607,290,34,17,17,0.0,6
607,334,80,24,18,0.0,25
607,182,66,10,19,0.0,5
607,262,58,14,20,0.0,5
607,306,66,7,21,0.0,8
607,293,32,13,22,0.0,3
607,223,66,5,23,0.0,3
607,235,6,11,24,0.0,3
607,305,63,12,25,0.0,3
608,224,32,7,1,9.0,1
608,327,25,3,2,6.0,1
608,332,58,14,3,4.0,1
608,309,1,5,4,3.0,11
608,306,66,10,5,2.0,11
608,304,1,2,6,1.0,11
608,329,37,19,7,0.0,11
608,280,37,18,8,0.0,12
608,223,66,8,9,0.0,16
608,290,34,12,10,0.0,16
608,330,80,20,11,0.0,16
608,235,6,6,12,0.0,16
608,199,34,15,13,0.0,86
608,307,80,21,14,0.0,60
608,238,32,1,15,0.0,6
608,328,25,4,16,0.0,23
608,182,66,11,17,0.0,27
608,289,58,22,18,0.0,23
608,305,63,9,19,0.0,44
608,262,58,13,20,0.0,5
608,333,34,17,21,0.0,36
608,250,63,16,22,0.0,86
609,328,25,6,1,9.0,1
609,327,25,4,2,6.0,1
609,224,32,9,3,4.0,1
609,333,34,18,4,3.0,11
609,182,66,14,5,2.0,11
609,278,81,15,6,1.0,13
609,304,1,2,7,0.0,13
609,250,63,8,8,0.0,14
609,289,58,23,9,0.0,15
609,223,66,12,10,0.0,3
609,329,37,20,11,0.0,3
609,197,37,16,12,0.0,3
609,306,66,5,13,0.0,62
609,290,34,19,14,0.0,5
609,238,32,1,15,0.0,3
609,309,1,10,16,0.0,3
609,307,80,21,17,0.0,3
609,199,34,7,18,0.0,5
609,332,58,11,19,0.0,37
609,262,58,22,20,0.0,3
609,235,6,3,21,0.0,94
609,330,80,17,22,0.0,5
609,305,63,13,23,0.0,3
610,328,25,1,1,9.0,1
610,224,32,5,2,6.0,1
610,238,32,2,3,4.0,11
610,327,25,4,4,3.0,11
610,309,1,15,5,2.0,12
610,304,1,3,6,1.0,12
610,333,34,25,7,0.0,13
610,305,63,13,8,0.0,13
610,231,37,18,9,0.0,5
610,262,58,22,10,0.0,16
610,290,34,9,11,0.0,69
610,197,37,14,12,0.0,6
610,289,58,24,13,0.0,22
610,232,6,16,14,0.0,51
610,199,34,19,15,0.0,6
610,235,6,7,16,0.0,86
610,307,80,10,17,0.0,86
610,306,66,11,18,0.0,3
610,250,63,17,19,0.0,86
610,259,37,23,20,0.0,95
610,330,80,21,21,0.0,86
610,182,66,6,22,0.0,6
610,278,81,12,23,0.0,25
610,223,66,8,24,0.0,23
610,329,37,20,25,0.0,5
611,304,1,6,1,9.0,1
611,238,32,1,2,6.0,1
611,327,25,2,3,4.0,1
611,199,34,5,4,3.0,1
611,328,25,3,5,2.0,1
611,235,6,8,6,1.0,11
611,309,1,7,7,0.0,11
611,329,37,21,8,0.0,12
611,223,66,12,9,0.0,13
611,250,63,16,10,0.0,13
611,307,80,11,11,0.0,13
611,224,32,4,12,0.0,6
611,182,66,15,13,0.0,15
611,332,58,19,14,0.0,16
611,306,66,9,15,0.0,5
611,262,58,17,16,0.0,22
611,305,63,10,17,0.0,27
611,197,37,20,18,0.0,37
611,289,58,18,19,0.0,80
611,290,34,12,20,0.0,3
611,317,37,14,21,0.0,22
612,238,32,5,1,9.0,1
612,327,25,4,2,6.0,1
612,199,34,8,3,4.0,1
612,328,25,1,4,3.0,1
612,235,6,12,5,2.0,1
612,231,37,14,6,1.0,1
612,232,6,10,7,0.0,1
612,304,1,6,8,0.0,1
612,182,66,17,9,0.0,1
612,289,58,16,10,0.0,11
612,306,66,15,11,0.0,11
612,223,66,9,12,0.0,11
612,250,63,18,13,0.0,13
612,307,80,24,14,0.0,13
612,313,57,25,15,0.0,13
612,290,34,19,16,0.0,14
612,222,1,2,17,0.0,3
612,224,32,3,18,0.0,3
612,305,63,11,19,0.0,44
612,333,34,13,20,0.0,86
612,317,37,22,21,0.0,25
612,332,58,20,22,0.0,69
612,280,80,23,23,0.0,25
612,197,37,7,24,0.0,86
612,262,58,21,25,0.0,8
613,309,1,3,1,9.0,1
613,238,32,1,2,6.0,1
613,304,1,2,3,4.0,1
613,231,37,11,4,3.0,1
613,327,25,7,5,2.0,1
613,199,34,8,6,1.0,1
613,223,66,10,7,0.0,1
613,235,6,19,8,0.0,1
613,307,80,18,9,0.0,11
613,328,25,4,10,0.0,11
613,329,37,24,11,0.0,12
613,182,66,9,12,0.0,14
613,313,57,21,13,0.0,16
613,290,34,13,14,0.0,44
613,224,32,5,15,0.0,7
613,187,34,23,16,0.0,69
613,289,58,27,17,0.0,83
613,278,81,29,18,0.0,69
613,222,1,6,19,0.0,4
613,305,63,12,20,0.0,4
613,200,63,14,21,0.0,4
613,250,63,15,22,0.0,4
613,306,66,17,23,0.0,4
613,333,34,20,24,0.0,4
613,335,37,22,25,0.0,4
613,332,58,25,26,0.0,4
613,262,58,26,27,0.0,4
613,336,80,28,28,0.0,37
613,259,37,16,29,0.0,20
614,328,25,2,1,9.0,1
614,327,25,3,2,6.0,1
614,231,37,7,3,4.0,1
614,309,1,6,4,3.0,1
614,306,66,9,5,2.0,1
614,298,80,20,6,1.0,12
614,250,63,8,7,0.0,13
614,223,66,12,8,0.0,14
614,307,80,15,9,0.0,14
614,332,58,22,10,0.0,15
614,238,32,1,11,0.0,5
614,289,58,17,12,0.0,62
614,182,66,11,13,0.0,48
614,305,63,24,14,0.0,10
614,304,1,4,15,0.0,5
614,290,34,13,16,0.0,3
614,278,81,19,17,0.0,69
614,199,34,5,18,0.0,27
614,259,37,21,19,0.0,54
614,335,37,18,20,0.0,3
614,224,32,16,21,0.0,68
614,329,37,23,22,0.0,10
614,262,58,10,23,0.0,3
614,313,57,14,24,0.0,54
615,328,25,1,1,9.0,1
615,327,25,3,2,6.0,1
615,235,1,4,3,4.0,1
615,250,63,11,4,3.0,1
615,290,34,13,5,2.0,1
615,224,32,14,6,1.0,1
615,200,63,15,7,0.0,1
615,262,58,17,8,0.0,1
615,309,1,7,9,0.0,1
615,280,80,12,10,0.0,1
615,243,34,16,11,0.0,1
615,304,1,8,12,0.0,1
615,289,58,20,13,0.0,1
615,305,63,18,14,0.0,11
615,259,37,22,15,0.0,11
615,329,37,19,16,0.0,11
615,199,34,6,17,0.0,5
615,223,66,10,18,0.0,5
615,332,58,21,19,0.0,3
615,306,66,9,20,0.0,6
615,182,66,5,21,0.0,3
615,238,32,2,22,0.0,80
616,238,32,2,1,9.0,1
616,328,25,7,2,6.0,1
616,250,63,8,3,4.0,1
616,199,34,5,4,3.0,1
616,306,66,13,5,2.0,1
616,223,66,14,6,1.0,1
616,232,6,6,7,0.0,11
616,304,1,3,8,0.0,11
616,298,80,23,9,0.0,12
616,305,63,15,10,0.0,15
616,224,32,1,11,0.0,69
616,307,80,21,12,0.0,62
616,197,37,12,13,0.0,5
616,313,57,19,14,0.0,69
616,290,34,16,15,0.0,69
616,289,58,22,16,0.0,22
616,332,58,20,17,0.0,24
616,243,34,17,18,0.0,36
616,262,58,18,19,0.0,69
616,327,25,10,20,0.0,22
616,231,37,9,21,0.0,98
616,309,1,4,22,0.0,8
616,329,37,11,23,0.0,4
617,238,32,1,1,9.0,1
617,224,32,4,2,6.0,1
617,309,1,2,3,4.0,1
617,328,25,6,4,3.0,1
617,327,25,11,5,2.0,1
617,199,34,10,6,1.0,1
617,305,63,8,7,0.0,1
617,235,6,14,8,0.0,11
617,259,37,24,9,0.0,11
617,332,58,21,10,0.0,11
617,262,58,19,11,0.0,11
617,243,34,9,12,0.0,11
617,306,66,13,13,0.0,11
617,289,58,22,14,0.0,11
617,304,1,3,15,0.0,12
617,307,80,20,16,0.0,62
617,329,37,12,17,0.0,6
617,182,66,15,18,0.0,3
617,223,66,18,19,0.0,80
617,250,63,5,20,0.0,27
617,298,80,23,21,0.0,25
617,313,57,17,22,0.0,25
617,290,34,16,23,0.0,23
617,232,6,7,24,0.0,22
617,231,37,0,25,0.0,3
618,309,1,2,1,9.0,1
618,224,32,5,2,6.0,1
618,262,58,14,3,4.0,1
618,306,66,16,4,3.0,1
618,328,25,9,5,2.0,11
618,307,80,22,6,1.0,11
618,231,37,15,7,0.0,12
618,199,34,4,8,0.0,12
618,305,63,12,9,0.0,12
618,278,25,11,10,0.0,13
618,290,34,10,11,0.0,13
618,243,34,18,12,0.0,14
618,304,1,7,13,0.0,15
618,314,80,24,14,0.0,15
618,232,6,20,15,0.0,15
618,289,58,17,16,0.0,17
618,332,58,13,17,0.0,17
618,250,63,19,18,0.0,18
618,197,37,23,19,0.0,62
618,313,57,26,20,0.0,62
618,182,66,8,21,0.0,7
618,222,1,3,22,0.0,3
618,327,25,6,23,0.0,3
618,329,37,21,24,0.0,5
618,238,32,1,25,0.0,22
618,320,66,25,26,0.0,94
619,238,32,1,1,9.0,1
619,231,37,4,2,6.0,1
619,199,34,2,3,4.0,1
619,304,1,8,4,3.0,1
619,309,1,7,5,2.0,1
619,224,32,3,6,1.0,1
619,235,80,23,7,0.0,11
619,223,66,15,8,0.0,11
619,306,66,14,9,0.0,11
619,329,37,26,10,0.0,11
619,197,37,17,11,0.0,3
619,307,80,19,12,0.0,12
619,289,58,18,13,0.0,12
619,332,58,20,14,0.0,12
619,262,58,22,15,0.0,14
619,232,6,11,16,0.0,14
619,290,34,25,17,0.0,62
619,222,1,10,18,0.0,22
619,200,63,16,19,0.0,5
619,182,66,21,20,0.0,48
619,305,63,6,21,0.0,22
619,250,63,9,22,0.0,22
619,187,34,24,23,0.0,5
619,312,58,13,24,0.0,2
619,313,57,27,25,0.0,37
619,328,25,5,26,0.0,54
619,278,25,12,27,0.0,54
619,327,25,0,28,0.0,3
620,328,25,2,1,9.0,1
620,304,1,4,2,6.0,1
620,235,6,8,3,4.0,1
620,223,6,6,4,3.0,1
620,314,63,11,5,2.0,1
620,238,37,10,6,1.0,11
620,199,34,1,7,0.0,12
620,280,37,15,8,0.0,12
620,307,66,13,9,0.0,12
620,337,66,19,10,0.0,12
620,182,37,22,11,0.0,12
620,224,32,5,12,0.0,22
620,327,25,17,13,0.0,6
620,317,66,7,14,0.0,47
620,309,1,3,15,0.0,5
620,207,6,9,16,0.0,5
620,333,63,14,17,0.0,69
620,289,34,16,18,0.0,48
620,338,32,20,19,0.0,2
620,320,66,18,20,0.0,44
620,339,66,21,21,0.0,3
620,278,82,12,22,0.0,54
621,304,1,5,1,9.0,1
621,224,32,3,2,6.0,1
621,309,1,12,3,4.0,1
621,207,6,6,4,3.0,1
621,238,37,9,5,2.0,1
621,289,34,14,6,1.0,11
621,182,37,21,7,0.0,11
621,235,6,7,8,0.0,11
621,327,25,8,9,0.0,11
621,338,32,19,10,0.0,11
621,280,37,22,11,0.0,11
621,223,6,2,12,0.0,12
621,243,37,25,13,0.0,12
621,337,66,23,14,0.0,13
621,278,82,13,15,0.0,13
621,340,63,26,16,0.0,20
621,250,37,24,17,0.0,16
621,307,66,16,18,0.0,62
621,333,63,20,19,0.0,62
621,320,66,18,20,0.0,62
621,306,66,11,21,0.0,5
621,328,25,1,22,0.0,6
621,305,63,4,23,0.0,22
621,199,34,15,24,0.0,69
621,314,63,10,25,0.0,5
621,293,32,17,26,0.0,48
622,224,32,3,1,9.0,1
622,235,6,1,2,6.0,1
622,223,6,8,3,4.0,11
622,333,63,13,4,3.0,11
622,309,1,11,5,2.0,11
622,250,37,16,6,1.0,11
622,290,34,14,7,0.0,12
622,314,63,18,8,0.0,12
622,338,32,24,9,0.0,13
622,289,34,23,10,0.0,14
622,280,37,19,11,0.0,14
622,328,25,4,12,0.0,3
622,278,82,6,13,0.0,6
622,327,25,12,14,0.0,80
622,320,66,21,15,0.0,5
622,304,1,2,16,0.0,6
622,307,66,20,17,0.0,5
622,317,66,10,18,0.0,3
622,207,6,5,19,0.0,51
622,305,63,15,20,0.0,10
622,238,37,9,21,0.0,95
622,243,37,17,22,0.0,3
622,306,66,7,23,0.0,6
622,182,37,25,24,0.0,24
622,339,66,22,25,0.0,3
622,329,37,0,26,0.0,81
623,306,66,4,1,9.0,1
623,235,6,2,2,6.0,1
623,224,32,1,3,4.0,11
623,328,25,8,4,3.0,12
623,312,1,10,5,2.0,13
623,278,82,6,6,1.0,13
623,333,63,18,7,0.0,13
623,337,66,17,8,0.0,13
623,290,34,21,9,0.0,13
623,243,37,25,10,0.0,13
623,238,37,15,11,0.0,14
623,289,34,20,12,0.0,14
623,329,37,23,13,0.0,14
623,338,32,14,14,0.0,15
623,304,1,7,15,0.0,16
623,182,37,22,16,0.0,16
623,250,37,24,17,0.0,18
623,327,25,12,18,0.0,62
623,280,37,9,19,0.0,3
623,223,6,3,20,0.0,3
623,305,63,11,21,0.0,3
623,307,66,20,22,0.0,3
623,314,63,13,23,0.0,3
623,320,66,5,24,0.0,3
623,317,66,16,25,0.0,5
624,224,32,1,1,9.0,1
624,327,25,5,2,6.0,1
624,304,1,3,3,4.0,1
624,305,63,8,4,3.0,1
624,250,37,11,5,2.0,11
624,278,82,13,6,1.0,11
624,309,1,7,7,0.0,12
624,307,66,15,8,0.0,12
624,238,37,14,9,0.0,12
624,337,66,23,10,0.0,12
624,243,37,20,11,0.0,12
624,182,37,25,12,0.0,13
624,199,34,9,13,0.0,14
624,338,32,12,14,0.0,16
624,289,34,16,15,0.0,22
624,280,37,19,16,0.0,62
624,223,6,2,17,0.0,3
624,333,63,10,18,0.0,5
624,330,81,24,19,0.0,3
624,235,6,4,20,0.0,98
624,329,37,22,21,0.0,86
624,290,34,18,22,0.0,6
624,320,66,17,23,0.0,48
624,306,66,6,24,0.0,25
624,314,63,21,25,0.0,25
625,328,25,3,1,9.0,1
625,224,32,8,2,6.0,1
625,278,82,1,3,4.0,1
625,327,25,7,4,3.0,1
625,238,37,9,5,2.0,1
625,305,63,10,6,1.0,1
625,304,1,2,7,0.0,1
625,290,34,14,8,0.0,1
625,312,1,13,9,0.0,1
625,289,34,20,10,0.0,1
625,235,6,4,11,0.0,11
625,199,34,17,12,0.0,11
625,330,6,19,13,0.0,11
625,333,63,12,14,0.0,11
625,306,66,24,15,0.0,11
625,243,37,15,16,0.0,11
625,314,63,5,17,0.0,12
625,338,32,22,18,0.0,86
625,329,37,23,19,0.0,60
625,221,25,16,20,0.0,62
625,317,66,18,21,0.0,6
625,250,37,11,22,0.0,5
625,337,66,6,23,0.0,107
625,182,37,21,24,0.0,86
625,293,32,0,25,0.0,81
626,224,32,2,1,9.0,1
626,328,25,4,2,6.0,1
626,309,1,3,3,4.0,1
626,278,82,17,4,3.0,11
626,304,1,11,5,2.0,11
626,232,6,9,6,1.0,11
626,238,37,8,7,0.0,20
626,199,34,10,8,0.0,13
626,182,37,19,9,0.0,13
626,243,37,25,10,0.0,15
626,306,66,6,11,0.0,16
626,290,34,22,12,0.0,22
626,329,37,23,13,0.0,17
626,314,63,5,14,0.0,22
626,327,25,12,15,0.0,20
626,338,32,15,16,0.0,22
626,235,6,1,17,0.0,51
626,289,34,21,18,0.0,20
626,250,37,13,19,0.0,24
626,262,66,14,20,0.0,22
626,305,63,7,21,0.0,6
626,293,32,24,22,0.0,6
626,330,81,18,23,0.0,20
626,280,83,26,24,0.0,3
626,320,66,16,25,0.0,5
626,333,63,20,26,0.0,3
627,235,6,1,1,9.0,1
627,223,6,7,2,6.0,1
627,238,37,4,3,4.0,1
627,307,66,18,4,3.0,1
627,312,1,19,5,2.0,1
627,289,34,15,6,1.0,1
627,290,34,21,7,0.0,1
627,329,37,27,8,0.0,1
627,306,66,13,9,0.0,1
627,327,25,5,10,0.0,1
627,328,25,2,11,0.0,4
627,232,6,22,12,0.0,11
627,333,63,20,13,0.0,11
627,314,63,12,14,0.0,11
627,278,82,8,15,0.0,11
627,250,37,11,16,0.0,62
627,224,32,3,17,0.0,6
627,280,37,9,18,0.0,3
627,304,1,10,19,0.0,5
627,305,63,16,20,0.0,22
627,199,34,6,21,0.0,24
627,243,37,14,22,0.0,10
627,338,32,23,23,0.0,44
627,182,37,24,24,0.0,44
627,321,81,25,25,0.0,5
627,293,32,26,26,0.0,68
627,317,66,17,27,0.0,5
628,224,32,1,1,9.0,1
628,304,1,7,2,6.0,1
628,309,1,4,3,4.0,1
628,305,63,12,4,3.0,1
628,278,82,6,5,2.0,1
628,307,66,10,6,1.0,1
628,328,25,3,7,0.0,1
628,306,66,21,8,0.0,1
628,327,25,20,9,0.0,11
628,182,37,22,10,0.0,11
628,314,63,8,11,0.0,12
628,238,37,11,12,0.0,12
628,320,66,16,13,0.0,13
628,333,63,13,14,0.0,13
628,243,37,17,15,0.0,5
628,250,37,18,16,0.0,62
628,330,81,23,17,0.0,44
628,289,34,14,18,0.0,98
628,290,34,15,19,0.0,23
628,329,37,24,20,0.0,69
628,296,84,25,21,0.0,22
628,235,6,9,22,0.0,69
628,199,34,5,23,0.0,98
628,223,6,2,24,0.0,69
628,338,32,19,25,0.0,5
629,224,32,4,1,9.0,1
629,305,63,9,2,6.0,1
629,304,1,5,3,4.0,1
629,309,1,8,4,3.0,1
629,289,34,13,5,2.0,1
629,320,66,12,6,1.0,1
629,207,6,7,7,0.0,11
629,306,66,16,8,0.0,11
629,238,37,24,9,0.0,11
629,329,37,25,10,0.0,11
629,307,66,17,11,0.0,13
629,317,66,10,12,0.0,14
629,182,37,20,13,0.0,15
629,235,6,1,14,0.0,10
629,278,82,2,15,0.0,23
629,333,63,21,16,0.0,23
629,290,34,19,17,0.0,22
629,341,63,22,18,0.0,69
629,314,63,15,19,0.0,20
629,223,6,4,20,0.0,4
629,250,37,18,21,0.0,4
629,199,34,11,22,0.0,22
629,327,25,14,23,0.0,5
629,330,81,23,24,0.0,5
629,328,25,3,25,0.0,8
629,280,37,0,26,0.0,81
629,321,81,0,27,0.0,81
630,328,25,5,1,9.0,1
630,309,1,1,2,6.0,1
630,304,1,2,3,4.0,1
630,199,34,9,4,3.0,1
630,223,6,7,5,2.0,1
630,278,82,10,6,1.0,11
630,314,63,13,7,0.0,11
630,289,34,17,8,0.0,11
630,250,37,18,9,0.0,60
630,307,66,14,10,0.0,12
630,224,32,4,11,0.0,12
630,235,6,8,12,0.0,14
630,280,37,21,13,0.0,17
630,317,32,16,14,0.0,5
630,182,37,19,15,0.0,2
630,238,37,3,16,0.0,4
630,329,37,24,17,0.0,62
630,327,25,6,18,0.0,6
630,320,66,12,19,0.0,22
630,342,37,22,20,0.0,62
630,306,66,20,21,0.0,44
630,343,66,23,22,0.0,20
630,290,34,11,23,0.0,6
630,333,63,15,24,0.0,6
631,328,25,1,1,9.0,1
631,327,25,4,2,6.0,1
631,304,1,3,3,4.0,1
631,238,37,26,4,3.0,1
631,235,6,12,5,2.0,1
631,207,6,10,6,1.0,11
631,221,25,11,7,0.0,11
631,223,6,6,8,0.0,11
631,222,1,8,9,0.0,11
631,317,32,16,10,0.0,12
631,289,34,27,11,0.0,12
631,344,63,22,12,0.0,12
631,329,37,20,13,0.0,12
631,280,37,21,14,0.0,12
631,278,82,7,15,0.0,12
631,342,37,20,16,0.0,12
631,305,63,14,17,0.0,4
631,309,1,2,18,0.0,10
631,182,37,25,19,0.0,62
631,250,37,15,20,0.0,69
631,320,66,28,21,0.0,5
631,307,66,17,22,0.0,5
631,338,32,30,23,0.0,5
631,290,34,13,24,0.0,5
631,306,66,18,25,0.0,80
631,312,66,24,26,0.0,5
631,199,34,5,27,0.0,5
631,333,63,19,28,0.0,4
631,314,63,31,29,0.0,22
631,224,32,9,30,0.0,22
631,321,81,29,31,0.0,5
632,207,6,4,1,9.0,1
632,328,25,1,2,6.0,1
632,223,6,3,3,4.0,1
632,317,180,14,4,3.0,1
632,278,82,2,5,2.0,11
632,304,1,7,6,1.0,11
632,312,63,17,7,0.0,11
632,235,6,8,8,0.0,11
632,289,34,19,9,0.0,12
632,238,200,13,10,0.0,12
632,280,200,18,11,0.0,12
632,243,63,15,12,0.0,12
632,333,199,22,13,0.0,14
632,224,180,5,14,0.0,5
632,341,63,6,15,0.0,6
632,327,25,9,16,0.0,3
632,307,66,24,17,0.0,68
632,345,66,10,18,0.0,25
632,293,34,16,19,0.0,5
632,346,66,12,20,0.0,25
632,340,200,21,21,0.0,24
632,334,34,20,22,0.0,5
632,320,1,11,23,0.0,95
632,347,1,23,24,0.0,22
632,339,200,25,25,0.0,5
633,328,25,4,1,9.0,1
633,235,6,1,2,6.0,1
633,278,82,3,3,4.0,1
633,345,66,5,4,3.0,1
633,304,1,9,5,2.0,1
633,306,82,6,6,1.0,11
633,327,25,12,7,0.0,11
633,320,1,7,8,0.0,12
633,314,34,21,9,0.0,13
633,307,66,17,10,0.0,14
633,341,63,22,11,0.0,18
633,317,180,16,12,0.0,62
633,224,180,14,13,0.0,22
633,280,200,11,14,0.0,5
633,207,6,8,15,0.0,5
633,339,200,20,16,0.0,48
633,238,200,13,18,0.0,80
633,223,6,2,19,0.0,5
633,243,63,19,20,0.0,32
633,346,66,15,21,0.0,6
633,289,34,10,22,0.0,38
634,328,25,1,1,9.0,1
634,238,200,6,2,6.0,1
634,235,6,2,3,4.0,1
634,304,1,6,4,3.0,1
634,224,180,17,5,2.0,11
634,243,63,16,6,1.0,11
634,341,63,10,7,0.0,11
634,280,200,13,8,0.0,13
634,345,66,5,9,0.0,14
634,314,34,18,10,0.0,14
634,346,66,3,11,0.0,108
634,306,82,7,12,0.0,24
634,278,82,4,13,0.0,24
634,223,6,11,14,0.0,3
634,320,1,14,15,0.0,3
634,317,180,12,16,0.0,67
634,327,25,15,17,0.0,3
634,289,34,9,18,0.0,3
634,307,66,0,19,0.0,81
634,207,6,0,20,0.0,81
634,339,200,0,21,0.0,81
634,342,200,0,22,0.0,81
635,235,6,1,1,9.0,1
635,345,66,2,2,6.0,1
635,223,6,4,3,4.0,11
635,238,200,13,4,3.0,12
635,341,63,7,5,2.0,12
635,346,66,8,6,1.0,12
635,307,66,9,7,0.0,14
635,298,63,21,8,0.0,15
635,306,82,11,9,0.0,15
635,289,34,16,10,0.0,15
635,328,25,3,11,0.0,15
635,304,1,14,12,0.0,17
635,280,200,15,13,0.0,62
635,342,200,24,14,0.0,62
635,320,1,23,15,0.0,62
635,339,200,17,16,0.0,5
635,314,34,19,17,0.0,22
635,327,25,12,18,0.0,3
635,243,63,18,19,0.0,2
635,317,180,4,20,0.0,2
635,207,6,16,21,0.0,48
635,338,201,22,22,0.0,3
635,278,82,5,23,0.0,20
636,328,25,1,1,9.0,1
636,327,25,7,2,6.0,1
636,224,180,17,3,4.0,1
636,346,66,6,4,3.0,1
636,278,82,9,5,2.0,1
636,317,180,15,6,1.0,1
636,306,82,8,7,0.0,1
636,341,63,13,8,0.0,1
636,320,1,19,9,0.0,11
636,307,66,16,10,0.0,11
636,243,63,10,11,0.0,12
636,314,34,14,12,0.0,51
636,348,200,23,13,0.0,15
636,349,200,22,14,0.0,62
636,280,200,18,15,0.0,6
636,289,34,4,16,0.0,108
636,333,199,20,17,0.0,5
636,345,66,5,18,0.0,80
636,223,6,2,19,0.0,3
636,238,199,12,20,0.0,5
636,304,1,11,21,0.0,80
636,235,6,3,22,0.0,5
636,339,200,21,23,0.0,48
637,328,25,2,1,9.0,1
637,238,200,5,2,6.0,1
637,224,180,4,3,4.0,1
637,280,200,17,4,3.0,11
637,243,63,12,5,2.0,11
637,341,63,11,6,1.0,11
637,306,82,15,7,0.0,12
637,307,66,11,8,0.0,12
637,346,66,3,9,0.0,12
637,327,25,10,10,0.0,13
637,330,200,21,11,0.0,13
637,314,34,7,12,0.0,6
637,317,201,19,13,0.0,62
637,333,199,24,14,0.0,62
637,320,1,14,15,0.0,5
637,235,6,6,16,0.0,5
637,223,6,1,17,0.0,51
637,278,82,9,18,0.0,5
637,304,1,8,19,0.0,5
637,321,63,23,20,0.0,22
637,329,200,20,21,0.0,51
637,293,180,13,22,0.0,5
637,289,34,22,23,0.0,3
637,262,1,16,24,0.0,3
638,328,25,1,1,9.0,1
638,327,25,5,2,6.0,1
638,223,6,4,3,4.0,1
638,207,6,11,4,3.0,1
638,238,200,3,5,2.0,1
638,314,34,9,6,1.0,1
638,341,63,15,7,0.0,1
638,317,180,17,8,0.0,1
638,289,34,13,9,0.0,1
638,243,63,12,10,0.0,11
638,350,66,18,11,0.0,11
638,330,199,21,12,0.0,12
638,224,180,8,13,0.0,44
638,346,66,3,14,0.0,2
638,278,82,16,15,0.0,3
638,280,200,10,16,0.0,22
638,320,1,19,17,0.0,3
638,304,1,6,18,0.0,95
638,329,200,22,19,0.0,2
638,307,66,14,20,0.0,5
638,333,199,20,21,0.0,98
638,235,6,2,22,0.0,3
638,347,1,0,23,0.0,81
639,346,66,1,1,9.0,1
639,224,180,5,2,6.0,1
639,314,34,7,3,4.0,1
639,317,180,10,4,3.0,1
639,289,34,8,5,2.0,1
639,280,200,13,6,1.0,1
639,243,63,12,7,0.0,1
639,238,200,11,8,0.0,11
639,262,1,22,9,0.0,11
639,320,66,16,10,0.0,12
639,337,66,17,11,0.0,12
639,330,199,15,12,0.0,13
639,329,200,19,13,0.0,62
639,327,25,3,14,0.0,5
639,328,25,2,15,0.0,86
639,235,6,6,16,0.0,5
639,182,200,21,17,0.0,64
639,341,63,18,18,0.0,5
639,223,6,4,19,0.0,5
639,307,66,14,20,0.0,80
639,304,1,9,21,0.0,5
639,347,1,20,22,0.0,95
640,320,66,11,1,9.0,1
640,238,200,6,2,6.0,1
640,327,25,5,3,4.0,1
640,305,63,17,4,3.0,1
640,307,66,4,5,2.0,1
640,278,82,1,6,1.0,1
640,262,1,13,7,0.0,1
640,224,201,18,8,0.0,11
640,346,66,3,9,0.0,12
640,347,1,21,10,0.0,14
640,289,34,14,11,0.0,6
640,197,200,24,12,0.0,62
640,329,200,16,13,0.0,5
640,280,200,10,14,0.0,22
640,333,199,20,15,0.0,5
640,223,6,8,16,0.0,5
640,235,6,2,17,0.0,5
640,328,25,7,18,0.0,5
640,330,200,19,19,0.0,10
640,314,34,9,20,0.0,22
640,351,85,22,21,0.0,22
640,337,66,12,22,0.0,5
640,341,63,15,23,0.0,5
640,243,63,23,24,0.0,3
641,328,25,1,1,9.0,1
641,238,200,6,2,6.0,1
641,288,1,8,3,4.0,1
641,304,1,10,4,3.0,11
641,317,180,7,5,2.0,11
641,327,25,3,6,1.0,12
641,224,180,4,7,0.0,12
641,235,6,12,8,0.0,12
641,346,66,2,9,0.0,13
641,278,82,5,10,0.0,13
641,341,63,14,11,0.0,14
641,337,66,19,12,0.0,14
641,207,6,13,13,0.0,14
641,320,66,16,14,0.0,15
641,352,66,21,15,0.0,15
641,330,200,20,16,0.0,17
641,329,200,22,17,0.0,62
641,353,180,25,18,0.0,62
641,243,63,23,19,0.0,25
641,306,82,11,20,0.0,3
641,342,200,24,21,0.0,51
641,223,6,18,22,0.0,3
641,289,34,15,23,0.0,3
641,314,34,17,24,0.0,80
641,307,66,9,25,0.0,3
641,354,34,0,26,0.0,81
642,327,25,5,1,9.0,1
642,346,66,6,2,6.0,1
642,238,200,11,3,4.0,1
642,307,66,12,4,3.0,1
642,328,25,1,5,2.0,1
642,223,6,4,6,1.0,1
642,289,34,18,7,0.0,11
642,306,82,10,8,0.0,11
642,320,66,21,9,0.0,11
642,322,1,22,10,0.0,11
642,333,199,26,11,0.0,12
642,278,82,8,12,0.0,12
642,337,66,16,13,0.0,12
642,355,66,24,14,0.0,13
642,305,63,14,15,0.0,3
642,347,1,28,16,0.0,60
642,341,63,13,17,0.0,15
642,342,200,25,18,0.0,62
642,235,6,7,19,0.0,91
642,224,180,2,20,0.0,62
642,353,180,29,21,0.0,62
642,304,1,3,22,0.0,3
642,314,34,15,23,0.0,5
642,354,34,27,24,0.0,22
642,344,63,17,25,0.0,5
642,280,200,20,26,0.0,5
642,330,200,23,27,0.0,36
642,317,180,9,28,0.0,23
642,309,25,19,29,0.0,8
643,356,34,3,1,9.0,1
643,304,187,6,2,6.0,1
643,328,37,1,3,4.0,1
643,306,82,8,4,3.0,1
643,357,32,14,5,2.0,11
643,289,32,19,6,1.0,11
643,280,82,18,7,0.0,12
643,340,32,22,8,0.0,12
643,345,66,16,9,0.0,14
643,346,37,9,10,0.0,15
643,362,34,21,11,0.0,15
643,293,32,13,12,0.0,5
643,358,32,4,13,0.0,5
643,235,6,5,14,0.0,5
643,341,187,7,15,0.0,5
643,352,66,23,16,0.0,5
643,359,37,17,17,0.0,5
643,360,187,10,18,0.0,5
643,361,86,20,19,0.0,3
643,207,37,11,20,0.0,25
643,243,34,15,21,0.0,5
643,262,66,12,22,0.0,6
643,278,37,2,23,0.0,25
644,328,37,3,1,9.0,1
644,360,187,11,2,6.0,11
644,207,37,16,3,4.0,11
644,289,32,15,4,3.0,11
644,359,37,14,5,2.0,12
644,341,187,12,6,0.0,6
644,356,34,1,7,0.0,5
644,243,34,17,8,0.0,5
644,280,82,9,9,0.0,5
644,306,82,4,10,0.0,5
644,304,187,2,11,0.0,80
644,278,37,6,12,0.0,5
644,358,32,8,13,0.0,80
644,345,66,5,14,0.0,54
644,235,6,7,15,0.0,3
644,262,66,10,16,0.0,3
644,361,86,13,17,0.0,54
644,333,198,0,18,0.0,81
644,357,32,0,19,0.0,81
644,346,37,0,20,0.0,81
644,352,66,0,21,0.0,81
644,339,32,0,22,0.0,81
645,358,32,8,1,9.0,1
645,356,34,4,2,6.0,1
645,280,82,7,3,4.0,1
645,304,187,3,4,3.0,1
645,289,32,16,5,2.0,11
645,345,66,15,6,1.0,12
645,238,37,12,7,0.0,12
645,346,37,11,8,0.0,60
645,278,37,2,9,0.0,22
645,361,86,9,10,0.0,62
645,328,37,1,11,0.0,5
645,262,66,14,12,0.0,5
645,306,82,6,13,0.0,24
645,360,187,10,14,0.0,22
645,341,187,13,15,0.0,51
645,235,6,5,16,0.0,86
645,333,198,0,17,0.0,81
645,243,34,0,18,0.0,81
645,352,66,0,19,0.0,81
645,357,32,0,20,0.0,81
645,359,37,0,21,0.0,81
646,345,66,6,1,9.0,1
646,278,37,3,2,6.0,1
646,306,82,11,3,4.0,1
646,363,6,8,4,3.0,1
646,243,34,7,5,2.0,1
646,280,82,17,6,1.0,10
646,346,37,10,7,0.0,32
646,235,6,4,8,0.0,12
646,238,37,9,9,0.0,62
646,356,34,5,10,0.0,8
646,289,32,16,11,0.0,5
646,328,37,1,12,0.0,5
646,357,32,13,13,0.0,6
646,358,32,2,14,0.0,5
646,262,66,14,15,0.0,5
646,361,86,12,16,0.0,51
646,321,34,15,17,0.0,6
647,358,32,1,1,9.0,1
647,328,37,2,2,6.0,1
647,235,6,3,3,4.0,11
647,223,6,6,4,3.0,11
647,306,82,10,5,2.0,11
647,341,187,14,6,1.0,11
647,357,32,8,7,0.0,12
647,280,82,13,8,0.0,12
647,238,37,16,9,0.0,12
647,345,66,7,10,0.0,13
647,356,34,12,11,0.0,14
647,289,32,20,12,0.0,62
647,327,37,15,13,0.0,5
647,352,66,18,14,0.0,44
647,262,66,5,15,0.0,5
647,361,86,9,16,0.0,3
647,346,37,17,17,0.0,5
647,320,187,11,18,0.0,3
647,364,187,19,19,0.0,5
647,278,37,4,20,0.0,8
647,333,198,0,21,0.0,81
647,243,34,0,22,0.0,81
647,353,32,0,23,0.0,81
647,351,85,0,24,0.0,81
648,358,32,6,1,9.0,1
648,278,37,3,2,6.0,1
648,356,34,5,3,4.0,1
648,304,187,7,4,3.0,1
648,280,82,8,5,2.0,1
648,364,187,17,6,1.0,1
648,243,34,14,7,0.0,1
648,357,32,18,8,0.0,1
648,328,37,4,9,0.0,1
648,289,32,20,10,0.0,11
648,327,37,13,11,0.0,11
648,352,66,19,12,0.0,12
648,306,82,2,13,0.0,60
648,363,6,11,14,0.0,13
648,333,198,15,15,0.0,62
648,346,37,16,16,0.0,3
648,238,37,9,17,0.0,24
648,235,6,1,18,0.0,5
648,345,66,10,19,0.0,6
648,262,66,12,20,0.0,5
648,351,85,0,21,0.0,81
648,339,32,0,22,0.0,81
648,353,32,0,23,0.0,81
649,358,32,1,1,9.0,1
649,356,34,2,2,6.0,1
649,304,187,5,3,4.0,1
649,223,6,6,4,3.0,1
649,278,37,17,5,2.0,11
649,289,32,22,6,1.0,11
649,327,37,14,7,0.0,11
649,224,32,21,8,0.0,12
649,238,37,13,9,0.0,18
649,353,32,23,10,0.0,62
649,364,187,11,11,0.0,51
649,345,66,15,12,0.0,3
649,262,66,4,13,0.0,5
649,328,37,8,14,0.0,8
649,341,63,19,15,0.0,51
649,280,82,12,16,0.0,3
649,306,82,10,17,0.0,36
649,207,37,9,18,0.0,22
649,346,37,20,19,0.0,22
649,357,32,7,20,0.0,5
649,352,66,16,21,0.0,51
649,235,6,3,22,0.0,7
649,333,198,18,23,0.0,95
650,358,32,2,1,9.0,1
650,235,6,1,2,6.0,1
650,304,187,16,3,4.0,1
650,224,32,13,4,3.0,1
650,243,34,11,5,2.0,11
650,280,82,5,6,1.0,11
650,327,37,14,7,0.0,11
650,346,37,4,8,0.0,80
650,341,63,15,9,0.0,5
650,289,32,20,10,0.0,5
650,278,37,6,11,0.0,5
650,223,6,3,12,0.0,5
650,357,32,10,13,0.0,5
650,328,37,7,14,0.0,5
650,207,37,9,15,0.0,6
650,238,37,19,16,0.0,5
650,345,66,8,17,0.0,80
650,262,66,18,18,0.0,5
650,356,34,12,19,0.0,44
650,306,82,21,20,0.0,22
650,320,187,17,21,0.0,37
650,312,86,0,22,0.0,81
650,333,198,0,23,0.0,81
650,351,85,0,24,0.0,81
650,365,37,0,25,0.0,81
17,20,9,2,1,10.0,1
17,17,9,3,2,8.0,1
17,18,23,5,3,6.0,1
17,22,23,4,4,5.0,1
17,2,2,8,5,4.0,1
17,155,7,12,6,3.0,1
17,15,7,6,7,2.0,1
17,67,5,10,8,1.0,1
17,3,3,9,9,0.0,1
17,9,2,7,10,0.0,1
17,5,1,18,11,0.0,1
17,8,6,11,12,0.0,1
17,6,3,13,13,0.0,1
17,4,4,15,14,0.0,1
17,24,10,16,15,0.0,1
17,21,6,20,16,0.0,11
17,16,10,17,17,0.0,11
17,154,4,19,18,0.0,11
17,1,1,1,19,0.0,23
17,153,5,14,20,0.0,6
651,235,6,3,1,9.0,1
651,223,6,2,2,6.0,1
651,243,34,17,3,4.0,1
651,345,66,22,4,3.0,11
651,262,66,14,5,2.0,11
651,306,82,7,6,1.0,11
651,363,6,5,7,0.0,11
651,278,37,5,8,0.0,11
651,346,37,20,9,0.0,11
651,320,187,21,10,0.0,11
651,352,66,23,11,0.0,12
651,333,198,15,12,0.0,13
651,356,34,8,13,0.0,14
651,280,82,13,14,0.0,14
651,224,32,16,15,0.0,15
651,304,187,11,16,0.0,5
651,341,63,12,17,0.0,5
651,314,86,19,18,0.0,5
651,358,32,1,19,0.0,5
651,207,37,18,20,0.0,3
651,351,85,24,21,0.0,21
651,328,37,4,22,0.0,106
651,357,32,10,23,0.0,23
651,327,37,9,24,0.0,5
652,223,6,3,1,9.0,1
652,328,37,4,2,6.0,1
652,306,82,14,3,4.0,1
652,304,187,9,4,3.0,1
652,243,34,17,5,2.0,1
652,327,37,11,6,1.0,1
652,278,37,18,7,0.0,11
652,333,198,12,8,0.0,17
652,320,187,16,9,0.0,62
652,262,66,6,10,0.0,5
652,238,37,13,11,0.0,5
652,356,34,8,12,0.0,3
652,235,6,1,13,0.0,8
652,352,66,20,14,0.0,25
652,314,86,19,15,0.0,5
652,363,6,15,16,0.0,69
652,280,82,5,17,0.0,5
652,345,66,2,18,0.0,5
652,346,37,7,19,0.0,5
652,341,63,10,20,0.0,10
652,289,32,0,21,0.0,54
652,357,32,0,22,0.0,54
652,358,32,0,23,0.0,104
652,347,187,0,24,0.0,81
652,224,32,0,25,0.0,54
652,330,198,0,26,0.0,81
652,351,85,0,27,0.0,81
653,235,6,2,1,9.0,1
653,223,6,3,2,6.0,1
653,278,37,6,3,4.0,1
653,345,66,7,4,3.0,11
653,341,63,5,5,2.0,11
653,320,187,11,6,1.0,12
653,280,82,8,7,0.0,13
653,306,82,13,8,0.0,8
653,327,37,4,9,0.0,15
653,352,66,9,10,0.0,15
653,314,86,17,11,0.0,62
653,289,32,20,12,0.0,62
653,333,198,12,13,0.0,51
653,238,37,16,14,0.0,62
653,304,187,15,15,0.0,5
653,356,34,19,16,0.0,44
653,262,66,10,17,0.0,62
653,328,25,1,18,0.0,109
653,243,34,18,19,0.0,64
653,346,37,14,20,0.0,5
654,224,32,3,1,9.0,1
654,345,66,4,2,6.0,1
654,317,32,9,3,4.0,1
654,235,6,1,4,3.0,11
654,278,37,5,5,2.0,11
654,321,63,13,6,1.0,11
654,304,187,11,7,0.0,12
654,280,82,12,8,0.0,13
654,346,37,23,9,0.0,13
654,356,34,16,10,0.0,13
654,238,37,15,11,0.0,14
654,243,34,19,12,0.0,14
654,223,6,6,13,0.0,17
654,320,187,21,14,0.0,18
654,328,25,2,15,0.0,44
654,289,32,10,16,0.0,8
654,327,37,17,17,0.0,36
654,314,86,20,18,0.0,22
654,347,187,24,19,0.0,110
654,306,82,18,20,0.0,64
654,366,34,22,21,0.0,95
654,262,66,7,22,0.0,5
654,352,66,14,23,0.0,5
654,341,63,8,24,0.0,5
654,367,66,0,25,0.0,81
654,353,32,0,26,0.0,81
654,333,198,0,27,0.0,81
655,235,6,3,1,9.0,1
655,223,6,1,2,6.0,1
655,304,187,14,3,4.0,1
655,278,37,5,4,3.0,1
655,306,82,6,5,2.0,1
655,345,66,7,6,1.0,1
655,262,66,13,7,0.0,11
655,341,63,15,8,0.0,11
655,280,82,11,9,0.0,14
655,317,32,12,10,0.0,62
655,356,34,4,11,0.0,5
655,328,25,2,12,0.0,22
655,320,187,10,13,0.0,5
655,243,34,17,14,0.0,69
655,327,37,9,15,0.0,5
655,289,32,8,16,0.0,25
655,346,37,16,17,0.0,5
655,224,32,18,18,0.0,5
656,328,196,4,1,9.0,1
656,289,180,7,2,6.0,1
656,304,187,3,3,4.0,1
656,346,180,12,4,3.0,1
656,360,187,8,5,2.0,11
656,306,196,11,6,1.0,12
656,262,66,14,7,0.0,13
656,368,191,17,8,0.0,17
656,362,191,16,9,0.0,62
656,358,180,2,10,0.0,48
656,341,66,18,11,0.0,5
656,345,66,15,12,0.0,47
656,278,6,5,13,0.0,5
656,356,182,1,14,0.0,64
656,207,180,6,15,0.0,6
656,340,180,10,16,0.0,80
656,235,182,13,17,0.0,80
656,369,187,9,18,0.0,23
657,328,196,4,1,9.0,1
657,360,187,13,2,6.0,12
657,306,196,12,3,4.0,13
657,304,187,8,4,3.0,13
657,341,66,9,5,2.0,16
657,235,182,7,6,1.0,17
657,345,66,14,7,0.0,5
657,278,6,2,8,0.0,5
657,356,182,5,9,0.0,5
657,346,180,6,10,0.0,44
657,358,180,1,11,0.0,3
657,361,182,11,12,0.0,5
657,289,180,3,13,0.0,3
657,262,66,10,14,0.0,108
658,289,180,4,1,9.0,1
658,361,182,9,2,6.0,1
658,346,180,5,3,4.0,1
658,370,180,10,4,3.0,1
658,360,187,11,5,2.0,11
658,304,187,12,6,1.0,12
658,350,167,16,7,0.0,16
658,235,182,7,8,0.0,22
658,328,196,1,9,0.0,86
658,306,196,3,10,0.0,86
658,278,6,2,11,0.0,24
658,345,66,14,12,0.0,5
658,351,182,15,13,0.0,86
658,341,66,6,14,0.0,6
658,356,182,8,15,0.0,3
658,262,66,13,16,0.0,3
659,328,196,2,1,9.0,1
659,346,180,10,2,6.0,1
659,278,6,4,3,4.0,1
659,304,187,7,4,3.0,1
659,235,182,5,5,2.0,1
659,356,182,8,6,1.0,1
659,289,180,3,7,0.0,12
659,306,187,11,8,0.0,13
659,341,66,12,9,0.0,13
659,350,187,15,10,0.0,16
659,351,182,14,11,0.0,80
659,360,187,6,12,0.0,22
659,358,180,1,13,0.0,86
659,361,182,9,14,0.0,8
659,262,66,13,15,0.0,6
660,328,196,1,1,9.0,1
660,306,196,5,2,6.0,1
660,235,182,4,3,4.0,1
660,360,187,7,4,3.0,11
660,350,187,10,5,2.0,11
660,289,180,8,6,1.0,11
660,351,182,13,7,0.0,12
660,304,187,2,8,0.0,13
660,346,180,9,9,0.0,14
660,278,6,6,10,0.0,5
660,358,180,3,11,0.0,68
660,361,182,11,12,0.0,83
660,357,180,12,13,0.0,48
661,328,196,2,1,9.0,1
661,235,182,4,2,6.0,11
661,360,187,7,3,4.0,11
661,358,180,1,4,3.0,11
661,361,182,10,5,2.0,11
661,350,187,11,6,1.0,12
661,289,180,12,7,0.0,12
661,346,180,9,8,0.0,13
661,306,196,17,9,0.0,16
661,357,180,14,10,0.0,19
661,345,6,8,11,0.0,5
661,278,6,5,12,0.0,6
661,304,187,3,13,0.0,80
661,262,66,13,14,0.0,7
661,347,180,16,15,0.0,5
661,321,187,15,16,0.0,22
661,341,66,6,17,0.0,22
662,235,182,1,1,9.0,1
662,328,196,2,2,6.0,1
662,360,187,8,3,4.0,1
662,289,180,9,4,3.0,1
662,346,180,4,5,2.0,22
662,306,196,10,6,1.0,22
662,304,187,5,7,0.0,7
662,262,197,16,8,0.0,44
662,358,180,3,9,0.0,80
662,347,180,23,10,0.0,95
662,361,182,7,11,0.0,3
662,350,187,6,12,0.0,3
662,207,180,15,13,0.0,3
662,341,66,11,14,0.0,54
663,328,196,3,1,9.0,1
663,358,180,1,2,6.0,1
663,306,196,6,3,4.0,1
663,360,187,5,4,3.0,1
663,361,182,4,5,2.0,1
663,345,6,12,6,1.0,12
663,304,187,2,7,0.0,12
663,346,180,8,8,0.0,5
663,289,180,9,9,0.0,86
663,235,182,15,10,0.0,60
663,341,66,10,11,0.0,62
663,262,66,11,12,0.0,51
663,351,182,13,13,0.0,95
663,356,182,7,14,0.0,44
663,357,180,14,15,0.0,5
664,235,182,1,1,9.0,1
664,356,182,6,2,6.0,1
664,358,180,3,3,4.0,1
664,306,196,2,4,3.0,11
664,360,187,9,5,2.0,13
664,359,196,15,6,1.0,16
664,353,180,16,7,0.0,19
664,343,66,18,8,0.0,62
664,289,180,7,9,0.0,5
664,346,180,8,10,0.0,86
664,357,180,11,11,0.0,6
664,345,6,13,12,0.0,51
664,328,196,4,13,0.0,4
664,371,189,17,14,0.0,2
664,341,66,14,15,0.0,5
664,361,182,10,16,0.0,95
664,372,183,19,17,0.0,44
664,304,187,5,18,0.0,99
664,262,66,12,19,0.0,5
664,351,182,20,20,0.0,3
665,358,180,1,1,9.0,1
665,361,182,9,2,6.0,1
665,341,66,11,3,4.0,12
665,356,182,18,4,3.0,12
665,345,6,12,5,2.0,17
665,351,182,17,6,1.0,88
665,359,196,15,7,0.0,62
665,289,180,4,8,0.0,3
665,235,182,8,9,0.0,5
665,352,66,9,10,0.0,5
665,306,196,7,11,0.0,5
665,304,187,2,12,0.0,6
665,328,196,3,13,0.0,5
665,353,180,16,14,0.0,86
665,262,66,14,15,0.0,5
665,346,180,13,16,0.0,69
665,207,180,5,17,0.0,22
665,360,187,6,18,0.0,5
666,304,187,4,1,9.0,1
666,235,182,2,2,6.0,1
666,356,182,1,3,4.0,1
666,328,196,3,4,3.0,1
666,306,196,8,5,2.0,1
666,262,66,12,6,1.0,12
666,345,6,15,7,0.0,12
666,359,196,14,8,0.0,12
666,353,180,16,9,0.0,13
666,361,182,9,10,0.0,14
666,351,182,13,11,0.0,95
666,341,66,10,12,0.0,6
666,358,180,6,13,0.0,22
666,352,66,17,14,0.0,6
666,346,180,5,15,0.0,3
666,357,180,11,16,0.0,48
666,360,187,7,17,0.0,54
667,373,180,1,1,9.0,1
667,289,180,2,2,6.0,1
667,358,191,4,3,4.0,1
667,278,6,8,4,3.0,12
667,304,194,9,5,2.0,12
667,306,196,18,6,1.0,13
667,346,167,16,7,0.0,13
667,341,11,6,8,0.0,15
667,340,191,17,9,0.0,15
667,334,183,23,10,0.0,62
667,364,190,12,11,0.0,44
667,235,6,11,12,0.0,44
667,347,167,19,13,0.0,25
667,328,196,3,14,0.0,5
667,368,89,22,15,0.0,25
667,369,170,20,16,0.0,5
667,345,66,10,17,0.0,69
667,356,191,5,18,0.0,5
667,333,6,7,19,0.0,3
667,374,66,14,20,0.0,69
667,312,167,21,21,0.0,44
667,293,191,14,22,0.0,24
667,375,195,15,23,0.0,110
668,289,180,6,1,9.0,1
668,304,187,3,2,6.0,1
668,312,195,13,3,4.0,11
668,375,195,12,4,3.0,11
668,306,196,5,5,2.0,19
668,360,187,4,6,0.0,44
668,341,11,7,7,0.0,6
668,346,180,10,8,0.0,7
668,278,6,1,9,0.0,48
668,361,66,11,10,0.0,48
668,345,66,2,11,0.0,3
668,235,6,8,12,0.0,80
668,358,191,9,13,0.0,51
668,356,191,0,14,0.0,54
669,289,180,1,1,9.0,1
669,370,66,6,2,6.0,1
669,376,195,14,3,4.0,14
669,375,195,15,4,3.0,14
669,304,187,10,5,2.0,17
669,341,11,4,6,0.0,6
669,345,66,9,7,0.0,3
669,346,180,3,8,0.0,24
669,306,82,8,9,0.0,3
669,361,66,11,10,0.0,83
669,364,190,16,11,0.0,5
669,358,191,5,12,0.0,3
669,356,191,12,13,0.0,22
669,359,196,2,14,0.0,86
669,360,187,7,15,0.0,3
669,262,180,13,16,0.0,3
669,347,194,0,17,0.0,81
669,351,191,0,18,0.0,81
670,360,187,6,1,9.0,1
670,345,66,8,2,6.0,1
670,235,6,3,3,4.0,1
670,328,196,2,4,3.0,60
670,262,180,15,5,2.0,7
670,376,195,12,6,1.0,12
670,346,180,9,7,0.0,51
670,306,82,13,8,0.0,13
670,361,66,7,9,0.0,5
670,304,187,5,10,0.0,86
670,341,11,4,11,0.0,22
670,278,6,1,12,0.0,21
670,312,195,11,13,0.0,20
670,370,66,18,14,0.0,108
670,356,191,10,15,0.0,37
670,289,180,14,16,0.0,86
670,358,191,17,17,0.0,5
670,347,194,16,18,0.0,36
671,328,196,5,1,9.0,1
671,306,82,16,2,6.0,1
671,345,66,11,3,4.0,11
671,235,6,6,4,3.0,12
671,351,191,7,5,2.0,13
671,278,6,1,6,1.0,15
671,370,66,15,7,0.0,15
671,347,194,19,8,0.0,18
671,289,180,3,9,0.0,3
671,262,180,10,10,0.0,62
671,364,191,12,11,0.0,37
671,346,180,13,12,0.0,6
671,341,11,9,13,0.0,91
671,361,66,14,14,0.0,20
671,358,191,2,15,0.0,80
671,356,191,4,16,0.0,20
671,360,187,8,17,0.0,3
671,304,187,7,18,0.0,80
671,376,195,18,19,0.0,3
672,235,6,3,1,9.0,1
672,341,11,7,2,6.0,1
672,328,196,2,3,4.0,11
672,350,195,17,4,3.0,12
672,304,187,4,5,2.0,12
672,361,66,14,6,1.0,13
672,370,66,12,7,0.0,13
672,360,187,6,8,0.0,14
672,306,82,8,9,0.0,14
672,278,6,5,10,0.0,15
672,346,180,11,11,0.0,16
672,345,66,10,12,0.0,62
672,358,191,1,13,0.0,95
672,356,191,13,14,0.0,48
672,289,180,9,15,0.0,86
672,359,195,15,16,0.0,3
672,377,11,16,17,0.0,3
673,346,180,4,1,9.0,1
673,278,6,3,2,6.0,1
673,235,6,12,3,4.0,11
673,304,187,11,4,3.0,11
673,341,11,9,5,2.0,12
673,328,196,7,6,1.0,12
673,360,187,10,7,0.0,13
673,361,66,16,8,0.0,18
673,358,191,5,9,0.0,95
673,345,66,13,10,0.0,5
673,351,191,19,11,0.0,62
673,262,180,2,12,0.0,7
673,378,195,18,13,0.0,80
673,289,180,1,14,0.0,86
673,350,195,7,15,0.0,5
673,306,82,14,16,0.0,5
673,370,66,15,17,0.0,21
673,364,190,6,18,0.0,48
673,347,194,20,19,0.0,5
673,356,191,8,20,0.0,5
674,328,196,6,1,9.0,1
674,289,180,4,2,6.0,1
674,358,191,3,3,4.0,1
674,235,6,1,4,3.0,1
674,356,191,15,5,2.0,1
674,345,66,14,6,1.0,1
674,304,187,11,7,0.0,1
674,361,66,8,8,0.0,1
674,364,190,10,9,0.0,1
674,365,26,18,10,0.0,1
674,262,180,13,11,0.0,11
674,379,191,17,12,0.0,11
674,360,1,16,13,0.0,11
674,370,66,20,14,0.0,11
674,278,6,2,15,0.0,3
674,306,82,12,16,0.0,3
674,346,180,9,17,0.0,80
674,376,195,19,18,0.0,95
674,341,11,7,19,0.0,80
674,350,195,5,20,0.0,3
675,304,187,7,1,9.0,1
675,359,196,13,2,6.0,1
675,235,6,4,3,4.0,1
675,361,66,17,4,3.0,11
675,306,82,18,5,2.0,12
675,347,194,19,6,1.0,14
675,346,180,9,7,0.0,22
675,356,191,16,8,0.0,51
675,328,196,6,9,0.0,5
675,322,11,14,10,0.0,5
675,262,180,11,11,0.0,7
675,360,187,2,12,0.0,44
675,358,191,10,13,0.0,5
675,345,66,15,14,0.0,5
675,364,190,12,15,0.0,5
675,289,180,5,16,0.0,36
675,341,11,1,17,0.0,3
675,278,6,3,18,0.0,3
675,321,6,8,19,0.0,69
675,350,195,20,20,0.0,3
675,380,66,0,21,0.0,81
675,351,191,0,22,0.0,81
676,304,187,6,1,9.0,1
676,360,187,8,2,6.0,11
676,345,66,12,3,4.0,12
676,289,180,5,4,3.0,14
676,350,195,16,5,2.0,14
676,328,196,11,6,1.0,17
676,306,82,15,7,0.0,6
676,278,6,2,8,0.0,7
676,359,196,13,9,0.0,3
676,376,195,18,10,0.0,62
676,280,82,19,11,0.0,51
676,358,191,1,12,0.0,5
676,262,180,19,13,0.0,86
676,356,191,10,14,0.0,22
676,346,180,3,15,0.0,44
676,364,187,4,16,0.0,21
676,361,66,14,17,0.0,6
676,343,180,20,18,0.0,86
676,341,11,7,19,0.0,6
676,347,194,17,20,0.0,69
676,235,6,0,21,0.0,3
677,328,196,2,1,9.0,1
677,289,180,3,2,6.0,1
677,341,11,9,3,4.0,11
677,364,187,7,4,3.0,11
677,346,180,12,5,2.0,13
677,360,187,10,6,1.0,15
677,361,66,14,7,0.0,60
677,304,1,5,8,0.0,3
677,376,195,20,9,0.0,62
677,356,191,8,10,0.0,5
677,358,191,6,11,0.0,5
677,350,195,17,12,0.0,5
677,345,66,11,13,0.0,22
677,347,194,18,14,0.0,62
677,278,6,4,15,0.0,103
677,306,82,13,16,0.0,7
677,381,66,19,17,0.0,5
677,207,180,1,18,0.0,8
677,321,6,15,19,0.0,5
677,262,180,0,20,0.0,54
678,289,180,3,1,9.0,1
678,360,187,9,2,6.0,1
678,262,180,14,3,4.0,1
678,345,66,12,4,3.0,1
678,347,11,18,5,2.0,11
678,346,180,1,6,1.0,11
678,328,196,7,7,0.0,11
678,350,195,17,8,0.0,12
678,280,82,20,9,0.0,13
678,356,191,8,10,0.0,51
678,359,196,16,11,0.0,80
678,364,187,5,12,0.0,22
678,361,66,19,13,0.0,5
678,376,195,21,14,0.0,5
678,341,11,6,15,0.0,25
678,278,6,2,16,0.0,7
678,382,180,11,17,0.0,41
678,304,187,4,18,0.0,22
678,306,82,13,19,0.0,22
678,235,6,15,20,0.0,80
678,358,191,10,21,0.0,80
679,345,167,4,1,9.0,1
679,340,170,5,2,6.0,1
679,341,11,6,3,4.0,11
679,304,191,2,4,3.0,12
679,383,183,10,5,2.0,12
679,356,191,1,6,1.0,14
679,293,183,8,7,0.0,62
679,384,183,17,8,0.0,62
679,368,184,14,9,0.0,3
679,361,176,18,10,0.0,69
679,364,189,11,11,0.0,22
679,346,167,16,12,0.0,5
679,358,167,7,13,0.0,5
679,374,66,13,14,0.0,44
679,347,167,12,15,0.0,5
679,373,176,3,16,0.0,5
679,289,176,15,17,0.0,3
679,328,66,9,18,0.0,5
680,304,191,4,1,9.0,1
680,289,176,8,2,6.0,11
680,278,6,14,3,4.0,12
680,360,194,10,4,3.0,13
680,345,167,16,5,2.0,14
680,374,66,12,6,1.0,14
680,385,6,2,7,0.0,3
680,361,66,13,8,0.0,20
680,373,172,5,9,0.0,22
680,341,11,3,10,0.0,5
680,346,167,9,11,0.0,51
680,328,66,6,12,0.0,24
680,358,167,15,13,0.0,6
680,364,190,7,14,0.0,48
680,359,82,11,15,0.0,98
680,356,191,1,16,0.0,5
680,383,183,0,17,0.0,81
680,306,82,0,18,0.0,81
680,386,189,0,19,0.0,81
681,373,180,8,1,9.0,1
681,356,191,3,2,6.0,1
681,304,191,7,3,4.0,1
681,278,6,9,4,3.0,1
681,387,6,10,5,2.0,11
681,375,6,15,6,1.0,11
681,388,176,13,7,0.0,12
681,374,66,12,8,0.0,13
681,383,183,17,9,0.0,14
681,346,167,16,10,0.0,17
681,341,11,6,11,0.0,37
681,328,66,11,12,0.0,23
681,358,167,4,13,0.0,22
681,345,167,5,14,0.0,6
681,289,180,1,15,0.0,5
681,364,190,2,16,0.0,98
681,360,194,14,17,0.0,3
682,364,190,2,1,9.0,1
682,328,66,6,2,6.0,1
682,278,6,5,3,4.0,1
682,358,167,4,4,3.0,1
682,374,66,11,5,2.0,11
682,373,180,1,6,1.0,11
682,346,167,16,7,0.0,11
682,383,183,17,8,0.0,12
682,345,167,13,9,0.0,5
682,389,167,18,10,0.0,13
682,375,6,9,11,0.0,62
682,356,191,7,12,0.0,5
682,304,191,14,13,0.0,5
682,347,167,12,14,0.0,5
682,289,180,3,15,0.0,8
682,341,11,10,16,0.0,5
682,388,66,15,17,0.0,5
682,387,6,8,18,0.0,3
683,356,191,2,1,9.0,1
683,304,191,6,2,6.0,1
683,328,66,10,3,4.0,11
683,346,167,11,4,3.0,13
683,388,66,9,5,2.0,5
683,345,167,13,6,1.0,14
683,389,167,15,7,0.0,62
683,278,6,7,8,0.0,37
683,364,190,3,9,0.0,95
683,358,167,8,10,0.0,5
683,360,190,5,11,0.0,80
683,373,180,4,12,0.0,24
683,383,183,14,13,0.0,80
683,289,180,1,14,0.0,24
683,374,66,12,15,0.0,86
684,373,180,1,1,9.0,1
684,304,191,4,2,6.0,1
684,278,6,6,3,4.0,1
684,356,191,3,4,3.0,1
684,345,167,9,5,2.0,11
684,341,11,7,6,1.0,12
684,388,66,13,7,0.0,13
684,322,66,14,8,0.0,13
684,390,167,15,9,0.0,14
684,389,191,21,10,0.0,14
684,383,183,17,11,0.0,5
684,289,180,2,12,0.0,5
684,374,66,11,13,0.0,80
684,364,190,5,14,0.0,8
684,351,193,20,15,0.0,51
684,358,167,8,16,0.0,5
684,328,66,12,17,0.0,7
684,360,190,10,18,0.0,5
684,346,167,18,19,0.0,5
684,347,167,9,20,0.0,5
684,361,66,0,21,0.0,54
685,304,191,2,1,9.0,1
685,356,191,7,2,6.0,1
685,278,6,8,3,4.0,1
685,341,11,6,4,3.0,1
685,262,180,19,5,0.0,1
685,347,167,16,6,2.0,1
685,390,182,20,7,0.0,1
685,389,191,17,8,1.0,11
685,388,66,15,9,0.0,12
685,322,26,22,10,0.0,12
685,345,167,10,11,0.0,12
685,364,190,4,12,0.0,86
685,235,82,18,13,0.0,22
685,391,90,25,14,0.0,13
685,346,167,12,15,0.0,48
685,289,180,13,16,0.0,22
685,365,26,14,17,0.0,22
685,328,66,3,18,0.0,24
685,373,180,1,19,0.0,22
685,358,167,9,20,0.0,21
685,379,90,23,21,0.0,21
685,360,190,5,22,0.0,44
685,374,66,11,23,0.0,24
685,377,82,21,24,0.0,5
686,356,191,7,1,9.0,1
686,304,191,3,2,6.0,1
686,364,190,5,3,4.0,11
686,289,180,2,4,3.0,12
686,374,66,10,5,2.0,13
686,278,6,4,6,1.0,13
686,360,194,6,7,0.0,14
686,347,167,14,8,0.0,15
686,322,66,12,9,0.0,15
686,370,167,13,10,0.0,16
686,392,176,17,11,0.0,19
686,373,180,1,12,0.0,80
686,326,180,16,13,0.0,2
686,328,66,9,14,0.0,37
686,371,189,15,15,0.0,62
686,388,66,11,16,0.0,20
686,358,167,8,17,0.0,80
686,393,170,0,18,0.0,81
687,341,11,9,1,9.0,1
687,356,191,2,2,6.0,1
687,373,180,1,3,4.0,1
687,358,167,11,4,3.0,1
687,374,66,12,5,2.0,11
687,235,167,15,6,1.0,12
687,278,6,4,7,0.0,14
687,289,180,8,8,0.0,5
687,346,167,13,9,0.0,3
687,394,180,17,10,0.0,5
687,360,194,3,11,0.0,5
687,347,167,14,12,0.0,25
687,328,66,7,13,0.0,5
687,304,191,6,14,0.0,25
687,389,191,18,15,0.0,5
687,388,66,16,16,0.0,98
687,375,190,10,17,0.0,5
687,364,190,5,18,0.0,5
688,373,180,2,1,9.0,1
688,289,180,1,2,6.0,1
688,304,191,6,3,4.0,11
688,346,167,12,4,3.0,12
688,356,191,5,5,2.0,14
688,347,167,15,6,1.0,17
688,306,187,18,7,0.0,17
688,341,11,11,8,0.0,91
688,278,6,4,9,0.0,5
688,328,66,10,10,0.0,98
688,235,167,16,11,0.0,25
688,389,191,17,12,0.0,5
688,388,66,14,13,0.0,5
688,374,66,13,14,0.0,5
688,358,167,8,15,0.0,5
688,364,190,3,16,0.0,22
688,360,194,9,17,0.0,47
688,382,180,7,18,0.0,80
689,373,180,1,1,9.0,1
689,356,191,5,2,6.0,1
689,304,191,6,3,4.0,11
689,341,11,7,4,3.0,11
689,374,66,11,5,2.0,12
689,345,167,13,6,1.0,12
689,306,187,14,7,0.0,12
689,395,6,16,8,0.0,12
689,278,6,2,9,0.0,60
689,347,167,17,10,0.0,14
689,389,191,19,11,0.0,14
689,346,167,10,12,0.0,25
689,360,194,8,13,0.0,51
689,388,66,15,14,0.0,44
689,328,66,12,15,0.0,5
689,289,180,4,16,0.0,86
689,382,176,9,17,0.0,22
689,364,189,3,18,0.0,21
689,392,176,10,19,0.0,69
690,328,66,3,1,9.0,1
690,385,6,5,2,6.0,1
690,289,66,4,3,4.0,11
690,396,66,16,4,3.0,15
690,386,167,9,5,0.0,7
690,389,167,15,6,0.0,62
690,347,167,16,7,0.0,62
690,373,172,1,8,0.0,22
690,358,167,7,9,0.0,5
690,346,181,13,10,0.0,8
690,374,176,12,11,0.0,22
690,356,191,11,12,0.0,6
690,341,6,2,13,0.0,7
690,304,183,6,14,0.0,7
690,360,187,10,15,0.0,44
690,383,183,8,16,0.0,5
691,341,6,1,1,9.0,1
691,358,167,2,2,6.0,1
691,385,6,5,3,4.0,11
691,356,191,4,4,3.0,12
691,386,167,8,5,2.0,13
691,389,167,12,6,0.0,62
691,364,189,15,7,0.0,62
691,328,66,3,8,0.0,3
691,347,167,6,9,0.0,3
691,374,176,7,10,0.0,3
691,289,66,9,11,0.0,3
691,373,172,10,12,0.0,5
691,396,66,11,13,0.0,3
691,304,183,13,14,0.0,3
691,346,167,14,15,0.0,3
691,360,188,0,16,0.0,54
691,397,176,0,17,0.0,5
691,398,66,0,18,0.0,54
692,356,191,4,1,9.0,1
692,387,6,3,2,6.0,1
692,304,191,9,3,4.0,12
692,358,167,5,4,3.0,12
692,364,189,14,5,2.0,13
692,399,181,15,6,1.0,13
692,383,183,12,7,0.0,14
692,278,167,7,8,0.0,14
692,389,167,11,9,0.0,62
692,345,172,13,10,0.0,44
692,385,6,1,11,0.0,62
692,347,183,17,12,0.0,62
692,289,66,8,13,0.0,5
692,346,167,6,14,0.0,69
692,374,176,10,15,0.0,8
692,341,167,2,16,0.0,69
692,397,176,16,17,0.0,6
693,356,191,1,1,9.0,1
693,304,191,2,2,6.0,1
693,289,66,4,3,4.0,11
693,373,172,5,4,3.0,11
693,358,167,7,5,2.0,11
693,360,188,13,6,1.0,12
693,388,183,12,7,0.0,12
693,399,181,16,8,0.0,14
693,396,66,14,9,0.0,14
693,389,167,17,10,0.0,15
693,400,192,19,11,0.0,17
693,383,183,10,12,0.0,62
693,346,167,11,13,0.0,62
693,341,167,6,14,0.0,7
693,347,183,15,15,0.0,8
693,397,176,20,16,0.0,6
693,328,66,8,17,0.0,5
693,374,176,9,18,0.0,44
693,364,189,3,19,0.0,5
693,401,91,18,20,0.0,5
694,356,191,1,1,9.0,1
694,289,66,7,2,6.0,11
694,373,172,3,3,4.0,12
694,328,66,8,4,3.0,12
694,374,176,12,5,2.0,13
694,385,6,9,6,1.0,13
694,347,167,13,7,0.0,16
694,399,181,17,8,0.0,16
694,389,167,16,9,0.0,16
694,346,167,11,10,0.0,5
694,383,183,14,11,0.0,22
694,341,167,10,12,0.0,10
694,304,191,2,13,0.0,80
694,397,176,15,14,0.0,80
694,364,189,4,15,0.0,44
694,387,6,5,16,0.0,3
694,358,167,6,17,0.0,3
695,356,191,5,1,9.0,1
695,341,167,2,2,6.0,1
695,358,167,9,3,4.0,1
695,289,66,10,4,3.0,1
695,328,66,3,5,2.0,1
695,385,6,6,6,1.0,1
695,364,189,8,7,0.0,10
695,397,176,17,8,0.0,11
695,374,176,13,9,0.0,91
695,373,172,1,10,0.0,3
695,400,192,26,11,0.0,22
695,375,6,4,12,0.0,10
695,387,6,7,13,0.0,3
695,304,191,15,14,0.0,80
695,347,167,12,15,0.0,8
695,396,66,11,16,0.0,5
695,383,183,14,17,0.0,7
695,399,181,25,18,0.0,3
695,389,167,0,19,0.0,82
696,375,6,2,1,9.0,1
696,387,6,1,2,6.0,1
696,304,191,10,3,4.0,1
696,358,167,8,4,3.0,11
696,374,176,14,5,2.0,11
696,383,183,15,6,1.0,12
696,396,66,18,7,0.0,13
696,397,176,13,8,0.0,5
696,402,172,20,9,0.0,15
696,394,6,16,10,0.0,62
696,373,176,3,11,0.0,6
696,346,167,17,12,0.0,5
696,385,6,5,13,0.0,80
696,341,167,4,14,0.0,95
696,386,11,7,15,0.0,3
696,356,191,6,16,0.0,44
696,364,190,19,17,0.0,5
696,328,66,9,18,0.0,95
696,347,167,12,19,0.0,37
696,289,66,11,20,0.0,5
696,403,189,0,21,0.0,81
696,278,181,0,22,0.0,81
697,373,176,2,1,9.0,1
697,358,167,9,2,6.0,60
697,341,167,4,3,4.0,11
697,346,167,13,4,3.0,13
697,360,187,11,5,2.0,13
697,397,172,19,6,1.0,17
697,404,66,17,7,0.0,91
697,386,11,8,8,0.0,62
697,374,176,12,9,0.0,80
697,405,11,18,10,0.0,5
697,347,167,15,11,0.0,62
697,356,191,1,12,0.0,5
697,328,66,6,13,0.0,5
697,289,66,5,14,0.0,24
697,385,6,3,15,0.0,5
697,304,191,7,16,0.0,5
697,345,176,10,17,0.0,31
697,364,190,14,18,0.0,8
697,396,189,16,19,0.0,2
698,341,167,1,1,9.0,1
698,356,191,4,2,6.0,1
698,304,191,6,3,4.0,11
698,386,11,3,4,3.0,11
698,364,189,9,5,2.0,11
698,347,167,12,6,1.0,12
698,397,176,17,7,0.0,14
698,405,11,13,8,0.0,15
698,345,176,8,9,0.0,24
698,360,187,14,10,0.0,5
698,346,167,11,11,0.0,22
698,358,167,5,12,0.0,22
698,404,66,16,13,0.0,7
698,328,66,10,14,0.0,44
698,396,190,18,15,0.0,69
698,289,66,7,16,0.0,5
698,373,176,2,17,0.0,6
698,382,167,15,18,0.0,25
699,373,172,1,1,9.0,1
699,341,6,2,2,6.0,1
699,289,66,5,3,4.0,1
699,374,172,4,4,3.0,1
699,360,170,8,5,2.0,11
699,328,66,11,6,1.0,12
699,346,181,14,7,0.0,12
699,356,183,3,8,0.0,14
699,406,182,16,9,0.0,14
699,362,51,17,10,0.0,16
699,408,176,13,11,0.0,18
699,380,181,15,12,0.0,88
699,368,185,20,13,0.0,55
699,407,182,19,14,0.0,111
699,385,6,6,15,0.0,80
699,383,183,12,16,0.0,62
699,347,183,7,17,0.0,8
699,358,170,10,18,0.0,10
699,340,170,18,19,0.0,86
699,364,183,9,20,0.0,80
699,409,186,0,21,0.0,81
699,410,172,0,22,0.0,81
699,411,184,0,23,0.0,81
699,412,180,0,24,0.0,81
699,413,172,0,25,0.0,81
699,414,172,0,26,0.0,97
699,334,185,0,27,0.0,97
699,293,180,0,28,0.0,97
699,415,93,0,29,0.0,54
699,416,167,0,30,0.0,54
699,417,170,0,31,0.0,54
700,289,66,1,1,9.0,1
700,385,6,4,2,6.0,1
700,328,66,3,3,4.0,1
700,341,6,5,4,3.0,60
700,360,170,7,5,2.0,12
700,346,181,10,6,1.0,12
700,347,183,13,7,0.0,13
700,304,183,8,8,0.0,18
700,383,183,9,9,0.0,112
700,406,172,14,10,0.0,3
700,356,183,2,11,0.0,5
700,370,176,6,12,0.0,36
700,405,11,15,13,0.0,6
700,380,181,11,14,0.0,5
700,305,176,12,15,0.0,6
700,386,11,17,16,0.0,86
700,358,170,0,17,0.0,81
701,373,172,2,1,9.0,1
701,328,66,3,2,6.0,1
701,360,170,9,3,4.0,11
701,356,183,10,4,3.0,11
701,289,66,1,5,2.0,11
701,386,11,4,6,1.0,11
701,374,172,12,7,0.0,11
701,346,181,8,8,0.0,11
701,385,6,15,9,0.0,12
701,364,183,5,10,0.0,12
701,358,170,14,11,0.0,13
701,376,66,17,12,0.0,13
701,404,176,16,13,0.0,15
701,370,176,13,14,0.0,3
701,418,66,20,15,0.0,48
701,347,183,7,16,0.0,80
701,405,11,11,17,0.0,6
701,341,6,6,18,0.0,5
701,380,181,19,19,0.0,80
702,373,172,1,1,9.0,1
702,328,66,2,2,6.0,1
702,341,6,4,3,4.0,1
702,304,183,6,4,3.0,1
702,289,66,13,5,2.0,11
702,346,181,14,6,1.0,11
702,374,172,10,7,0.0,11
702,385,6,3,8,0.0,3
702,383,183,15,9,0.0,69
702,360,170,9,10,0.0,22
702,347,183,11,11,0.0,91
702,278,176,8,12,0.0,69
702,404,176,17,13,0.0,6
702,364,183,5,14,0.0,5
702,386,11,7,15,0.0,80
702,405,11,16,16,0.0,80
702,358,170,12,17,0.0,3
703,373,172,1,1,9.0,1
703,289,66,2,2,6.0,1
703,341,6,5,3,4.0,1
703,374,172,6,4,3.0,1
703,328,66,4,5,2.0,1
703,364,183,7,6,1.0,11
703,347,183,14,7,0.0,11
703,380,181,13,8,0.0,12
703,346,181,18,9,0.0,12
703,360,170,11,10,0.0,13
703,420,181,20,11,0.0,17
703,418,66,19,12,0.0,88
703,370,176,16,13,0.0,50
703,358,170,12,14,0.0,5
703,404,176,15,15,0.0,5
703,419,170,21,16,0.0,80
703,383,183,17,17,0.0,6
703,304,183,10,18,0.0,91
703,386,11,3,19,0.0,98
703,385,6,9,20,0.0,5
703,356,183,8,21,0.0,54
703,421,186,0,22,0.0,81
703,422,172,0,23,0.0,81
704,373,172,2,1,9.0,1
704,328,66,6,2,6.0,1
704,364,183,5,3,4.0,1
704,289,66,1,4,3.0,1
704,304,183,7,5,2.0,11
704,386,11,3,6,1.0,11
704,341,6,4,7,0.0,11
704,374,172,8,8,0.0,11
704,385,6,12,9,0.0,11
704,404,176,13,10,0.0,12
704,380,181,11,11,0.0,13
704,370,176,17,12,0.0,13
704,346,181,10,13,0.0,113
704,358,170,14,14,0.0,51
704,360,170,9,15,0.0,24
704,347,183,15,16,0.0,44
704,383,183,16,17,0.0,5
705,373,172,1,1,9.0,1
705,289,66,3,2,6.0,1
705,364,183,5,3,4.0,1
705,358,170,8,4,3.0,1
705,356,183,14,5,2.0,1
705,385,6,7,6,1.0,1
705,347,183,9,7,0.0,1
705,418,66,19,8,0.0,11
705,341,6,4,9,0.0,6
705,346,181,11,10,0.0,5
705,374,172,6,11,0.0,7
705,423,172,12,12,0.0,47
705,370,176,17,13,0.0,47
705,360,170,10,14,0.0,6
705,304,183,13,15,0.0,95
705,278,176,16,16,0.0,10
705,406,172,20,17,0.0,44
705,328,66,2,18,0.0,22
705,380,181,18,19,0.0,6
705,424,66,0,20,0.0,81
705,420,183,0,21,0.0,81
706,328,66,3,1,9.0,1
706,289,66,4,2,6.0,1
706,364,183,9,3,4.0,1
706,385,6,5,4,3.0,1
706,360,170,11,5,2.0,11
706,370,176,13,6,1.0,11
706,347,183,14,7,0.0,12
706,358,170,7,8,0.0,12
706,404,176,18,9,0.0,12
706,373,172,1,10,0.0,48
706,374,172,8,11,0.0,91
706,425,6,15,12,0.0,5
706,424,66,21,13,0.0,51
706,386,11,17,14,0.0,80
706,304,183,12,15,0.0,22
706,380,181,16,16,0.0,5
706,346,181,10,17,0.0,6
706,402,172,20,18,0.0,6
706,341,6,2,19,0.0,8
706,405,11,6,20,0.0,80
706,418,66,23,21,0.0,6
706,394,183,19,22,0.0,5
706,426,66,22,23,0.0,5
707,289,66,1,1,9.0,1
707,364,183,8,2,6.0,1
707,356,183,7,3,4.0,1
707,385,6,5,4,3.0,11
707,345,6,15,5,2.0,11
707,358,170,13,6,1.0,12
707,386,11,3,7,0.0,12
707,347,183,10,8,0.0,13
707,396,6,14,9,0.0,14
707,370,176,16,10,0.0,19
707,346,181,11,11,0.0,45
707,382,172,17,12,0.0,112
707,405,11,12,13,0.0,114
707,328,66,6,14,0.0,22
707,373,172,9,15,0.0,5
707,360,170,2,16,0.0,51
707,374,172,4,17,0.0,5
707,404,176,18,18,0.0,100
708,386,11,3,1,9.0,1
708,364,183,2,2,6.0,1
708,374,172,6,3,4.0,1
708,346,181,11,4,3.0,1
708,405,11,10,5,2.0,11
708,370,176,17,6,1.0,11
708,345,6,14,7,0.0,13
708,385,6,7,8,0.0,13
708,289,66,5,9,0.0,5
708,382,172,9,10,0.0,80
708,347,183,12,11,0.0,22
708,358,170,16,12,0.0,80
708,356,183,14,13,0.0,44
708,328,66,8,14,0.0,8
708,396,176,18,15,0.0,22
708,360,170,15,16,0.0,6
708,373,172,1,17,0.0,5
708,404,176,0,18,0.0,54
708,375,6,0,19,0.0,54
709,289,66,3,1,9.0,1
709,386,66,8,2,6.0,11
709,397,172,6,3,4.0,13
709,373,172,1,4,3.0,5
709,347,170,11,5,2.0,14
709,305,176,15,6,1.0,14
709,383,183,12,7,0.0,6
709,346,176,16,8,0.0,115
709,403,170,9,9,0.0,22
709,385,6,7,10,0.0,6
709,364,183,5,11,0.0,6
709,427,66,13,12,0.0,25
709,356,183,2,13,0.0,98
709,360,170,10,14,0.0,67
709,341,6,4,15,0.0,6
709,401,94,14,16,0.0,95
709,278,176,0,17,0.0,81
709,309,176,0,18,0.0,81
709,428,176,0,19,0.0,81
709,404,176,0,20,0.0,54
709,429,92,0,21,0.0,54
709,394,66,0,22,0.0,54
709,408,66,0,23,0.0,54
710,373,172,2,1,9.0,1
710,341,6,4,2,6.0,1
710,397,172,6,3,4.0,11
710,289,66,3,4,3.0,11
710,278,176,13,5,2.0,11
710,383,183,11,6,1.0,12
710,360,170,5,7,0.0,12
710,403,170,9,8,0.0,14
710,347,181,12,9,0.0,14
710,394,66,16,10,0.0,16
710,386,66,8,11,0.0,116
710,305,176,14,12,0.0,24
710,346,181,18,13,0.0,113
710,356,183,7,14,0.0,80
710,364,183,1,15,0.0,38
710,385,6,10,16,0.0,80
710,430,95,17,17,0.0,5
710,408,66,0,18,0.0,3
711,373,172,6,1,9.0,1
711,360,170,7,2,6.0,1
711,356,183,3,3,4.0,1
711,386,66,8,4,3.0,1
711,289,66,2,5,2.0,48
711,364,183,1,6,1.0,60
711,401,94,12,7,0.0,11
711,394,66,17,8,0.0,11
711,397,172,4,9,0.0,25
711,404,94,16,10,0.0,14
711,309,172,10,11,0.0,2
711,346,183,13,12,0.0,5
711,403,170,15,13,0.0,5
711,385,6,9,14,0.0,5
711,429,92,20,15,0.0,5
711,347,183,14,16,0.0,100
711,341,6,5,17,0.0,5
711,278,176,11,18,0.0,5
712,364,183,2,1,9.0,1
712,289,66,6,2,6.0,1
712,356,183,5,3,4.0,1
712,397,172,4,4,3.0,1
712,386,66,9,5,2.0,1
712,360,170,7,6,1.0,11
712,403,170,10,7,0.0,11
712,305,176,13,8,0.0,11
712,385,6,8,9,0.0,12
712,278,176,14,10,0.0,14
712,427,66,16,11,0.0,15
712,383,183,15,12,0.0,17
712,404,94,11,13,0.0,3
712,373,172,1,14,0.0,5
712,341,6,3,15,0.0,5
712,401,94,12,16,0.0,3
712,346,181,17,17,0.0,8
713,373,172,1,1,9.0,1
713,289,66,2,2,6.0,1
713,341,6,5,3,4.0,1
713,356,183,4,4,3.0,11
713,385,6,8,5,2.0,12
713,403,170,15,6,1.0,12
713,383,183,7,7,0.0,12
713,386,66,14,8,0.0,13
713,374,172,13,9,0.0,13
713,404,94,10,10,0.0,13
713,346,181,16,11,0.0,14
713,394,66,21,12,0.0,14
713,364,183,3,13,0.0,15
713,399,170,20,14,0.0,117
713,347,181,9,15,0.0,23
713,309,176,22,16,0.0,24
713,408,66,17,17,0.0,6
713,420,181,23,18,0.0,3
713,401,176,18,19,0.0,100
713,305,176,12,20,0.0,108
713,278,176,11,21,0.0,8
713,360,170,6,22,0.0,6
713,380,182,19,23,0.0,3
713,427,66,25,24,0.0,81
713,370,66,24,25,0.0,54
714,341,6,1,1,9.0,1
714,289,66,5,2,6.0,1
714,385,6,4,3,4.0,1
714,346,181,10,4,3.0,1
714,427,66,14,5,2.0,84
714,408,66,16,6,1.0,11
714,386,66,11,7,0.0,11
714,374,172,17,8,0.0,11
714,423,172,19,9,0.0,11
714,364,183,3,10,0.0,11
714,278,176,9,11,0.0,22
714,356,183,6,12,0.0,24
714,405,11,22,13,0.0,3
714,309,176,18,14,0.0,3
714,373,172,2,15,0.0,5
714,360,170,7,16,0.0,5
714,383,183,15,17,0.0,22
714,431,170,20,18,0.0,8
714,394,66,21,19,0.0,37
714,403,170,8,20,0.0,5
714,347,181,12,21,0.0,10
714,305,176,13,22,0.0,5
714,429,92,0,23,0.0,81
715,385,6,7,1,9.0,1
715,386,66,5,2,6.0,1
715,383,183,14,3,4.0,13
715,408,66,19,4,3.0,13
715,404,94,11,5,2.0,13
715,347,183,10,6,1.0,14
715,394,66,15,7,0.0,19
715,305,176,18,8,0.0,88
715,356,183,6,9,0.0,118
715,358,181,13,10,0.0,38
715,403,170,20,11,0.0,3
715,364,183,4,12,0.0,22
715,360,170,9,13,0.0,5
715,374,172,8,14,0.0,86
715,373,172,3,15,0.0,86
715,401,94,16,16,0.0,22
715,346,181,12,17,0.0,3
715,341,6,2,18,0.0,22
715,278,172,17,19,0.0,5
715,289,66,1,20,0.0,99
716,341,6,1,1,9.0,1
716,360,170,5,2,6.0,1
716,385,6,7,3,4.0,11
716,386,66,9,4,3.0,11
716,404,94,13,5,2.0,11
716,374,172,8,6,1.0,11
716,346,181,6,7,0.0,11
716,394,66,15,8,0.0,11
716,375,6,16,9,0.0,11
716,364,183,2,10,0.0,13
716,383,183,14,11,0.0,13
716,347,183,12,12,0.0,14
716,309,176,18,13,0.0,16
716,356,183,11,14,0.0,5
716,373,172,4,15,0.0,5
716,432,96,19,16,0.0,80
716,427,66,21,17,0.0,98
716,405,11,10,18,0.0,23
716,305,176,17,19,0.0,5
716,289,66,3,20,0.0,8
716,401,94,0,21,0.0,81
716,402,181,0,22,0.0,81
716,340,170,0,23,0.0,81
716,420,181,0,24,0.0,81
717,289,66,4,1,9.0,1
717,341,6,2,2,6.0,1
717,346,181,12,3,4.0,11
717,386,66,13,4,3.0,13
717,433,172,17,5,2.0,13
717,401,94,15,6,1.0,14
717,373,172,1,7,0.0,60
717,305,176,15,8,0.0,108
717,364,183,3,9,0.0,51
717,434,181,18,10,0.0,62
717,385,6,8,11,0.0,5
717,374,172,1,12,0.0,98
717,405,11,14,13,0.0,25
717,278,176,11,14,0.0,5
717,347,183,9,15,0.0,36
717,360,170,5,16,0.0,5
717,356,183,7,17,0.0,5
717,403,170,19,18,0.0,80
717,404,94,10,19,0.0,6
718,364,183,2,1,9.0,1
718,341,6,4,2,6.0,1
718,385,6,3,3,4.0,1
718,374,172,5,4,3.0,1
718,373,172,1,5,2.0,5
718,345,6,9,6,1.0,11
718,360,170,10,7,0.0,11
718,386,66,11,8,0.0,11
718,403,170,15,9,0.0,5
718,382,172,14,10,0.0,12
718,289,66,6,11,0.0,12
718,404,94,16,12,0.0,14
718,434,181,19,13,0.0,15
718,278,176,12,14,0.0,6
718,356,183,7,15,0.0,10
718,305,176,17,16,0.0,25
718,346,181,13,17,0.0,48
718,347,183,8,18,0.0,22
718,401,94,18,19,0.0,25
719,289,66,2,1,9.0,1
719,386,66,4,2,6.0,1
719,360,170,8,3,4.0,1
719,341,6,3,4,3.0,1
719,408,170,10,5,2.0,12
719,401,172,9,6,1.0,12
719,347,170,11,7,0.0,16
719,373,172,1,8,0.0,6
719,356,172,16,9,0.0,6
719,404,176,5,10,0.0,3
719,435,6,7,11,0.0,6
719,427,26,14,12,0.0,8
719,364,34,6,13,0.0,24
719,440,176,13,14,0.0,6
719,346,176,12,15,0.0,5
719,278,26,0,16,0.0,54
719,428,172,0,17,0.0,81
719,403,54,0,18,0.0,54
719,394,54,0,19,0.0,54
719,436,176,0,20,0.0,54
719,437,92,0,21,0.0,54
719,438,92,0,22,0.0,54
719,439,86,0,23,0.0,54
719,385,66,0,24,0.0,54
719,430,95,0,25,0.0,54
720,373,172,8,1,9.0,1
720,360,170,5,2,6.0,1
720,364,34,2,3,4.0,11
720,386,66,9,4,3.0,11
720,347,170,13,5,2.0,12
720,430,95,18,6,1.0,12
720,408,170,4,7,0.0,3
720,438,92,19,8,0.0,3
720,341,6,10,9,0.0,98
720,289,66,1,10,0.0,6
720,376,26,16,11,0.0,3
720,440,176,12,12,0.0,3
720,346,176,14,13,0.0,3
720,403,54,17,14,0.0,6
720,356,34,6,15,0.0,98
720,278,26,15,16,0.0,44
720,404,94,7,17,0.0,6
720,435,6,3,18,0.0,98
720,394,54,20,19,0.0,6
720,401,172,11,20,0.0,68
720,397,172,0,21,0.0,54
720,375,6,0,22,0.0,54
720,385,66,0,23,0.0,54
720,437,92,0,24,0.0,54
721,373,172,1,1,9.0,1
721,364,34,14,2,6.0,11
721,341,6,5,3,4.0,11
721,404,94,7,4,3.0,11
721,386,66,6,5,2.0,11
721,375,6,11,6,1.0,12
721,346,176,17,7,0.0,13
721,440,176,18,8,0.0,13
721,430,95,19,9,0.0,15
721,401,172,10,10,0.0,111
721,347,170,8,11,0.0,117
721,289,66,2,12,0.0,25
721,356,34,4,13,0.0,3
721,278,26,12,14,0.0,103
721,394,54,15,15,0.0,80
721,403,54,13,16,0.0,22
721,408,170,9,17,0.0,25
721,360,170,3,18,0.0,6
721,423,95,16,19,0.0,8
721,438,92,0,20,0.0,54
721,437,92,0,21,0.0,54
722,373,172,1,1,9.0,1
722,408,170,8,2,6.0,1
722,289,66,2,3,0.0,1
722,356,34,5,4,3.0,1
722,364,34,3,5,2.0,1
722,346,176,10,6,1.0,11
722,278,26,17,7,0.0,12
722,427,172,15,8,0.0,13
722,404,94,9,9,0.0,14
722,385,66,21,10,0.0,18
722,440,176,18,11,0.0,18
722,360,170,6,12,0.0,80
722,401,172,7,13,0.0,22
722,403,176,13,14,0.0,62
722,347,170,11,15,0.0,62
722,418,176,19,16,0.0,6
722,341,6,4,17,0.0,48
722,438,92,20,18,0.0,67
722,386,66,12,19,0.0,21
722,375,6,0,20,0.0,54
722,397,172,0,21,0.0,54
722,394,54,0,22,0.0,54
722,437,92,0,23,0.0,54
722,439,86,0,24,0.0,54
723,373,172,1,1,9.0,1
723,341,6,5,2,6.0,1
723,289,66,3,3,4.0,1
723,386,66,9,4,3.0,11
723,385,66,8,5,2.0,11
723,440,176,13,6,1.0,12
723,278,26,14,7,0.0,12
723,305,172,17,8,0.0,14
723,408,170,7,9,0.0,14
723,430,95,21,10,0.0,16
723,418,176,22,11,0.0,17
723,383,26,16,12,0.0,17
723,436,26,23,13,0.0,18
723,346,176,15,14,0.0,6
723,347,170,12,15,0.0,51
723,364,34,2,16,0.0,5
723,420,97,19,17,0.0,6
723,437,92,20,18,0.0,80
723,356,34,4,19,0.0,5
723,404,94,11,20,0.0,80
723,401,172,10,21,0.0,48
723,438,92,18,22,0.0,80
723,360,170,6,23,0.0,5
723,439,86,0,24,0.0,54
723,394,54,0,25,0.0,54
723,403,54,0,26,0.0,54
724,341,6,2,1,9.0,1
724,373,172,1,2,6.0,1
724,386,66,6,3,4.0,1
724,423,95,15,4,3.0,1
724,440,176,16,5,2.0,11
724,347,170,12,6,1.0,11
724,356,34,8,7,0.0,11
724,401,172,18,8,0.0,11
724,346,176,9,9,0.0,24
724,428,172,21,10,0.0,15
724,430,95,17,11,0.0,36
724,408,170,10,12,0.0,5
724,364,34,13,13,0.0,6
724,432,170,20,14,0.0,6
724,437,92,19,15,0.0,38
724,438,92,22,16,0.0,3
724,360,170,5,17,0.0,3
724,289,66,4,18,0.0,6
724,278,26,14,19,0.0,3
724,435,6,7,20,0.0,3
724,404,176,11,21,0.0,3
724,385,66,3,22,0.0,3
724,429,172,0,23,0.0,81
724,420,97,0,24,0.0,81
724,441,172,0,25,0.0,81
724,442,177,0,26,0.0,81
724,403,54,0,27,0.0,54
724,394,54,0,28,0.0,54
724,418,176,0,29,0.0,54
725,373,172,3,1,9.0,1
725,386,66,4,2,6.0,1
725,360,170,8,3,4.0,11
725,404,94,10,4,3.0,5
725,356,34,7,5,2.0,12
725,408,170,13,6,1.0,12
725,347,170,11,7,0.0,12
725,440,176,17,8,0.0,12
725,427,66,20,9,0.0,13
725,305,26,18,10,0.0,14
725,403,54,14,11,0.0,17
725,383,26,19,12,0.0,17
725,374,172,9,13,0.0,51
725,364,34,5,14,0.0,69
725,394,54,25,15,0.0,119
725,289,66,2,16,0.0,8
725,346,176,16,17,0.0,51
725,385,6,6,18,0.0,6
725,418,176,12,19,0.0,5
725,341,6,1,20,0.0,5
725,278,26,0,21,0.0,54
725,432,170,0,22,0.0,81
725,420,97,0,23,0.0,81
725,438,92,0,24,0.0,81
725,430,95,0,25,0.0,81
725,443,167,0,26,0.0,81
725,429,172,0,27,0.0,81
725,444,179,0,28,0.0,81
725,423,95,0,29,0.0,54
725,437,92,0,30,0.0,54
725,445,176,0,31,0.0,54
725,446,95,0,32,0.0,54
725,447,173,0,33,0.0,54
726,289,66,1,1,9.0,1
726,386,66,4,2,6.0,1
726,373,172,2,3,4.0,11
726,356,34,5,4,3.0,12
726,385,6,9,5,2.0,14
726,430,95,19,6,1.0,45
726,448,98,21,7,0.0,115
726,347,170,12,8,0.0,113
726,341,6,3,9,0.0,5
726,440,176,16,10,0.0,6
726,360,170,11,11,0.0,48
726,346,176,14,12,0.0,6
726,408,170,10,13,0.0,80
726,449,176,17,14,0.0,6
726,364,34,6,15,0.0,83
726,345,172,13,16,0.0,5
726,401,172,7,17,0.0,10
726,418,26,8,18,0.0,5
726,434,176,18,19,0.0,31
726,403,54,15,20,0.0,94
726,394,54,20,21,0.0,94
726,433,172,0,22,0.0,54
726,404,176,0,23,0.0,54
726,450,98,0,24,0.0,54
727,373,172,1,1,9.0,1
727,356,34,10,2,6.0,1
727,386,66,5,3,4.0,1
727,289,66,3,4,3.0,11
727,347,170,8,5,2.0,13
727,364,34,4,6,1.0,13
727,434,176,16,7,0.0,14
727,440,176,15,8,0.0,14
727,346,176,9,9,0.0,16
727,430,95,18,10,0.0,17
727,382,66,11,11,0.0,5
727,403,54,17,12,0.0,22
727,385,6,7,13,0.0,80
727,360,170,6,14,0.0,5
727,345,172,20,15,0.0,22
727,418,26,14,16,0.0,22
727,341,6,2,17,0.0,2
727,401,172,12,18,0.0,5
727,394,54,21,19,0.0,5
727,278,176,19,20,0.0,6
727,408,170,13,21,0.0,5
727,451,170,0,22,0.0,54
727,433,32,0,23,0.0,54
727,404,176,0,24,0.0,54
727,452,172,0,25,0.0,54
729,289,66,2,1,9.0,1
729,401,172,10,2,6.0,1
729,403,6,9,3,4.0,1
729,394,6,12,4,3.0,11
729,408,170,15,5,2.0,12
729,430,95,14,6,1.0,14
729,347,95,13,7,0.0,15
729,453,170,7,8,0.0,88
729,373,172,3,9,0.0,88
729,454,6,11,10,0.0,3
729,386,66,7,11,0.0,3
729,404,172,6,12,0.0,3
729,418,172,16,13,0.0,86
729,455,99,20,14,0.0,62
729,364,95,8,15,0.0,6
729,360,170,5,16,0.0,6
729,456,26,17,17,0.0,54
729,341,26,1,18,0.0,3
729,356,172,4,19,0.0,3
729,457,95,10,20,0.0,3
729,458,95,0,21,0.0,54
729,427,172,0,22,0.0,54
730,360,170,3,1,9.0,1
730,403,6,9,2,6.0,1
730,385,6,10,3,4.0,1
730,341,26,11,4,3.0,11
730,347,95,18,5,2.0,17
730,289,66,2,6,1.0,5
730,435,6,4,7,0.0,51
730,356,172,6,8,0.0,3
730,404,172,8,9,0.0,48
730,373,172,1,10,0.0,8
730,456,26,12,11,0.0,22
730,408,170,19,12,0.0,6
730,401,172,17,13,0.0,44
730,364,95,5,14,0.0,3
730,427,172,7,15,0.0,3
730,386,66,14,16,0.0,3
730,346,172,0,17,0.0,81
730,453,66,0,18,0.0,81
730,418,176,0,19,0.0,81
730,430,95,0,20,0.0,81
730,425,172,0,21,0.0,81
730,454,6,0,22,0.0,54
730,424,175,0,23,0.0,54
730,459,66,0,24,0.0,54
731,373,172,13,1,9.0,1
731,289,66,1,2,6.0,1
731,403,6,4,3,4.0,1
731,454,6,7,4,3.0,1
731,341,26,11,5,2.0,11
731,356,172,15,6,1.0,12
731,430,95,13,7,0.0,12
731,427,172,16,8,0.0,12
731,376,172,18,9,0.0,13
731,346,172,17,10,0.0,13
731,436,172,19,11,0.0,116
731,401,172,3,12,0.0,3
731,435,6,6,13,0.0,3
731,386,66,9,14,0.0,6
731,408,170,10,15,0.0,6
731,360,170,2,16,0.0,67
731,418,176,8,17,0.0,54
731,404,172,5,18,0.0,22
731,394,6,14,19,0.0,80
731,364,176,0,20,0.0,54
731,459,66,0,21,0.0,54
731,453,66,0,22,0.0,54
731,460,66,0,23,0.0,54
731,456,26,0,24,0.0,54
731,461,95,0,25,0.0,54
731,347,95,0,26,0.0,54
732,364,95,6,1,9.0,1
732,408,170,11,2,6.0,11
732,386,66,10,3,4.0,12
732,360,170,3,4,3.0,13
732,341,26,5,5,2.0,13
732,430,95,17,6,1.0,13
732,427,172,13,7,0.0,14
732,401,172,12,8,0.0,16
732,289,66,2,9,0.0,88
732,347,95,9,10,0.0,69
732,373,172,1,11,0.0,22
732,453,87,16,12,0.0,3
732,456,26,14,13,0.0,51
732,418,176,7,14,0.0,25
732,356,172,4,15,0.0,22
732,346,176,15,16,0.0,8
732,404,172,8,17,0.0,29
732,397,32,0,18,0.0,54
732,459,66,0,19,0.0,54
732,462,95,0,20,0.0,54
732,446,172,0,21,0.0,54
732,437,170,0,22,0.0,54
733,373,172,1,1,9.0,1
733,341,26,2,2,6.0,1
733,360,170,4,3,4.0,1
733,289,66,5,4,3.0,1
733,356,172,9,5,2.0,11
733,408,170,13,6,1.0,11
733,418,172,14,7,0.0,11
733,401,172,10,8,0.0,11
733,364,95,6,9,0.0,12
733,453,170,15,10,0.0,13
733,438,99,19,11,0.0,14
733,437,170,16,12,0.0,14
733,386,66,8,13,0.0,15
733,430,95,17,14,0.0,16
733,463,172,20,15,0.0,45
733,404,172,3,16,0.0,111
733,403,6,12,17,0.0,5
733,456,26,11,18,0.0,84
733,347,95,7,19,0.0,24
733,455,176,21,20,0.0,23
733,464,172,18,21,0.0,5
733,465,172,0,22,0.0,54
733,427,172,0,23,0.0,54
733,436,99,0,24,0.0,54
733,465,97,0,25,0.0,54
733,346,176,0,26,0.0,54
734,289,66,2,1,9.0,1
734,341,26,4,2,6.0,1
734,364,95,1,3,4.0,1
734,373,172,3,4,3.0,1
734,360,170,5,5,2.0,1
734,454,6,10,6,1.0,1
734,347,95,6,7,0.0,1
734,386,66,7,8,0.0,1
734,408,170,23,9,0.0,1
734,394,6,13,10,0.0,1
734,437,170,16,11,0.0,1
734,346,172,17,12,0.0,1
734,430,95,8,13,0.0,1
734,466,95,14,14,0.0,11
734,425,95,15,15,0.0,11
734,376,100,25,16,0.0,11
734,453,170,21,17,0.0,22
734,403,6,12,18,0.0,22
734,356,34,24,19,0.0,37
734,465,97,19,20,0.0,22
734,456,26,9,21,0.0,6
734,427,172,11,22,0.0,6
734,385,6,18,23,0.0,3
734,461,176,20,24,0.0,51
734,428,170,22,25,0.0,6
734,401,172,26,26,0.0,3
734,464,172,0,27,0.0,81
734,455,176,0,28,0.0,81
734,463,172,0,29,0.0,81
734,445,176,0,30,0.0,81
734,459,66,0,31,0.0,54
735,289,66,2,1,9.0,1
735,386,66,3,2,6.0,1
735,360,170,4,3,4.0,1
735,435,6,10,4,3.0,1
735,394,6,18,5,2.0,1
735,347,95,9,6,1.0,11
735,408,170,12,7,0.0,11
735,385,6,17,8,0.0,12
735,425,172,14,9,0.0,12
735,430,95,20,10,0.0,15
735,403,6,15,11,0.0,15
735,418,176,6,12,0.0,19
735,364,95,7,13,0.0,24
735,454,6,11,14,0.0,80
735,404,172,5,15,0.0,22
735,341,26,8,16,0.0,5
735,456,26,13,17,0.0,5
735,401,172,16,18,0.0,6
735,438,99,21,19,0.0,5
735,427,172,19,20,0.0,10
735,373,172,1,21,0.0,6
735,464,176,0,22,0.0,81
735,465,97,0,23,0.0,81
735,460,172,0,24,0.0,81
735,437,170,0,25,0.0,81
735,346,176,0,26,0.0,81
735,467,172,0,27,0.0,81
735,444,174,0,28,0.0,81
735,463,172,0,29,0.0,81
735,439,86,0,30,0.0,81
735,442,177,0,31,0.0,54
736,373,172,1,1,9.0,1
736,289,66,3,2,6.0,1
736,360,170,6,3,4.0,11
736,356,34,5,4,3.0,11
736,364,95,4,5,2.0,11
736,418,176,7,6,1.0,11
736,408,170,10,7,0.0,13
736,404,172,16,8,0.0,14
736,468,172,13,9,0.0,14
736,469,172,17,10,0.0,17
736,434,170,15,11,0.0,19
736,401,172,8,12,0.0,112
736,347,95,9,13,0.0,120
736,386,66,2,14,0.0,5
736,427,172,19,15,0.0,23
736,470,170,12,16,0.0,80
736,341,26,20,17,0.0,5
736,430,95,14,18,0.0,3
736,456,26,0,19,0.0,54
736,440,172,0,20,0.0,54
737,289,66,2,1,9.0,1
737,360,170,8,2,6.0,1
737,408,170,6,3,4.0,1
737,356,34,3,4,3.0,1
737,404,172,4,5,2.0,11
737,410,172,10,6,1.0,14
737,386,66,7,7,0.0,14
737,340,170,12,8,0.0,14
737,471,66,17,9,0.0,16
737,413,172,13,10,0.0,45
737,430,95,16,11,0.0,69
737,373,172,1,12,0.0,44
737,411,89,14,13,0.0,21
737,456,26,11,14,0.0,95
737,472,178,15,15,0.0,67
737,341,26,5,16,0.0,5
737,401,172,9,17,0.0,6
737,473,172,0,18,0.0,54
737,474,172,0,19,0.0,54
737,438,99,0,20,0.0,54
737,368,172,0,21,0.0,54
738,475,172,1,1,9.0,1
738,386,6,2,2,6.0,1
738,403,6,5,3,4.0,1
738,476,6,6,4,3.0,3
738,364,95,11,5,2.0,12
738,360,170,7,6,1.0,15
738,427,167,16,7,0.0,15
738,477,172,15,8,0.0,17
738,478,95,13,9,0.0,19
738,373,172,3,10,0.0,45
738,341,170,12,11,0.0,5
738,347,95,9,12,0.0,98
738,479,66,8,13,0.0,5
738,480,172,14,14,0.0,108
738,356,170,21,15,0.0,80
738,289,66,4,16,0.0,48
738,404,172,0,17,0.0,54
738,481,172,0,18,0.0,81
738,418,170,0,19,0.0,81
738,376,99,0,20,0.0,81
738,482,99,0,21,0.0,81
739,476,6,2,1,9.0,1
739,403,6,1,2,6.0,1
739,373,172,11,3,4.0,1
739,475,172,4,4,3.0,1
739,386,6,3,5,2.0,1
739,356,170,7,6,1.0,1
739,341,170,9,7,0.0,1
739,289,66,5,8,0.0,1
739,479,66,8,9,0.0,11
739,364,95,6,10,0.0,11
739,347,95,12,11,0.0,12
739,360,170,14,12,0.0,12
739,401,172,16,13,0.0,12
739,430,95,17,14,0.0,13
739,478,95,13,15,0.0,13
739,418,170,0,16,0.0,54
739,437,172,0,17,0.0,54
740,403,6,1,1,9.0,1
740,476,6,2,2,6.0,1
740,386,6,5,3,4.0,1
740,482,6,3,4,3.0,1
740,341,170,4,5,2.0,1
740,364,95,10,6,1.0,1
740,347,95,9,7,0.0,1
740,475,172,8,8,0.0,1
740,453,170,13,9,0.0,11
740,418,170,12,10,0.0,11
740,430,95,14,11,0.0,12
740,373,172,16,12,0.0,16
740,479,66,7,13,0.0,16
740,289,66,6,14,0.0,80
740,427,167,20,15,0.0,6
740,385,167,17,16,0.0,67
740,356,170,11,17,0.0,5
740,360,170,15,18,0.0,80
740,404,172,18,19,0.0,5
740,376,172,23,20,0.0,44
740,435,172,19,21,0.0,80
740,459,172,0,22,0.0,54
740,455,172,0,23,0.0,54
740,437,172,0,24,0.0,54
740,477,172,0,25,0.0,54
740,481,172,0,26,0.0,54
741,394,6,12,1,9.0,1
741,364,95,5,2,6.0,1
741,373,172,9,3,4.0,1
741,404,172,10,4,3.0,1
741,360,170,8,5,2.0,1
741,289,66,6,6,1.0,1
741,347,95,13,7,0.0,1
741,456,170,15,8,0.0,11
741,403,6,1,9,0.0,12
741,481,172,25,10,0.0,13
741,480,172,22,11,0.0,14
741,418,170,16,12,0.0,19
741,427,167,23,13,0.0,88
741,437,172,24,14,0.0,88
741,386,6,3,15,0.0,51
741,475,172,4,16,0.0,23
741,435,172,20,17,0.0,5
741,430,95,17,18,0.0,25
741,376,172,19,19,0.0,25
741,476,6,2,20,0.0,5
741,483,174,26,21,0.0,5
741,356,170,14,22,0.0,51
741,428,170,21,23,0.0,5
741,341,170,7,24,0.0,3
741,479,66,11,25,0.0,25
741,453,170,18,26,0.0,25
741,455,172,0,27,0.0,54
741,485,172,0,28,0.0,54
741,478,95,0,29,0.0,54
741,482,99,0,30,0.0,54
741,484,101,0,31,0.0,54
742,476,6,4,1,9.0,1
742,403,6,1,2,6.0,1
742,386,6,2,3,4.0,1
742,356,170,9,4,3.0,1
742,347,95,3,5,2.0,1
742,456,170,13,6,1.0,1
742,364,95,12,7,0.0,11
742,360,170,14,8,0.0,11
742,479,66,6,9,0.0,12
742,404,172,7,10,0.0,13
742,418,170,16,11,0.0,14
742,385,167,21,12,0.0,14
742,408,172,24,13,0.0,16
742,437,172,25,14,0.0,16
742,465,97,26,15,0.0,16
742,430,95,18,16,0.0,16
742,455,172,22,17,0.0,50
742,373,172,8,18,0.0,44
742,475,102,20,19,0.0,2
742,376,172,30,20,0.0,6
742,475,172,5,21,0.0,23
742,289,66,11,22,0.0,5
742,394,6,19,23,0.0,3
742,459,172,27,24,0.0,80
742,341,170,10,25,0.0,24
742,441,172,29,26,0.0,8
742,453,170,15,27,0.0,64
742,460,172,26,28,0.0,80
742,481,172,17,29,0.0,3
742,487,167,28,30,0.0,6
742,482,99,0,31,0.0,54
743,475,172,3,1,9.0,1
743,476,6,5,2,6.0,1
743,403,6,1,3,4.0,1
743,373,172,8,4,3.0,1
743,341,170,10,5,2.0,1
743,360,170,12,6,1.0,1
743,364,95,7,7,0.0,1
743,386,6,14,8,0.0,1
743,453,170,18,9,0.0,1
743,456,170,15,10,0.0,1
743,408,172,22,11,0.0,11
743,437,170,24,12,0.0,11
743,478,95,11,13,0.0,11
743,430,95,17,14,0.0,11
743,459,172,20,15,0.0,12
743,460,172,25,16,0.0,12
743,435,6,13,17,0.0,3
743,427,167,21,18,0.0,5
743,428,170,26,19,0.0,62
743,385,167,19,20,0.0,5
743,479,66,9,21,0.0,5
743,347,95,4,22,0.0,5
743,455,172,23,23,0.0,64
743,289,66,16,24,0.0,3
743,404,172,6,25,0.0,42
743,356,170,2,26,0.0,3
743,431,95,0,27,0.0,54
743,418,170,0,28,0.0,54
743,480,172,0,29,0.0,54
743,488,103,0,30,0.0,54
743,489,170,0,31,0.0,54
743,490,170,0,32,0.0,54
743,436,170,0,33,0.0,54
744,403,6,4,1,9.0,1
744,364,95,12,2,6.0,1
744,360,170,14,3,4.0,1
744,453,170,16,4,3.0,1
744,479,66,13,5,2.0,1
744,456,170,18,6,1.0,11
744,430,95,15,7,0.0,12
744,385,167,21,8,0.0,12
744,427,167,22,9,0.0,12
744,441,172,27,10,0.0,13
744,481,172,23,11,0.0,14
744,489,167,29,12,0.0,15
744,475,172,11,13,0.0,67
744,386,6,3,14,0.0,5
744,447,173,30,15,0.0,5
744,347,95,8,16,0.0,22
744,454,6,2,17,0.0,69
744,394,6,6,18,0.0,5
744,425,175,20,19,0.0,5
744,418,172,17,20,0.0,22
744,289,66,5,21,0.0,5
744,356,170,10,22,0.0,25
744,484,101,31,23,0.0,5
744,404,172,9,24,0.0,83
744,486,170,26,25,0.0,5
744,341,170,19,26,0.0,3
744,476,6,1,27,0.0,3
744,373,172,7,28,0.0,3
744,424,175,24,29,0.0,5
744,455,172,28,30,0.0,5
744,444,174,32,31,0.0,5
744,460,172,25,32,0.0,3
744,429,99,0,33,0.0,81
744,431,95,0,34,0.0,54
744,487,167,0,35,0.0,54
744,491,170,0,36,0.0,54
744,467,172,0,37,0.0,54
744,492,170,0,38,0.0,54
744,480,172,0,39,0.0,54
745,404,172,8,1,9.0,1
745,364,95,7,2,6.0,1
745,479,66,5,3,4.0,1
745,360,170,4,4,3.0,1
745,289,66,2,5,2.0,11
745,347,95,10,6,1.0,12
745,373,172,6,7,0.0,14
745,468,170,16,8,0.0,14
745,493,172,13,9,0.0,14
745,434,170,17,10,0.0,17
745,482,172,15,11,0.0,18
745,456,170,12,12,0.0,5
745,440,172,18,13,0.0,95
745,494,172,19,14,0.0,121
745,475,172,3,15,0.0,5
745,356,170,1,16,0.0,25
745,418,172,11,17,0.0,6
745,433,170,14,18,0.0,3
745,341,170,9,19,0.0,5
745,495,172,0,20,0.0,54
746,360,170,13,1,8.0,1
746,477,6,7,2,6.0,1
746,427,170,8,3,0.0,1
746,496,167,12,4,3.0,1
746,476,6,5,5,2.0,11
746,404,32,2,6,1.0,11
746,347,66,4,7,0.0,11
746,403,6,6,8,0.0,13
746,497,32,15,9,0.0,13
746,498,6,11,10,0.0,13
746,499,167,17,11,0.0,14
746,418,104,16,12,0.0,14
746,500,105,19,13,0.0,18
746,439,105,20,14,0.0,88
746,501,170,9,15,0.0,48
746,356,170,10,16,0.0,6
746,475,170,1,17,0.0,22
746,289,66,3,18,0.0,25
746,502,32,14,19,0.0,68
746,503,105,21,20,0.0,68
746,504,105,22,21,0.0,68
746,483,105,18,22,0.0,25
747,475,32,1,1,8.0,1
747,360,170,11,2,6.0,1
747,403,6,10,3,4.0,1
747,479,170,3,4,3.0,11
747,347,66,5,5,2.0,50
747,386,6,9,6,1.0,123
747,289,66,6,7,0.0,20
747,476,6,8,8,0.0,8
747,404,32,7,9,0.0,122
747,364,66,14,10,0.0,22
747,356,170,2,11,0.0,2
747,456,170,12,12,0.0,25
747,502,32,13,13,0.0,83
747,505,170,4,14,0.0,6
747,341,32,15,15,0.0,7
747,427,167,16,16,0.0,6
747,506,170,0,17,0.0,81
747,477,6,0,18,0.0,81
747,484,101,0,19,0.0,81
747,418,167,0,20,0.0,81
747,507,106,0,21,0.0,81
747,483,171,0,22,0.0,81
747,508,106,0,23,0.0,81
747,437,167,0,24,0.0,81
748,509,107,2,1,8.0,1
748,449,107,3,2,6.0,1
748,510,108,26,3,4.0,1
748,511,109,8,4,3.0,1
748,512,110,17,5,2.0,1
748,513,111,7,6,1.0,1
748,494,107,12,7,0.0,1
748,514,112,25,8,0.0,1
748,515,111,28,9,0.0,1
748,516,113,14,10,0.0,1
748,517,108,22,11,0.0,1
748,518,114,27,12,0.0,1
748,519,114,31,13,0.0,1
748,520,113,24,14,0.0,14
748,521,107,9,15,0.0,14
748,522,112,21,16,0.0,16
748,523,113,19,17,0.0,8
748,524,115,23,18,0.0,5
748,525,108,10,19,0.0,69
748,526,107,6,20,0.0,109
748,527,116,1,21,0.0,121
748,528,113,11,22,0.0,121
748,529,107,18,23,0.0,5
748,530,108,15,24,0.0,3
748,531,113,16,25,0.0,8
748,532,113,29,26,0.0,3
748,533,108,13,27,0.0,5
748,534,113,20,28,0.0,23
748,535,108,32,29,0.0,23
748,536,107,5,30,0.0,5
748,537,107,4,31,0.0,23
748,538,116,30,32,0.0,8
748,539,113,33,33,0.0,121
749,356,170,2,1,8.0,1
749,404,32,3,2,6.0,1
749,289,66,5,3,4.0,1
749,475,32,1,4,3.0,1
749,476,6,15,5,2.0,11
749,386,6,12,6,1.0,11
749,481,170,14,7,0.0,15
749,430,170,18,8,0.0,16
749,502,32,8,9,0.0,7
749,347,66,4,10,0.0,5
749,403,6,13,11,0.0,5
749,373,32,11,12,0.0,7
749,427,167,17,13,0.0,6
749,364,66,6,14,0.0,3
749,505,170,7,15,0.0,5
749,360,170,9,16,0.0,7
749,479,170,10,17,0.0,6
749,456,117,0,18,0.0,54
749,418,167,0,19,0.0,54
749,508,106,0,20,0.0,54
749,507,106,0,21,0.0,54
750,356,170,1,1,8.0,1
750,360,170,14,2,6.0,1
750,482,170,5,3,4.0,11
750,403,6,4,4,3.0,11
750,373,32,10,5,2.0,12
750,376,170,15,6,1.0,18
750,289,66,6,7,0.0,5
750,502,32,17,8,0.0,3
750,435,6,13,9,0.0,7
750,476,6,11,10,0.0,7
750,505,170,9,11,0.0,3
750,507,106,18,12,0.0,5
750,347,66,7,13,0.0,5
750,404,32,8,14,0.0,3
750,364,66,12,15,0.0,5
750,479,170,2,16,0.0,6
750,508,106,16,17,0.0,5
750,475,32,3,18,0.0,3
750,540,32,19,19,0.0,3
751,356,170,1,1,8.0,1
751,482,170,9,2,6.0,1
751,360,170,7,3,4.0,1
751,481,170,12,4,3.0,11
751,373,32,10,5,2.0,11
751,541,32,14,6,1.0,11
751,404,32,4,7,0.0,17
751,506,170,15,8,0.0,5
751,418,167,17,9,0.0,53
751,437,167,22,10,0.0,111
751,476,6,5,11,0.0,7
751,403,6,2,12,0.0,7
751,347,66,8,13,0.0,5
751,376,170,15,14,0.0,7
751,364,66,6,15,0.0,5
751,500,171,19,16,0.0,7
751,435,6,11,17,0.0,7
751,479,118,13,18,0.0,76
751,289,66,3,19,0.0,3
751,427,167,18,20,0.0,3
751,386,106,20,21,0.0,5
751,542,32,21,22,0.0,5
751,507,106,23,23,0.0,5
752,356,170,1,1,8.0,1
752,341,32,11,2,6.0,1
752,404,32,5,3,4.0,1
752,360,170,3,4,3.0,11
752,479,170,9,5,2.0,11
752,476,6,7,6,1.0,12
752,403,6,10,7,0.0,12
752,481,170,16,8,0.0,13
752,482,170,12,9,0.0,13
752,364,66,6,10,0.0,13
752,427,117,21,11,0.0,15
752,542,32,24,12,0.0,15
752,484,101,18,13,0.0,15
752,418,167,14,14,0.0,16
752,500,171,25,15,0.0,17
752,373,32,8,16,0.0,17
752,289,66,2,17,0.0,20
752,376,170,17,18,0.0,10
752,347,66,4,19,0.0,22
752,507,170,19,20,0.0,25
752,437,167,20,21,0.0,5
752,456,117,13,22,0.0,38
752,486,170,15,23,0.0,48
752,465,167,22,24,0.0,25
752,508,170,0,25,0.0,54
753,356,170,3,1,8.0,1
753,360,170,6,2,6.0,1
753,373,32,8,3,4.0,1
753,476,6,9,4,3.0,1
753,479,170,12,5,2.0,16
753,404,32,7,6,1.0,17
753,482,170,14,7,0.0,19
753,475,32,4,8,0.0,2
753,432,167,15,9,0.0,3
753,341,32,1,10,0.0,21
753,403,6,10,11,0.0,3
753,364,66,2,12,0.0,5
753,418,167,11,13,0.0,6
753,289,66,5,14,0.0,6
753,347,66,13,15,0.0,5
754,403,6,1,1,8.0,1
754,386,6,2,2,6.0,1
754,435,6,3,3,4.0,11
754,543,171,4,4,3.0,12
754,476,6,6,5,2.0,12
754,478,95,10,6,1.0,13
754,431,95,12,7,0.0,13
754,544,170,15,8,0.0,15
754,455,170,13,9,0.0,16
754,545,104,14,10,0.0,19
754,484,101,7,11,0.0,6
754,491,167,9,12,0.0,6
754,500,171,8,13,0.0,5
754,483,167,5,14,0.0,5
754,398,170,16,15,0.0,5
754,546,170,11,16,0.0,3
754,547,105,0,17,0.0,69
755,475,32,1,1,8.0,1
755,404,32,7,2,6.0,1
755,360,170,10,3,4.0,1
755,356,170,2,4,3.0,11
755,347,66,4,5,2.0,11
755,403,170,13,6,1.0,11
755,440,32,12,7,0.0,11
755,456,170,15,8,0.0,12
755,476,167,16,9,0.0,13
755,507,106,18,10,0.0,15
755,353,171,20,11,0.0,16
755,482,170,8,12,0.0,16
755,548,105,22,13,0.0,17
755,481,170,14,14,0.0,17
755,427,167,19,15,0.0,19
755,373,32,5,16,0.0,111
755,289,66,11,17,0.0,6
755,437,167,23,18,0.0,80
755,484,167,17,19,0.0,5
755,364,66,3,20,0.0,5
755,541,170,21,21,0.0,7
755,479,170,9,22,0.0,20
755,341,32,6,23,0.0,3
756,356,170,3,1,9.0,1
756,479,6,4,2,6.0,1
756,427,170,6,3,4.0,12
756,403,6,5,4,3.0,13
756,360,170,13,5,2.0,14
756,456,167,8,6,0.0,50
756,475,170,1,7,0.0,7
756,541,66,10,8,0.0,20
756,501,66,9,9,0.0,3
756,347,66,7,10,0.0,23
756,554,6,2,11,0.0,5
756,289,32,14,12,0.0,42
756,418,170,11,13,0.0,6
756,476,95,12,14,0.0,4
756,477,6,15,15,0.0,4
756,506,32,16,16,0.0,4
756,549,170,0,17,0.0,81
756,483,105,0,18,0.0,81
756,550,170,0,19,0.0,81
756,376,170,0,20,0.0,81
756,551,95,0,21,0.0,81
756,353,32,0,22,0.0,81
756,552,170,0,23,0.0,81
756,553,105,0,24,0.0,81
757,449,107,6,1,8.0,1
757,509,107,3,2,6.0,1
757,512,110,1,3,5.0,1
757,529,108,15,4,3.0,1
757,510,108,16,5,2.0,1
757,533,108,11,6,0.0,1
757,518,113,12,7,0.0,1
757,513,113,8,8,0.0,1
757,555,113,27,9,0.0,1
757,531,114,17,10,0.0,1
757,520,114,9,11,0.0,1
757,514,119,7,12,0.0,1
757,538,120,23,13,0.0,1
757,556,113,13,14,0.0,1
757,557,113,21,15,0.0,1
757,535,113,33,16,0.0,1
757,527,114,2,17,0.0,20
757,558,114,28,18,0.0,5
757,559,107,18,19,0.0,3
757,537,107,4,20,0.0,42
757,560,114,30,21,0.0,121
757,528,113,25,22,0.0,121
757,561,121,32,23,0.0,3
757,511,109,10,24,0.0,22
757,516,113,24,25,0.0,5
757,522,113,5,26,0.0,121
757,562,115,14,27,0.0,95
757,563,113,29,28,0.0,3
757,564,113,19,29,0.0,3
757,565,122,31,30,0.0,3
757,517,113,26,31,0.0,3
757,536,110,22,32,0.0,3
757,525,108,20,33,0.0,5
758,347,66,1,1,8.0,1
758,356,170,2,2,6.0,1
758,418,170,7,3,4.0,1
758,404,32,9,4,3.0,11
758,554,6,4,5,2.0,11
758,403,6,12,6,0.0,12
758,289,32,5,7,0.0,12
758,427,170,11,8,0.0,12
758,477,6,15,9,0.0,14
758,430,95,14,10,0.0,17
758,475,170,3,11,1.0,6
758,501,66,6,12,0.0,6
758,479,6,8,13,0.0,44
758,566,117,10,14,0.0,5
758,456,117,13,15,0.0,5
759,479,6,1,1,8.0,1
759,403,6,3,2,6.0,1
759,356,170,2,3,4.0,1
759,482,6,11,4,3.0,1
759,360,170,10,5,2.0,1
759,541,66,13,6,0.0,1
759,501,66,9,7,0.0,13
759,483,105,21,8,0.0,19
759,430,105,20,9,0.0,88
759,567,105,18,10,0.0,88
759,427,170,8,11,0.0,111
759,475,66,4,12,1.0,2
759,554,6,5,13,0.0,5
759,456,167,16,14,0.0,5
759,364,6,12,15,0.0,21
759,404,32,15,16,0.0,36
759,437,167,19,17,0.0,5
759,418,170,7,18,0.0,68
759,289,32,14,19,0.0,21
759,462,167,17,20,0.0,44
759,347,66,6,21,0.0,5
759,568,105,0,22,0.0,54
760,356,170,1,1,8.0,1
760,475,66,7,2,6.5,1
760,360,170,8,3,4.5,1
760,501,66,3,4,3.0,11
760,427,170,4,5,2.0,11
760,456,117,2,6,0.0,11
760,418,170,5,7,0.0,12
760,502,32,12,8,0.0,14
760,289,32,9,9,0.0,15
760,505,169,16,10,0.0,15
760,481,170,21,11,0.0,16
760,569,170,23,12,0.0,16
760,549,169,18,13,0.0,16
760,566,117,6,14,0.0,80
760,567,105,20,15,0.0,3
760,541,66,11,16,0.0,20
760,486,170,15,17,0.0,6
760,347,66,10,18,0.0,23
760,437,167,13,19,0.0,7
760,478,167,19,20,0.0,6
760,542,32,22,21,0.0,25
760,484,101,14,22,0.0,7
760,540,170,24,23,0.0,7
760,479,118,17,24,0.0,80
760,465,170,0,25,0.0,81
760,570,170,0,26,0.0,81
760,387,123,0,27,0.0,81
760,571,32,0,28,0.0,81
760,401,170,0,29,0.0,81
760,441,170,0,30,0.0,81
761,479,6,1,1,9.0,1
761,364,6,3,2,6.0,1
761,403,6,6,3,4.0,1
761,427,170,12,4,3.0,11
761,347,66,7,5,2.0,12
761,437,167,15,6,0.0,14
761,501,66,8,7,0.0,45
761,360,170,9,8,0.0,7
761,478,66,11,9,0.0,3
761,418,170,5,10,0.0,5
761,356,170,4,11,0.0,7
761,289,32,10,12,0.0,6
761,404,32,13,13,0.0,24
761,477,6,14,14,0.0,8
761,475,170,2,15,0.0,7
762,475,170,1,1,9.0,1
762,418,170,3,2,6.0,11
762,364,6,6,3,4.0,11
762,427,170,4,4,3.0,12
762,501,66,9,5,2.0,13
762,456,117,12,6,0.0,13
762,541,66,11,7,0.0,13
762,566,117,13,8,0.0,14
762,479,6,10,9,0.0,15
762,432,167,14,10,0.0,16
762,360,170,8,11,0.0,7
762,356,170,2,12,0.0,7
762,347,66,5,13,0.0,5
762,403,6,7,14,0.0,3
762,289,32,15,15,0.0,3
762,404,32,16,16,0.0,6
763,475,170,1,1,8.0,1
763,403,6,5,2,7.0,1
763,356,170,3,3,4.0,1
763,364,6,4,4,3.0,1
763,477,6,8,5,2.0,11
763,482,6,6,6,0.0,11
763,501,66,7,7,0.0,12
763,347,66,11,8,0.0,12
763,427,170,13,9,0.0,12
763,566,117,19,10,0.0,12
763,462,167,18,11,0.0,14
763,483,170,12,12,0.0,14
763,541,66,15,13,0.0,15
763,437,167,16,14,0.0,15
763,543,105,21,15,0.0,18
763,456,117,17,16,0.0,5
763,360,170,9,17,0.0,5
763,486,167,12,18,0.0,5
763,404,32,14,19,0.0,23
763,289,32,10,20,0.0,8
763,479,6,2,21,0.0,8
764,360,170,10,1,8.0,1
764,427,170,5,2,7.0,1
764,479,6,4,3,4.0,1
764,356,170,2,4,3.0,1
764,404,32,9,5,2.0,13
764,476,6,6,6,0.0,5
764,572,95,16,7,0.0,14
764,477,6,11,8,0.0,7
764,456,167,11,9,0.0,7
764,449,113,19,10,0.0,8
764,573,168,14,11,0.0,23
764,403,6,8,12,0.0,8
764,567,124,17,13,0.0,44
764,475,170,1,14,0.0,7
764,501,170,3,15,0.0,8
764,574,169,15,16,0.0,25
764,502,32,12,17,0.0,8
764,575,125,13,18,0.0,3
764,576,105,0,19,0.0,54
765,475,87,7,1,8.0,1
765,577,6,5,2,6.0,1
765,578,6,2,3,4.0,1
765,579,105,1,4,4.0,1
765,554,105,4,5,2.0,12
765,501,105,8,6,0.0,13
765,496,105,6,7,0.0,14
765,580,105,9,8,0.0,15
765,547,105,10,9,0.0,19
765,581,6,3,10,0.0,86
766,427,87,5,1,8.0,1
766,577,6,10,2,6.0,1
766,581,6,9,3,4.0,1
766,356,87,3,4,3.0,13
766,501,66,12,5,2.0,19
766,477,32,13,6,0.0,53
766,476,6,11,7,0.0,5
766,347,105,16,8,0.0,3
766,289,32,15,9,0.0,86
766,456,87,4,10,0.0,6
766,578,6,6,11,1.0,48
766,475,118,8,12,0.0,5
766,554,66,2,13,0.0,23
766,483,105,14,14,0.0,5
766,479,118,1,15,0.0,5
766,590,118,7,16,0.0,25
766,541,87,0,17,0.0,81
766,582,105,0,18,0.0,81
766,583,105,0,19,0.0,81
766,584,125,0,20,0.0,81
766,585,125,0,21,0.0,81
766,551,105,0,22,0.0,81
766,553,105,0,23,0.0,81
766,543,127,0,24,0.0,81
766,586,127,0,25,0.0,81
766,547,105,0,26,0.0,81
766,541,66,0,27,0.0,81
766,587,125,0,28,0.0,81
766,588,105,0,29,0.0,81
766,589,105,0,30,0.0,81
766,580,105,0,31,0.0,81
767,475,118,2,1,9.0,1
767,501,66,7,2,6.0,1
767,554,66,4,3,4.0,1
767,456,87,9,4,3.0,11
767,578,6,6,5,2.0,11
767,477,32,11,6,0.0,12
767,577,6,12,7,0.0,12
767,356,87,5,8,0.0,12
767,427,87,8,9,0.0,13
767,347,105,15,10,0.0,14
767,430,95,17,11,0.0,16
767,483,105,16,12,0.0,86
767,590,118,1,13,0.0,5
767,289,32,13,14,0.0,25
767,581,6,10,15,0.0,6
767,418,105,14,16,0.0,48
767,479,118,3,17,0.0,86
767,547,105,0,18,0.0,54
768,525,108,7,1,8.0,1
768,591,108,25,2,6.0,1
768,533,113,8,3,4.0,1
768,529,108,9,4,4.0,1
768,509,108,20,5,2.0,1
768,592,107,3,6,0.0,1
768,528,109,13,7,0.0,1
768,564,107,19,8,0.0,1
768,513,113,26,9,0.0,1
768,560,113,33,10,0.0,1
768,558,113,21,11,0.0,1
768,593,113,6,12,0.0,1
768,594,114,30,13,0.0,1
768,516,113,17,14,0.0,20
768,539,114,32,15,0.0,42
768,531,114,12,16,0.0,20
768,565,113,31,17,0.0,2
768,555,113,14,18,0.0,37
768,523,113,23,19,0.0,23
768,449,110,11,20,0.0,121
768,595,113,15,21,0.0,121
768,527,114,18,22,0.0,7
768,512,113,22,23,0.0,38
768,563,120,29,24,0.0,3
768,562,110,10,25,0.0,48
768,514,113,4,26,0.0,3
768,537,107,1,27,0.0,3
768,596,107,2,28,0.0,3
768,597,113,5,29,0.0,3
768,510,113,16,30,0.0,3
768,598,113,24,31,0.0,3
768,536,113,27,32,0.0,3
768,599,114,28,33,0.0,3
769,479,118,5,1,8.0,1
769,578,6,1,2,7.0,1
769,590,118,11,3,4.0,1
769,477,32,12,4,3.0,1
769,501,66,7,5,2.0,11
769,482,6,6,6,0.0,11
769,427,105,16,7,0.0,11
769,456,87,13,8,0.0,11
769,347,105,14,9,0.0,12
769,551,105,19,10,0.0,12
769,580,105,18,11,0.0,5
769,356,87,8,12,0.0,25
769,289,32,15,13,0.0,5
769,577,6,2,14,0.0,3
769,581,6,4,15,0.0,25
769,554,66,10,16,0.0,51
769,455,105,17,17,0.0,86
769,475,118,9,18,0.0,5
769,418,105,3,19,0.0,5
770,578,6,1,1,9.0,1
770,475,118,6,2,6.0,1
770,476,6,21,3,4.0,1
770,579,105,8,4,3.0,1
770,581,6,4,5,2.0,1
770,356,87,12,6,0.0,11
770,403,105,13,7,0.0,11
770,347,105,16,8,0.0,12
770,583,105,15,9,0.0,13
770,526,105,18,10,0.0,15
770,456,87,14,11,0.0,53
770,501,66,3,12,0.0,25
770,554,66,9,13,0.0,48
770,590,118,10,14,0.0,5
770,289,32,19,15,0.0,25
770,580,105,11,16,0.0,3
770,427,66,7,17,0.0,48
770,479,118,5,18,0.0,5
770,577,6,2,19,0.0,3
770,566,105,17,20,0.0,5
770,477,32,20,21,0.0,5
771,581,6,6,1,8.0,1
771,578,6,4,2,7.0,1
771,456,87,3,3,4.0,1
771,590,118,7,4,3.0,1
771,501,66,2,5,2.0,1
771,356,87,10,6,0.0,1
771,479,118,9,7,0.0,11
771,427,87,12,8,0.0,12
771,566,105,15,9,0.0,13
771,476,6,11,10,0.0,5
771,347,105,13,11,0.0,6
771,583,105,18,12,0.0,6
771,437,87,16,13,0.0,8
771,475,118,1,14,0.0,5
771,477,32,5,15,0.0,5
771,554,66,8,16,0.0,22
771,549,125,17,17,0.0,6
771,502,32,20,18,0.0,25
771,289,32,14,19,0.0,25
771,486,125,19,20,0.0,80
772,479,118,2,1,8.0,1
772,456,87,6,2,6.0,1
772,427,87,7,3,4.0,1
772,476,6,5,4,3.0,1
772,360,87,12,5,0.0,1
772,431,95,13,6,0.0,1
772,437,87,11,7,0.0,1
772,459,87,14,8,0.0,1
772,403,6,10,9,0.0,1
772,477,32,24,10,0.0,12
772,549,32,16,11,0.0,12
772,578,6,1,12,0.0,8
772,581,6,4,13,0.0,3
772,455,87,17,14,0.0,22
772,501,66,8,15,0.0,23
772,600,87,23,16,0.0,48
772,289,32,22,17,0.0,108
772,554,66,9,18,0.0,22
772,430,95,15,19,0.0,5
772,478,105,20,20,0.0,5
772,475,118,3,21,1.0,121
772,601,87,18,22,0.0,5
772,484,87,25,23,0.0,48
772,356,87,19,24,0.0,4
772,347,105,21,25,0.0,3
772,526,105,0,26,0.0,5
773,475,118,1,1,8.0,1
773,578,6,2,2,7.0,1
773,590,118,3,3,4.0,11
773,554,66,4,4,3.0,11
773,476,6,6,5,2.0,11
773,501,66,7,6,0.0,11
773,356,87,8,7,0.0,12
773,427,87,9,8,0.0,12
773,456,87,11,9,0.0,14
773,566,105,10,10,0.0,23
773,479,118,5,11,0.0,20
773,289,32,12,12,0.0,20
773,477,105,13,13,0.0,5
773,347,105,14,14,0.0,68
773,551,105,15,15,0.0,5
774,479,118,2,1,8.0,1
774,578,6,3,2,6.0,1
774,403,6,7,3,5.0,1
774,418,105,11,4,0.0,11
774,456,87,14,5,2.0,18
774,289,32,12,6,0.0,18
774,477,32,16,7,0.0,19
774,551,105,21,8,0.0,5
774,543,105,20,9,0.0,5
774,554,66,8,10,0.0,8
774,478,105,18,11,0.0,5
774,590,118,4,12,0.0,25
774,427,87,13,13,0.0,6
774,475,118,1,14,0.0,6
774,347,66,10,15,0.0,7
774,482,6,5,16,0.0,22
774,583,105,19,17,0.0,3
774,566,105,17,18,0.0,64
774,476,6,6,19,0.0,3
774,501,66,9,20,0.0,3
774,356,87,15,21,0.0,22
775,475,118,2,1,9.0,1
775,578,6,1,2,6.0,1
775,403,6,5,3,4.0,1
775,347,66,8,4,3.0,1
775,501,66,10,5,2.0,1
775,418,105,13,6,0.0,11
775,456,87,14,7,0.0,12
775,486,87,11,8,0.0,13
775,478,105,18,9,0.0,13
775,477,32,16,10,0.0,14
775,356,87,19,11,0.0,14
775,583,105,17,12,0.0,15
775,360,87,21,13,0.0,15
775,602,87,23,14,0.0,15
775,603,87,25,15,0.0,15
775,289,32,12,16,0.0,17
775,590,118,3,17,0.0,3
775,604,87,24,18,0.0,3
775,605,87,22,19,0.0,3
775,479,118,7,20,0.0,5
775,482,6,6,21,0.0,3
775,554,66,4,22,0.0,5
775,455,87,20,23,0.0,3
775,541,66,15,24,0.0,5
775,427,87,9,25,0.0,5
776,579,105,2,1,8.0,1
776,554,105,3,2,6.0,1
776,496,105,8,3,4.0,11
776,501,105,9,4,3.0,12
776,606,6,10,5,1.0,12
776,607,6,11,6,0.0,12
776,347,105,13,7,0.0,15
776,475,105,1,8,1.0,17
776,573,6,12,9,0.0,19
776,586,105,14,10,0.0,88
776,608,6,4,11,0.0,36
776,578,6,7,12,0.0,8
776,577,6,6,13,0.0,8
776,581,6,5,14,0.0,8
777,579,105,1,1,9.0,1
777,479,118,4,2,6.0,1
777,418,105,10,3,4.0,12
777,590,125,13,4,3.0,13
777,427,6,6,5,2.0,15
777,356,87,15,6,0.0,15
777,476,6,9,7,0.0,5
777,483,105,14,8,0.0,44
777,541,66,11,9,0.0,5
777,496,105,7,10,0.0,20
777,549,125,16,11,0.0,95
777,501,105,8,12,0.0,22
777,547,105,12,13,0.0,3
777,581,6,2,14,0.0,3
777,475,118,3,15,0.0,3
777,578,6,5,16,0.0,3
777,456,66,0,17,0.0,81
777,478,105,0,18,0.0,81
777,609,105,0,19,0.0,81
777,586,105,0,20,0.0,81
777,610,87,0,21,0.0,81
778,611,108,13,1,8.0,1
778,509,108,32,2,7.0,1
778,525,114,15,3,4.0,1
778,555,113,10,4,3.0,1
778,612,113,12,5,2.0,1
778,533,113,5,6,0.0,1
778,613,113,28,7,0.0,1
778,597,113,1,8,0.0,1
778,514,109,16,9,0.0,1
778,520,110,14,10,0.0,1
778,562,113,19,11,0.0,1
778,512,114,11,12,0.0,11
778,516,113,33,13,0.0,13
778,563,114,25,14,0.0,14
778,529,113,22,15,0.0,15
778,593,113,17,16,0.0,15
778,528,113,21,17,0.0,18
778,592,113,6,18,0.0,37
778,614,113,27,19,0.0,20
778,594,113,31,20,0.0,8
778,538,120,30,21,0.0,3
778,615,113,4,22,0.0,95
778,527,114,2,23,0.0,95
778,565,113,18,24,0.0,3
778,513,113,20,25,0.0,67
778,560,113,23,26,0.0,95
778,558,113,8,27,0.0,3
778,556,113,29,28,0.0,3
778,596,113,7,29,0.0,31
778,449,110,24,30,0.0,101
778,526,107,3,31,0.0,5
778,532,113,26,32,0.0,3
778,616,113,9,33,0.0,3
779,579,105,1,1,8.0,1
779,577,6,3,2,7.0,1
779,581,6,5,3,4.0,1
779,578,6,7,4,3.0,11
779,501,105,4,5,2.0,17
779,554,105,2,6,0.0,18
779,617,87,15,7,0.0,19
779,496,105,9,8,0.0,5
779,590,118,10,9,0.0,38
779,456,118,6,10,0.0,5
779,618,66,12,11,0.0,7
779,427,6,8,12,0.0,10
779,356,87,13,13,0.0,3
779,547,105,14,14,0.0,86
779,541,66,11,15,0.0,3
780,479,118,3,1,4.0,1
780,577,6,10,2,6.0,1
780,578,6,5,3,4.0,1
780,427,6,9,4,3.0,12
780,456,87,15,5,2.0,15
780,619,87,18,6,0.0,18
780,590,118,6,7,0.0,18
780,549,105,19,8,0.0,124
780,356,87,13,9,0.0,8
780,554,105,2,10,0.0,8
780,581,6,8,11,0.0,47
780,475,118,1,12,0.0,5
780,579,105,4,13,0.0,5
780,486,66,16,14,0.0,5
780,610,66,12,15,0.0,5
780,501,105,7,16,0.0,103
780,496,105,11,17,0.0,7
780,347,105,17,18,0.0,6
780,547,105,14,19,0.0,3
781,579,105,1,1,9.0,1
781,578,6,2,2,6.0,1
781,581,6,4,3,4.0,1
781,577,6,8,4,3.0,1
781,475,118,7,5,2.0,1
781,554,105,3,6,0.0,1
781,501,105,6,7,0.0,1
781,418,105,10,8,0.0,11
781,479,118,5,9,0.0,11
781,483,105,13,10,0.0,11
781,506,105,16,11,0.0,11
781,431,95,12,12,0.0,11
781,484,87,17,13,0.0,12
781,430,95,20,14,0.0,12
781,459,87,22,15,0.0,15
781,478,105,11,16,0.0,83
781,620,95,15,17,0.0,5
781,456,87,14,18,0.0,22
781,580,105,21,19,0.0,38
781,590,118,9,20,0.0,6
781,356,87,18,21,0.0,7
781,621,87,23,22,0.0,99
781,601,87,24,23,0.0,38
781,547,105,19,24,0.0,109
782,475,118,2,1,9.0,1
782,579,105,1,2,6.0,1
782,501,105,5,3,4.0,1
782,418,105,7,4,3.0,1
782,590,118,8,5,2.0,11
782,483,105,10,6,0.0,11
782,356,87,16,7,0.0,13
782,577,6,3,8,0.0,44
782,580,105,12,9,0.0,5
782,506,105,14,10,0.0,7
782,347,105,9,11,0.0,25
782,554,105,4,12,0.0,44
782,456,87,15,13,0.0,3
782,479,118,6,14,0.0,5
782,547,105,11,15,0.0,3
782,586,105,13,16,0.0,5
783,475,118,2,1,8.0,1
783,579,105,4,2,6.0,1
783,476,6,8,3,4.0,12
783,418,105,11,4,3.0,13
783,483,105,12,5,1.0,13
783,578,6,10,6,0.0,14
783,479,118,3,7,1.0,15
783,577,6,9,8,0.0,15
783,580,105,15,9,0.0,16
783,547,105,18,10,0.0,19
783,609,105,16,11,0.0,112
783,581,6,7,12,0.0,5
783,590,118,1,13,0.0,5
783,554,105,5,14,0.0,25
783,506,105,14,15,0.0,5
783,501,105,6,16,0.0,44
783,347,105,13,17,0.0,25
783,586,105,17,18,0.0,5
784,577,6,3,1,4.0,1
784,554,105,4,2,6.0,1
784,578,105,8,3,4.0,12
784,622,105,11,4,1.5,16
784,482,6,10,5,2.0,17
784,623,105,13,6,0.0,88
784,475,105,7,7,0.0,5
784,581,6,9,8,0.0,3
784,586,105,12,9,0.0,3
784,496,105,6,10,0.0,86
784,608,6,2,11,0.0,6
784,498,105,5,12,0.0,5
784,579,6,1,13,0.0,48
785,475,105,2,1,8.0,1
785,581,6,9,2,3.0,1
785,554,105,4,3,4.0,11
785,579,6,1,4,1.5,11
785,624,128,14,5,2.0,17
785,625,128,11,6,0.0,55
785,607,105,7,7,0.0,111
785,547,105,16,8,0.0,112
785,626,128,12,9,0.0,3
785,627,105,15,10,0.0,5
785,608,6,3,11,0.0,8
785,427,118,6,12,0.0,25
785,501,118,5,13,0.0,3
785,577,6,8,14,0.0,3
785,483,6,0,15,0.0,81
785,578,66,0,16,0.0,5
785,479,66,0,17,0.0,5
785,589,105,0,18,0.0,5
786,559,107,1,1,8.0,1
786,611,113,13,2,6.0,1
786,528,109,26,3,4.0,1
786,593,113,6,4,3.0,1
786,537,113,4,5,2.0,1
786,628,114,10,6,0.0,1
786,514,113,23,7,0.0,1
786,449,113,15,8,0.0,1
786,592,110,21,9,0.0,1
786,629,129,30,10,0.0,11
786,520,114,22,11,0.0,14
786,615,113,7,12,0.0,14
786,516,113,25,13,0.0,14
786,558,113,28,14,0.0,15
786,513,114,32,15,0.0,15
786,595,114,29,16,0.0,16
786,630,113,33,17,0.0,19
786,597,113,3,18,0.0,53
786,525,114,19,19,0.0,112
786,509,113,2,20,0.0,5
786,594,113,31,21,0.0,5
786,529,113,5,22,0.0,3
786,596,113,14,23,0.0,23
786,556,113,16,24,0.0,3
786,562,113,24,25,0.0,5
786,631,113,20,26,0.0,7
786,612,113,9,27,0.0,44
786,538,113,27,28,0.0,3
786,561,113,17,29,0.0,3
786,533,113,12,30,0.0,44
786,526,113,11,31,0.0,20
786,512,114,18,32,0.0,20
786,555,113,8,33,1.0,3
787,581,6,3,1,8.0,1
787,632,6,8,2,6.0,1
787,607,105,9,3,2.0,1
787,501,118,6,4,3.0,11
787,633,105,11,5,2.0,12
787,429,6,16,6,0.0,13
787,554,105,4,7,0.0,13
787,627,105,10,8,0.0,13
787,579,6,1,9,0.0,7
787,427,118,7,10,0.0,69
787,475,105,2,11,0.0,36
787,608,6,5,12,0.0,7
787,634,125,12,13,0.0,5
787,547,105,15,14,0.0,6
787,580,105,13,15,0.0,3
788,581,6,3,1,8.0,1
788,608,6,2,2,6.0,1
788,554,105,7,3,4.0,1
788,579,6,1,4,4.0,1
788,607,105,13,5,1.0,12
788,627,105,12,6,0.0,13
788,580,105,17,7,0.0,14
788,624,128,14,8,0.0,14
788,626,128,15,9,0.0,15
788,578,118,6,10,0.0,15
788,429,128,19,11,0.0,16
788,609,105,20,12,0.0,5
788,624,105,16,13,0.0,5
788,482,6,11,14,0.0,8
788,633,105,10,15,0.0,23
788,606,6,9,16,0.0,6
788,427,130,18,17,0.0,37
788,475,105,8,18,0.0,6
788,501,118,4,19,0.0,5
788,635,118,5,20,0.0,3
789,579,6,2,1,8.0,1
789,606,6,12,2,3.0,11
789,554,105,13,3,4.0,12
789,486,125,21,4,3.0,13
789,547,105,14,5,2.0,14
789,633,105,19,6,0.0,15
789,607,105,15,7,0.0,16
789,580,105,25,8,0.0,17
789,626,128,18,9,0.0,17
789,608,6,8,10,0.0,19
789,619,87,22,11,0.0,53
789,475,105,1,12,1.0,109
789,501,118,5,13,0.0,69
789,636,125,11,14,0.0,5
789,427,118,16,15,0.0,69
789,624,128,26,16,0.0,109
789,581,6,4,17,0.0,51
789,456,105,7,18,0.0,69
789,479,66,9,19,0.0,3
789,578,66,3,20,0.0,7
789,627,105,27,21,0.0,10
789,506,105,20,22,0.0,5
789,620,105,24,23,0.0,6
789,637,125,10,24,0.0,7
789,585,99,23,25,0.0,80
789,356,105,28,26,0.0,5
789,541,66,17,27,0.0,5
789,498,118,6,28,0.0,7
790,579,6,1,1,9.0,1
790,475,105,4,2,6.0,1
790,554,105,8,3,4.0,1
790,580,105,16,4,3.0,12
790,627,105,14,5,2.0,13
790,506,105,11,6,0.0,2
790,638,105,19,7,0.0,16
790,639,128,21,8,0.0,5
790,606,6,10,9,0.0,3
790,501,105,12,10,0.0,25
790,633,105,20,11,0.0,5
790,577,6,5,12,0.0,3
790,581,6,2,13,0.0,95
790,608,6,3,14,0.0,10
790,620,105,7,15,0.0,38
790,547,105,13,16,0.0,51
790,456,105,9,17,0.0,22
790,626,128,15,18,0.0,22
790,483,6,17,19,0.0,5
790,607,105,0,20,0.0,54
790,429,128,0,21,0.0,54
790,586,105,0,22,0.0,54
791,475,105,6,1,9.0,1
791,581,6,7,2,3.0,1
791,541,125,26,3,4.0,11
791,580,105,18,4,3.0,11
791,486,125,16,5,2.0,13
791,586,105,15,6,0.0,13
791,640,105,19,7,0.0,14
791,579,6,1,8,0.0,14
791,609,128,25,9,0.0,15
791,583,105,17,10,0.0,18
791,456,105,14,11,0.0,19
791,577,6,3,12,0.0,38
791,620,105,13,13,0.0,38
791,501,118,10,14,0.0,7
791,554,105,5,15,0.0,121
791,506,105,22,16,0.0,5
791,427,118,11,17,0.0,7
791,641,118,4,18,0.0,44
791,608,6,2,19,0.0,27
791,633,105,8,20,0.0,5
791,626,128,23,21,0.0,83
791,606,6,9,22,0.0,27
791,610,125,20,23,0.0,22
791,624,128,21,24,0.0,5
791,476,6,0,25,0.0,54
792,579,131,3,1,9.0,1
792,498,6,1,2,2.0,1
792,642,6,5,3,1.33,12
792,478,131,10,4,1.0,12
792,643,105,16,5,2.0,15
792,501,105,7,6,0.0,18
792,577,105,18,7,0.0,53
792,644,105,19,8,0.0,5
792,645,105,20,9,0.0,32
792,646,128,17,10,0.0,7
792,427,6,14,11,0.0,5
792,608,132,12,12,0.0,3
792,475,131,8,13,0.0,69
792,623,105,21,14,0.0,60
792,647,132,2,15,0.0,3
792,625,128,15,16,0.0,7
792,554,105,4,17,0.0,3
792,648,131,6,18,0.0,3
792,633,132,11,19,0.0,95
792,649,128,9,20,0.0,3
792,496,105,13,21,0.0,3
793,427,6,9,1,8.0,1
793,608,132,4,2,6.0,1
793,554,105,5,3,2.0,11
793,642,6,14,4,3.0,11
793,633,132,7,5,2.0,11
793,589,132,19,6,0.0,15
793,650,128,20,7,0.0,19
793,641,6,15,8,0.0,111
793,475,131,3,9,0.0,124
793,607,105,11,10,0.0,20
793,647,132,2,11,0.0,3
793,501,6,18,12,0.0,5
793,643,105,6,13,0.0,7
793,625,128,16,14,0.0,7
793,579,131,1,15,1.0,7
793,626,128,13,16,0.0,6
793,609,131,10,17,0.0,5
793,578,118,12,18,0.0,37
793,627,105,17,19,0.0,95
793,577,105,8,20,0.0,7
793,651,105,0,21,0.0,81
793,652,133,0,22,0.0,81
793,478,131,0,23,0.0,81
794,628,113,14,1,8.0,1
794,529,113,2,2,3.0,1
794,653,113,10,3,4.0,1
794,512,114,33,4,3.0,1
794,654,113,7,5,1.0,1
794,612,113,8,6,0.0,1
794,538,113,16,7,0.0,1
794,597,113,19,8,0.0,1
794,556,113,17,9,0.0,1
794,559,113,12,10,0.0,1
794,518,114,18,11,0.0,13
794,563,113,25,12,0.0,14
794,513,111,32,13,0.0,14
794,509,108,20,14,0.0,19
794,528,109,21,15,0.0,7
794,655,113,9,16,0.0,3
794,656,113,24,17,0.0,5
794,523,111,31,18,0.0,7
794,611,113,6,19,0.0,7
794,631,134,28,20,0.0,48
794,593,113,27,21,0.0,121
794,532,135,13,22,0.0,80
794,561,113,23,23,0.0,5
794,525,114,11,24,0.0,48
794,657,113,5,25,1.0,3
794,658,113,3,26,0.0,121
794,558,113,22,27,0.0,3
794,449,114,30,28,0.0,3
794,533,113,26,29,0.0,3
794,596,113,29,30,0.0,31
794,659,129,1,31,0.0,44
794,615,113,4,32,0.0,20
794,592,136,15,33,0.0,5
795,579,131,2,1,9.0,1
795,475,131,3,2,6.0,1
795,642,6,4,3,4.0,1
795,632,6,8,4,3.0,1
795,643,105,13,5,1.0,11
795,427,6,10,6,0.0,11
795,577,105,7,7,0.0,12
795,607,105,11,8,0.0,13
795,627,105,12,9,0.0,13
795,648,131,6,10,0.0,44
795,608,132,1,11,0.0,6
795,578,118,9,12,0.0,6
795,554,105,5,13,0.0,20
795,660,105,0,14,0.0,54
795,641,6,0,15,0.0,54
795,501,6,0,16,0.0,54
796,579,131,1,1,8.0,1
796,475,131,2,2,6.0,1
796,577,105,4,3,4.0,1
796,643,105,7,4,4.0,11
796,608,6,9,5,2.0,13
796,554,105,6,6,0.0,13
796,578,6,5,7,0.0,15
796,624,128,14,8,0.0,18
796,627,105,13,9,0.0,18
796,650,128,12,10,0.0,88
796,660,6,16,11,0.0,55
796,427,6,8,12,0.0,6
796,626,128,11,13,0.0,7
796,547,105,15,14,0.0,20
796,648,131,3,15,0.0,20
796,661,105,10,16,0.0,67
797,475,131,1,1,9.0,1
797,579,131,2,2,6.0,1
797,648,131,4,3,4.0,1
797,641,131,5,4,3.0,11
797,577,105,9,5,2.0,11
797,578,6,12,6,0.0,13
797,662,128,23,7,0.0,19
797,651,105,16,8,0.0,45
797,663,118,15,9,0.0,114
797,427,6,13,10,0.0,25
797,643,105,6,11,0.0,5
797,356,87,25,12,0.0,5
797,664,125,17,13,0.0,51
797,581,105,24,14,0.0,8
797,624,128,18,15,0.0,51
797,456,105,20,16,0.0,6
797,547,105,22,17,0.0,23
797,501,118,7,18,0.0,37
797,666,125,14,19,0.0,7
797,665,125,19,20,0.0,23
797,608,6,10,21,0.0,7
797,609,105,8,22,0.0,6
797,554,105,3,23,0.0,44
797,626,128,11,24,0.0,7
797,486,125,21,25,0.0,5
798,579,131,1,1,8.0,1
798,641,131,9,2,6.0,1
798,608,6,4,3,4.0,1
798,554,105,6,4,3.0,1
798,496,105,16,5,2.0,11
798,620,6,12,6,0.0,11
798,643,105,7,7,0.0,12
798,427,6,15,8,0.0,13
798,667,105,20,9,0.0,14
798,578,6,14,10,0.0,6
798,648,131,3,11,0.0,6
798,577,105,10,12,0.0,6
798,547,105,21,13,0.0,22
798,475,131,2,14,1.0,5
798,650,128,19,15,0.0,5
798,624,128,18,16,0.0,69
798,581,105,11,17,0.0,22
798,501,118,13,18,0.0,22
798,668,128,22,19,0.0,5
798,663,118,17,20,0.0,98
798,642,6,5,21,0.0,54
798,633,6,8,22,0.0,54
798,586,137,0,23,0.0,54
799,579,105,3,1,8.0,1
799,642,6,1,2,6.0,1
799,498,6,2,3,5.0,1
799,427,6,5,4,3.0,11
799,625,128,15,5,2.0,12
799,501,105,11,6,0.0,13
799,669,105,10,7,0.0,14
799,640,105,13,8,0.0,14
799,620,6,12,9,0.0,15
799,554,128,17,10,0.0,2
799,578,6,4,11,0.0,2
799,670,105,6,12,0.0,5
799,643,105,8,13,0.0,44
799,671,128,16,14,0.0,51
799,672,105,18,15,0.0,6
799,627,6,14,16,0.0,3
799,577,105,7,17,0.0,54
799,496,105,9,18,0.0,54
800,657,113,19,1,8.0,1
800,525,114,3,2,6.0,1
800,658,113,1,3,5.0,1
800,526,113,11,4,1.5,1
800,673,113,14,5,2.0,1
800,615,113,24,6,0.0,1
800,528,109,6,7,0.0,1
800,555,113,32,8,0.0,1
800,674,113,25,9,0.0,1
800,655,129,13,10,0.0,1
800,656,113,27,11,0.0,1
800,521,114,5,12,0.0,11
800,675,114,22,13,0.0,13
800,628,113,9,14,0.0,13
800,518,113,8,15,0.0,14
800,679,113,20,16,0.0,16
800,592,136,7,17,0.0,16
800,596,129,31,18,0.0,17
800,676,113,33,19,0.0,17
800,611,113,10,20,0.0,20
800,597,113,12,21,0.0,20
800,449,135,16,22,0.0,31
800,520,113,17,23,0.0,8
800,512,138,4,24,0.0,31
800,612,134,23,25,0.0,22
800,659,113,30,26,0.0,5
800,556,113,2,27,0.0,3
800,509,113,28,28,0.0,3
800,529,113,21,29,0.0,67
800,677,139,29,30,0.0,48
800,678,134,26,31,0.0,23
800,593,113,15,32,0.0,5
800,519,113,18,33,0.0,3
801,579,105,1,1,9.0,1
801,427,6,6,2,6.0,1
801,475,105,9,3,4.0,11
801,498,6,5,4,1.5,11
801,429,128,8,5,2.0,11
801,669,105,13,6,0.0,11
801,644,105,11,7,0.0,12
801,642,6,3,8,0.0,80
801,632,128,10,9,0.0,5
801,554,128,7,10,0.0,22
801,670,105,4,11,0.0,5
801,498,6,2,12,0.0,5
801,680,6,14,13,0.0,5
801,643,105,12,14,0.0,42
802,579,131,1,1,8.0,1
802,648,131,2,2,6.0,1
802,626,6,12,3,4.0,11
802,669,105,6,4,3.0,11
802,633,105,14,5,2.0,13
802,554,128,17,6,0.0,15
802,632,128,19,7,0.0,109
802,427,6,9,8,0.0,5
802,627,6,13,9,0.0,5
802,670,105,5,10,0.0,6
802,643,105,11,11,0.0,5
802,663,105,16,12,0.0,7
802,501,105,21,13,0.0,48
802,478,131,7,14,1.0,5
802,456,105,10,15,0.0,86
802,498,6,4,16,0.0,5
802,651,133,15,17,0.0,5
802,681,128,20,18,0.0,5
802,578,6,8,19,0.0,5
802,650,128,18,20,0.0,5
802,647,105,3,21,0.0,7
802,644,105,0,22,0.0,54
803,498,6,2,1,8.14,1
803,578,6,3,2,6.14,1
803,670,105,28,3,4.14,11
803,579,131,1,4,3.14,11
803,427,6,8,5,2.0,13
803,643,105,32,6,0.0,13
803,648,131,6,7,0.0,13
803,663,105,9,8,0.0,14
803,429,128,12,9,0.0,14
803,619,87,18,10,0.0,15
803,682,125,17,11,0.0,16
803,501,105,16,12,0.0,17
803,665,125,22,13,0.0,18
803,683,125,23,14,0.0,55
803,547,87,20,15,0.0,125
803,475,105,4,16,0.0,109
803,684,125,19,17,0.0,69
803,554,128,5,18,0.0,22
803,456,105,7,19,0.0,7
803,669,105,10,20,0.0,3
803,633,105,27,21,0.0,5
803,685,125,21,22,0.0,3
803,686,6,14,23,0.0,5
803,647,105,30,24,0.0,5
803,645,128,13,25,0.0,3
803,581,118,11,26,0.0,5
803,626,6,15,27,0.0,5
803,687,87,24,28,0.0,44
803,688,87,25,29,0.0,5
803,627,6,31,30,0.0,5
803,689,87,26,31,0.0,54
803,690,87,29,32,0.0,54
804,579,131,1,1,8.0,1
804,498,6,5,2,3.0,1
804,427,6,7,3,4.0,1
804,648,131,23,4,4.0,1
804,644,105,15,5,2.0,1
804,641,6,13,6,0.0,11
804,501,105,14,7,0.0,11
804,627,6,11,8,0.0,11
804,626,6,12,9,0.0,12
804,554,128,9,10,0.0,12
804,669,105,19,11,0.0,38
804,691,131,13,12,0.0,20
804,645,128,16,13,0.0,36
804,692,140,21,14,0.0,5
804,478,131,4,15,0.0,95
804,632,128,4,16,0.0,36
804,578,6,3,17,0.0,7
804,643,105,17,18,0.0,95
804,475,105,3,19,0.0,67
804,429,128,20,20,0.0,22
804,670,105,8,21,0.0,3
804,633,105,10,22,0.0,54
804,663,105,22,23,0.0,54
805,579,131,2,1,9.0,1
805,498,6,1,2,6.0,1
805,478,131,7,3,4.0,11
805,643,105,12,4,3.0,12
805,644,105,9,5,2.0,12
805,663,105,8,6,0.0,12
805,620,6,11,7,0.0,15
805,680,6,16,8,0.0,18
805,648,131,5,9,0.0,69
805,427,6,4,10,0.0,5
805,578,6,6,11,0.0,44
805,501,105,13,12,0.0,94
805,475,105,3,13,0.0,94
805,693,128,15,14,0.0,7
805,554,128,14,15,0.0,8
805,645,128,10,16,0.0,48
805,626,6,0,17,0.0,3
806,579,131,1,1,8.0,1
806,578,6,7,2,6.0,11
806,620,6,13,3,2.0,12
806,478,131,8,4,3.0,13
806,427,6,11,5,2.0,15
806,693,128,18,6,0.0,15
806,581,118,16,7,0.0,15
806,627,105,20,8,0.0,16
806,644,105,9,9,0.0,16
806,475,105,3,10,0.0,19
806,672,105,19,11,0.0,88
806,647,6,2,12,0.0,5
806,633,105,6,13,0.0,8
806,648,131,4,14,0.0,3
806,643,105,10,15,0.0,22
806,577,105,14,16,0.0,7
806,498,6,5,17,0.0,6
806,626,6,15,18,0.0,5
806,645,128,17,19,0.0,7
806,554,128,12,20,0.0,5
806,694,105,21,21,0.0,81
807,578,6,3,1,8.0,1
807,577,105,7,2,6.0,1
807,579,131,2,3,4.0,11
807,643,105,11,4,3.0,11
807,648,131,12,5,2.0,14
807,580,105,13,6,0.0,14
807,627,105,20,7,0.0,16
807,663,105,14,8,0.0,16
807,669,105,15,9,0.0,55
807,644,105,10,10,0.0,23
807,640,105,21,11,0.0,5
807,478,131,9,12,0.0,98
807,427,6,8,13,0.0,6
807,650,128,16,14,0.0,5
807,501,105,4,15,0.0,7
807,475,105,6,16,0.0,94
807,554,128,18,17,0.0,23
807,680,6,19,18,0.0,5
807,647,132,1,19,1.0,8
807,633,132,5,20,0.0,23
807,626,6,17,21,0.0,5
807,581,118,0,22,0.0,3
808,647,6,1,1,9.0,1
808,633,6,3,2,6.0,11
808,498,105,5,3,4.0,11
808,578,6,6,4,3.0,11
808,695,105,9,5,2.0,11
808,554,128,11,6,0.0,13
808,427,128,7,7,0.0,16
808,696,87,16,8,0.0,17
808,689,87,12,9,0.0,88
808,626,128,8,10,0.0,36
808,579,105,2,11,0.0,7
808,697,105,15,12,0.0,7
808,642,6,4,13,0.0,3
808,496,128,10,14,0.0,6
808,649,141,14,15,0.0,24
808,698,87,13,16,0.0,36
809,657,113,1,1,9.0,1
809,656,113,12,2,6.0,1
809,611,113,9,3,2.0,1
809,615,113,2,4,1.5,1
809,658,113,3,5,2.0,1
809,556,113,21,6,0.0,1
809,509,113,25,7,0.0,1
809,679,129,20,8,0.0,1
809,529,114,6,9,0.0,3
809,653,113,32,10,0.0,17
809,699,113,26,11,0.0,3
809,700,113,19,12,0.0,88
809,675,114,4,13,0.0,5
809,525,134,31,14,0.0,50
809,701,113,28,15,0.0,121
809,449,113,10,16,0.0,109
809,654,113,14,17,0.0,117
809,613,113,22,18,0.0,44
809,677,113,18,19,0.0,44
809,628,114,29,20,0.0,22
809,673,142,23,21,0.0,7
809,559,114,24,22,0.0,3
809,659,113,7,23,0.0,25
809,518,110,27,24,0.0,80
809,555,113,17,25,0.0,121
809,593,113,8,26,0.0,5
809,528,107,15,27,0.0,3
809,520,113,13,28,0.0,3
809,521,114,16,29,0.0,95
809,655,113,30,30,0.0,121
809,702,139,11,31,0.0,44
809,512,143,33,32,0.0,80
809,612,129,5,33,0.0,3
810,647,6,1,1,8.0,1
810,642,6,3,2,6.0,1
810,697,105,13,3,2.0,11
810,578,6,6,4,3.0,11
810,640,105,7,5,2.0,12
810,427,128,12,6,0.0,13
810,627,6,8,7,0.0,14
810,581,133,16,8,0.0,16
810,475,125,9,9,0.0,17
810,633,6,4,10,1.0,37
810,664,125,14,11,0.0,5
810,501,128,10,12,0.0,7
810,660,125,17,13,0.0,62
810,579,105,2,14,0.0,109
810,643,128,19,15,0.0,7
810,498,105,5,16,0.0,109
810,663,87,18,17,0.0,68
810,456,125,11,18,0.0,5
810,651,133,15,19,0.0,37
811,647,6,2,1,8.0,1
811,633,6,5,2,6.0,1
811,670,105,16,3,4.0,11
811,640,105,9,4,3.0,11
811,427,128,8,5,2.0,11
811,578,6,7,6,0.0,11
811,501,128,12,7,0.0,13
811,627,6,13,8,0.0,13
811,693,128,15,9,0.0,14
811,632,133,11,10,0.0,16
811,429,125,18,11,0.0,17
811,660,105,10,12,0.0,3
811,651,133,17,13,0.0,5
811,642,6,4,14,0.0,5
811,579,105,1,15,0.0,5
811,498,105,3,16,1.0,37
811,554,128,14,17,0.0,5
811,581,133,16,18,0.0,8
811,681,141,20,19,0.0,5
811,703,144,19,20,0.0,7
812,578,6,7,1,8.0,1
812,579,105,4,2,7.0,1
812,498,105,5,3,4.0,1
812,647,6,1,4,3.0,1
812,642,6,6,5,2.0,1
812,633,6,3,6,0.0,1
812,640,105,9,7,0.0,12
812,627,6,10,8,0.0,14
812,670,105,8,9,0.0,15
812,554,128,22,10,0.0,15
812,619,87,12,11,0.0,15
812,660,125,21,12,0.0,17
812,581,133,17,13,0.0,18
812,704,133,18,14,0.0,88
812,589,127,25,15,0.0,50
812,697,105,2,16,0.0,5
812,475,87,13,17,0.0,8
812,669,125,11,18,0.0,24
812,625,127,15,19,0.0,5
812,663,87,14,20,0.0,67
812,427,128,23,21,0.0,7
812,651,133,16,22,0.0,8
812,501,128,20,23,0.0,5
812,643,128,24,24,0.0,109
812,456,125,19,25,0.0,80
813,647,6,1,1,8.5,1
813,579,105,4,2,6.0,1
813,642,6,5,3,4.0,12
813,498,105,2,4,3.5,12
813,578,6,3,5,2.0,13
813,697,105,16,6,0.0,18
813,669,125,19,7,0.0,18
813,663,87,11,8,0.0,88
813,687,87,14,9,0.0,45
813,627,6,24,10,0.0,55
813,706,87,15,11,0.0,20
813,666,125,10,12,0.0,86
813,633,6,6,13,0.0,109
813,670,105,7,14,0.0,5
813,689,87,21,15,0.0,25
813,581,133,23,16,0.0,20
813,486,133,27,17,0.0,8
813,456,125,28,18,0.0,36
813,640,105,26,19,0.0,8
813,651,133,12,20,0.0,8
813,554,128,22,21,0.0,48
813,707,125,20,22,0.0,80
813,427,128,8,23,0.0,109
813,708,133,17,24,0.0,8
813,501,128,9,25,0.0,10
813,664,125,13,26,0.0,31
813,705,87,25,27,0.0,69
814,642,6,3,1,8.0,1
814,579,105,2,2,6.0,1
814,578,6,4,3,4.0,1
814,697,105,7,4,3.0,1
814,640,105,11,5,2.0,11
814,475,87,12,6,0.0,11
814,680,6,19,7,0.0,11
814,647,6,1,8,0.0,11
814,478,144,14,9,0.0,11
814,627,6,22,10,0.0,11
814,690,87,20,11,0.0,12
814,692,144,28,12,0.0,12
814,664,125,16,13,0.0,12
814,710,145,26,14,0.0,12
814,709,145,32,15,0.0,13
814,455,144,29,16,0.0,14
814,633,6,6,17,0.0,5
814,689,87,17,18,0.0,5
814,670,105,8,19,0.0,22
814,431,146,24,20,0.0,43
814,660,125,25,21,0.0,31
814,711,144,34,22,0.0,31
814,712,144,18,23,0.0,31
814,554,128,9,24,0.0,6
814,501,128,10,25,0.0,5
814,669,125,15,26,0.0,22
814,713,147,21,27,0.0,31
814,714,6,27,28,0.0,31
814,715,147,30,29,0.0,31
814,427,128,5,30,0.0,24
814,456,125,13,31,0.0,5
814,716,144,33,32,0.0,31
814,717,147,23,33,0.0,31
814,718,144,31,34,0.0,48
815,647,6,2,1,9.0,1
815,642,6,3,2,6.0,1
815,578,6,7,3,4.0,1
815,579,105,1,4,1.5,11
815,691,105,11,5,2.0,13
815,633,6,6,6,0.0,13
815,663,87,9,7,0.0,13
815,720,6,19,8,0.0,111
815,719,133,18,9,0.0,116
815,622,105,20,10,0.0,6
815,640,105,8,11,0.0,7
815,670,105,5,12,0.0,5
815,427,128,4,13,0.0,109
815,554,128,12,14,0.0,51
815,697,105,10,15,0.0,5
815,651,133,15,16,0.0,5
815,721,6,17,17,0.0,5
815,632,133,16,18,0.0,5
815,680,6,13,19,0.0,20
815,627,6,14,20,0.0,20
816,579,105,2,1,9.0,1
816,642,6,3,2,6.0,1
816,633,6,5,3,4.0,11
816,578,6,6,4,3.0,11
816,427,128,8,5,2.0,11
816,643,128,16,6,0.0,13
816,644,105,12,7,0.0,14
816,620,6,11,8,0.0,15
816,501,128,15,9,0.0,15
816,589,127,25,10,0.0,18
816,669,105,23,11,0.0,18
816,689,87,24,12,0.0,88
816,475,87,10,13,0.0,88
816,717,147,29,14,0.0,53
816,704,133,28,15,0.0,53
816,627,6,17,16,0.0,112
816,647,6,1,17,0.0,3
816,697,105,7,18,0.0,60
816,670,105,4,19,0.0,3
816,640,105,9,20,0.0,5
816,486,125,22,21,0.0,62
816,663,87,19,22,0.0,62
816,664,125,18,23,0.0,62
816,722,6,20,24,0.0,5
816,456,125,14,25,0.0,37
816,622,105,21,26,0.0,5
816,625,127,13,27,0.0,5
816,667,133,26,28,0.0,5
816,660,125,30,29,0.0,69
816,651,133,27,30,0.0,5
817,641,6,2,1,9.0,1
817,723,6,5,2,6.0,1
817,554,128,7,3,4.0,11
817,663,148,13,4,3.0,12
817,689,87,15,5,2.0,13
817,640,105,8,6,0.0,14
817,721,6,19,7,0.0,16
817,688,87,17,8,0.0,17
817,669,141,11,9,0.0,5
817,609,6,4,10,0.0,121
817,501,105,18,11,0.0,5
817,475,133,9,12,0.0,54
817,651,133,12,13,0.0,54
817,626,128,3,14,0.0,21
817,642,6,1,15,0.0,121
817,581,133,6,16,0.0,86
817,725,133,10,17,0.0,86
817,717,147,14,18,0.0,5
817,724,144,16,19,0.0,95
817,627,6,20,20,0.0,3
817,720,141,21,21,0.0,121
818,526,114,7,1,8.0,1
818,509,113,10,2,6.0,1
818,611,113,5,3,4.0,1
818,518,110,6,4,3.0,1
818,656,113,20,5,2.0,1
818,525,113,21,6,0.0,1
818,592,113,23,7,0.0,1
818,726,113,14,8,0.0,1
818,629,113,9,9,0.0,1
818,593,113,31,10,0.0,1
818,658,113,3,11,0.0,1
818,727,107,26,12,0.0,1
818,728,113,16,13,0.0,1
818,729,129,15,14,0.0,1
818,730,149,13,15,0.0,13
818,513,111,24,16,0.0,17
818,657,113,8,17,1.0,38
818,521,113,11,18,0.0,53
818,731,110,12,19,0.0,116
818,675,110,28,20,0.0,116
818,732,113,33,21,0.0,114
818,677,139,29,22,0.0,44
818,449,113,22,23,0.0,51
818,529,150,30,24,0.0,51
818,699,113,4,25,0.0,126
818,628,113,32,26,0.0,24
818,615,113,1,27,0.0,101
818,520,113,18,28,0.0,43
818,702,113,25,29,0.0,7
818,733,113,27,30,0.0,126
818,647,6,19,31,0.0,36
818,734,129,17,32,0.0,6
818,612,113,2,33,0.0,94
819,647,6,1,1,9.0,1
819,642,6,2,2,6.0,1
819,626,128,4,3,4.0,1
819,578,87,6,4,3.0,11
819,632,133,8,5,2.0,12
819,689,87,9,6,0.0,12
819,735,6,13,7,0.0,13
819,660,128,19,8,0.0,13
819,688,87,12,9,0.0,13
819,669,141,18,10,0.0,14
819,651,133,14,11,0.0,14
819,736,133,20,12,0.0,14
819,703,144,21,13,0.0,15
819,737,141,22,14,0.0,16
819,738,133,16,15,0.0,16
819,739,152,15,16,0.0,5
819,641,6,3,17,0.0,3
819,554,128,5,18,0.0,3
819,663,148,7,19,0.0,20
819,627,6,17,20,0.0,7
819,581,133,11,21,0.0,86
819,475,151,10,22,0.0,5
820,647,6,1,1,9.0,1
820,642,6,2,2,6.0,11
820,641,6,3,3,4.0,12
820,626,128,5,4,3.0,13
820,427,141,6,5,2.0,15
820,581,133,8,6,0.0,17
820,554,128,4,7,0.0,17
820,741,105,18,8,0.0,17
820,651,133,14,9,0.0,17
820,704,133,10,10,0.0,19
820,723,6,17,11,0.0,45
820,740,6,16,12,0.0,111
820,669,128,7,13,0.0,109
820,578,87,15,14,0.0,80
820,640,105,12,15,0.0,23
820,687,126,13,16,0.0,8
820,627,6,9,17,0.0,5
820,660,141,20,18,0.0,5
820,501,105,11,19,0.0,6
820,722,6,19,20,0.0,5
821,647,6,2,1,9.0,1
821,641,6,3,2,6.0,11
821,578,87,7,3,4.0,12
821,742,125,8,4,3.0,12
821,743,125,9,5,2.0,13
821,642,6,1,6,0.0,13
821,686,87,6,7,0.0,13
821,456,6,19,8,0.0,13
821,744,125,5,9,0.0,13
821,687,6,20,10,0.0,14
821,669,128,10,11,0.0,14
821,745,126,12,12,0.0,15
821,723,6,15,13,0.0,15
821,660,141,23,14,0.0,16
821,651,133,29,15,0.0,16
821,664,125,17,16,0.0,16
821,501,105,32,17,0.0,17
821,746,105,28,18,0.0,18
821,640,105,31,19,0.0,19
821,688,87,18,20,0.0,19
821,705,148,25,21,0.0,88
821,689,87,13,22,0.0,116
821,581,133,14,23,0.0,80
821,708,133,11,24,0.0,5
821,475,151,16,25,0.0,5
821,427,128,21,26,0.0,6
821,738,133,26,27,0.0,5
821,747,87,22,28,0.0,5
821,626,128,4,29,0.0,8
821,721,6,24,30,0.0,23
821,748,105,27,31,0.0,23
821,749,152,0,32,0.0,54
822,647,6,1,1,9.0,1
822,642,6,2,2,6.0,1
822,723,6,6,3,4.0,1
822,641,6,5,4,3.0,11
822,554,128,11,5,2.0,11
822,736,6,17,6,0.0,12
822,751,144,12,7,0.0,12
822,724,144,15,8,0.0,12
822,752,147,22,9,0.0,13
822,660,133,32,10,0.0,13
822,753,144,8,11,0.0,14
822,709,145,29,12,0.0,14
822,626,128,4,13,0.0,3
822,712,147,9,14,0.0,31
822,738,133,14,15,0.0,6
822,750,144,19,16,0.0,5
822,754,145,25,17,0.0,31
822,715,145,30,18,0.0,80
822,748,105,26,19,0.0,109
822,710,145,23,20,0.0,31
822,755,6,24,21,0.0,22
822,749,152,21,22,0.0,51
822,427,128,3,23,0.0,3
822,756,144,7,24,0.0,6
822,697,105,10,25,0.0,2
822,632,133,13,26,0.0,6
822,692,144,18,27,0.0,31
822,757,144,20,28,0.0,31
822,722,6,27,29,0.0,23
822,746,105,16,30,0.0,31
823,647,6,1,1,9.0,1
823,642,6,2,2,6.0,1
823,633,6,4,3,4.0,1
823,578,87,3,4,3.0,12
823,626,128,6,5,2.0,13
823,427,128,5,6,0.0,13
823,708,133,10,7,0.0,15
823,651,133,9,8,0.0,16
823,622,105,16,9,0.0,17
823,663,148,7,10,0.0,67
823,475,151,18,11,0.0,5
823,758,133,14,12,0.0,62
823,744,125,13,13,0.0,51
823,735,6,17,14,0.0,5
823,632,141,11,15,0.0,8
823,554,128,6,16,0.0,10
823,759,105,15,17,0.0,24
823,746,105,12,18,0.0,109
824,647,6,1,1,8.5,1
824,498,105,5,2,6.5,1
824,633,6,2,3,4.0,1
824,642,6,3,4,3.0,1
824,697,105,13,5,2.0,11
824,609,6,8,6,0.0,11
824,641,6,6,7,0.0,13
824,622,105,18,8,0.0,14
824,663,87,15,9,0.0,14
824,627,6,17,10,0.0,15
824,748,105,23,11,0.0,15
824,742,125,19,12,0.0,16
824,688,87,20,13,0.0,17
824,626,128,7,14,0.0,19
824,689,87,12,15,0.0,55
824,475,125,1,16,0.0,22
824,746,105,25,17,0.0,5
824,554,128,11,18,0.0,5
824,578,87,12,19,0.0,62
824,762,105,16,20,0.0,5
824,427,128,4,21,0.0,5
824,664,125,2,22,0.0,22
824,723,6,16,23,0.0,5
824,625,127,10,24,0.0,6
824,735,6,0,25,0.0,81
824,761,105,0,26,0.0,81
824,640,105,0,27,0.0,81
824,581,133,0,28,0.0,81
824,687,6,0,29,0.0,81
824,738,133,0,30,0.0,81
824,749,152,0,31,0.0,81
824,651,133,0,32,0.0,81
824,717,6,0,33,0.0,81
824,760,153,0,34,0.0,81
824,660,141,0,35,0.0,81
825,579,51,1,1,9.0,1
825,641,6,6,2,6.0,1
825,642,51,2,3,4.0,1
825,763,51,4,4,3.0,11
825,640,51,5,5,2.0,12
825,647,6,7,6,0.0,12
825,589,105,19,7,0.0,12
825,475,133,14,8,0.0,12
825,627,154,8,9,0.0,13
825,741,154,12,10,0.0,13
825,723,6,10,11,0.0,13
825,501,105,17,12,0.0,14
825,660,154,18,13,0.0,17
825,764,154,21,14,0.0,45
825,687,6,9,15,0.0,3
825,765,154,11,16,0.0,3
825,725,133,20,17,0.0,121
825,704,154,15,18,0.0,80
825,633,6,3,19,0.0,3
825,498,154,13,20,0.0,94
825,721,144,16,21,0.0,69
826,766,113,2,1,9.0,1
826,673,113,7,2,6.0,1
826,658,113,3,3,2.0,1
826,612,149,31,4,3.0,1
826,734,134,29,5,2.0,1
826,731,119,17,6,0.0,1
826,767,113,24,7,0.0,17
826,518,150,4,8,0.0,127
826,529,150,9,9,0.0,20
826,699,113,1,10,0.0,31
826,534,113,22,11,0.0,5
826,611,113,12,12,0.0,5
826,729,113,16,13,0.0,5
826,768,150,5,14,0.0,3
826,654,114,14,15,0.0,5
826,653,135,27,16,0.0,109
826,615,113,11,17,0.0,8
826,700,113,15,18,0.0,42
826,769,155,33,19,0.0,8
826,521,156,19,20,0.0,42
826,593,113,8,21,0.0,121
826,770,113,10,22,0.0,5
826,526,113,6,23,0.0,5
826,630,134,32,24,0.0,25
826,733,113,28,25,0.0,80
826,771,113,13,26,0.0,121
826,449,139,25,27,0.0,108
826,629,113,18,28,0.0,109
826,657,111,20,29,0.0,44
826,726,110,21,30,0.0,7
826,772,150,23,31,0.0,5
826,732,105,26,32,0.0,95
826,728,107,30,33,0.0,7
827,642,51,2,1,8.0,1
827,647,6,4,2,6.0,1
827,633,6,3,3,4.0,1
827,627,154,7,4,3.0,12
827,704,154,8,5,2.0,12
827,429,154,12,6,0.0,13
827,660,154,11,7,0.0,13
827,773,154,13,8,0.0,14
827,579,51,1,9,1.0,14
827,589,154,9,10,0.0,5
827,763,51,6,11,0.0,21
827,641,6,5,12,0.0,7
827,741,154,10,13,0.0,7
828,786,51,7,1,4.0,1
828,647,6,6,2,3.0,1
828,633,6,4,3,4.0,13
828,686,6,9,4,3.0,14
828,642,51,2,5,2.0,14
828,589,154,8,6,0.0,16
828,704,154,11,7,0.0,16
828,774,154,14,8,0.0,18
828,764,154,19,9,0.0,45
828,763,51,5,10,0.0,124
828,579,51,1,11,0.0,115
828,660,154,12,12,0.0,3
828,627,154,13,13,0.0,7
828,741,154,10,14,0.0,5
828,775,141,17,15,0.0,5
828,501,105,22,16,0.0,25
828,427,141,18,17,0.0,5
828,647,6,3,18,0.0,6
828,609,141,21,19,0.0,5
828,626,141,23,20,0.0,5
828,670,105,15,21,0.0,5
828,640,105,16,22,0.0,7
828,687,6,20,23,0.0,5
829,498,6,1,1,8.0,1
829,579,51,2,2,6.0,1
829,633,6,5,3,4.0,12
829,697,51,7,4,3.0,13
829,686,66,20,5,2.0,15
829,763,51,6,6,0.0,16
829,661,66,19,7,0.0,16
829,778,151,12,8,0.0,16
829,687,6,8,9,0.0,17
829,627,154,9,10,0.0,17
829,619,151,10,11,0.0,18
829,708,154,11,12,0.0,19
829,660,154,14,13,0.0,88
829,642,51,3,14,1.0,8
829,776,126,18,15,0.0,62
829,647,6,4,16,0.0,6
829,777,105,16,17,0.0,44
829,747,105,15,18,0.0,5
829,589,154,13,19,0.0,23
829,779,105,17,20,0.0,21
830,647,6,1,1,8.0,1
830,579,51,3,2,7.0,1
830,498,6,2,3,4.0,1
830,633,6,5,4,3.0,1
830,641,6,6,5,2.0,1
830,723,6,8,6,0.0,11
830,626,141,9,7,0.0,11
830,627,154,15,8,0.0,11
830,773,154,19,9,0.0,12
830,680,154,22,10,0.0,12
830,660,154,18,11,0.0,13
830,704,154,11,12,0.0,3
830,427,141,14,13,0.0,5
830,697,51,10,14,0.0,121
830,708,154,20,15,0.0,51
830,756,51,7,16,0.0,3
830,609,141,12,17,0.0,5
830,642,51,4,18,0.0,25
830,741,154,21,19,0.0,6
830,589,154,13,20,0.0,80
830,780,105,17,21,0.0,5
830,640,105,16,22,0.0,5
831,647,6,3,1,8.0,1
831,498,6,4,2,6.0,1
831,697,51,7,3,2.0,11
831,633,6,5,4,3.0,11
831,641,6,6,5,2.0,12
831,609,141,11,6,0.0,16
831,627,154,15,7,0.0,17
831,704,154,14,8,0.0,18
831,762,127,18,9,0.0,53
831,579,51,1,10,0.0,5
831,427,141,12,11,0.0,5
831,626,141,13,12,0.0,5
831,589,154,17,13,0.0,80
831,773,154,20,14,0.0,5
831,680,154,22,15,0.0,25
831,642,51,2,16,0.0,5
831,660,154,21,17,0.0,94
831,640,51,9,18,0.0,126
831,687,6,19,19,0.0,121
831,622,6,16,20,0.0,7
831,686,66,8,21,0.0,54
831,781,66,10,22,0.0,54
832,579,51,2,1,9.0,1
832,498,6,3,2,6.0,1
832,642,51,4,3,4.0,1
832,647,6,1,4,3.0,12
832,697,51,8,5,2.0,12
832,640,51,6,6,0.0,14
832,627,154,20,7,0.0,16
832,741,154,13,8,0.0,17
832,626,141,9,9,0.0,17
832,580,105,17,10,0.0,88
832,633,6,5,11,0.0,80
832,609,141,10,12,0.0,5
832,660,154,15,13,0.0,3
832,641,6,7,14,0.0,36
832,427,141,11,15,0.0,5
832,783,154,16,16,0.0,5
832,704,154,14,17,0.0,3
832,589,154,12,18,0.0,80
832,669,105,19,19,0.0,5
832,782,105,18,20,0.0,5
833,642,51,1,1,9.0,1
833,786,51,2,2,6.0,1
833,686,51,4,3,4.0,1
833,704,154,6,4,3.0,12
833,627,154,9,5,2.0,12
833,619,151,13,6,0.0,13
833,787,151,15,7,0.0,13
833,741,154,14,8,0.0,15
833,784,105,16,9,0.0,16
833,778,105,20,10,0.0,16
833,660,154,21,11,0.0,16
833,579,51,3,12,0.0,44
833,776,126,19,13,0.0,62
833,669,105,5,14,0.0,60
833,747,105,18,15,0.0,5
833,785,126,17,16,0.0,7
833,640,105,8,17,0.0,5
833,589,105,11,18,0.0,8
833,789,154,7,19,0.0,51
833,661,151,10,20,0.0,6
833,790,151,12,21,0.0,126
834,579,51,1,1,9.0,1
834,647,6,7,2,6.0,11
834,589,105,8,3,4.0,12
834,793,6,9,4,3.0,13
834,669,105,15,5,2.0,15
834,619,151,16,6,0.0,16
834,660,154,19,7,0.0,16
834,633,6,6,8,0.0,109
834,741,154,4,9,0.0,44
834,498,105,3,10,0.0,3
834,642,51,2,11,0.0,3
834,786,51,5,12,0.0,3
834,627,154,10,13,0.0,3
834,626,141,11,14,0.0,3
834,640,105,12,15,0.0,3
834,427,141,13,16,0.0,3
834,787,151,14,17,0.0,3
834,762,105,17,18,0.0,3
834,501,87,20,19,0.0,4
834,687,6,21,20,0.0,5
834,792,105,18,21,0.0,3
835,593,113,5,1,9.0,1
835,701,150,10,2,6.0,11
835,768,150,3,3,4.0,11
835,770,113,12,4,3.0,11
835,794,113,9,5,1.0,12
835,766,119,23,6,0.0,12
835,654,113,1,7,0.0,13
835,726,110,4,8,0.0,13
835,555,138,19,9,0.0,13
835,559,113,11,10,0.0,13
835,795,156,16,11,0.0,15
835,518,129,13,12,0.0,15
835,772,113,26,13,0.0,16
835,658,113,6,14,0.0,20
835,526,110,24,15,0.0,18
835,520,157,31,16,0.0,88
835,653,116,27,17,0.0,88
835,732,113,33,18,0.0,88
835,771,113,20,19,0.0,45
835,677,105,14,20,0.0,55
835,659,113,15,21,0.0,53
835,796,158,29,22,0.0,112
835,797,159,30,23,0.0,20
835,509,160,28,24,0.0,116
835,731,105,21,25,0.0,70
835,729,162,22,26,0.0,7
835,798,161,17,27,0.0,51
835,615,113,2,28,0.0,44
835,799,113,32,29,0.0,126
835,611,113,25,30,0.0,51
835,529,150,8,31,0.0,67
835,537,107,18,32,0.0,85
835,630,113,7,33,0.0,44
836,642,51,2,1,9.0,1
836,786,51,3,2,6.0,1
836,627,154,10,3,4.0,11
836,669,105,8,4,3.0,12
836,697,105,12,5,2.0,12
836,640,105,11,6,0.0,12
836,800,105,15,7,0.0,13
836,501,154,18,8,0.0,13
836,589,105,16,9,0.0,13
836,660,154,14,10,0.0,14
836,780,105,17,11,0.0,17
836,579,51,1,12,0.0,5
836,741,154,6,13,0.0,6
836,789,154,9,14,0.0,3
836,793,6,13,15,0.0,22
836,633,6,4,16,0.0,5
836,647,6,5,17,0.0,94
836,704,154,7,18,0.0,3
837,579,51,2,1,8.0,1
837,786,51,3,2,6.0,1
837,627,154,8,3,4.0,1
837,642,51,1,4,4.0,1
837,647,6,7,5,2.0,11
837,633,6,4,6,0.0,12
837,773,154,10,7,0.0,12
837,660,154,14,8,0.0,13
837,785,126,12,9,0.0,15
837,780,105,11,10,0.0,16
837,774,154,13,11,0.0,108
837,793,154,5,12,0.0,51
837,741,154,6,13,0.0,25
837,704,154,9,14,0.0,108
838,579,51,1,1,9.0,1
838,786,51,3,2,6.0,1
838,687,6,18,3,4.0,13
838,626,141,12,4,3.0,13
838,741,154,4,5,1.0,15
838,801,154,15,6,0.0,18
838,642,51,2,7,0.0,48
838,704,154,5,8,0.0,55
838,773,154,9,9,0.0,5
838,697,105,10,10,0.0,5
838,660,154,14,11,0.0,25
838,627,154,6,12,0.0,25
838,686,105,11,13,0.0,5
838,762,105,7,14,0.0,5
838,589,105,13,15,0.0,5
838,784,105,17,16,0.0,5
838,793,154,16,17,0.0,25
838,498,105,8,18,0.0,5
839,642,51,3,1,8.0,1
839,802,6,6,2,3.0,1
839,786,51,5,3,4.0,1
839,627,154,13,4,3.0,15
839,741,154,16,5,2.0,15
839,640,105,17,6,0.0,18
839,687,6,18,7,0.0,18
839,747,105,24,8,0.0,6
839,787,151,21,9,0.0,21
839,793,154,8,10,0.0,6
839,764,154,11,11,0.0,108
839,762,105,9,12,0.0,31
839,641,51,7,13,0.0,5
839,773,154,20,14,0.0,6
839,579,51,1,15,1.0,6
839,660,154,22,16,0.0,25
839,647,6,2,17,0.0,5
839,791,6,25,18,0.0,5
839,765,154,16,19,0.0,23
839,740,105,26,20,0.0,31
839,427,141,12,21,0.0,110
839,589,105,19,22,0.0,51
839,763,51,4,23,0.0,5
839,626,141,10,24,0.0,7
839,669,105,15,25,0.0,5
839,756,105,27,26,0.0,5
839,697,163,23,27,0.0,54
833,788,105,20,10,0.0,16
833,666,151,10,20,0.0,6
835,529,113,9,5,1.0,12
835,803,161,17,27,0.0,51
838,774,154,4,5,1.0,15
838,627,154,15,6,0.0,18
839,647,6,6,2,3.0,1
839,579,51,7,13,0.0,5
826,675,113,3,3,2.0,1
828,579,51,7,1,5.0,1
828,498,6,6,2,3.0,1
828,786,51,1,11,0.0,115
831,642,51,7,3,3.0,11
817,642,6,4,10,0.0,121
820,721,6,17,11,0.0,45
820,501,105,12,15,0.0,23
823,759,105,16,9,0.0,17
808,501,128,7,7,0.0,16
809,518,113,9,3,2.0,1
809,555,113,2,4,1.5,1
809,513,113,25,7,0.0,1
809,521,114,6,9,0.0,3
809,520,114,6,9,0.0,3
809,702,113,19,12,0.0,88
809,509,113,28,15,0.0,121
809,612,113,10,16,0.0,109
809,630,113,10,16,0.0,109
809,804,113,14,17,0.0,117
809,512,113,18,19,0.0,44
809,797,113,18,19,0.0,44
809,521,113,7,23,0.0,25
809,612,113,7,23,0.0,25
810,498,105,13,3,2.0,11
811,579,105,10,12,0.0,3
814,633,6,1,8,0.0,11
814,647,6,6,17,1.0,5
815,697,105,1,4,1.5,11
815,579,105,10,15,0.0,5
816,577,105,12,7,0.0,14
800,518,113,11,4,1.5,1
800,659,113,32,8,0.0,1
800,593,113,27,11,0.0,1
800,611,113,27,11,0.0,1
800,612,113,27,11,0.0,1
800,653,113,27,11,0.0,1
800,654,114,5,12,0.0,11
800,613,113,8,15,0.0,14
800,799,113,8,15,0.0,14
800,529,113,8,15,0.0,14
800,702,129,31,18,0.0,17
800,730,113,33,19,0.0,17
800,653,113,10,20,0.0,20
800,509,113,10,20,0.0,20
800,513,135,16,22,0.0,31
800,613,113,17,23,0.0,8
800,612,138,4,24,0.0,31
800,556,138,4,24,0.0,31
800,702,134,23,25,0.0,22
800,559,113,28,28,0.0,3
800,805,139,29,30,0.0,48
800,730,134,26,31,0.0,23
801,578,6,5,4,1.5,11
803,541,105,10,20,0.0,3
803,647,105,27,21,0.0,5
804,578,6,5,2,3.0,1
806,498,6,13,3,3.0,12
807,638,105,21,11,0.0,5
792,642,6,1,2,2.0,1
792,427,6,1,2,2.0,1
792,427,6,5,3,1.33,12
792,620,6,5,3,1.33,12
792,648,131,10,4,1.0,12
792,475,131,10,4,1.0,12
792,554,105,7,6,0.0,18
792,644,105,18,7,0.0,53
792,501,105,18,7,0.0,53
792,554,105,19,8,0.0,5
792,577,105,19,8,0.0,5
792,501,105,20,9,0.0,32
792,496,105,20,9,0.0,32
792,633,132,12,12,0.0,3
793,607,105,5,3,2.0,11
793,632,6,15,8,0.0,111
793,554,105,11,10,0.0,20
794,555,113,2,2,3.0,1
794,519,113,7,5,1.0,1
795,554,105,13,5,1.0,11
797,608,6,12,6,0.0,13
797,501,118,15,9,0.0,114
797,661,125,14,19,0.0,7
784,579,6,3,1,5.0,1
784,583,105,11,4,1.5,16
784,806,105,13,6,0.0,88
785,579,6,9,2,4.0,1
785,608,6,1,4,1.5,11
785,429,128,11,6,0.0,55
786,532,113,14,23,0.0,23
787,475,105,9,3,3.0,1
788,475,105,13,5,1.0,12
788,501,118,6,10,0.0,15
789,581,6,12,2,3.0,11
789,606,6,8,10,0.0,19
791,579,6,7,2,3.0,1
791,608,6,1,8,0.0,14
791,554,105,13,13,0.0,38
791,347,105,8,20,0.0,5
776,498,6,10,5,1.0,12
776,581,6,11,6,0.0,12
776,476,6,11,6,0.0,12
777,578,6,9,7,0.0,5
777,501,105,14,8,0.0,44
779,356,87,15,7,0.0,19
780,475,118,3,1,5.0,1
780,581,6,9,4,0.0,12
780,479,118,1,12,0.0,5
783,501,105,12,5,1.0,13
783,638,105,16,11,0.0,112
770,479,118,10,14,0.0,5
774,566,105,11,4,0.0,11
746,475,170,8,3,0.0,1
742,486,102,20,19,0.0,2
728,373,172,1,1,9.0,1
728,364,34,3,2,6.0,1
728,289,66,6,3,4.0,11
728,360,170,9,4,3.0,11
728,385,6,5,5,2.0,11
728,347,170,11,6,1.0,12
728,408,170,10,7,0.0,13
728,401,172,8,8,0.0,14
728,340,170,13,9,0.0,15
728,430,95,20,10,0.0,16
728,411,89,18,11,0.0,17
728,409,167,19,12,0.0,18
728,356,34,2,13,0.0,3
728,412,180,15,14,0.0,124
728,362,51,16,15,0.0,6
728,407,34,14,16,0.0,51
728,341,6,4,17,0.0,5
728,386,66,7,18,0.0,86
728,413,172,12,19,0.0,5
728,368,89,17,20,0.0,86
728,310,176,0,21,0.0,3
728,410,172,0,22,0.0,54
728,305,26,0,23,0.0,54
337,4,6,3,1,25.0,1
337,13,6,2,2,18.0,1
337,1,1,4,3,15.0,1
337,20,9,1,4,12.0,1
337,3,131,5,5,10.0,1
337,30,131,7,6,8.0,1
337,18,1,8,7,6.0,1
337,17,9,6,8,4.0,1
337,24,10,12,9,2.0,1
337,22,3,11,10,1.0,1
337,9,4,9,11,0.0,1
337,16,10,10,12,0.0,1
337,153,5,18,13,0.0,1
337,807,3,13,14,0.0,11
337,5,205,21,15,0.0,12
337,67,5,15,16,0.0,10
337,15,205,20,17,0.0,9
337,37,15,14,18,0.0,9
337,811,164,23,19,0.0,25
337,10,166,19,20,0.0,6
337,808,4,17,21,0.0,22
337,155,15,16,22,0.0,9
337,810,166,22,23,0.0,9
337,812,164,24,24,0.0,3
338,18,1,4,1,25.0,1
338,9,4,9,2,18.0,1
338,13,6,5,3,15.0,1
338,4,6,3,4,12.0,1
338,3,131,6,5,10.0,1
338,1,1,11,6,8.0,1
338,24,10,13,7,6.0,1
338,22,3,8,8,4.0,1
338,17,9,2,9,2.0,1
338,30,131,7,10,1.0,1
338,153,5,17,11,0.0,1
338,37,15,14,12,0.0,1
338,5,205,19,13,0.0,12
338,812,164,22,14,0.0,15
338,10,166,23,15,0.0,22
338,810,166,24,16,0.0,9
338,20,9,1,17,0.0,36
338,16,10,10,18,0.0,5
338,808,4,18,19,0.0,20
338,811,164,21,20,0.0,9
338,67,5,12,21,0.0,4
338,807,3,15,22,0.0,4
338,155,15,16,23,0.0,4
338,15,205,20,24,0.0,9
339,20,9,3,1,25.0,1
339,17,9,1,2,18.0,1
339,3,131,2,3,15.0,1
339,9,4,6,4,12.0,1
339,16,10,4,5,10.0,1
339,1,1,20,6,8.0,1
339,13,6,21,7,6.0,1
339,18,1,17,8,4.0,1
339,153,5,14,9,2.0,1
339,807,3,5,10,1.0,1
339,67,5,13,11,0.0,1
339,22,3,7,12,0.0,11
339,4,6,19,13,0.0,5
339,810,166,24,14,0.0,13
339,812,164,22,15,0.0,13
339,811,164,23,16,0.0,14
339,15,205,18,17,0.0,15
339,5,205,15,18,0.0,88
339,808,4,11,19,0.0,6
339,24,10,10,20,0.0,37
339,30,131,8,21,0.0,36
339,155,15,9,22,0.0,5
339,10,166,16,23,0.0,20
339,37,15,12,24,0.0,5
340,18,1,5,1,25.0,1
340,1,1,6,2,18.0,1
340,3,131,4,3,15.0,1
340,4,6,3,4,12.0,1
340,9,4,8,5,10.0,1
340,20,9,1,6,8.0,1
340,808,4,14,7,6.0,1
340,17,9,2,8,4.0,1
340,13,6,7,9,2.0,1
340,30,131,9,10,1.0,1
340,16,10,10,11,0.0,1
340,22,3,11,12,0.0,1
340,153,5,12,13,0.0,1
340,5,205,21,14,0.0,11
340,807,3,16,15,0.0,11
340,811,164,23,16,0.0,12
340,812,164,24,17,0.0,14
340,15,205,20,18,0.0,9
340,810,166,22,19,0.0,8
340,37,15,17,20,0.0,39
340,67,5,13,21,0.0,3
340,155,15,15,22,0.0,3
340,24,10,18,23,0.0,3
340,10,166,19,24,0.0,5
341,17,9,1,1,25.0,1
341,4,6,4,2,18.0,1
341,20,9,2,3,15.0,1
341,30,131,6,4,12.0,1
341,18,1,5,5,10.0,1
341,13,6,9,6,8.0,1
341,16,10,11,7,6.0,1
341,9,4,7,8,4.0,1
341,22,3,17,9,2.0,11
341,153,5,15,10,1.0,11
341,808,4,19,11,0.0,11
341,155,15,10,12,0.0,11
341,3,131,8,13,0.0,11
341,1,1,3,14,0.0,29
341,24,10,16,15,0.0,5
341,807,3,13,16,0.0,12
341,15,205,18,17,0.0,13
341,10,166,22,18,0.0,13
341,810,166,23,19,0.0,14
341,67,5,14,20,0.0,9
341,812,164,24,21,0.0,22
341,37,15,12,22,0.0,4
341,811,164,21,23,0.0,3
341,5,205,20,24,0.0,6
342,17,9,1,1,25.0,1
342,20,9,3,2,18.0,1
342,9,4,2,3,15.0,1
342,13,6,4,4,12.0,1
342,1,1,5,5,10.0,1
342,4,6,24,6,8.0,1
342,3,131,6,7,6.0,1
342,16,10,12,8,4.0,1
342,24,10,10,9,2.0,1
342,67,5,13,10,1.0,1
342,153,5,17,11,0.0,1
342,30,131,7,12,0.0,1
342,808,4,14,13,0.0,23
342,812,164,23,14,0.0,4
342,15,205,19,15,0.0,4
342,5,205,18,16,0.0,38
342,811,164,22,17,0.0,9
342,22,3,9,18,0.0,22
342,155,15,16,19,0.0,6
342,810,166,21,20,0.0,36
342,10,166,20,21,0.0,49
342,37,15,15,22,0.0,9
342,18,1,8,23,0.0,5
342,807,3,11,24,0.0,33
343,1,1,2,1,25.0,1
343,18,1,4,2,18.0,1
343,17,9,1,3,15.0,1
343,30,131,5,4,12.0,1
343,3,131,6,5,10.0,1
343,9,4,7,6,8.0,1
343,13,6,8,7,6.0,1
343,4,6,12,8,4.0,1
343,16,10,11,9,2.0,1
343,155,15,10,10,1.0,1
343,37,15,13,11,0.0,1
343,153,5,16,12,0.0,1
343,24,10,18,13,0.0,11
343,22,3,15,14,0.0,11
343,808,4,9,15,0.0,11
343,67,5,14,16,0.0,11
343,807,3,17,17,0.0,11
343,10,166,21,18,0.0,13
343,810,166,23,19,0.0,13
343,812,164,24,20,0.0,48
343,811,164,22,21,0.0,32
343,20,9,3,22,0.0,4
343,5,205,20,23,0.0,9
343,15,205,19,24,0.0,9
344,1,1,1,1,25.0,1
344,18,1,4,2,18.0,1
344,4,6,3,3,15.0,1
344,20,9,2,4,12.0,1
344,17,9,7,5,10.0,1
344,3,131,10,6,8.0,1
344,9,4,8,7,6.0,1
344,67,5,15,8,4.0,11
344,24,10,5,9,2.0,11
344,16,10,9,10,1.0,11
344,30,131,13,11,0.0,11
344,153,5,16,12,0.0,11
344,807,3,12,13,0.0,11
344,22,3,11,14,0.0,11
344,13,6,6,15,0.0,11
344,5,205,19,16,0.0,12
344,808,4,14,17,0.0,12
344,812,164,24,18,0.0,14
344,810,166,23,19,0.0,15
344,10,166,21,20,0.0,26
344,15,205,20,21,0.0,23
344,37,15,17,22,0.0,5
344,811,164,22,23,0.0,9
344,155,15,18,24,0.0,3
345,20,9,1,1,25.0,1
345,1,1,3,2,18.0,1
345,18,1,7,3,15.0,1
345,22,3,9,4,12.0,1
345,9,4,6,5,10.0,1
345,16,10,13,6,8.0,1
345,155,15,18,7,6.0,1
345,4,6,4,8,4.0,1
345,67,5,11,9,2.0,1
345,3,131,12,10,1.0,1
345,13,6,5,11,0.0,1
345,37,15,16,12,0.0,1
345,153,5,17,13,0.0,1
345,808,4,10,14,0.0,1
345,30,131,15,15,0.0,1
345,24,10,14,16,0.0,1
345,810,166,21,17,0.0,11
345,812,164,23,18,0.0,12
345,10,166,22,19,0.0,12
345,811,164,24,20,0.0,12
345,15,205,19,21,0.0,14
345,807,3,8,22,0.0,43
345,5,205,20,23,0.0,4
345,17,9,2,24,0.0,4
346,17,9,2,1,25.0,1
346,1,1,4,2,18.0,1
346,3,131,5,3,15.0,1
346,18,1,14,4,12.0,1
346,22,3,8,5,10.0,1
346,155,15,12,6,8.0,1
346,20,9,1,7,6.0,1
346,16,10,11,8,4.0,1
346,30,131,10,9,2.0,1
346,807,3,13,10,1.0,1
346,24,10,20,11,0.0,1
346,67,5,16,12,0.0,1
346,808,4,15,13,0.0,1
346,4,6,3,14,0.0,1
346,13,6,7,15,0.0,1
346,15,205,21,16,0.0,11
346,5,205,18,17,0.0,11
346,10,166,19,18,0.0,12
346,812,164,23,19,0.0,12
346,29,164,24,20,0.0,12
346,153,5,17,21,0.0,23
346,37,15,9,22,0.0,4
346,9,4,6,23,0.0,30
346,810,166,22,24,0.0,9
347,4,6,2,1,25.0,1
347,13,6,3,2,18.0,1
347,20,9,1,3,15.0,1
347,1,1,6,4,12.0,1
347,18,1,5,5,10.0,1
347,17,9,4,6,8.0,1
347,9,4,7,7,6.0,11
347,3,131,9,8,4.0,11
347,30,131,11,9,2.0,11
347,808,4,13,10,1.0,11
347,155,15,12,11,0.0,11
347,22,3,8,12,0.0,11
347,807,3,10,13,0.0,11
347,37,15,14,14,0.0,11
347,153,5,15,15,0.0,11
347,24,10,21,16,0.0,12
347,16,10,19,17,0.0,12
347,10,166,23,18,0.0,13
347,811,164,20,19,0.0,14
347,5,205,18,20,0.0,4
347,810,166,24,21,0.0,6
347,29,164,22,22,0.0,5
347,15,205,17,23,0.0,6
347,67,5,16,24,0.0,4
348,17,9,2,1,25.0,1
348,4,6,3,2,18.0,1
348,20,9,1,3,15.0,1
348,13,6,4,4,12.0,1
348,808,4,7,5,10.0,1
348,807,3,10,6,8.0,1
348,37,15,9,7,6.0,11
348,18,1,11,8,4.0,11
348,155,15,23,9,2.0,11
348,22,3,12,10,1.0,11
348,30,131,14,11,0.0,11
348,67,5,15,12,0.0,11
348,24,10,16,13,0.0,11
348,5,205,19,14,0.0,13
348,15,205,20,15,0.0,13
348,10,166,18,16,0.0,13
348,811,164,22,17,0.0,13
348,810,166,21,18,0.0,14
348,29,164,24,19,0.0,14
348,1,1,5,20,0.0,6
348,9,4,8,21,0.0,31
348,3,131,6,22,0.0,36
348,16,10,13,23,0.0,4
348,153,5,17,24,0.0,5
349,1,1,2,1,25.0,1
349,17,9,1,2,18.0,1
349,9,4,3,3,15.0,1
349,13,6,6,4,12.0,1
349,16,10,8,5,10.0,1
349,3,131,14,6,8.0,1
349,30,131,21,7,6.0,1
349,155,15,17,8,4.0,1
349,808,4,23,9,2.0,1
349,24,10,12,10,1.0,1
349,37,15,24,11,0.0,1
349,67,5,16,12,0.0,1
349,153,5,11,13,0.0,1
349,807,3,9,14,0.0,11
349,20,9,4,15,0.0,11
349,5,205,13,16,0.0,11
349,810,166,22,17,0.0,11
349,10,166,20,18,0.0,11
349,15,205,15,19,0.0,11
349,29,164,19,20,0.0,12
349,4,6,10,21,0.0,3
349,18,1,5,22,0.0,4
349,811,164,18,23,0.0,31
349,22,3,7,24,0.0,4
350,4,6,1,1,25.0,1
350,18,1,2,2,18.0,1
350,13,6,3,3,15.0,1
350,20,9,6,4,12.0,1
350,3,131,7,5,10.0,1
350,17,9,4,6,8.0,1
350,807,3,8,7,6.0,1
350,9,4,9,8,4.0,1
350,30,131,12,9,2.0,1
350,22,3,10,10,1.0,1
350,67,5,14,11,0.0,1
350,24,10,19,12,0.0,1
350,808,4,20,13,0.0,1
350,37,15,16,14,0.0,11
350,153,5,15,15,0.0,11
350,16,10,11,16,0.0,11
350,10,166,24,17,0.0,12
350,5,205,18,18,0.0,12
350,29,164,23,19,0.0,12
350,810,166,21,20,0.0,13
350,15,205,17,21,0.0,5
350,811,164,22,22,0.0,31
350,1,1,5,23,0.0,4
350,155,15,13,24,0.0,6
351,4,6,1,1,25.0,1
351,20,9,2,2,18.0,1
351,17,9,5,3,15.0,1
351,18,1,4,4,12.0,1
351,3,131,7,5,10.0,1
351,22,3,6,6,8.0,1
351,9,4,8,7,6.0,1
351,13,6,24,8,4.0,1
351,16,10,15,9,2.0,1
351,807,3,17,10,1.0,1
351,808,4,12,11,0.0,11
351,153,5,11,12,0.0,11
351,30,131,9,13,0.0,11
351,67,5,13,14,0.0,11
351,810,166,20,15,0.0,12
351,5,205,19,16,0.0,5
351,10,166,18,17,0.0,9
351,2,15,14,18,0.0,4
351,1,1,3,19,0.0,4
351,32,164,22,20,0.0,9
351,155,15,10,21,0.0,3
351,811,164,23,22,0.0,3
351,15,205,21,23,0.0,9
351,24,10,16,24,0.0,4
352,20,9,1,1,25.0,1
352,17,9,2,2,18.0,1
352,4,6,4,3,15.0,1
352,18,1,5,4,12.0,1
352,1,1,8,5,10.0,1
352,30,131,10,6,8.0,1
352,155,15,14,7,6.0,1
352,2,15,11,8,4.0,1
352,22,3,7,9,2.0,1
352,67,5,18,10,1.0,1
352,153,5,16,11,0.0,11
352,5,205,20,12,0.0,11
352,15,205,19,13,0.0,12
352,10,166,22,14,0.0,12
352,811,164,23,15,0.0,12
352,29,164,24,16,0.0,13
352,3,131,6,17,0.0,22
352,16,10,15,18,0.0,44
352,9,4,3,19,0.0,36
352,807,3,9,20,0.0,3
352,13,6,12,21,0.0,3
352,808,4,13,22,0.0,3
352,24,10,17,23,0.0,3
352,810,166,21,24,0.0,22
353,4,6,3,1,25.0,1
353,1,1,4,2,18.0,1
353,13,6,6,3,15.0,1
353,30,131,9,4,12.0,1
353,9,4,8,5,10.0,1
353,24,10,17,6,8.0,1
353,22,3,10,7,6.0,1
353,155,15,12,8,4.0,1
353,2,15,13,9,2.0,1
353,807,3,11,10,1.0,1
353,153,5,15,11,0.0,1
353,18,1,7,12,0.0,1
353,5,205,21,13,0.0,11
353,811,164,24,14,0.0,12
353,29,164,23,15,0.0,12
353,16,10,14,16,0.0,4
353,20,9,1,17,0.0,5
353,808,4,20,18,0.0,3
353,10,166,19,19,0.0,4
353,67,5,16,20,0.0,4
353,810,166,22,21,0.0,3
353,15,205,18,22,0.0,9
353,17,9,2,23,0.0,3
353,3,131,5,24,0.0,4
354,20,9,2,1,25.0,1
354,17,9,3,2,18.0,1
354,4,6,5,3,15.0,1
354,1,1,4,4,12.0,1
354,18,1,11,5,10.0,1
354,3,131,13,6,8.0,1
354,30,131,8,7,6.0,1
354,807,3,1,8,4.0,11
354,9,4,7,9,2.0,11
354,155,15,12,10,1.0,11
354,153,5,14,11,0.0,11
354,16,10,22,12,0.0,11
354,67,5,19,13,0.0,11
354,22,3,6,14,0.0,11
354,13,6,9,15,0.0,11
354,808,4,10,16,0.0,11
354,2,15,15,17,0.0,11
354,5,205,20,18,0.0,12
354,15,205,18,19,0.0,12
354,10,166,17,20,0.0,12
354,811,164,24,21,0.0,12
354,32,164,23,22,0.0,16
354,810,166,21,23,0.0,19
354,24,10,16,24,0.0,3
355,20,9,1,1,25.0,1
355,1,1,2,2,18.0,1
355,18,1,4,3,15.0,1
355,3,131,9,4,12.0,1
355,9,4,11,5,10.0,1
355,808,4,10,6,8.0,1
355,4,6,3,7,6.0,1
355,17,9,5,8,4.0,1
355,153,5,17,9,2.0,1
355,13,6,6,10,1.0,1
355,2,15,14,11,0.0,1
355,22,3,7,12,0.0,1
355,16,10,13,13,0.0,1
355,155,15,12,14,0.0,1
355,67,5,18,15,0.0,1
355,807,3,15,16,0.0,1
355,5,205,20,17,0.0,11
355,810,166,22,18,0.0,12
355,811,164,23,19,0.0,12
355,32,164,24,20,0.0,12
355,15,205,19,21,0.0,65
355,10,166,21,22,0.0,6
355,30,131,8,23,0.0,4
355,24,10,16,24,0.0,4
841,20,9,1,1,25.0,1
841,1,1,2,2,18.0,1
841,808,4,6,3,15.0,1
841,4,6,5,4,12.0,1
841,17,9,3,5,10.0,1
841,18,1,4,6,8.0,1
841,13,6,8,7,6.0,1
841,67,5,10,8,4.0,11
841,16,10,16,9,2.0,11
841,814,10,14,10,1.0,11
841,153,5,12,11,0.0,11
841,2,4,18,12,0.0,11
841,15,205,20,13,0.0,12
841,816,166,22,14,0.0,14
841,10,166,21,15,0.0,19
841,22,3,17,16,0.0,7
841,3,131,7,17,0.0,4
841,5,205,19,18,0.0,47
841,30,131,11,19,0.0,4
841,813,3,15,20,0.0,7
841,155,15,9,21,0.0,2
841,815,15,13,22,0.0,2
842,20,9,1,1,25.0,1
842,18,1,4,2,18.0,1
842,2,4,6,3,15.0,1
842,17,9,3,4,12.0,1
842,13,6,7,5,10.0,1
842,4,6,5,6,8.0,1
842,155,15,10,7,6.0,1
842,1,1,2,8,4.0,1
842,30,131,11,9,2.0,1
842,814,10,14,10,1.0,1
842,16,10,17,11,0.0,11
842,3,131,9,12,0.0,11
842,67,5,12,13,0.0,11
842,153,5,13,14,0.0,11
842,5,205,19,15,0.0,11
842,10,166,21,16,0.0,12
842,808,4,8,17,0.0,3
842,24,164,23,18,0.0,88
842,816,166,22,19,0.0,3
842,15,205,20,20,0.0,8
842,815,15,16,21,0.0,3
842,22,3,15,22,0.0,6
842,39,164,24,23,0.0,128
842,813,3,18,24,0.0,129
843,1,1,3,1,25.0,1
843,20,9,1,2,18.0,1
843,17,9,18,3,15.0,1
843,18,1,2,4,12.0,1
843,3,131,4,5,10.0,1
843,13,6,6,6,8.0,1
843,4,6,5,7,6.0,1
843,30,131,14,8,4.0,1
843,808,4,10,9,2.0,1
843,155,15,13,10,1.0,1
843,814,10,8,11,0.0,1
843,2,4,16,12,0.0,1
843,22,3,15,13,0.0,1
843,67,5,9,14,0.0,1
843,16,10,11,15,0.0,11
843,5,205,19,16,0.0,11
843,815,15,12,17,0.0,11
843,813,3,17,18,0.0,11
843,15,205,20,19,0.0,11
843,816,166,21,20,0.0,12
843,10,166,22,21,0.0,12
843,24,164,23,22,0.0,12
843,39,164,24,23,0.0,12
843,153,5,7,24,0.0,36
844,20,9,1,1,25.0,1
844,17,9,2,2,18.0,1
844,4,6,5,3,15.0,1
844,1,1,4,4,12.0,1
844,3,131,3,5,10.0,1
844,18,1,6,6,8.0,1
844,2,4,9,7,6.0,1
844,808,4,7,8,4.0,1
844,67,5,16,9,2.0,1
844,155,15,24,10,1.0,1
844,13,6,10,11,0.0,1
844,30,131,8,12,0.0,1
844,16,10,12,13,0.0,11
844,815,15,15,14,0.0,11
844,22,3,11,15,0.0,11
844,153,5,17,16,0.0,11
844,813,3,14,17,0.0,11
844,15,205,19,18,0.0,11
844,5,205,18,19,0.0,12
844,816,166,23,20,0.0,12
844,39,164,22,21,0.0,13
844,24,164,20,22,0.0,15
844,814,10,13,23,0.0,31
844,10,166,21,24,0.0,6
845,20,9,2,1,25.0,1
845,1,1,3,2,18.0,1
845,18,1,5,3,15.0,1
845,17,9,1,4,12.0,1
845,4,6,4,5,10.0,11
845,30,131,10,6,8.0,11
845,3,131,7,7,6.0,11
845,2,4,24,8,4.0,11
845,815,15,12,9,2.0,11
845,155,15,14,10,1.0,11
845,808,4,6,11,0.0,11
845,814,10,16,12,0.0,11
845,16,10,17,13,0.0,11
845,67,5,11,14,0.0,11
845,813,3,9,15,0.0,11
845,153,5,13,16,0.0,12
845,22,3,19,17,0.0,12
845,15,205,18,18,0.0,12
845,10,166,20,19,0.0,13
845,816,166,23,20,0.0,14
845,39,164,22,21,0.0,15
845,13,6,8,22,0.0,6
845,5,205,15,23,0.0,3
845,24,164,21,24,0.0,6
846,20,9,1,1,25.0,1
846,4,6,4,2,18.0,1
846,18,1,2,3,15.0,1
846,17,9,3,4,12.0,1
846,155,15,12,5,10.0,1
846,1,1,9,6,8.0,1
846,16,10,14,7,6.0,11
846,2,4,15,8,4.0,11
846,22,3,11,9,2.0,11
846,67,5,16,10,1.0,11
846,3,131,7,11,0.0,12
846,814,10,13,12,0.0,12
846,15,205,18,13,0.0,12
846,5,205,17,14,0.0,12
846,816,166,21,15,0.0,13
846,24,164,23,16,0.0,13
846,39,164,22,17,0.0,14
846,813,3,8,18,0.0,3
846,808,4,10,19,0.0,4
846,153,5,19,20,0.0,4
846,13,6,6,21,0.0,3
846,30,131,5,22,0.0,5
846,10,166,20,23,0.0,22
847,18,1,7,1,25.0,1
847,20,9,1,2,18.0,1
847,17,9,4,3,15.0,1
847,30,131,8,4,12.0,1
847,808,4,10,5,10.0,1
847,13,6,3,6,8.0,1
847,155,15,13,7,6.0,1
847,153,5,24,8,4.0,1
847,22,3,16,9,2.0,1
847,67,5,15,10,1.0,1
847,3,131,6,11,0.0,1
847,37,15,17,12,0.0,1
847,24,164,20,13,0.0,11
847,39,164,22,14,0.0,11
847,816,166,23,15,0.0,11
847,10,166,21,16,0.0,11
847,15,205,18,17,0.0,11
847,814,10,11,18,0.0,3
847,813,3,12,19,0.0,31
847,2,4,9,20,0.0,3
847,16,10,14,21,0.0,3
847,4,6,2,22,0.0,4
847,5,205,19,23,0.0,7
847,1,1,5,24,0.0,4
848,20,9,1,1,25.0,1
848,4,6,4,2,18.0,1
848,17,9,2,3,15.0,1
848,1,1,3,4,12.0,1
848,13,6,5,5,10.0,1
848,18,1,6,6,8.0,1
848,3,131,7,7,6.0,1
848,153,5,18,8,4.0,11
848,16,10,10,9,2.0,11
848,2,4,9,10,1.0,11
848,815,15,16,11,0.0,11
848,22,3,13,12,0.0,11
848,67,5,17,13,0.0,11
848,814,10,12,14,0.0,11
848,808,4,11,15,0.0,11
848,155,15,14,16,0.0,11
848,30,131,8,17,0.0,11
848,813,3,15,18,0.0,11
848,5,205,19,19,0.0,12
848,15,205,20,20,0.0,12
848,10,166,21,21,0.0,12
848,816,166,23,22,0.0,12
848,24,164,22,23,0.0,13
848,39,164,24,24,0.0,13
849,4,6,3,1,25.0,1
849,20,9,2,2,18.0,1
849,17,9,1,3,15.0,1
849,1,1,10,4,12.0,1
849,13,6,4,5,10.0,1
849,3,131,9,6,8.0,1
849,815,15,12,7,6.0,1
849,2,4,16,8,4.0,1
849,30,131,13,9,2.0,1
849,153,5,18,10,1.0,1
849,16,10,11,11,0.0,1
849,808,4,14,12,0.0,1
849,22,3,15,13,0.0,11
849,813,3,7,14,0.0,11
849,814,10,6,15,0.0,11
849,10,166,20,16,0.0,12
849,816,166,22,17,0.0,12
849,24,164,23,18,0.0,12
849,817,164,24,19,0.0,13
849,18,1,5,20,0.0,61
849,67,5,19,21,0.0,3
849,155,15,8,22,0.0,5
849,15,205,21,23,0.0,44
849,5,205,17,24,0.0,6
850,1,1,2,1,25.0,1
850,4,6,4,2,18.0,1
850,17,9,1,3,15.0,1
850,20,9,3,4,12.0,1
850,13,6,5,5,10.0,1
850,16,10,8,6,8.0,1
850,3,131,6,7,6.0,11
850,30,131,10,8,4.0,11
850,155,15,17,9,2.0,11
850,808,4,9,10,1.0,11
850,815,15,15,11,0.0,11
850,153,5,16,12,0.0,11
850,814,10,12,13,0.0,11
850,813,3,13,14,0.0,11
850,67,5,24,15,0.0,11
850,5,205,18,16,0.0,12
850,10,166,19,17,0.0,13
850,816,166,21,18,0.0,13
850,817,164,22,19,0.0,13
850,812,205,20,20,0.0,14
850,24,164,23,21,0.0,10
850,18,1,7,22,0.0,9
850,22,3,14,23,0.0,44
850,2,4,11,24,0.0,4
851,18,1,3,1,25.0,1
851,20,9,1,2,18.0,1
851,4,6,5,3,15.0,1
851,1,1,2,4,12.0,1
851,17,9,6,5,10.0,1
851,13,6,4,6,8.0,1
851,814,10,11,7,6.0,11
851,67,5,23,8,4.0,11
851,3,131,7,9,2.0,11
851,153,5,16,10,1.0,11
851,155,15,13,11,0.0,11
851,808,4,12,12,0.0,11
851,22,3,15,13,0.0,12
851,16,10,8,14,0.0,12
851,815,15,10,15,0.0,12
851,813,3,17,16,0.0,12
851,10,166,20,17,0.0,14
851,817,164,22,18,0.0,14
851,816,166,24,19,0.0,15
851,24,164,21,20,0.0,15
851,5,205,18,21,0.0,47
851,30,131,9,22,0.0,6
851,2,4,14,23,0.0,42
851,15,205,19,24,0.0,44
852,20,9,1,1,25.0,1
852,17,9,3,2,18.0,1
852,18,1,13,3,15.0,1
852,4,6,8,4,12.0,1
852,30,131,24,5,10.0,1
852,3,131,5,6,8.0,1
852,16,10,15,7,6.0,1
852,13,6,4,8,4.0,1
852,808,4,10,9,2.0,1
852,813,3,21,10,1.0,1
852,814,10,17,11,0.0,1
852,155,15,12,12,0.0,1
852,811,4,7,13,0.0,1
852,15,205,18,14,0.0,11
852,5,205,16,15,0.0,11
852,22,3,14,16,0.0,11
852,816,166,20,17,0.0,11
852,10,166,19,18,0.0,11
852,24,164,22,19,0.0,11
852,815,15,9,20,0.0,22
852,817,164,23,21,0.0,5
852,1,1,2,22,0.0,4
852,67,5,11,23,0.0,65
852,153,5,6,24,0.0,4
853,20,9,1,1,25.0,1
853,18,1,3,2,18.0,1
853,4,6,4,3,15.0,1
853,1,1,2,4,12.0,1
853,30,131,8,5,10.0,1
853,13,6,6,6,8.0,1
853,153,5,18,7,6.0,11
853,814,10,11,8,4.0,11
853,811,4,10,9,2.0,11
853,67,5,16,10,1.0,11
853,813,3,14,11,0.0,11
853,22,3,13,12,0.0,11
853,5,205,20,13,0.0,12
853,15,205,19,14,0.0,12
853,10,166,21,15,0.0,12
853,817,164,23,16,0.0,111
853,815,15,15,17,0.0,6
853,155,15,17,18,0.0,6
853,16,10,12,19,0.0,9
853,17,9,5,20,0.0,3
853,816,166,22,21,0.0,6
853,808,4,7,22,0.0,4
853,3,131,9,23,0.0,4
853,24,164,24,24,0.0,4
854,20,9,1,1,25.0,1
854,18,1,3,2,18.0,1
854,17,9,2,3,15.0,1
854,4,6,5,4,12.0,1
854,1,1,4,5,10.0,1
854,814,10,10,6,8.0,1
854,3,131,7,7,6.0,11
854,16,10,9,8,4.0,11
854,13,6,6,9,2.0,11
854,815,15,11,10,1.0,11
854,813,3,13,11,0.0,11
854,67,5,14,12,0.0,11
854,22,3,12,13,0.0,11
854,155,15,17,14,0.0,12
854,811,4,15,15,0.0,12
854,5,205,19,16,0.0,12
854,808,4,18,17,0.0,12
854,816,166,22,18,0.0,12
854,817,164,23,19,0.0,14
854,24,164,24,20,0.0,14
854,153,5,16,21,0.0,3
854,15,205,20,22,0.0,6
854,30,131,8,23,0.0,3
854,10,166,21,24,0.0,3
855,18,1,2,1,25.0,1
855,4,6,5,2,18.0,1
855,20,9,1,3,15.0,1
855,17,9,6,4,12.0,1
855,1,1,3,5,10.0,1
855,30,131,8,6,8.0,1
855,13,6,4,7,6.0,1
855,815,15,17,8,4.0,1
855,808,4,10,9,2.0,1
855,3,131,23,10,1.0,1
855,16,10,11,11,0.0,1
855,814,10,12,12,0.0,1
855,155,15,7,13,0.0,1
855,813,3,14,14,0.0,1
855,153,5,16,15,0.0,1
855,811,4,9,16,0.0,1
855,22,3,13,17,0.0,1
855,5,205,18,18,0.0,1
855,15,205,19,19,0.0,1
855,10,166,21,20,0.0,12
855,816,166,20,21,0.0,12
855,817,164,22,22,0.0,12
855,24,164,24,23,0.0,13
855,67,5,15,24,0.0,36
856,20,9,2,1,25.0,1
856,1,1,1,2,18.0,1
856,17,9,4,3,15.0,1
856,18,1,3,4,12.0,1
856,4,6,6,5,10.0,1
856,13,6,5,6,8.0,1
856,153,5,11,7,6.0,1
856,3,131,7,8,4.0,1
856,67,5,13,9,2.0,1
856,814,10,9,10,1.0,1
856,16,10,10,11,0.0,1
856,22,3,18,12,0.0,1
856,811,4,15,13,0.0,11
856,5,205,19,14,0.0,11
856,155,15,14,15,0.0,11
856,815,15,17,16,0.0,11
856,15,205,20,17,0.0,11
856,10,166,21,18,0.0,11
856,817,164,24,19,0.0,11
856,816,166,22,20,0.0,11
856,24,164,23,21,0.0,13
856,813,3,16,22,0.0,8
856,808,4,8,23,0.0,4
856,30,131,12,24,0.0,4
857,20,9,1,1,25.0,1
857,18,1,4,2,18.0,1
857,4,6,3,3,15.0,1
857,17,9,2,4,12.0,1
857,30,131,11,5,10.0,1
857,3,131,7,6,8.0,1
857,1,1,5,7,6.0,1
857,153,5,10,8,4.0,11
857,16,10,8,9,2.0,11
857,815,15,20,10,1.0,11
857,808,4,16,11,0.0,11
857,811,4,14,12,0.0,11
857,814,10,12,13,0.0,11
857,5,205,18,14,0.0,12
857,22,3,15,15,0.0,12
857,816,166,21,16,0.0,13
857,39,164,24,17,0.0,13
857,817,164,23,18,0.0,13
857,15,205,19,19,0.0,15
857,13,6,6,20,0.0,22
857,67,5,9,21,0.0,5
857,813,3,13,22,0.0,6
857,10,166,22,23,0.0,4
857,155,15,17,24,0.0,4
858,1,1,2,1,25.0,1
858,4,6,5,2,18.0,1
858,18,1,3,3,15.0,1
858,17,9,4,4,12.0,1
858,13,6,6,5,10.0,1
858,3,131,7,6,8.0,1
858,30,131,8,7,6.0,1
858,16,10,9,8,4.0,1
858,814,10,10,9,2.0,1
858,155,15,16,10,1.0,11
858,815,15,11,11,0.0,11
858,22,3,24,12,0.0,11
858,808,4,12,13,0.0,11
858,813,3,23,14,0.0,11
858,153,5,15,15,0.0,11
858,811,4,14,16,0.0,11
858,5,205,17,17,0.0,11
858,15,205,18,18,0.0,12
858,10,166,19,19,0.0,12
858,24,164,22,20,0.0,12
858,817,164,20,21,0.0,26
858,67,5,13,22,0.0,9
858,816,166,21,23,0.0,23
858,20,9,1,24,0.0,29
859,17,9,2,1,25.0,1
859,20,9,1,2,18.0,1
859,18,1,3,3,15.0,1
859,4,6,5,4,12.0,1
859,13,6,7,5,10.0,1
859,16,10,8,6,8.0,11
859,3,131,6,7,6.0,11
859,814,10,11,8,4.0,11
859,155,15,16,9,2.0,11
859,808,4,15,10,1.0,11
859,153,5,13,11,0.0,11
859,67,5,14,12,0.0,11
859,815,15,17,13,0.0,11
859,22,3,12,14,0.0,11
859,30,131,10,15,0.0,11
859,5,205,19,16,0.0,12
859,811,4,9,17,0.0,12
859,15,205,20,18,0.0,12
859,816,166,23,19,0.0,13
859,817,164,22,20,0.0,13
859,24,164,21,21,0.0,31
859,1,1,4,22,0.0,6
859,813,3,18,23,0.0,31
859,10,166,24,24,0.0,31
860,18,1,2,1,25.0,1
860,20,9,6,2,18.0,1
860,1,1,1,3,15.0,1
860,17,9,5,4,12.0,1
860,4,6,12,5,10.0,1
860,155,15,13,6,8.0,1
860,8,208,17,7,6.0,1
860,815,15,22,8,4.0,1
860,817,5,10,9,2.0,1
860,814,10,15,10,1.0,1
860,818,5,11,11,0.0,1
860,3,131,7,12,0.0,1
860,813,3,8,13,0.0,3
860,10,206,20,14,0.0,11
860,819,206,21,15,0.0,15
860,811,3,14,16,0.0,4
860,13,6,16,17,0.0,4
860,5,207,18,18,0.0,22
860,808,207,19,19,0.0,38
860,30,131,4,20,0.0,6
860,154,208,3,21,0.0,4
860,807,10,9,22,0.0,4
860,37,164,0,23,0.0,81
860,39,164,0,24,0.0,81
861,4,6,8,1,25.0,1
861,815,15,9,2,18.0,1
861,1,1,1,3,15.0,1
861,17,9,4,4,12.0,1
861,8,208,10,5,10.0,1
861,811,3,13,6,8.0,1
861,814,10,14,7,6.0,1
861,818,5,18,8,4.0,1
861,807,10,16,9,2.0,1
861,30,131,3,10,1.0,1
861,20,9,5,11,0.0,1
861,817,5,15,12,0.0,1
861,3,131,7,13,0.0,1
861,18,1,2,14,0.0,1
861,13,6,12,15,0.0,1
861,808,207,19,16,0.0,11
861,10,206,20,17,0.0,11
861,5,207,24,18,0.0,11
861,813,3,11,19,0.0,5
861,819,206,21,20,0.0,12
861,39,164,23,21,0.0,12
861,37,164,22,22,0.0,12
861,155,15,17,23,0.0,31
861,154,208,6,24,0.0,4
862,3,131,1,1,25.0,1
862,18,1,5,2,18.0,1
862,1,1,7,3,15.0,1
862,17,9,6,4,12.0,1
862,20,9,11,5,10.0,1
862,154,208,10,6,8.0,1
862,811,3,14,7,6.0,1
862,813,3,13,8,4.0,1
862,4,6,9,9,2.0,1
862,155,15,3,10,1.0,1
862,815,15,8,11,0.0,1
862,814,10,15,12,0.0,1
862,13,6,12,13,0.0,1
862,8,208,4,14,0.0,1
862,807,10,16,15,0.0,1
862,818,5,24,16,0.0,1
862,817,5,17,17,0.0,1
862,808,207,19,18,0.0,11
862,10,206,20,19,0.0,11
862,819,206,21,20,0.0,11
862,37,164,22,21,0.0,11
862,39,164,23,22,0.0,12
862,5,207,18,23,0.0,13
862,30,131,2,24,0.0,61
863,20,9,1,1,25.0,1
863,8,208,11,2,18.0,1
863,154,208,7,3,15.0,1
863,17,9,3,4,12.0,1
863,3,131,5,5,10.0,1
863,814,10,10,6,8.0,1
863,4,6,9,7,6.0,1
863,1,1,2,8,4.0,1
863,13,6,14,9,2.0,1
863,30,131,22,10,1.0,1
863,815,15,8,11,0.0,1
863,807,10,13,12,0.0,1
863,155,15,12,13,0.0,1
863,818,5,17,14,0.0,1
863,817,5,6,15,0.0,11
863,808,207,18,16,0.0,11
863,5,207,16,17,0.0,11
863,18,1,4,18,0.0,43
863,10,206,23,19,0.0,12
863,37,164,20,20,0.0,12
863,39,164,24,21,0.0,12
863,811,3,15,22,0.0,76
863,813,3,21,23,0.0,29
863,819,206,19,24,0.0,5
864,813,3,1,1,25.0,1
864,4,6,2,2,18.0,1
864,8,208,4,3,15.0,1
864,154,208,3,4,12.0,1
864,155,15,9,5,10.0,1
864,20,9,7,6,8.0,1
864,3,131,6,7,6.0,1
864,1,1,24,8,4.0,1
864,18,1,10,9,2.0,1
864,807,10,13,10,1.0,11
864,17,9,11,11,0.0,11
864,818,5,14,12,0.0,11
864,817,5,15,13,0.0,11
864,814,10,12,14,0.0,11
864,13,6,16,15,0.0,11
864,5,207,19,16,0.0,11
864,808,207,18,17,0.0,11
864,10,206,21,18,0.0,12
864,37,164,22,19,0.0,13
864,815,15,5,20,0.0,61
864,819,206,20,21,0.0,26
864,39,164,23,22,0.0,26
864,811,3,17,23,0.0,4
864,30,131,8,24,0.0,4
865,17,9,1,1,25.0,1
865,3,131,2,2,18.0,1
865,4,6,5,3,15.0,1
865,20,9,9,4,12.0,1
865,1,1,3,5,10.0,1
865,13,6,7,6,8.0,1
865,814,10,14,7,6.0,1
865,807,10,10,8,4.0,1
865,8,208,8,9,2.0,1
865,811,3,13,10,1.0,1
865,815,15,23,11,0.0,11
865,818,5,16,12,0.0,11
865,5,207,17,13,0.0,11
865,10,206,19,14,0.0,11
865,39,164,22,15,0.0,12
865,18,1,12,16,0.0,4
865,817,5,15,17,0.0,31
865,819,206,21,18,0.0,31
865,30,131,6,19,0.0,32
865,808,207,18,20,0.0,10
865,155,15,11,21,0.0,3
865,37,164,20,22,0.0,3
865,813,3,24,23,0.0,3
865,154,208,4,24,0.0,3
866,1,1,2,1,25.0,1
866,154,208,7,2,18.0,1
866,815,15,15,3,15.0,1
866,20,9,1,4,12.0,1
866,4,6,3,5,10.0,1
866,3,131,5,6,8.0,1
866,17,9,4,7,6.0,1
866,8,208,12,8,4.0,1
866,155,15,11,9,2.0,1
866,13,6,6,10,1.0,1
866,814,10,8,11,0.0,1
866,807,10,13,12,0.0,1
866,813,3,22,13,0.0,1
866,817,5,14,14,0.0,1
866,818,5,19,15,0.0,11
866,18,1,10,16,0.0,11
866,811,3,16,17,0.0,11
866,5,207,17,18,0.0,11
866,808,207,18,19,0.0,11
866,819,206,23,20,0.0,13
866,10,206,21,21,0.0,22
866,30,131,9,22,0.0,65
866,37,164,20,23,0.0,23
866,39,164,24,24,0.0,22
867,4,6,11,1,25.0,1
867,8,208,5,2,18.0,1
867,30,131,12,3,15.0,1
867,17,9,19,4,12.0,1
867,807,10,8,5,10.0,1
867,3,131,6,6,8.0,1
867,814,10,10,7,6.0,1
867,18,1,9,8,4.0,1
867,815,15,15,9,2.0,1
867,811,3,14,10,1.0,1
867,817,5,17,11,0.0,1
867,813,3,3,12,0.0,1
867,808,207,20,13,0.0,1
867,5,207,16,14,0.0,1
867,819,206,23,15,0.0,1
867,13,6,13,16,0.0,11
867,37,164,21,17,0.0,11
867,39,164,22,18,0.0,11
867,1,1,2,19,0.0,4
867,154,208,4,20,0.0,40
867,20,9,1,21,0.0,6
867,155,15,7,22,0.0,4
867,818,5,18,23,0.0,4
867,10,206,0,24,0.0,54
868,17,9,2,1,25.0,1
868,4,6,1,2,18.0,1
868,20,9,4,3,15.0,1
868,13,6,5,4,12.0,1
868,8,208,6,5,10.0,1
868,154,208,9,6,8.0,1
868,30,131,3,7,6.0,1
868,1,1,8,8,4.0,1
868,811,3,13,9,2.0,1
868,18,1,16,10,1.0,1
868,155,15,17,11,0.0,1
868,807,10,14,12,0.0,1
868,817,5,12,13,0.0,1
868,818,5,23,14,0.0,1
868,3,131,11,15,0.0,1
868,813,3,7,16,0.0,11
868,5,207,19,17,0.0,11
868,10,206,20,18,0.0,11
868,819,206,24,19,0.0,11
868,37,164,21,20,0.0,12
868,39,164,22,21,0.0,12
868,815,15,15,22,0.0,4
868,814,10,10,23,0.0,4
868,808,207,18,24,0.0,5
869,4,6,1,1,25.0,1
869,18,1,6,2,18.0,1
869,8,208,10,3,15.0,1
869,155,15,12,4,12.0,1
869,20,9,2,5,10.0,1
869,815,15,17,6,8.0,1
869,30,131,3,7,6.0,1
869,17,9,8,8,4.0,1
869,807,10,4,9,2.0,1
869,3,131,21,10,1.0,1
869,814,10,9,11,0.0,1
869,13,6,13,12,0.0,1
869,817,5,11,13,0.0,1
869,818,5,15,14,0.0,1
869,813,3,5,15,0.0,11
869,808,207,18,16,0.0,11
869,811,3,14,17,0.0,11
869,154,208,19,18,0.0,11
869,5,207,16,19,0.0,12
869,819,206,20,20,0.0,12
869,37,164,23,21,0.0,13
869,10,206,22,22,0.0,13
869,39,164,24,23,0.0,13
869,1,1,7,24,0.0,29
870,1,1,1,1,25.0,1
870,8,208,5,2,18.0,1
870,154,208,2,3,15.0,1
870,20,9,3,4,12.0,1
870,4,6,6,5,10.0,1
870,18,1,4,6,8.0,1
870,811,3,9,7,6.0,1
870,17,9,11,8,4.0,1
870,13,6,7,9,2.0,1
870,3,131,13,10,1.0,1
870,807,10,10,11,0.0,1
870,814,10,12,12,0.0,1
870,813,3,8,13,0.0,1
870,815,15,14,14,0.0,1
870,817,5,18,15,0.0,11
870,818,5,16,16,0.0,11
870,5,207,19,17,0.0,11
870,155,15,15,18,0.0,12
870,808,207,20,19,0.0,12
870,819,206,21,20,0.0,12
870,10,206,22,21,0.0,13
870,37,164,23,22,0.0,13
870,39,164,24,23,0.0,22
870,30,131,17,24,0.0,45
871,18,1,1,1,25.0,1
871,20,9,10,2,18.0,1
871,8,208,3,3,15.0,1
871,807,10,11,4,12.0,1
871,13,6,14,5,10.0,1
871,17,9,12,6,8.0,1
871,30,131,13,7,6.0,1
871,818,5,15,8,4.0,1
871,817,5,16,9,2.0,1
871,814,10,9,10,1.0,1
871,3,131,23,11,0.0,1
871,811,3,17,12,0.0,1
871,155,15,2,13,0.0,1
871,808,207,19,14,0.0,11
871,10,206,20,15,0.0,11
871,819,206,22,16,0.0,11
871,5,207,18,17,0.0,11
871,37,164,21,18,0.0,11
871,39,164,24,19,0.0,20
871,813,3,6,20,0.0,4
871,815,15,4,21,0.0,4
871,4,6,5,22,0.0,4
871,1,1,7,23,0.0,4
871,154,208,8,24,0.0,4
872,1,1,1,1,25.0,1
872,815,15,12,2,18.0,1
872,4,6,10,3,15.0,1
872,13,6,3,4,12.0,1
872,8,208,7,5,10.0,1
872,30,131,4,6,8.0,1
872,3,131,6,7,6.0,1
872,814,10,9,8,4.0,1
872,155,15,8,9,2.0,1
872,811,3,13,10,1.0,1
872,813,3,22,11,0.0,1
872,817,5,14,12,0.0,1
872,816,208,15,13,0.0,1
872,5,207,17,14,0.0,11
872,808,207,18,15,0.0,11
872,819,206,20,16,0.0,11
872,10,206,19,17,0.0,11
872,37,164,23,18,0.0,11
872,39,164,21,19,0.0,11
872,17,9,11,20,0.0,76
872,807,10,24,21,0.0,23
872,20,9,5,22,0.0,91
872,18,1,2,23,0.0,32
872,818,5,16,24,0.0,22
873,20,9,3,1,25.0,1
873,18,1,4,2,18.0,1
873,4,6,5,3,15.0,1
873,814,10,6,4,12.0,1
873,3,131,10,5,10.0,1
873,8,208,12,6,8.0,1
873,154,208,8,7,6.0,1
873,13,6,13,8,4.0,1
873,817,5,15,9,2.0,1
873,815,15,14,10,1.0,1
873,17,9,7,11,0.0,1
873,10,206,20,12,0.0,1
873,155,15,17,13,0.0,1
873,807,10,11,14,0.0,1
873,5,207,19,15,0.0,1
873,819,206,21,16,0.0,1
873,37,164,24,17,0.0,11
873,811,3,22,18,0.0,31
873,808,207,18,19,0.0,12
873,818,5,16,20,0.0,4
873,30,131,9,21,0.0,4
873,813,3,2,22,0.0,9
873,39,164,23,23,0.0,3
873,1,1,1,24,0.0,6
874,20,9,1,1,25.0,1
874,13,6,10,2,18.0,1
874,155,15,3,3,15.0,1
874,18,1,8,4,12.0,1
874,1,1,9,5,10.0,1
874,8,208,7,6,8.0,1
874,807,10,15,7,6.0,1
874,813,3,12,8,4.0,1
874,17,9,2,9,2.0,1
874,817,5,14,10,1.0,1
874,30,131,23,11,0.0,1
874,814,10,11,12,0.0,1
874,818,5,19,13,0.0,1
874,811,3,16,14,0.0,1
874,5,207,17,15,0.0,11
874,10,206,18,16,0.0,11
874,808,207,22,17,0.0,11
874,37,164,20,18,0.0,11
874,154,208,4,19,0.0,12
874,819,206,21,20,0.0,5
874,39,164,24,21,0.0,76
874,815,15,5,22,0.0,20
874,4,6,6,23,0.0,4
874,3,131,13,24,0.0,4
875,20,9,2,1,25.0,1
875,17,9,1,2,18.0,1
875,4,6,4,3,15.0,1
875,13,6,6,4,12.0,1
875,8,208,5,5,10.0,1
875,807,10,8,6,8.0,1
875,154,208,7,7,6.0,1
875,818,5,16,8,4.0,1
875,817,5,21,9,2.0,1
875,1,1,3,10,1.0,1
875,815,15,12,11,0.0,1
875,814,10,14,12,0.0,1
875,30,131,10,13,0.0,1
875,813,3,15,14,0.0,1
875,811,3,17,15,0.0,1
875,808,207,18,16,0.0,11
875,5,207,19,17,0.0,11
875,10,206,20,18,0.0,11
875,819,206,24,19,0.0,12
875,39,164,23,20,0.0,12
875,37,164,22,21,0.0,37
875,155,15,13,22,0.0,130
875,3,131,9,23,0.0,4
875,18,1,11,24,0.0,4
876,20,9,1,1,25.0,1
876,4,6,5,2,18.0,1
876,17,9,2,3,15.0,1
876,1,1,3,4,12.0,1
876,18,1,4,5,10.0,1
876,13,6,6,6,8.0,1
876,8,208,7,7,6.0,1
876,807,10,12,8,4.0,1
876,154,208,11,9,2.0,1
876,811,3,13,10,1.0,1
876,3,131,10,11,0.0,1
876,814,10,16,12,0.0,1
876,817,5,15,13,0.0,1
876,155,15,17,14,0.0,1
876,818,5,18,15,0.0,11
876,813,3,9,16,0.0,11
876,808,207,19,17,0.0,11
876,5,207,20,18,0.0,11
876,819,206,24,19,0.0,11
876,10,206,21,20,0.0,12
876,39,164,23,21,0.0,12
876,30,131,14,22,0.0,31
876,37,164,22,23,0.0,3
876,815,15,8,24,0.0,3
877,8,208,4,1,25.0,1
877,4,6,6,2,18.0,1
877,20,9,24,3,15.0,1
877,18,1,5,4,12.0,1
877,813,3,3,5,10.0,1
877,155,15,15,6,8.0,1
877,13,6,8,7,6.0,1
877,811,3,14,8,4.0,1
877,814,10,12,9,2.0,1
877,817,5,16,10,1.0,1
877,30,131,13,11,0.0,1
877,818,5,17,12,0.0,1
877,5,207,18,13,0.0,1
877,10,206,21,14,0.0,1
877,815,15,11,15,0.0,1
877,808,207,20,16,0.0,1
877,37,164,22,17,0.0,1
877,819,206,19,18,0.0,31
877,154,208,9,19,0.0,4
877,17,9,2,20,0.0,4
877,1,1,1,21,0.0,10
877,39,164,23,22,0.0,4
877,3,131,7,23,0.0,4
877,807,10,10,24,0.0,4
878,1,1,2,1,25.0,1
878,20,9,1,2,18.0,1
878,4,6,7,3,15.0,1
878,13,6,11,4,12.0,1
878,18,1,12,5,10.0,1
878,8,208,4,6,8.0,1
878,154,208,8,7,6.0,1
878,807,10,6,8,4.0,1
878,813,3,9,9,2.0,1
878,811,3,10,10,1.0,1
878,815,15,15,11,0.0,1
878,817,5,18,12,0.0,1
878,3,131,17,13,0.0,1
878,155,15,16,14,0.0,11
878,814,10,13,15,0.0,11
878,30,131,5,16,0.0,11
878,808,207,21,17,0.0,11
878,5,207,22,18,0.0,11
878,10,206,19,19,0.0,11
878,819,206,20,20,0.0,12
878,37,164,23,21,0.0,12
878,39,164,24,22,0.0,12
878,17,9,3,23,0.0,91
878,818,5,14,24,0.0,22
879,18,1,2,1,25.0,1
879,4,6,7,2,18.0,1
879,13,6,5,3,15.0,1
879,17,9,3,4,12.0,1
879,807,10,6,5,10.0,1
879,20,9,4,6,8.0,1
879,30,131,13,7,6.0,1
879,818,5,17,8,4.0,1
879,155,15,14,9,2.0,1
879,8,208,8,10,1.0,11
879,808,207,19,11,0.0,11
879,819,206,22,12,0.0,11
879,817,5,15,13,0.0,11
879,5,207,20,14,0.0,11
879,3,131,9,15,0.0,11
879,10,206,21,16,0.0,11
879,37,164,24,17,0.0,12
879,39,164,23,18,0.0,12
879,814,10,10,19,0.0,3
879,1,1,1,20,0.0,4
879,154,208,18,21,0.0,3
879,813,3,16,22,0.0,4
879,811,3,11,23,0.0,4
879,815,15,12,24,0.0,4
880,8,208,7,1,25.0,1
880,4,6,5,2,18.0,1
880,20,9,1,3,15.0,1
880,13,6,4,4,12.0,1
880,1,131,3,5,10.0,1
880,17,9,2,6,8.0,1
880,16,10,12,7,6.0,1
880,814,10,9,8,4.0,1
880,18,1,10,9,2.0,1
880,154,208,8,10,1.0,1
880,815,1,15,11,0.0,1
880,818,5,13,12,0.0,1
880,821,15,18,13,0.0,11
880,822,3,16,14,0.0,11
880,824,206,19,15,0.0,11
880,819,207,22,16,0.0,12
880,820,206,20,17,0.0,12
880,823,207,21,18,0.0,12
880,817,5,14,19,0.0,9
880,3,131,6,20,0.0,10
880,813,3,17,21,0.0,20
880,807,15,11,22,0.0,69
881,20,9,1,1,25.0,1
881,17,9,5,2,18.0,1
881,1,131,4,3,15.0,1
881,3,131,6,4,12.0,1
881,13,6,2,5,10.0,1
881,154,208,11,6,8.0,1
881,8,208,10,7,6.0,1
881,807,15,12,8,4.0,1
881,815,1,9,9,2.0,1
881,818,5,17,10,1.0,1
881,822,3,18,11,0.0,1
881,821,15,14,12,0.0,11
881,824,206,19,13,0.0,11
881,819,207,20,14,0.0,11
881,823,207,22,15,0.0,11
881,820,206,21,16,0.0,12
881,18,1,7,17,0.0,54
881,817,5,13,18,0.0,31
881,813,3,16,19,0.0,31
881,16,10,8,20,0.0,61
881,814,10,15,21,0.0,61
881,4,6,3,22,0.0,4
882,4,6,3,1,25.0,1
882,8,208,2,2,18.0,1
882,1,131,1,3,15.0,1
882,20,9,9,4,12.0,1
882,18,1,8,5,10.0,1
882,13,6,5,6,8.0,1
882,817,5,7,7,6.0,1
882,814,10,11,8,4.0,1
882,154,208,6,9,2.0,1
882,807,15,10,10,1.0,1
882,815,1,12,11,0.0,1
882,818,5,15,12,0.0,1
882,822,3,16,13,0.0,1
882,813,3,14,14,0.0,1
882,824,206,18,15,0.0,11
882,819,207,20,16,0.0,11
882,820,206,19,17,0.0,11
882,823,207,21,18,0.0,11
882,3,131,4,19,0.0,22
882,17,9,22,20,0.0,36
882,16,10,13,21,0.0,4
882,821,15,17,22,0.0,4
883,20,9,2,1,25.0,1
883,8,208,8,2,18.0,1
883,154,208,11,3,15.0,1
883,814,10,5,4,12.0,1
883,1,131,9,5,10.0,1
883,815,1,12,6,8.0,1
883,17,9,7,7,6.0,1
883,4,6,3,8,4.0,1
883,3,131,1,9,2.0,1
883,18,1,10,10,1.0,1
883,813,3,17,11,0.0,1
883,807,15,14,12,0.0,1
883,16,10,6,13,0.0,1
883,822,3,15,14,0.0,1
883,13,6,4,15,0.0,1
883,817,5,13,16,0.0,11
883,819,207,18,17,0.0,11
883,821,15,22,18,0.0,11
883,824,206,19,19,0.0,11
883,820,206,21,20,0.0,11
883,823,207,20,21,0.0,12
883,818,5,16,22,0.0,29
884,4,6,5,1,25.0,1
884,8,208,4,2,18.0,1
884,13,6,9,3,15.0,1
884,20,9,3,4,12.0,1
884,17,9,7,5,10.0,1
884,3,131,1,6,8.0,1
884,814,10,10,7,6.0,1
884,18,1,14,8,4.0,1
884,815,1,8,9,2.0,1
884,817,5,11,10,1.0,11
884,821,15,19,11,0.0,11
884,1,131,2,12,0.0,11
884,16,10,13,13,0.0,11
884,813,3,17,14,0.0,11
884,807,15,15,15,0.0,11
884,822,3,16,16,0.0,11
884,819,207,22,17,0.0,11
884,824,206,20,18,0.0,12
884,820,206,21,19,0.0,12
884,818,5,12,20,0.0,3
884,823,207,18,21,0.0,36
884,154,208,6,22,0.0,22
885,3,131,1,1,25.0,1
885,20,9,3,2,18.0,1
885,17,9,4,3,15.0,1
885,1,131,2,4,12.0,1
885,16,10,8,5,10.0,1
885,18,1,9,6,8.0,1
885,4,6,6,7,6.0,1
885,818,5,10,8,4.0,1
885,814,10,17,9,2.0,1
885,8,208,5,10,1.0,1
885,807,15,11,11,0.0,1
885,822,3,14,12,0.0,1
885,821,15,19,13,0.0,1
885,820,206,22,14,0.0,1
885,823,207,15,15,0.0,1
885,815,1,7,16,0.0,22
885,154,208,13,17,0.0,4
885,817,5,12,18,0.0,4
885,824,206,20,19,0.0,23
885,813,3,16,20,0.0,4
885,13,6,21,21,0.0,3
885,819,207,18,22,0.0,6
886,20,9,1,1,25.0,1
886,4,6,6,2,18.0,1
886,1,131,2,3,15.0,1
886,17,9,5,4,12.0,1
886,3,131,4,5,10.0,1
886,818,5,7,6,8.0,11
886,814,10,17,7,6.0,11
886,13,6,16,8,4.0,11
886,8,208,10,9,2.0,11
886,16,10,8,10,1.0,11
886,815,1,12,11,0.0,11
886,18,1,14,12,0.0,11
886,154,208,22,13,0.0,11
886,822,3,3,14,0.0,11
886,817,5,11,15,0.0,12
886,813,3,13,16,0.0,12
886,824,206,19,17,0.0,12
886,819,207,18,18,0.0,13
886,820,206,20,19,0.0,13
886,821,15,15,20,0.0,3
886,807,15,9,21,0.0,4
886,823,207,21,22,0.0,4
887,3,131,2,1,25.0,1
887,17,9,4,2,18.0,1
887,4,6,9,3,15.0,1
887,1,131,1,4,12.0,1
887,8,208,8,5,10.0,1
887,13,6,11,6,8.0,1
887,16,10,6,7,6.0,1
887,817,5,5,8,4.0,1
887,814,10,21,9,2.0,1
887,807,15,14,10,1.0,1
887,813,3,15,11,0.0,1
887,822,3,16,12,0.0,1
887,18,1,10,13,0.0,1
887,821,15,17,14,0.0,1
887,819,207,18,15,0.0,1
887,824,206,19,16,0.0,1
887,820,206,20,17,0.0,1
887,823,207,22,18,0.0,1
887,154,208,7,19,0.0,31
887,815,1,13,20,0.0,36
887,20,9,3,21,0.0,6
887,818,5,12,22,0.0,27
888,20,9,2,1,25.0,1
888,8,208,4,2,18.0,1
888,154,208,5,3,15.0,1
888,4,6,8,4,12.0,1
888,1,131,1,5,10.0,1
888,18,1,9,6,8.0,1
888,17,9,3,7,6.0,1
888,815,1,13,8,4.0,1
888,3,131,11,9,2.0,1
888,807,15,10,10,1.0,1
888,814,10,12,11,0.0,1
888,817,5,6,12,0.0,1
888,16,10,15,13,0.0,1
888,821,15,14,14,0.0,1
888,813,3,18,15,0.0,1
888,822,3,17,16,0.0,11
888,819,207,22,17,0.0,11
888,823,207,20,18,0.0,11
888,820,206,21,19,0.0,11
888,818,5,16,20,0.0,9
888,824,206,19,21,0.0,5
888,13,6,7,22,0.0,20
890,1,131,1,1,25.0,1
890,8,208,6,2,18.0,1
890,20,9,2,3,15.0,1
890,17,9,10,4,12.0,1
890,4,6,5,5,10.0,1
890,154,208,3,6,8.0,1
890,18,1,13,7,6.0,1
890,13,6,7,8,4.0,1
890,815,1,9,9,2.0,11
890,813,3,15,10,1.0,11
890,807,15,12,11,0.0,11
890,818,5,14,12,0.0,11
890,817,5,8,13,0.0,11
890,823,207,20,14,0.0,12
890,819,207,19,15,0.0,12
890,824,206,21,16,0.0,13
890,820,206,22,17,0.0,13
890,814,10,18,18,0.0,9
890,3,131,4,19,0.0,5
890,822,3,16,20,0.0,9
890,821,15,17,21,0.0,7
890,16,10,11,22,0.0,9
891,20,9,2,1,25.0,1
891,4,6,9,2,18.0,1
891,1,131,1,3,15.0,1
891,3,131,4,4,12.0,1
891,17,9,3,5,10.0,1
891,18,1,6,6,8.0,1
891,13,6,10,7,6.0,1
891,154,208,7,8,4.0,1
891,16,10,12,9,2.0,1
891,817,5,19,10,1.0,1
891,815,1,13,11,0.0,1
891,818,5,18,12,0.0,1
891,807,15,11,13,0.0,1
891,821,15,21,14,0.0,1
891,822,3,20,15,0.0,1
891,823,207,14,16,0.0,11
891,813,3,17,17,0.0,11
891,824,206,15,18,0.0,11
891,820,206,16,19,0.0,12
891,814,10,5,20,0.0,4
891,8,208,8,21,0.0,23
891,819,207,22,22,0.0,44
892,20,9,1,1,25.0,1
892,4,6,5,2,18.0,1
892,17,9,2,3,15.0,1
892,13,6,4,4,12.0,1
892,807,15,3,5,10.0,1
892,3,131,6,6,8.0,1
892,817,5,7,7,6.0,1
892,154,208,13,8,4.0,1
892,1,131,12,9,2.0,1
892,18,1,9,10,1.0,1
892,8,208,11,11,0.0,1
892,815,1,8,12,0.0,1
892,821,15,16,13,0.0,1
892,813,3,14,14,0.0,1
892,822,3,18,15,0.0,1
892,16,10,17,16,0.0,11
892,819,207,20,17,0.0,11
892,823,207,19,18,0.0,11
892,824,206,21,19,0.0,11
892,820,206,22,20,0.0,11
892,818,5,10,21,0.0,7
892,814,10,15,22,0.0,3
893,20,9,1,1,25.0,1
893,4,6,7,2,18.0,1
893,8,208,13,3,15.0,1
893,3,131,2,4,12.0,1
893,1,131,5,5,10.0,1
893,13,6,6,6,8.0,1
893,18,1,8,7,6.0,1
893,815,1,14,8,4.0,1
893,807,15,11,9,2.0,1
893,16,10,15,10,1.0,1
893,813,3,18,11,0.0,1
893,821,15,10,12,0.0,1
893,822,3,16,13,0.0,1
893,818,5,12,14,0.0,1
893,17,9,4,15,0.0,34
893,823,207,20,16,0.0,11
893,820,206,22,17,0.0,11
893,824,206,21,18,0.0,11
893,819,207,19,19,0.0,11
893,814,10,17,20,0.0,3
893,154,208,3,21,0.0,63
893,817,5,9,22,0.0,3
894,20,9,1,1,25.0,1
894,8,208,9,2,18.0,1
894,154,208,3,3,15.0,1
894,807,15,7,4,12.0,1
894,1,131,2,5,10.0,1
894,4,6,5,6,8.0,1
894,3,131,4,7,6.0,1
894,18,1,11,8,4.0,1
894,13,6,6,9,2.0,1
894,815,1,10,10,1.0,1
894,821,15,8,11,0.0,1
894,822,3,17,12,0.0,1
894,813,3,18,13,0.0,1
894,819,207,19,14,0.0,1
894,823,207,20,15,0.0,1
894,824,206,22,16,0.0,1
894,820,206,21,17,0.0,1
894,818,5,16,18,0.0,12
894,817,5,12,19,0.0,13
894,16,10,14,20,0.0,4
894,17,9,13,21,0.0,4
894,814,10,15,22,0.0,20
895,20,9,2,1,25.0,1
895,17,9,1,2,18.0,1
895,154,208,4,3,15.0,1
895,4,6,8,4,12.0,1
895,8,208,9,5,10.0,1
895,807,15,7,6,8.0,1
895,821,15,14,7,6.0,1
895,3,131,6,8,4.0,1
895,18,1,10,9,2.0,1
895,13,6,5,10,1.0,1
895,814,10,12,11,0.0,1
895,818,5,17,12,0.0,11
895,817,5,16,13,0.0,11
895,16,10,22,14,0.0,11
895,815,1,11,15,0.0,11
895,813,3,15,16,0.0,11
895,822,3,13,17,0.0,11
895,819,207,20,18,0.0,11
895,820,206,18,19,0.0,11
895,1,131,3,20,0.0,29
895,823,207,19,21,0.0,3
895,824,206,21,22,0.0,3
896,20,9,1,1,25.0,1
896,3,131,2,2,18.0,1
896,154,208,17,3,15.0,1
896,13,6,5,4,12.0,1
896,815,1,9,5,10.0,1
896,1,131,3,6,8.0,1
896,8,208,6,7,6.0,1
896,814,10,12,8,4.0,1
896,16,10,13,9,2.0,1
896,817,5,11,10,1.0,1
896,4,6,8,11,0.0,1
896,813,3,18,12,0.0,1
896,818,5,14,13,0.0,11
896,18,1,10,14,0.0,11
896,821,15,16,15,0.0,11
896,822,3,15,16,0.0,11
896,820,206,22,17,0.0,12
896,824,206,19,18,0.0,12
896,807,15,7,19,0.0,26
896,17,9,4,20,0.0,91
896,819,207,21,21,0.0,9
896,823,207,20,22,0.0,4
897,20,9,2,1,25.0,1
897,17,9,1,2,18.0,1
897,3,131,3,3,15.0,1
897,154,208,6,4,12.0,1
897,4,6,10,5,10.0,1
897,814,10,11,6,8.0,1
897,1,131,4,7,6.0,1
897,13,6,7,8,4.0,1
897,815,1,8,9,2.0,1
897,16,10,17,10,1.0,1
897,813,3,14,11,0.0,1
897,18,1,12,12,0.0,1
897,821,15,16,13,0.0,1
897,807,15,5,14,0.0,11
897,822,3,15,15,0.0,11
897,817,5,9,16,0.0,11
897,818,5,13,17,0.0,11
897,823,207,18,18,0.0,11
897,819,207,19,19,0.0,11
897,824,206,21,20,0.0,12
897,820,206,20,21,0.0,12
897,8,208,22,22,0.0,3
898,20,9,1,1,25.0,1
898,154,208,3,2,18.0,1
898,17,9,2,3,15.0,1
898,1,131,5,4,12.0,1
898,4,6,6,5,10.0,1
898,807,15,4,6,8.0,1
898,815,1,7,7,6.0,1
898,822,3,9,8,4.0,1
898,3,131,12,9,2.0,1
898,18,1,15,10,1.0,1
898,817,5,10,11,0.0,1
898,818,5,14,12,0.0,1
898,13,6,13,13,0.0,1
898,821,15,20,14,0.0,1
898,5,208,8,15,0.0,1
898,814,10,11,16,0.0,1
898,813,3,17,17,0.0,11
898,824,206,19,18,0.0,11
898,823,207,18,19,0.0,11
898,819,207,22,20,0.0,11
898,820,206,21,21,0.0,12
898,16,10,16,22,0.0,3
899,20,9,1,1,25.0,1
899,17,9,4,2,18.0,1
899,4,6,3,3,15.0,1
899,18,1,14,4,12.0,1
899,3,131,2,5,10.0,1
899,815,1,19,6,8.0,1
899,13,6,9,7,6.0,1
899,807,15,10,8,4.0,1
899,1,131,5,9,2.0,1
899,817,5,7,10,1.0,11
899,814,10,12,11,0.0,11
899,821,15,17,12,0.0,11
899,16,10,15,13,0.0,11
899,5,208,11,14,0.0,11
899,818,5,8,15,0.0,11
899,813,3,16,16,0.0,11
899,824,206,21,17,0.0,12
899,823,207,20,18,0.0,12
899,820,206,22,19,0.0,12
899,819,207,18,20,0.0,26
899,822,3,13,21,0.0,3
899,154,208,6,22,0.0,5
900,3,131,3,1,25.0,1
900,825,1,4,2,18.0,1
900,18,1,10,3,15.0,1
900,4,6,5,4,12.0,1
900,822,3,15,5,10.0,1
900,807,10,7,6,8.0,1
900,8,6,11,7,6.0,1
900,818,5,6,8,4.0,1
900,826,5,8,9,2.0,1
900,815,10,16,10,1.0,1
900,16,15,13,11,0.0,11
900,821,15,20,12,0.0,11
900,820,206,17,13,0.0,12
900,824,206,18,14,0.0,18
900,154,208,22,15,0.0,132
900,813,208,21,16,0.0,132
900,828,207,19,17,0.0,51
900,20,9,12,18,0.0,5
900,1,131,1,19,0.0,5
900,13,3,9,20,0.0,4
900,155,207,14,21,0.0,4
900,817,9,2,22,0.0,2
901,1,131,1,1,25.0,1
901,3,131,3,2,18.0,1
901,20,9,2,3,15.0,1
901,4,6,4,4,12.0,1
901,807,10,7,5,10.0,1
901,18,1,10,6,8.0,1
901,13,3,13,7,6.0,1
901,822,3,18,8,4.0,1
901,825,1,8,9,2.0,11
901,826,5,11,10,1.0,11
901,154,208,15,11,0.0,11
901,8,6,6,12,0.0,11
901,155,207,20,13,0.0,11
901,828,207,22,14,0.0,12
901,820,206,21,15,0.0,12
901,817,9,5,16,0.0,39
901,821,15,12,17,0.0,6
901,16,15,17,18,0.0,10
901,818,5,9,19,0.0,131
901,824,206,19,20,0.0,23
901,813,208,16,21,0.0,5
901,815,10,14,22,0.0,54
902,1,131,2,1,25.0,1
902,3,131,1,2,18.0,1
902,815,10,4,3,15.0,1
902,817,9,13,4,12.0,1
902,807,10,11,5,10.0,1
902,20,9,10,6,8.0,1
902,13,3,7,7,6.0,1
902,822,3,3,8,4.0,1
902,4,6,9,9,2.0,1
902,8,6,5,10,1.0,1
902,826,5,12,11,0.0,1
902,154,208,16,12,0.0,1
902,820,206,21,13,0.0,1
902,813,208,17,14,0.0,1
902,155,207,18,15,0.0,1
902,824,206,19,16,0.0,11
902,18,1,6,17,0.0,8
902,825,1,8,18,0.0,8
902,821,15,15,19,0.0,4
902,828,207,20,20,0.0,31
902,818,5,14,21,0.0,31
902,16,15,22,22,0.0,4
903,1,131,1,1,25.0,1
903,3,131,4,2,18.0,1
903,4,6,5,3,15.0,1
903,817,9,2,4,12.0,1
903,20,9,3,5,10.0,1
903,807,10,8,6,8.0,1
903,822,3,7,7,6.0,1
903,8,6,11,8,4.0,1
903,815,10,16,9,2.0,1
903,826,5,13,10,1.0,11
903,18,1,12,11,0.0,11
903,818,5,9,12,0.0,11
903,825,1,15,13,0.0,11
903,813,208,22,14,0.0,11
903,13,3,6,15,0.0,11
903,821,15,17,16,0.0,11
903,824,206,19,17,0.0,11
903,155,207,18,18,0.0,11
903,820,206,21,19,0.0,12
903,828,207,20,20,0.0,12
903,154,208,10,21,0.0,6
903,16,15,14,22,0.0,5
904,1,131,1,1,25.0,1
904,3,131,2,2,18.0,1
904,817,9,3,3,15.0,1
904,20,9,15,4,12.0,1
904,822,3,4,5,10.0,1
904,4,6,7,6,8.0,1
904,8,6,6,7,6.0,11
904,154,208,5,8,4.0,11
904,815,10,11,9,2.0,11
904,807,10,10,10,1.0,11
904,18,1,8,11,0.0,11
904,825,1,14,12,0.0,11
904,13,3,9,13,0.0,11
904,826,5,12,14,0.0,11
904,813,208,22,15,0.0,11
904,821,15,13,16,0.0,11
904,16,15,16,17,0.0,11
904,824,206,18,18,0.0,12
904,820,206,17,19,0.0,12
904,828,207,19,20,0.0,12
904,155,207,20,21,0.0,23
904,818,5,21,22,0.0,43
905,3,131,1,1,25.0,1
905,1,131,2,2,18.0,1
905,817,9,3,3,15.0,1
905,4,6,5,4,12.0,1
905,807,10,11,5,10.0,11
905,18,1,12,6,8.0,11
905,13,3,16,7,6.0,11
905,154,208,14,8,4.0,11
905,824,206,21,9,2.0,11
905,825,1,8,10,1.0,11
905,828,207,22,11,0.0,11
905,8,6,6,12,0.0,11
905,155,207,20,13,0.0,12
905,820,206,19,14,0.0,13
905,821,15,17,15,0.0,3
905,822,3,13,16,0.0,5
905,818,5,7,17,0.0,5
905,16,15,18,18,0.0,3
905,826,5,9,19,0.0,26
905,20,9,4,20,0.0,101
905,815,10,10,21,0.0,4
905,813,208,15,22,0.0,54
906,817,9,6,1,25.0,1
906,3,131,1,2,18.0,1
906,20,9,3,3,15.0,1
906,18,1,9,4,12.0,1
906,807,10,11,5,10.0,1
906,4,6,7,6,8.0,1
906,822,3,4,7,6.0,1
906,818,5,8,8,4.0,1
906,825,1,12,9,2.0,1
906,8,6,10,10,1.0,1
906,815,10,13,11,0.0,4
906,13,3,5,12,0.0,4
906,16,15,16,13,0.0,11
906,821,15,22,14,0.0,132
906,154,208,14,15,0.0,65
906,826,5,15,16,0.0,79
906,1,131,2,17,0.0,23
906,155,207,21,18,0.0,22
906,813,208,17,19,0.0,131
906,828,207,20,20,0.0,101
906,820,206,18,21,0.0,4
906,824,206,19,22,0.0,4
907,3,131,3,1,25.0,1
907,1,131,9,2,18.0,1
907,822,3,2,3,15.0,1
907,13,3,1,4,12.0,1
907,4,6,4,5,10.0,1
907,815,10,15,6,8.0,1
907,825,1,6,7,6.0,1
907,817,9,5,8,4.0,1
907,807,10,10,9,2.0,1
907,8,6,8,10,1.0,1
907,18,1,11,11,0.0,1
907,813,208,13,12,0.0,11
907,16,15,16,13,0.0,11
907,154,208,22,14,0.0,11
907,824,206,18,15,0.0,12
907,155,207,19,16,0.0,12
907,820,206,21,17,0.0,12
907,828,207,20,18,0.0,12
907,821,15,17,19,0.0,12
907,818,5,14,20,0.0,23
907,20,9,12,21,0.0,10
907,826,5,7,22,0.0,22
908,1,131,6,1,25.0,1
908,822,3,14,2,18.0,1
908,817,9,8,3,15.0,1
908,18,1,3,4,12.0,1
908,20,9,2,5,10.0,1
908,4,6,16,6,8.0,1
908,825,1,5,7,6.0,1
908,807,10,4,8,4.0,1
908,826,5,9,9,2.0,1
908,818,5,10,10,1.0,11
908,815,10,7,11,0.0,11
908,154,208,11,12,0.0,11
908,16,15,13,13,0.0,11
908,824,206,12,14,0.0,11
908,155,207,22,15,0.0,12
908,820,206,17,16,0.0,12
908,813,208,20,17,0.0,13
908,3,131,1,18,0.0,6
908,828,207,21,19,0.0,22
908,821,15,19,20,0.0,4
908,13,3,15,21,0.0,4
908,8,6,18,22,0.0,4
909,3,131,1,1,25.0,1
909,822,3,2,2,18.0,1
909,1,131,20,3,15.0,1
909,20,9,6,4,12.0,1
909,4,6,7,5,10.0,1
909,817,9,5,6,8.0,1
909,807,10,9,7,6.0,1
909,18,1,11,8,4.0,1
909,825,1,4,9,2.0,11
909,815,10,10,10,1.0,11
909,8,6,12,11,0.0,11
909,813,208,18,12,0.0,11
909,818,5,13,13,0.0,11
909,821,15,16,14,0.0,11
909,824,206,17,15,0.0,11
909,155,207,19,16,0.0,12
909,820,206,21,17,0.0,12
909,828,207,22,18,0.0,12
909,16,15,15,19,0.0,23
909,826,5,8,20,0.0,44
909,154,208,14,21,0.0,47
909,13,3,3,22,0.0,4
910,817,9,4,1,25.0,1
910,4,6,5,2,18.0,1
910,1,131,22,3,15.0,1
910,3,131,1,4,12.0,1
910,13,3,6,5,10.0,1
910,8,6,16,6,8.0,1
910,20,9,2,7,6.0,1
910,822,3,3,8,4.0,1
910,818,5,8,9,2.0,1
910,18,1,7,10,1.0,1
910,16,15,11,11,0.0,1
910,825,1,21,12,0.0,1
910,813,208,20,13,0.0,1
910,826,5,10,14,0.0,11
910,824,206,15,15,0.0,11
910,820,206,18,16,0.0,11
910,821,15,13,17,0.0,31
910,155,207,17,18,0.0,31
910,815,10,12,19,0.0,3
910,807,10,9,20,0.0,3
910,154,208,14,21,0.0,3
910,828,207,19,22,0.0,3
911,817,9,5,1,25.0,1
911,3,131,1,2,18.0,1
911,822,3,6,3,15.0,1
911,8,6,8,4,12.0,1
911,20,9,3,5,10.0,1
911,18,1,10,6,8.0,1
911,4,6,4,7,6.0,1
911,815,10,13,8,4.0,1
911,826,5,11,9,2.0,1
911,807,10,18,10,1.0,1
911,818,5,12,11,0.0,1
911,825,1,7,12,0.0,1
911,13,3,9,13,0.0,1
911,16,15,14,14,0.0,1
911,821,15,20,15,0.0,1
911,820,206,19,16,0.0,11
911,828,207,22,17,0.0,11
911,824,206,16,18,0.0,6
911,1,131,2,19,0.0,31
911,154,208,15,20,0.0,31
911,813,208,17,21,0.0,26
911,827,207,21,22,0.0,131
912,1,131,1,1,25.0,1
912,3,131,2,2,18.0,1
912,13,3,4,3,15.0,1
912,822,3,3,4,12.0,1
912,817,9,9,5,10.0,1
912,20,9,8,6,8.0,1
912,815,10,10,7,6.0,1
912,18,1,6,8,4.0,1
912,8,6,11,9,2.0,1
912,825,1,5,10,1.0,1
912,826,5,21,11,0.0,1
912,807,10,13,12,0.0,1
912,818,5,12,13,0.0,1
912,813,208,16,14,0.0,11
912,16,15,14,15,0.0,11
912,154,208,17,16,0.0,11
912,155,207,18,17,0.0,11
912,824,206,19,18,0.0,11
912,821,15,15,19,0.0,12
912,828,207,22,20,0.0,12
912,4,6,7,21,0.0,5
912,820,206,20,22,0.0,3
913,1,131,1,1,25.0,1
913,20,9,4,2,18.0,1
913,817,9,3,3,15.0,1
913,4,6,5,4,12.0,1
913,13,3,6,5,10.0,1
913,818,5,12,6,8.0,1
913,815,10,15,7,6.0,1
913,8,6,7,8,4.0,1
913,807,10,13,9,2.0,1
913,825,1,9,10,1.0,1
913,822,3,8,11,0.0,1
913,813,208,18,12,0.0,1
913,154,208,16,13,0.0,1
913,826,5,10,14,0.0,1
913,828,207,22,15,0.0,1
913,824,206,19,16,0.0,1
913,820,206,21,17,0.0,11
913,18,1,11,18,0.0,31
913,16,15,17,19,0.0,34
913,821,15,14,20,0.0,10
913,3,131,2,21,0.0,10
913,155,207,20,22,0.0,131
914,1,131,2,1,25.0,1
914,3,131,1,2,18.0,1
914,20,9,9,3,15.0,1
914,817,9,6,4,12.0,1
914,18,1,8,5,10.0,1
914,822,3,3,6,8.0,1
914,13,3,4,7,6.0,1
914,807,10,13,8,4.0,1
914,818,5,20,9,2.0,1
914,815,10,11,10,1.0,11
914,826,5,12,11,0.0,11
914,8,6,10,12,0.0,11
914,821,15,15,13,0.0,11
914,825,1,7,14,0.0,11
914,154,208,16,15,0.0,11
914,813,208,22,16,0.0,11
914,828,207,17,17,0.0,11
914,820,206,21,18,0.0,11
914,155,207,19,19,0.0,11
914,824,206,18,20,0.0,3
914,16,15,14,21,0.0,3
914,4,6,5,22,0.0,40
915,1,131,1,1,25.0,1
915,3,131,2,2,18.0,1
915,822,3,3,3,15.0,1
915,18,1,4,4,12.0,1
915,825,1,11,5,10.0,1
915,4,6,7,6,8.0,1
915,817,9,6,7,6.0,1
915,20,9,10,8,4.0,1
915,8,6,8,9,2.0,1
915,815,10,12,10,1.0,1
915,13,3,18,11,0.0,1
915,807,10,17,12,0.0,1
915,818,5,9,13,0.0,1
915,826,5,5,14,0.0,11
915,821,15,13,15,0.0,11
915,16,15,14,16,0.0,11
915,154,208,15,17,0.0,11
915,813,208,21,18,0.0,11
915,828,207,16,19,0.0,12
915,155,207,19,20,0.0,23
915,820,206,20,21,0.0,22
916,1,131,2,1,25.0,1
916,3,131,1,2,18.0,1
916,817,9,5,3,15.0,1
916,13,3,4,4,12.0,1
916,822,3,3,5,10.0,1
916,4,6,6,6,8.0,1
916,20,9,18,7,6.0,1
916,825,1,7,8,4.0,1
916,818,5,14,10,1.0,1
916,813,208,10,9,2.0,1
916,154,208,16,11,0.0,11
916,18,1,12,12,0.0,11
916,8,6,8,13,0.0,11
916,821,15,15,14,0.0,11
916,826,5,17,15,0.0,11
916,807,10,13,16,0.0,5
916,815,10,11,17,0.0,130
916,16,15,9,18,0.0,4
917,3,131,1,1,25.0,1
917,1,131,2,2,18.0,1
917,13,3,3,3,15.0,1
917,18,1,5,4,12.0,1
917,20,9,6,5,10.0,1
917,4,6,8,6,8.0,1
917,8,6,10,7,6.0,1
917,807,10,12,8,4.0,1
917,825,1,7,9,2.0,1
917,822,3,4,10,1.0,11
917,826,5,17,11,0.0,11
917,813,208,16,12,0.0,11
917,818,5,15,13,0.0,11
917,821,15,11,14,0.0,11
917,815,10,18,15,0.0,11
917,16,15,13,16,0.0,11
917,154,208,14,17,0.0,18
917,817,9,9,18,0.0,22
918,1,131,2,1,50.0,1
918,13,3,4,2,36.0,1
918,822,3,3,3,30.0,1
918,817,9,20,4,24.0,1
918,18,1,6,5,20.0,1
918,807,10,12,6,16.0,1
918,815,10,11,7,12.0,1
918,20,9,19,8,8.0,1
918,4,6,8,9,4.0,1
918,8,6,7,10,2.0,1
918,825,1,9,11,0.0,1
918,818,5,10,12,0.0,1
918,154,208,18,13,0.0,11
918,3,131,1,14,0.0,11
918,821,15,14,15,0.0,11
918,16,15,13,16,0.0,11
918,829,207,17,17,0.0,11
918,155,207,16,18,0.0,31
918,813,208,15,19,0.0,131
918,826,5,5,20,0.0,131
926,1,131,1,1,25.0,1
926,3,131,2,2,18.0,1
926,20,6,4,3,15.0,1
926,13,3,3,4,12.0,1
926,831,15,10,5,10.0,1
926,817,9,6,6,8.0,11
926,807,10,13,7,6.0,11
926,828,15,15,8,4.0,11
926,832,5,7,9,2.0,11
926,815,10,14,10,1.0,11
926,18,1,16,11,0.0,12
926,8,6,5,12,0.0,36
926,830,5,11,13,0.0,5
926,154,208,8,14,0.0,75
926,813,208,9,15,0.0,3
926,826,9,12,16,0.0,54
926,825,1,17,17,0.0,54
926,822,3,0,18,0.0,54
927,20,6,2,1,25.0,1
927,1,131,1,2,18.0,1
927,3,131,3,3,15.0,1
927,8,6,11,4,12.0,1
927,822,3,8,5,10.0,1
927,13,3,7,6,8.0,1
927,830,5,6,7,6.0,1
927,832,5,15,8,4.0,11
927,826,9,5,9,2.0,11
927,817,9,4,10,1.0,11
927,154,208,10,11,0.0,11
927,831,15,16,12,0.0,11
927,815,10,14,13,0.0,11
927,807,10,13,14,0.0,11
927,833,209,19,15,0.0,13
927,813,208,12,16,0.0,31
927,18,1,17,17,0.0,101
927,4,1,18,18,0.0,132
927,828,15,9,19,0.0,20
927,829,209,0,20,0.0,69
928,1,131,1,1,25.0,1
928,3,131,2,2,18.0,1
928,20,6,3,3,15.0,1
928,8,6,6,4,12.0,1
928,13,3,4,5,10.0,1
928,822,3,5,6,8.0,1
928,154,208,8,7,6.0,1
928,831,15,9,8,4.0,1
928,817,9,7,9,2.0,1
928,828,15,10,10,1.0,11
928,815,10,15,11,0.0,11
928,4,1,18,12,0.0,11
928,832,5,14,13,0.0,11
928,18,1,17,14,0.0,11
928,829,209,19,15,0.0,12
928,833,209,20,16,0.0,12
928,830,5,13,17,0.0,7
928,813,208,11,18,0.0,23
928,826,9,12,19,0.0,131
928,807,10,16,20,0.0,6
929,1,131,1,1,25.0,1
929,8,6,4,2,18.0,1
929,3,131,3,3,15.0,1
929,822,3,5,4,12.0,1
929,20,6,2,5,10.0,1
929,817,9,7,6,8.0,1
929,154,208,10,7,6.0,1
929,815,10,11,8,4.0,11
929,826,9,17,9,2.0,11
929,13,3,6,10,1.0,11
929,4,1,14,11,0.0,11
929,831,15,12,12,0.0,11
929,807,10,8,13,0.0,11
929,828,15,13,14,0.0,11
929,813,208,16,15,0.0,11
929,829,209,18,16,0.0,12
929,833,209,19,17,0.0,13
929,830,5,15,18,0.0,10
929,832,5,9,19,0.0,5
929,18,1,20,20,0.0,132
930,3,131,1,1,25.0,1
930,1,131,2,2,18.0,1
930,20,6,3,3,15.0,1
930,822,3,4,4,12.0,1
930,8,6,7,5,10.0,1
930,13,3,9,6,8.0,1
930,817,9,10,7,6.0,11
930,154,208,11,8,4.0,11
930,832,5,5,9,2.0,11
930,826,9,8,10,1.0,11
930,830,5,6,11,0.0,11
930,831,15,15,12,0.0,11
930,815,10,18,13,0.0,11
930,828,15,16,14,0.0,11
930,807,10,17,15,0.0,11
930,18,1,14,16,0.0,11
930,829,209,19,17,0.0,13
930,833,209,20,18,0.0,14
930,813,208,12,19,0.0,3
930,4,1,13,20,0.0,23
931,3,131,2,1,25.0,1
931,20,6,3,2,18.0,1
931,1,131,1,3,15.0,1
931,826,9,5,4,12.0,1
931,817,9,4,5,10.0,1
931,8,6,6,6,8.0,1
931,815,10,7,7,6.0,1
931,18,1,10,8,4.0,1
931,831,15,14,9,2.0,1
931,832,5,0,10,1.0,1
931,807,10,11,11,0.0,1
931,154,208,15,12,0.0,1
931,828,15,17,13,0.0,1
931,822,3,16,14,0.0,1
931,13,3,12,15,0.0,11
931,833,209,19,16,0.0,12
931,829,209,18,17,0.0,12
931,830,5,9,18,0.0,3
931,4,1,13,19,0.0,6
931,813,208,8,20,0.0,23
932,1,131,1,1,25.0,1
932,3,131,2,2,18.0,1
932,822,3,4,3,15.0,1
932,8,6,3,4,12.0,1
932,20,6,18,5,10.0,1
932,13,3,15,6,8.0,1
932,813,208,6,7,6.0,1
932,807,10,7,8,4.0,11
932,826,9,8,9,2.0,11
932,154,208,5,10,1.0,11
932,815,10,10,11,0.0,11
932,832,5,11,12,0.0,11
932,817,9,9,13,0.0,11
932,828,15,12,14,0.0,11
932,830,5,19,15,0.0,11
932,831,15,14,16,0.0,12
932,829,209,17,17,0.0,14
932,833,209,16,18,0.0,31
932,18,1,20,19,0.0,31
932,4,1,13,20,0.0,5
933,3,131,2,1,25.0,1
933,1,131,1,2,18.0,1
933,13,3,4,3,15.0,1
933,20,6,3,4,12.0,1
933,822,3,6,5,10.0,1
933,807,10,5,6,8.0,1
933,813,208,10,7,6.0,11
933,830,5,7,8,4.0,11
933,815,10,13,9,2.0,11
933,817,9,18,10,1.0,11
933,831,15,8,11,0.0,11
933,826,9,15,12,0.0,11
933,828,15,11,13,0.0,12
933,833,209,16,14,0.0,13
933,154,208,9,15,0.0,6
933,832,5,12,16,0.0,75
933,18,1,20,17,0.0,31
933,829,209,17,18,0.0,44
933,8,6,14,19,0.0,4
933,4,1,19,20,0.0,4
934,1,131,1,1,25.0,1
934,3,131,2,2,18.0,1
934,20,6,6,3,15.0,1
934,13,3,3,4,12.0,1
934,822,3,4,5,10.0,1
934,826,9,7,6,8.0,1
934,807,10,9,7,6.0,1
934,8,6,5,8,4.0,11
934,815,10,11,9,2.0,11
934,4,1,17,10,1.0,11
934,828,15,15,11,0.0,11
934,833,209,20,12,0.0,13
934,829,209,19,13,0.0,13
934,832,5,8,14,0.0,10
934,817,9,10,15,0.0,10
934,830,5,13,16,0.0,20
934,813,208,14,18,0.0,4
934,18,1,18,19,0.0,4
934,154,208,12,17,0.0,4
934,831,15,16,20,0.0,6
936,20,6,3,1,25.0,1
936,826,9,7,2,18.0,1
936,817,9,4,3,15.0,1
936,830,5,9,4,12.0,1
936,4,1,15,5,10.0,1
936,1,131,1,6,8.0,1
936,154,208,10,7,6.0,1
936,3,131,2,8,4.0,1
936,18,1,16,9,2.0,1
936,828,15,17,10,1.0,1
936,831,15,18,11,0.0,1
936,13,3,8,12,0.0,1
936,822,3,6,13,0.0,1
936,813,208,14,14,0.0,1
936,833,209,19,15,0.0,12
936,829,209,20,16,0.0,14
936,832,5,12,17,0.0,10
936,8,6,5,18,0.0,131
936,815,10,13,19,0.0,22
936,807,10,11,20,0.0,33
937,1,131,1,1,25.0,1
937,3,131,2,2,18.0,1
937,154,208,9,3,15.0,1
937,826,9,12,4,12.0,1
937,815,10,4,5,10.0,1
937,13,3,6,6,8.0,1
937,8,6,16,7,6.0,1
937,830,5,18,8,4.0,1
937,822,3,3,9,2.0,131
937,828,15,13,10,1.0,1
937,831,15,14,11,0.0,1
937,20,6,8,12,0.0,27
937,4,1,20,13,0.0,11
937,18,1,19,14,0.0,11
937,833,209,17,15,0.0,11
937,829,209,15,16,0.0,11
937,832,5,10,17,0.0,131
937,817,9,5,18,0.0,131
937,813,208,7,19,0.0,5
937,807,10,11,20,0.0,75
938,1,131,1,1,25.0,1
938,20,6,3,2,18.0,1
938,13,3,5,3,15.0,1
938,822,3,6,4,12.0,1
938,8,6,2,5,10.0,1
938,815,10,7,6,8.0,1
938,807,10,9,7,6.0,11
938,817,9,19,8,4.0,11
938,828,15,12,9,2.0,11
938,826,9,18,10,1.0,11
938,832,5,17,11,0.0,11
938,830,5,20,12,0.0,11
938,831,15,17,13,0.0,11
938,18,1,15,14,0.0,11
938,829,209,13,15,0.0,12
938,833,209,14,16,0.0,12
938,3,131,4,17,0.0,13
938,4,1,16,18,0.0,16
938,154,208,8,19,0.0,130
938,813,208,10,20,0.0,130
939,20,6,1,1,25.0,1
939,817,9,2,2,18.0,1
939,8,6,3,3,15.0,1
939,3,131,6,4,12.0,1
939,822,3,7,5,10.0,1
939,826,9,4,6,8.0,1
939,815,10,13,7,6.0,1
939,830,5,8,8,4.0,1
939,832,5,14,9,2.0,1
939,831,15,16,10,1.0,1
939,828,15,17,11,0.0,1
939,813,208,18,12,0.0,1
939,154,208,10,13,0.0,27
939,834,209,20,14,0.0,12
939,829,209,19,15,0.0,12
939,18,1,15,16,0.0,6
939,4,1,12,17,0.0,6
939,1,131,5,18,0.0,37
939,13,3,9,19,0.0,6
939,807,10,11,20,0.0,4
940,1,131,2,1,25.0,1
940,3,131,1,2,18.0,1
940,20,6,4,3,15.0,1
940,8,6,6,4,12.0,1
940,822,3,3,5,10.0,1
940,807,10,13,6,8.0,1
940,154,208,8,7,6.0,1
940,813,208,11,8,4.0,1
940,830,5,17,9,2.0,1
940,832,5,10,10,1.0,11
940,4,1,12,11,0.0,11
940,815,10,9,12,0.0,11
940,826,9,20,13,0.0,11
940,828,15,15,14,0.0,11
940,817,9,7,15,0.0,11
940,18,1,14,16,0.0,11
940,13,3,5,17,0.0,12
940,834,209,19,18,0.0,12
940,829,209,18,19,0.0,13
940,831,15,16,20,0.0,31
941,1,131,2,1,25.0,1
941,20,6,4,2,18.0,1
941,815,10,7,3,15.0,1
941,13,3,15,4,12.0,1
941,8,6,5,8,4.0,1
941,831,15,12,6,8.0,1
941,813,208,14,7,6.0,1
941,18,1,13,9,2.0,1
941,830,5,9,10,1.0,1
941,4,1,19,11,0.0,1
941,822,3,3,12,0.0,4
941,833,209,18,13,0.0,11
941,829,209,17,14,0.0,12
941,817,9,10,15,0.0,22
941,832,5,20,16,0.0,23
941,154,208,8,17,0.0,3
941,3,131,1,18,0.0,37
941,807,10,6,19,0.0,4
941,828,15,17,20,0.0,4
942,1,131,2,1,25.0,1
941,826,9,11,5,10.0,1
942,3,131,1,2,18.0,1
942,20,6,13,3,15.0,1
942,830,5,8,4,12.0,1
942,815,10,5,5,10.0,1
942,18,1,11,6,8.0,1
942,832,5,20,7,6.0,1
942,813,208,12,8,4.0,1
942,831,15,15,9,2.0,1
942,817,9,3,10,1.0,1
942,4,1,9,11,0.0,1
942,834,209,17,12,0.0,1
942,826,9,4,13,0.0,3
942,807,10,6,14,0.0,3
942,828,15,14,15,0.0,31
942,8,6,18,16,0.0,135
942,13,3,7,17,0.0,31
942,154,208,10,18,0.0,31
942,822,3,16,19,0.0,31
942,829,209,19,20,0.0,31
943,3,131,1,1,25.0,1
943,1,131,2,2,18.0,1
943,822,3,6,3,15.0,1
943,826,9,4,4,12.0,1
943,817,9,5,5,10.0,1
943,13,3,7,6,8.0,1
943,807,10,10,7,6.0,1
943,815,10,9,8,4.0,1
943,830,5,8,9,2.0,1
943,154,208,12,10,1.0,1
943,813,208,13,11,0.0,1
943,828,15,14,12,0.0,1
943,832,5,11,13,0.0,1
943,18,1,20,14,0.0,1
943,834,209,16,15,0.0,12
943,829,209,17,16,0.0,12
943,831,15,15,17,0.0,23
943,20,6,3,18,0.0,3
943,8,6,19,19,0.0,4
943,4,1,18,20,0.0,31
944,3,131,1,1,25.0,1
944,1,131,2,2,18.0,1
944,20,6,3,3,15.0,1
944,8,6,4,4,12.0,1
944,822,3,7,5,10.0,11
944,807,10,5,6,8.0,11
944,826,9,6,7,6.0,11
944,154,208,14,8,4.0,11
944,830,5,9,9,2.0,11
944,813,208,15,10,1.0,11
944,817,9,19,11,0.0,11
944,815,10,11,12,0.0,11
944,831,15,13,13,0.0,11
944,18,1,16,14,0.0,11
944,4,1,20,15,0.0,11
944,828,15,12,16,0.0,12
944,829,209,18,17,0.0,14
944,834,209,17,18,0.0,14
944,832,5,10,19,0.0,31
944,13,3,8,20,0.0,96
945,3,131,1,1,25.0,1
945,1,131,2,2,18.0,1
945,8,6,3,3,15.0,1
945,20,6,15,4,12.0,1
945,815,10,4,5,10.0,1
945,817,9,5,6,8.0,1
945,807,10,7,7,6.0,1
945,13,3,8,8,4.0,1
945,154,208,18,9,2.0,1
945,826,9,9,10,1.0,1
945,832,5,10,11,0.0,1
945,18,1,12,12,0.0,11
945,822,3,6,13,0.0,11
945,828,15,17,14,0.0,11
945,831,15,14,15,0.0,11
945,830,5,11,16,0.0,11
945,4,1,16,17,0.0,12
945,829,209,19,18,0.0,12
945,833,209,20,19,0.0,13
945,813,208,13,20,0.0,4
948,3,131,2,1,25.0,1
948,1,131,1,2,18.0,1
948,20,6,3,3,15.0,1
948,817,9,8,4,12.0,1
948,13,3,6,5,10.0,1
948,154,210,19,6,8.0,1
948,807,10,10,7,6.0,1
948,822,3,16,8,4.0,1
948,832,5,7,9,2.0,1
948,830,5,5,10,1.0,1
948,835,4,13,11,0.0,1
948,825,4,14,12,0.0,1
948,815,10,9,13,0.0,1
948,18,1,12,14,0.0,11
948,831,15,17,15,0.0,11
948,836,209,21,16,0.0,11
948,828,15,15,17,0.0,5
948,8,6,4,18,0.0,5
948,837,209,22,19,0.0,26
948,821,210,20,20,0.0,4
948,4,1,11,21,0.0,4
948,826,9,18,22,0.0,31
949,3,131,2,1,25.0,1
949,8,6,4,2,18.0,1
949,1,131,1,3,15.0,1
949,817,9,5,4,12.0,1
949,154,210,9,5,10.0,1
949,830,5,10,6,8.0,1
949,826,9,15,7,6.0,11
949,13,3,7,8,4.0,11
949,822,3,6,9,2.0,11
949,838,1,12,10,1.0,11
949,825,4,22,11,0.0,11
949,828,15,17,12,0.0,11
949,836,209,16,13,0.0,11
949,831,15,21,14,0.0,11
949,807,10,8,15,0.0,11
949,815,10,18,16,0.0,11
949,837,209,20,17,0.0,11
949,832,5,11,18,0.0,31
949,821,210,13,19,0.0,31
949,18,1,14,20,0.0,131
949,20,6,3,21,0.0,5
949,835,4,19,22,0.0,9
950,3,131,1,1,25.0,1
950,20,6,4,2,18.0,1
950,826,9,6,3,15.0,1
950,817,9,2,4,12.0,1
950,8,6,3,5,10.0,1
950,13,3,10,6,8.0,1
950,1,131,22,7,6.0,1
950,830,5,9,8,4.0,1
950,832,5,8,9,2.0,1
950,822,3,5,10,1.0,1
950,815,10,7,11,0.0,1
950,4,1,11,12,0.0,1
950,18,1,12,13,0.0,1
950,821,210,18,14,0.0,11
950,807,10,13,15,0.0,11
950,828,15,15,16,0.0,11
950,825,4,17,17,0.0,11
950,836,209,21,18,0.0,11
950,154,210,14,19,0.0,11
950,831,15,16,20,0.0,11
950,837,209,20,21,0.0,11
950,835,4,19,22,0.0,11
951,3,131,1,1,25.0,1
951,1,131,10,2,18.0,1
951,8,6,3,3,15.0,1
951,822,3,2,4,12.0,1
951,13,3,4,5,10.0,1
951,4,1,14,6,8.0,11
951,825,4,17,7,6.0,11
951,154,210,15,8,4.0,11
951,815,10,6,9,2.0,11
951,18,1,12,10,1.0,11
951,817,9,5,11,0.0,11
951,832,5,11,12,0.0,11
951,835,4,18,13,0.0,11
951,828,15,22,14,0.0,11
951,826,9,8,15,0.0,11
951,831,15,19,16,0.0,11
951,821,210,16,17,0.0,11
951,836,209,20,18,0.0,12
951,830,5,9,19,0.0,131
951,20,6,7,20,0.0,4
951,807,10,13,21,0.0,4
951,837,209,21,22,0.0,4
952,830,9,4,1,25.0,1
952,8,6,5,2,18.0,1
952,20,6,6,3,15.0,1
952,817,9,3,4,12.0,1
952,822,3,7,5,10.0,1
952,832,5,8,6,8.0,1
952,815,10,9,7,6.0,1
952,13,3,18,8,4.0,1
952,18,1,12,9,2.0,11
952,826,5,13,10,1.0,11
952,821,210,16,11,0.0,11
952,828,15,19,12,0.0,11
952,835,4,17,13,0.0,11
952,825,4,15,14,0.0,11
952,831,15,20,15,0.0,11
952,836,209,21,16,0.0,11
952,837,209,22,17,0.0,11
952,154,210,14,18,0.0,5
952,4,1,10,19,0.0,5
952,807,10,11,20,0.0,5
952,1,131,1,21,0.0,4
952,3,131,2,22,0.0,4
953,1,131,3,1,25.0,1
953,817,9,1,2,18.0,1
953,815,10,7,3,15.0,1
953,20,6,4,4,12.0,1
953,4,1,9,5,10.0,1
953,807,10,5,6,8.0,1
953,3,131,2,7,6.0,1
953,832,5,6,8,4.0,11
953,18,1,13,9,2.0,11
953,13,3,14,10,1.0,11
953,821,210,12,11,0.0,11
953,822,3,10,12,0.0,11
953,154,210,15,13,0.0,12
953,836,209,20,14,0.0,12
953,837,209,19,15,0.0,14
953,828,15,17,16,0.0,4
953,831,15,0,17,0.0,31
953,830,9,0,18,0.0,3
953,825,4,16,19,0.0,31
953,826,5,8,20,0.0,3
953,8,6,11,21,0.0,3
953,835,4,18,22,0.0,3
954,1,131,1,1,25.0,1
954,20,6,3,2,18.0,1
954,822,3,7,3,15.0,1
954,830,9,5,4,12.0,1
954,3,131,2,5,10.0,1
954,8,6,6,6,8.0,1
954,817,9,4,7,6.0,1
954,807,10,9,8,4.0,11
954,832,5,20,9,2.0,11
954,815,10,11,10,1.0,11
954,4,1,10,11,0.0,11
954,826,5,15,12,0.0,11
954,821,210,13,13,0.0,12
954,154,210,14,14,0.0,12
954,828,15,21,15,0.0,12
954,825,4,22,16,0.0,12
954,836,209,17,17,0.0,12
954,831,15,18,18,0.0,12
954,837,209,19,19,0.0,12
954,13,3,8,20,0.0,31
954,835,4,16,21,0.0,31
954,18,1,12,22,0.0,131
955,3,131,1,1,25.0,1
955,20,6,3,2,18.0,1
955,815,10,7,3,15.0,1
955,8,6,4,4,12.0,1
955,1,131,10,5,10.0,1
955,822,3,8,6,8.0,1
955,817,9,2,7,6.0,1
955,830,9,9,8,4.0,1
955,807,10,12,9,2.0,1
955,13,3,5,10,1.0,1
955,18,1,19,11,0.0,1
955,831,15,15,12,0.0,11
955,154,210,11,13,0.0,11
955,825,4,22,14,0.0,11
955,835,4,21,15,0.0,11
955,821,210,14,16,0.0,11
955,828,15,20,17,0.0,11
955,837,209,16,18,0.0,12
955,4,1,13,19,0.0,6
955,836,209,17,20,0.0,23
955,832,5,18,21,0.0,22
955,826,5,6,22,0.0,22
956,1,131,1,1,25.0,1
956,830,9,8,2,18.0,1
956,8,6,4,3,15.0,1
956,3,131,6,4,12.0,1
956,817,9,5,5,10.0,1
956,18,1,3,6,8.0,1
956,154,210,13,7,6.0,1
956,832,5,15,8,4.0,1
956,822,3,7,9,2.0,11
956,836,209,12,10,1.0,11
956,821,210,11,11,0.0,11
956,835,4,19,12,0.0,11
956,831,15,21,13,0.0,11
956,825,4,17,14,0.0,11
956,828,15,18,15,0.0,11
956,837,209,20,16,0.0,11
956,815,10,16,17,0.0,23
956,4,1,14,18,0.0,84
956,807,10,2,19,0.0,23
956,13,3,0,20,0.0,23
956,20,6,9,21,0.0,27
956,826,5,0,22,0.0,31
957,1,131,1,1,25.0,1
957,830,9,3,2,18.0,1
957,3,131,2,3,15.0,1
957,817,9,4,4,12.0,1
957,8,6,5,5,10.0,1
957,815,10,10,6,8.0,1
957,807,10,8,7,6.0,1
957,832,5,7,8,4.0,1
957,20,6,11,9,2.0,1
957,826,5,15,10,1.0,1
957,13,3,12,11,0.0,11
957,18,1,17,12,0.0,11
957,4,1,9,13,0.0,11
957,822,3,6,14,0.0,11
957,831,15,21,15,0.0,11
957,821,210,14,16,0.0,11
957,825,4,16,17,0.0,6
957,835,4,18,18,0.0,6
957,837,209,19,19,0.0,20
957,154,210,13,20,0.0,31
957,828,15,22,21,0.0,131
957,836,209,20,22,0.0,20
958,1,131,2,1,25.0,1
958,3,131,1,2,18.0,1
958,817,9,3,3,15.0,1
958,20,6,5,4,12.0,1
958,830,9,4,5,10.0,1
958,8,6,14,6,8.0,1
958,4,1,7,7,6.0,11
958,832,5,6,8,4.0,11
958,822,3,10,9,2.0,11
958,807,10,9,10,1.0,11
958,815,10,13,11,0.0,11
958,835,4,17,12,0.0,11
958,821,210,15,13,0.0,11
958,154,210,11,14,0.0,11
958,825,4,19,15,0.0,11
958,826,5,12,16,0.0,11
958,831,15,16,17,0.0,11
958,13,3,18,18,0.0,12
958,836,209,20,19,0.0,12
958,828,15,22,20,0.0,12
958,837,209,21,21,0.0,12
958,18,1,8,22,0.0,44
959,1,131,2,1,25.0,1
959,817,9,3,2,18.0,1
959,830,9,4,3,15.0,1
959,3,131,1,4,12.0,1
959,20,6,6,5,10.0,1
959,8,6,5,6,8.0,1
959,807,10,8,7,6.0,1
959,18,1,12,8,4.0,11
959,822,3,7,9,2.0,11
959,815,10,9,10,1.0,11
959,821,210,11,11,0.0,11
959,4,1,13,12,0.0,11
959,154,210,20,13,0.0,11
959,832,5,15,14,0.0,11
959,826,5,18,15,0.0,11
959,825,4,16,16,0.0,11
959,836,209,17,17,0.0,12
959,828,15,22,18,0.0,12
959,835,4,14,19,0.0,12
959,837,209,19,20,0.0,12
959,831,15,21,21,0.0,131
959,13,3,10,22,0.0,22
960,3,131,1,1,25.0,1
960,817,9,5,2,18.0,1
960,1,131,21,3,15.0,1
960,807,10,7,4,12.0,1
960,815,10,6,5,10.0,1
960,20,6,4,6,8.0,1
960,4,1,22,7,6.0,1
960,822,3,8,8,4.0,1
960,8,6,3,9,2.0,1
960,13,3,10,10,1.0,1
960,830,9,2,11,0.0,1
960,821,210,18,12,0.0,1
960,154,210,11,13,0.0,1
960,826,5,19,14,0.0,1
960,835,4,13,15,0.0,1
960,839,209,17,16,0.0,11
960,831,15,16,17,0.0,11
960,825,4,12,18,0.0,3
960,828,15,20,19,0.0,6
960,832,5,14,20,0.0,29
960,18,1,9,21,0.0,130
960,836,209,15,22,0.0,130
961,3,131,2,1,25.0,1
961,1,131,1,2,18.0,1
961,20,6,3,3,15.0,1
961,8,6,4,4,12.0,1
961,817,9,6,5,10.0,1
961,822,3,5,6,8.0,1
961,830,9,7,7,6.0,1
961,815,10,8,8,4.0,1
961,13,3,11,9,2.0,1
961,807,10,9,10,1.0,1
961,154,210,17,11,0.0,11
961,18,1,14,12,0.0,11
961,821,210,10,13,0.0,11
961,4,1,12,14,0.0,11
961,832,5,15,15,0.0,11
961,828,15,19,16,0.0,11
961,825,4,21,17,0.0,11
961,839,209,22,18,0.0,12
961,826,5,16,19,0.0,84
961,836,209,13,20,0.0,44
961,835,4,20,21,0.0,130
961,831,15,18,22,0.0,130
962,3,131,1,1,25.0,1
962,817,9,2,2,18.0,1
962,1,131,3,3,15.0,1
962,8,6,5,4,12.0,1
962,20,6,22,5,10.0,1
962,830,9,4,6,8.0,1
962,4,1,9,7,6.0,1
962,815,10,17,8,4.0,1
962,826,5,7,9,2.0,1
962,825,4,15,10,1.0,1
962,821,210,13,11,0.0,11
962,13,3,11,12,0.0,11
962,831,15,16,13,0.0,11
962,832,5,6,14,0.0,11
962,835,4,18,15,0.0,11
962,836,209,19,16,0.0,11
962,828,15,14,17,0.0,11
962,839,209,21,18,0.0,12
962,18,1,12,19,0.0,23
962,822,3,10,20,0.0,25
962,807,10,8,21,0.0,4
962,154,210,20,22,0.0,54
963,817,9,4,1,25.0,1
963,830,9,3,2,18.0,1
963,3,131,2,3,15.0,1
963,8,6,6,4,12.0,1
963,822,3,11,5,10.0,1
963,815,10,7,6,8.0,1
963,4,1,22,7,6.0,1
963,807,10,8,8,4.0,1
963,18,1,9,9,2.0,1
963,835,4,19,10,1.0,1
963,832,5,16,11,0.0,1
963,828,15,17,12,0.0,11
963,13,3,10,13,0.0,11
963,826,5,15,14,0.0,11
963,836,209,21,15,0.0,11
963,839,209,20,16,0.0,11
963,831,15,18,17,0.0,23
963,1,131,1,18,0.0,5
963,821,210,13,19,0.0,61
963,825,4,14,20,0.0,75
963,154,210,12,21,0.0,23
963,20,6,5,22,0.0,4
964,3,131,1,1,25.0,1
964,830,9,3,2,18.0,1
964,1,131,2,3,15.0,1
964,20,6,6,4,12.0,1
964,8,6,8,5,10.0,1
964,817,9,4,6,8.0,1
964,815,10,5,7,6.0,1
964,807,10,9,8,4.0,1
964,13,3,12,9,2.0,1
964,822,3,11,10,1.0,1
964,154,210,7,11,0.0,1
964,835,4,16,12,0.0,11
964,826,5,13,13,0.0,11
964,825,4,17,14,0.0,11
964,828,15,18,15,0.0,11
964,4,1,15,16,0.0,11
964,832,5,14,17,0.0,11
964,18,1,22,18,0.0,11
964,831,15,19,19,0.0,11
964,821,210,10,20,0.0,11
964,839,209,20,21,0.0,11
964,836,209,21,22,0.0,11
965,1,131,1,1,25.0,1
965,3,131,2,2,18.0,1
965,817,9,3,3,15.0,1
965,20,6,6,4,12.0,1
965,4,1,12,5,10.0,1
965,832,5,10,6,8.0,1
965,13,3,9,7,6.0,11
965,815,10,11,8,4.0,11
965,18,1,19,9,2.0,11
965,154,210,17,10,1.0,11
965,826,5,13,11,0.0,11
965,825,4,18,12,0.0,11
965,835,4,15,13,0.0,11
965,828,15,16,14,0.0,11
965,831,15,21,15,0.0,11
965,822,3,8,16,0.0,11
965,836,209,20,17,0.0,11
965,839,209,22,18,0.0,12
965,8,6,5,19,0.0,36
965,830,9,4,20,0.0,6
965,821,210,14,21,0.0,23
965,807,10,7,22,0.0,4
966,1,131,1,1,25.0,1
966,3,131,2,2,18.0,1
966,817,9,4,3,15.0,1
966,830,9,3,4,12.0,1
966,20,6,7,5,10.0,1
966,8,6,6,6,8.0,1
966,807,10,5,7,6.0,1
966,822,3,8,8,4.0,1
966,13,3,9,9,2.0,1
966,815,10,12,10,1.0,1
966,828,15,15,11,0.0,11
966,18,1,13,12,0.0,11
966,4,1,11,13,0.0,11
966,835,4,21,14,0.0,11
966,831,15,19,15,0.0,11
966,832,5,10,16,0.0,11
966,825,4,14,17,0.0,11
966,826,5,18,18,0.0,11
966,821,210,17,19,0.0,11
966,154,210,22,20,0.0,11
966,839,209,20,21,0.0,12
966,836,209,16,22,0.0,4
967,1,131,1,1,25.0,1
967,3,131,2,2,18.0,1
967,830,9,4,3,15.0,1
967,815,10,9,4,12.0,1
967,20,6,5,5,10.0,1
967,832,5,15,6,8.0,1
967,807,10,8,7,6.0,1
967,817,9,6,8,4.0,1
967,831,15,21,9,2.0,1
967,4,1,10,10,1.0,1
967,822,3,11,11,0.0,1
967,839,209,22,12,0.0,1
967,826,5,14,13,0.0,1
967,825,4,18,14,0.0,1
967,836,209,19,15,0.0,1
967,18,1,17,16,0.0,1
967,821,210,12,17,0.0,31
967,13,3,13,18,0.0,4
967,835,4,16,19,0.0,130
967,8,6,3,20,0.0,4
967,828,15,20,21,0.0,4
967,154,210,7,22,0.0,54
968,1,131,1,1,25.0,1
968,3,131,2,2,18.0,1
968,20,6,5,3,15.0,1
968,830,9,6,4,12.0,1
968,817,9,3,5,10.0,1
968,8,6,4,6,8.0,1
968,807,10,7,7,6.0,1
968,815,10,8,8,4.0,1
968,13,3,10,9,2.0,1
968,4,1,9,10,1.0,1
968,154,210,14,11,0.0,1
968,821,210,13,12,0.0,1
968,839,209,20,13,0.0,11
968,836,209,16,14,0.0,11
968,828,15,22,15,0.0,11
968,831,15,19,16,0.0,11
968,835,4,15,17,0.0,11
968,832,5,21,18,0.0,130
968,826,5,17,19,0.0,6
968,18,1,12,20,0.0,22
968,822,3,11,21,0.0,22
968,825,4,18,22,0.0,22
969,20,6,2,1,25.0,1
969,1,131,1,2,18.0,1
969,822,131,3,3,15.0,1
969,8,6,4,4,12.0,1
969,830,9,5,5,10.0,1
969,13,3,7,6,8.0,1
969,815,10,10,7,6.0,11
969,832,5,8,8,4.0,11
969,826,5,9,9,2.0,11
969,839,10,13,10,1.0,11
969,807,4,11,11,0.0,11
969,841,15,16,12,0.0,12
969,838,1,18,13,0.0,12
969,4,1,12,14,0.0,76
969,825,210,17,15,0.0,22
969,840,3,20,16,0.0,23
969,817,9,0,17,0.0,131
969,828,15,14,18,0.0,9
969,835,4,19,19,0.0,23
969,154,210,6,20,0.0,47
970,1,131,1,1,25.0,1
970,20,6,2,2,18.0,1
970,830,9,16,3,15.0,1
970,817,9,5,4,12.0,1
970,8,6,4,5,10.0,1
970,822,131,3,6,8.0,1
970,832,5,11,7,6.0,1
970,825,210,12,8,4.0,11
970,815,10,8,9,2.0,11
970,839,10,17,10,1.0,11
970,154,210,19,11,0.0,11
970,807,4,7,12,0.0,11
970,835,4,20,13,0.0,11
970,13,3,6,14,0.0,11
970,828,15,14,15,0.0,11
970,4,1,13,16,0.0,30
970,826,5,9,17,0.0,9
970,838,1,15,18,0.0,32
970,841,15,18,19,0.0,3
970,840,3,10,20,0.0,4
971,20,6,3,1,25.0,1
971,1,131,2,2,18.0,1
971,822,131,1,3,15.0,1
971,8,6,5,4,12.0,1
971,817,9,4,5,10.0,1
971,13,3,8,6,8.0,1
971,815,10,18,7,6.0,1
971,154,210,9,8,4.0,1
971,807,4,7,9,2.0,1
971,839,10,14,10,1.0,1
971,836,15,13,11,0.0,11
971,826,5,11,12,0.0,11
971,835,4,10,13,0.0,11
971,4,1,15,14,0.0,131
971,828,15,19,15,0.0,6
971,832,5,16,16,0.0,4
971,840,3,12,17,0.0,4
971,830,9,6,18,0.0,23
971,825,210,20,19,0.0,10
971,838,1,17,20,0.0,131
972,822,131,3,1,25.0,1
972,20,6,1,2,18.0,1
972,8,6,2,3,15.0,1
972,1,131,4,4,12.0,1
972,830,9,7,5,10.0,1
972,815,10,9,6,8.0,1
972,839,10,10,7,6.0,1
972,807,4,8,8,4.0,1
972,13,3,6,9,2.0,11
972,832,5,14,10,1.0,11
972,840,3,11,11,0.0,11
972,826,5,12,12,0.0,11
972,825,210,13,13,0.0,11
972,838,1,20,14,0.0,11
972,828,15,18,15,0.0,11
972,836,15,17,16,0.0,12
972,817,9,5,17,0.0,23
972,835,4,16,18,0.0,4
972,154,210,19,19,0.0,4
972,4,1,15,20,0.0,131
973,1,131,1,1,25.0,1
973,20,6,2,2,18.0,1
973,817,9,6,3,15.0,1
973,815,10,8,4,12.0,11
973,839,10,10,5,10.0,11
973,807,4,13,6,8.0,11
973,832,5,12,7,6.0,11
973,836,15,15,8,4.0,11
973,826,5,19,9,2.0,11
973,154,210,14,10,1.0,11
973,828,15,16,11,0.0,12
973,4,1,7,12,0.0,12
973,13,3,9,13,0.0,12
973,825,210,11,14,0.0,12
973,835,4,17,15,0.0,12
973,840,3,18,16,0.0,12
973,822,131,3,17,0.0,131
973,838,1,20,18,0.0,4
973,830,9,5,19,0.0,130
973,8,6,4,20,0.0,130
974,20,6,2,1,25.0,1
974,8,6,1,2,18.0,1
974,817,9,5,3,15.0,1
974,822,131,3,4,12.0,1
974,830,9,4,5,10.0,1
974,832,5,6,6,8.0,1
974,1,131,13,7,6.0,1
974,154,210,8,8,4.0,1
974,13,3,14,9,2.0,1
974,825,210,11,10,1.0,1
974,835,4,16,11,0.0,1
974,839,10,15,12,0.0,1
974,815,10,7,13,0.0,1
974,826,5,9,14,0.0,130
974,840,3,17,15,0.0,23
974,838,1,12,16,0.0,3
974,828,15,19,17,0.0,3
974,18,1,20,18,0.0,130
974,836,15,18,19,0.0,4
974,807,4,10,20,0.0,6
975,1,131,1,1,25.0,1
975,822,131,3,2,18.0,1
975,817,9,6,3,15.0,1
975,20,6,2,4,12.0,1
975,815,10,8,5,10.0,1
975,839,10,9,6,8.0,1
975,8,6,4,7,6.0,1
975,807,4,10,8,4.0,1
975,840,3,17,9,2.0,11
975,154,210,14,10,1.0,11
975,835,4,15,11,0.0,11
975,825,210,18,12,0.0,11
975,828,15,19,13,0.0,11
975,838,1,16,14,0.0,11
975,836,15,20,15,0.0,12
975,4,1,12,16,0.0,131
975,826,5,11,17,0.0,131
975,830,9,5,18,0.0,10
975,13,3,7,19,0.0,4
975,832,5,13,20,0.0,4
976,817,9,10,1,25.0,1
976,822,131,2,2,18.0,1
976,840,3,8,3,15.0,1
976,20,6,4,4,12.0,1
976,1,131,1,5,10.0,1
976,839,10,7,6,8.0,1
976,825,210,12,7,6.0,1
976,832,5,15,8,4.0,1
976,4,1,19,9,2.0,1
976,836,15,14,10,1.0,1
976,828,15,17,11,0.0,1
976,838,1,18,12,0.0,1
976,154,210,16,13,0.0,11
976,8,6,3,14,0.0,34
976,815,10,6,15,0.0,136
976,13,3,9,16,0.0,22
976,807,4,13,17,0.0,3
976,830,9,5,18,0.0,51
976,826,5,11,19,0.0,84
976,835,4,20,20,0.0,131
841,24,164,0,23,0.0,81
841,39,164,0,24,0.0,81
846,815,15,0,24,0.0,82
977,822,131,1,1,25.0,1
977,20,6,2,2,18.0,1
977,817,9,4,3,15.0,1
977,1,131,8,4,12.0,1
977,8,6,3,5,10.0,1
977,154,210,6,6,8.0,1
977,815,10,7,7,6.0,11
977,839,10,9,8,4.0,11
977,13,3,17,9,2.0,11
977,840,3,18,10,1.0,11
977,835,4,16,11,0.0,11
977,838,1,13,12,0.0,11
977,807,4,11,13,0.0,11
977,836,15,20,14,0.0,11
977,828,15,19,15,0.0,12
977,826,5,14,16,0.0,13
977,832,5,10,17,0.0,5
977,825,210,15,18,0.0,9
977,4,1,12,19,0.0,130
977,830,9,5,20,0.0,130
978,1,131,1,1,25.0,1
978,822,131,9,2,18.0,1
978,8,6,2,3,15.0,1
978,830,9,4,4,12.0,1
978,817,9,19,5,10.0,1
978,807,4,5,6,8.0,1
978,20,6,3,7,6.0,1
978,839,10,7,8,4.0,11
978,815,10,6,9,2.0,11
978,13,3,14,10,1.0,11
978,838,1,8,11,0.0,11
978,825,210,16,12,0.0,11
978,154,210,10,13,0.0,11
978,828,15,18,14,0.0,11
978,826,5,12,15,0.0,11
978,840,3,15,16,0.0,11
978,836,15,17,17,0.0,11
978,4,1,20,18,0.0,131
978,832,5,13,19,0.0,130
978,835,4,11,20,0.0,9
979,20,6,1,1,25.0,1
979,8,6,2,2,18.0,1
979,822,131,3,3,15.0,1
979,1,131,4,4,12.0,1
979,830,9,5,5,10.0,1
979,4,1,7,6,8.0,1
979,832,5,9,7,6.0,11
979,815,10,13,8,4.0,11
979,839,10,11,9,2.0,11
979,838,1,8,10,1.0,11
979,826,5,16,11,0.0,11
979,835,4,10,12,0.0,11
979,825,210,15,13,0.0,11
979,840,3,17,14,0.0,11
979,836,15,18,15,0.0,12
979,828,15,20,16,0.0,12
979,807,4,12,17,0.0,23
979,814,3,19,18,0.0,44
979,154,210,14,19,0.0,61
979,817,9,6,20,0.0,4
980,1,131,1,1,25.0,1
980,20,6,2,2,18.0,1
980,817,9,6,3,15.0,1
980,8,6,4,4,12.0,1
980,822,131,3,5,10.0,1
980,807,4,7,6,8.0,1
980,154,210,11,7,6.0,1
980,13,3,16,8,4.0,1
980,839,10,9,9,2.0,1
980,832,5,13,10,1.0,1
980,840,3,15,11,0.0,1
980,826,5,19,12,0.0,1
980,835,4,14,13,0.0,1
980,838,1,20,14,0.0,1
980,825,210,12,15,0.0,1
980,828,15,17,16,0.0,1
980,815,10,8,17,0.0,6
980,4,1,10,18,0.0,5
980,830,9,5,19,0.0,5
980,836,15,18,20,0.0,4
981,1,131,1,1,25.0,1
981,822,131,4,2,18.0,1
981,20,6,6,3,15.0,1
981,817,9,16,4,12.0,1
981,8,6,5,5,10.0,1
981,839,10,3,6,8.0,1
981,840,3,2,7,6.0,1
981,13,3,7,8,4.0,1
981,815,10,10,9,2.0,1
981,830,9,13,10,1.0,11
981,825,210,9,11,0.0,11
981,826,5,8,12,0.0,11
981,807,4,14,13,0.0,11
981,832,5,15,14,0.0,11
981,154,210,20,15,0.0,11
981,836,15,12,16,0.0,12
981,4,1,19,17,0.0,6
981,828,15,11,18,0.0,6
981,838,1,18,19,0.0,5
981,835,4,17,20,0.0,5
982,1,131,5,1,25.0,1
982,817,9,3,2,18.0,1
982,822,131,6,3,15.0,1
982,832,5,10,4,12.0,1
982,815,10,12,5,10.0,1
982,835,4,11,6,8.0,1
982,838,1,9,7,6.0,1
982,840,3,18,8,4.0,1
982,154,210,15,9,2.0,1
982,839,10,14,10,1.0,1
982,13,3,17,11,0.0,1
982,836,15,19,12,0.0,12
982,825,210,16,13,0.0,5
982,807,4,7,14,0.0,5
982,828,15,20,15,0.0,3
982,826,5,13,16,0.0,3
982,4,1,8,17,0.0,130
982,20,6,1,18,0.0,3
982,830,9,2,19,0.0,3
982,8,6,4,20,0.0,3
983,830,9,3,1,25.0,1
983,1,131,1,2,18.0,1
983,817,9,4,3,15.0,1
983,20,6,20,4,12.0,1
983,822,131,5,5,10.0,1
983,815,10,9,6,8.0,1
983,838,1,7,7,6.0,11
983,840,3,13,8,4.0,11
983,13,3,11,9,2.0,11
983,839,10,6,10,1.0,11
983,4,1,10,11,0.0,11
983,825,210,17,12,0.0,11
983,154,210,16,13,0.0,11
983,842,5,15,14,0.0,11
983,835,4,12,15,0.0,11
983,807,4,8,16,0.0,11
983,836,15,18,17,0.0,11
983,828,15,19,18,0.0,12
983,832,5,14,19,0.0,5
983,8,6,0,20,0.0,84
984,1,131,1,1,25.0,1
984,830,9,4,2,18.0,1
984,817,9,3,3,15.0,1
984,822,131,6,4,12.0,1
984,8,6,10,5,10.0,1
984,839,10,5,6,8.0,1
984,815,10,7,7,6.0,1
984,825,210,12,8,4.0,1
984,154,210,13,9,2.0,1
984,13,3,8,10,1.0,11
984,4,1,20,11,0.0,11
984,835,4,18,12,0.0,11
984,842,5,14,13,0.0,11
984,838,1,9,14,0.0,11
984,836,15,17,15,0.0,12
984,840,3,15,16,0.0,36
984,807,4,11,17,0.0,33
984,828,15,16,18,0.0,3
984,20,6,2,19,0.0,105
984,832,5,19,20,0.0,3
985,1,131,1,1,25.0,1
985,20,6,2,2,18.0,1
985,8,6,5,3,15.0,1
985,830,9,16,4,12.0,1
985,822,131,3,5,10.0,1
985,839,10,6,6,8.0,1
985,832,4,7,7,6.0,1
985,815,10,9,8,4.0,11
985,13,3,10,9,2.0,11
985,826,5,11,10,1.0,11
985,840,3,15,11,0.0,11
985,838,1,20,12,0.0,11
985,843,5,19,13,0.0,11
985,154,210,12,14,0.0,11
985,828,15,13,15,0.0,11
985,825,210,17,16,0.0,11
985,4,1,8,17,0.0,5
985,817,9,4,18,0.0,5
985,836,15,14,19,0.0,4
985,807,4,18,20,0.0,5
986,830,9,2,1,25.0,1
986,822,131,4,2,18.0,1
986,8,6,5,3,15.0,1
986,20,6,1,4,12.0,1
986,839,10,6,5,10.0,11
986,840,3,11,6,8.0,11
986,815,10,9,7,6.0,11
986,825,210,14,8,4.0,11
986,1,131,3,9,2.0,11
986,4,1,18,10,1.0,11
986,13,3,10,11,0.0,11
986,838,1,19,12,0.0,11
986,842,5,20,13,0.0,11
986,836,15,13,14,0.0,12
986,154,210,15,15,0.0,12
986,832,4,8,16,0.0,5
986,828,15,12,17,0.0,5
986,843,5,17,18,0.0,5
986,807,4,7,19,0.0,10
986,817,9,16,20,0.0,5
987,20,6,2,1,25.0,1
987,822,131,1,2,18.0,1
987,8,6,3,3,15.0,1
987,1,131,20,4,12.0,1
987,830,9,4,5,10.0,1
987,817,9,14,6,8.0,1
987,13,3,9,7,6.0,1
987,4,1,6,8,4.0,1
987,815,10,5,9,2.0,1
987,807,4,7,10,1.0,11
987,832,4,8,11,0.0,11
987,842,5,19,12,0.0,11
987,828,15,17,13,0.0,11
987,836,15,15,14,0.0,11
987,154,210,11,15,0.0,12
987,840,3,16,16,0.0,12
987,843,5,18,17,0.0,5
987,839,10,10,18,0.0,3
987,838,1,12,19,0.0,3
987,825,210,13,20,0.0,3
988,822,131,1,1,25.0,1
988,1,131,2,2,18.0,1
988,20,6,3,3,15.0,1
988,8,6,5,4,12.0,1
988,830,9,6,5,10.0,1
988,807,4,7,6,8.0,1
988,815,10,8,7,6.0,1
988,839,10,9,8,4.0,1
988,4,1,11,9,2.0,11
988,13,3,10,10,1.0,11
988,154,210,16,11,0.0,11
988,838,1,13,12,0.0,11
988,825,210,14,13,0.0,11
988,836,15,18,14,0.0,11
988,843,5,20,15,0.0,11
988,842,5,17,16,0.0,11
988,828,15,19,17,0.0,11
988,840,3,15,18,0.0,11
988,832,4,12,19,0.0,36
988,817,9,4,20,0.0,9
989,20,6,3,1,25.0,1
989,1,131,1,2,18.0,1
989,8,6,2,3,15.0,1
989,817,9,8,4,12.0,1
989,4,1,10,5,10.0,1
989,830,9,4,6,8.0,1
989,807,4,7,7,6.0,1
989,822,131,15,8,4.0,1
989,838,1,11,9,2.0,1
989,832,4,9,10,1.0,1
989,815,10,12,11,0.0,1
989,839,10,14,12,0.0,1
989,844,15,18,13,0.0,1
989,840,3,13,14,0.0,1
989,843,5,16,15,0.0,11
989,154,210,6,16,0.0,36
989,825,210,5,17,0.0,36
989,842,5,20,18,0.0,5
989,828,15,17,19,0.0,38
989,845,3,19,20,0.0,23
990,20,6,1,1,25.0,1
990,822,131,3,2,18.0,1
990,1,131,9,3,15.0,1
990,842,5,5,4,12.0,1
990,825,210,6,5,10.0,1
990,807,4,7,6,8.0,1
990,4,1,13,7,6.0,11
990,838,1,14,8,4.0,11
990,828,15,17,9,2.0,11
990,839,10,8,10,1.0,11
990,832,4,10,11,0.0,11
990,844,15,19,12,0.0,11
990,154,210,16,13,0.0,11
990,840,3,20,14,0.0,11
990,845,3,18,15,0.0,11
990,815,10,12,16,0.0,11
990,843,5,11,17,0.0,11
990,8,6,2,18,0.0,36
990,830,9,15,19,0.0,29
990,817,9,4,20,0.0,10
991,817,9,6,1,25.0,1
991,822,131,3,2,18.0,1
991,8,6,2,3,15.0,1
991,1,131,4,4,12.0,1
991,830,9,5,5,10.0,1
991,807,4,7,6,8.0,1
991,4,1,13,7,6.0,1
991,20,6,1,8,4.0,1
991,832,4,9,9,2.0,1
991,825,210,11,10,1.0,1
991,839,10,12,11,0.0,1
991,815,10,8,12,0.0,1
991,838,1,14,13,0.0,1
991,840,3,18,14,0.0,1
991,845,3,16,15,0.0,1
991,828,15,20,16,0.0,1
991,154,210,10,17,0.0,1
991,842,5,17,18,0.0,1
991,844,15,19,19,0.0,1
991,843,5,15,20,0.0,130
992,1,131,2,1,25.0,1
992,8,6,6,2,18.0,1
992,815,10,8,3,15.0,1
992,20,6,1,4,12.0,1
992,832,4,9,5,10.0,1
992,844,15,13,6,8.0,1
992,4,1,12,7,6.0,1
992,840,3,10,8,4.0,1
992,838,1,16,9,2.0,1
992,843,5,19,10,1.0,1
992,828,15,18,11,0.0,1
992,842,5,17,12,0.0,1
992,825,210,15,13,0.0,1
992,822,131,3,14,0.0,29
992,154,210,20,15,0.0,3
992,830,9,5,16,0.0,4
992,817,9,4,17,0.0,4
992,807,4,14,18,0.0,3
992,839,10,7,19,0.0,4
992,845,3,11,20,0.0,4
993,1,131,1,1,25.0,1
993,822,131,2,2,18.0,1
993,830,9,5,3,15.0,1
993,20,6,3,4,12.0,1
993,817,9,6,5,10.0,1
993,825,210,7,6,8.0,11
993,832,4,9,7,6.0,11
993,4,1,8,8,4.0,11
993,815,10,15,9,2.0,12
993,844,15,14,10,1.0,12
993,840,3,18,11,0.0,12
993,843,5,20,12,0.0,12
993,828,15,17,13,0.0,12
993,845,3,19,14,0.0,13
993,838,1,11,15,0.0,6
993,839,10,13,16,0.0,44
993,8,6,4,17,0.0,101
993,154,210,10,18,0.0,4
993,842,5,12,19,0.0,4
993,807,4,16,20,0.0,4
994,817,9,1,1,25.0,1
994,20,6,2,2,18.0,1
994,1,131,3,3,15.0,1
994,8,6,4,4,12.0,1
994,822,131,5,5,10.0,1
994,839,10,6,6,8.0,1
994,842,5,10,7,6.0,1
994,807,4,11,8,4.0,1
994,830,9,20,9,2.0,1
994,832,4,8,10,1.0,1
994,828,15,16,11,0.0,1
994,815,10,9,12,0.0,1
994,825,210,19,13,0.0,1
994,838,1,12,14,0.0,11
994,154,210,18,15,0.0,11
994,845,3,13,16,0.0,11
994,840,3,17,17,0.0,12
994,844,15,14,18,0.0,4
994,843,5,15,19,0.0,4
994,4,1,7,20,0.0,6
995,20,6,1,1,25.0,1
995,822,131,2,2,18.0,1
995,830,9,3,3,15.0,1
995,817,9,6,4,12.0,1
995,1,131,4,5,10.0,1
995,8,6,5,6,8.0,1
995,807,4,7,7,6.0,11
995,832,4,9,8,4.0,11
995,839,10,8,9,2.0,11
995,844,15,13,10,1.0,11
995,842,5,16,11,0.0,11
995,154,210,20,12,0.0,11
995,825,210,11,13,0.0,11
995,815,10,10,14,0.0,11
995,828,15,19,15,0.0,12
995,838,1,15,16,0.0,12
995,845,3,18,17,0.0,12
995,4,1,14,18,0.0,43
995,843,5,12,19,0.0,4
995,840,3,17,20,0.0,4
996,1,131,1,1,25.0,1
996,830,9,4,2,18.0,1
996,8,6,6,3,15.0,1
996,817,9,5,4,12.0,1
996,20,6,3,5,10.0,1
996,825,210,9,6,8.0,1
996,822,131,2,7,6.0,1
996,832,4,7,8,4.0,1
996,807,4,12,9,2.0,1
996,844,15,8,10,1.0,1
996,154,210,10,11,0.0,11
996,838,1,17,12,0.0,11
996,828,15,15,13,0.0,11
996,843,5,20,14,0.0,11
996,845,3,18,15,0.0,11
996,4,1,16,16,0.0,36
996,840,3,19,17,0.0,29
996,815,10,13,18,0.0,5
996,839,10,11,19,0.0,4
996,842,5,14,20,0.0,4
997,830,9,4,1,25.0,1
997,8,6,3,2,18.0,1
997,20,6,6,3,15.0,1
997,154,210,5,4,12.0,11
997,825,210,8,5,10.0,11
997,839,10,11,6,8.0,11
997,815,10,16,7,6.0,11
997,4,1,13,8,4.0,11
997,844,15,18,9,2.0,11
997,828,15,20,10,1.0,11
997,842,5,12,11,0.0,11
997,832,4,9,12,0.0,11
997,845,3,17,13,0.0,12
997,840,3,14,14,0.0,12
997,838,1,15,15,0.0,130
997,1,131,2,16,0.0,32
997,843,5,19,17,0.0,9
997,817,9,7,18,0.0,43
997,822,131,1,19,0.0,9
997,807,4,10,20,0.0,5
998,20,6,2,1,25.0,1
998,1,131,1,2,18.0,1
998,8,6,3,3,15.0,1
998,822,131,4,4,12.0,1
998,817,9,6,5,10.0,1
998,807,4,11,6,8.0,1
998,839,10,10,7,6.0,1
998,4,1,13,8,4.0,1
998,825,210,7,9,2.0,1
998,815,10,12,10,1.0,1
998,838,1,17,11,0.0,1
998,840,3,19,12,0.0,1
998,842,5,14,13,0.0,1
998,845,3,18,14,0.0,1
998,843,5,0,20,0.0,131
998,830,9,5,15,0.0,23
998,154,210,8,16,0.0,4
998,832,4,16,17,0.0,4
998,828,15,15,18,0.0,3
998,844,15,9,19,0.0,27
999,1,131,14,1,25.0,1
999,822,131,2,2,18.0,1
999,8,6,3,3,15.0,1
999,830,9,4,4,12.0,1
999,807,4,7,5,10.0,1
999,154,210,6,6,8.0,1
999,815,10,10,7,6.0,1
999,839,10,15,8,4.0,1
999,828,15,13,9,2.0,1
999,843,5,17,10,1.0,1
999,825,210,5,11,0.0,1
999,832,4,8,12,0.0,1
999,838,1,19,13,0.0,1
999,842,5,16,14,0.0,11
999,844,15,9,15,0.0,11
999,4,1,11,16,0.0,31
999,840,3,18,17,0.0,5
999,20,6,1,18,0.0,3
999,845,3,12,19,0.0,5
999,817,9,20,20,0.0,5
1000,1,131,1,1,25.0,1
1000,20,6,4,2,18.0,1
1000,8,6,3,3,15.0,1
1000,817,9,12,4,12.0,1
1000,822,131,2,5,10.0,1
1000,842,5,6,6,8.0,1
1000,825,210,9,7,6.0,11
1000,4,1,11,8,4.0,11
1000,832,4,5,9,2.0,11
1000,154,210,10,10,1.0,11
1000,843,5,8,11,0.0,11
1000,807,4,13,12,0.0,11
1000,839,10,18,13,0.0,11
1000,815,10,19,14,0.0,11
1000,828,15,14,15,0.0,12
1000,845,3,20,16,0.0,12
1000,840,3,15,17,0.0,12
1000,838,1,16,18,0.0,6
1000,830,9,7,19,0.0,75
1000,844,15,17,20,0.0,22
1001,20,6,2,1,25.0,1
1001,1,131,1,2,18.0,1
1001,830,9,7,3,15.0,1
1001,822,131,19,4,12.0,1
1001,815,10,4,5,10.0,1
1001,839,10,3,6,8.0,1
1001,154,210,5,7,6.0,1
1001,825,210,9,8,4.0,1
1001,842,5,10,9,2.0,1
1001,828,15,13,10,1.0,11
1001,832,4,14,11,0.0,11
1001,845,3,16,12,0.0,11
1001,840,3,17,13,0.0,11
1001,843,5,11,14,0.0,11
1001,838,1,18,15,0.0,11
1001,817,9,8,16,0.0,31
1001,8,6,6,17,0.0,23
1001,844,15,12,18,0.0,3
1001,4,1,15,19,0.0,3
1001,807,4,20,20,0.0,3
1002,1,131,3,1,25.0,1
1002,8,6,1,2,18.0,1
1002,822,131,4,3,15.0,1
1002,20,6,2,4,12.0,1
1002,830,9,5,5,10.0,1
1002,839,10,8,6,8.0,1
1002,815,10,14,7,6.0,1
1002,832,4,7,8,4.0,1
1002,840,3,10,9,2.0,11
1002,845,3,12,10,1.0,11
1002,844,15,15,11,0.0,11
1002,838,1,17,12,0.0,11
1002,807,4,20,13,0.0,11
1002,842,5,9,14,0.0,11
1002,828,15,18,15,0.0,11
1002,825,210,11,16,0.0,11
1002,817,9,19,17,0.0,5
1002,4,1,13,18,0.0,5
1002,843,5,16,19,0.0,23
1002,154,210,6,20,0.0,2
1003,1,131,1,1,25.0,1
1003,830,9,2,2,18.0,1
1003,20,6,3,3,15.0,1
1003,822,131,4,4,12.0,1
1003,8,6,5,5,10.0,1
1003,817,9,6,6,8.0,1
1003,4,1,11,7,6.0,1
1003,832,4,12,8,4.0,11
1003,844,15,13,9,2.0,11
1003,807,4,10,10,1.0,11
1003,828,15,14,11,0.0,11
1003,838,1,18,12,0.0,11
1003,842,5,15,13,0.0,11
1003,840,3,20,14,0.0,11
1003,154,210,8,15,0.0,11
1003,815,10,7,16,0.0,11
1003,843,5,17,17,0.0,11
1003,825,210,16,18,0.0,12
1003,845,3,19,19,0.0,12
1003,839,10,9,20,0.0,4
1004,1,131,2,1,25.0,1
1004,822,131,1,2,18.0,1
1004,20,6,3,3,15.0,1
1004,8,6,4,4,12.0,1
1004,830,9,19,5,10.0,1
1004,817,9,18,6,8.0,1
1004,844,15,7,7,6.0,1
1004,825,210,5,8,4.0,11
1004,839,10,6,9,2.0,11
1004,815,10,8,10,1.0,11
1004,154,210,9,11,0.0,11
1004,807,4,12,12,0.0,11
1004,828,15,10,13,0.0,11
1004,4,1,16,14,0.0,11
1004,840,3,14,15,0.0,11
1004,838,1,15,16,0.0,12
1004,832,4,11,17,0.0,12
1004,845,3,13,18,0.0,12
1004,842,5,17,19,0.0,23
1004,843,5,20,20,0.0,23
1005,1,131,1,1,25.0,1
1005,822,131,2,2,18.0,1
1005,830,9,3,3,15.0,1
1005,817,9,15,4,12.0,1
1005,8,6,4,5,10.0,1
1005,20,6,8,6,8.0,1
1005,815,10,9,7,6.0,1
1005,154,210,5,8,4.0,1
1005,839,10,11,9,2.0,1
1005,832,4,13,10,1.0,11
1005,842,5,7,11,0.0,11
1005,828,15,20,12,0.0,11
1005,843,5,6,13,0.0,11
1005,4,1,18,14,0.0,11
1005,838,1,19,15,0.0,11
1005,845,3,17,16,0.0,11
1005,840,3,14,17,0.0,11
1005,844,15,10,18,0.0,26
1005,807,4,16,19,0.0,5
1005,825,210,12,20,0.0,130
1006,8,6,2,1,25.0,1
1006,830,9,18,2,18.0,1
1006,1,131,1,3,15.0,1
1006,20,6,5,4,12.0,1
1006,822,131,3,5,10.0,1
1006,807,4,7,6,8.0,1
1006,832,4,11,7,6.0,1
1006,815,10,10,8,4.0,1
1006,843,5,20,9,2.0,11
1006,828,15,16,10,1.0,11
1006,838,1,17,11,0.0,11
1006,842,5,19,12,0.0,11
1006,845,3,14,13,0.0,11
1006,840,3,15,14,0.0,12
1006,844,15,9,15,0.0,130
1006,817,9,4,16,0.0,84
1006,154,210,8,17,0.0,130
1006,4,1,13,18,0.0,4
1006,839,10,6,19,0.0,2
1006,825,210,12,20,0.0,2
1007,830,9,2,1,25.0,1
1007,20,6,4,2,18.0,1
1007,8,6,6,3,15.0,1
1007,1,131,3,4,12.0,1
1007,822,131,5,5,10.0,11
1007,807,4,7,6,8.0,12
1007,844,15,9,7,6.0,12
1007,838,1,15,8,4.0,12
1007,828,15,10,9,2.0,12
1007,842,5,20,10,1.0,12
1007,839,10,11,11,0.0,12
1007,840,3,17,12,0.0,12
1007,845,3,19,13,0.0,12
1007,843,5,14,14,0.0,12
1007,825,210,16,15,0.0,12
1007,154,210,18,16,0.0,13
1007,817,9,1,17,0.0,5
1007,815,10,13,18,0.0,23
1007,832,4,8,19,0.0,22
1007,4,1,12,20,0.0,5
1008,1,131,1,1,25.0,1
1008,830,9,5,2,18.0,1
1008,8,6,4,3,15.0,1
1008,817,9,11,4,12.0,1
1008,822,131,3,5,10.0,1
1008,20,6,2,6,8.0,1
1008,844,15,7,7,6.0,1
1008,154,210,8,8,4.0,1
1008,825,210,10,9,2.0,1
1008,815,10,12,10,1.0,11
1008,843,5,16,11,0.0,11
1008,832,4,15,12,0.0,11
1008,842,5,9,13,0.0,11
1008,838,1,20,14,0.0,11
1008,839,10,18,15,0.0,11
1008,845,3,14,16,0.0,12
1008,4,1,17,17,0.0,12
1008,840,3,19,18,0.0,12
1008,807,4,13,19,0.0,25
1008,828,15,6,20,0.0,4
1009,1,131,1,1,25.0,1
1009,20,6,3,2,18.0,1
1009,830,9,6,3,15.0,1
1009,817,9,5,4,12.0,1
1009,822,131,2,5,10.0,1
1009,832,4,11,6,8.0,1
1009,844,15,8,7,6.0,1
1009,815,10,14,8,4.0,1
1009,154,210,7,9,2.0,11
1009,825,210,13,10,1.0,11
1009,4,1,15,11,0.0,11
1009,843,5,16,12,0.0,11
1009,840,3,20,13,0.0,11
1009,838,1,18,14,0.0,11
1009,845,3,19,15,0.0,11
1009,842,5,17,16,0.0,5
1009,839,10,9,17,0.0,5
1009,828,15,12,18,0.0,75
1009,8,6,4,19,0.0,75
1009,807,4,10,20,0.0,4
1010,822,131,2,1,26.0,1
1010,1,131,1,2,18.0,1
1010,830,9,4,3,15.0,1
1010,20,6,3,4,12.0,1
1010,844,6,5,5,10.0,1
1010,825,210,7,6,8.0,1
1010,807,4,11,7,6.0,11
1010,8,51,9,8,4.0,11
1010,840,211,16,9,2.0,11
1010,826,5,15,10,1.0,11
1010,842,9,17,11,0.0,11
1010,846,1,8,12,0.0,11
1010,815,211,10,13,0.0,11
1010,848,5,13,14,0.0,11
1010,841,51,14,15,0.0,11
1010,847,3,19,16,0.0,12
1010,9,3,20,17,0.0,13
1010,154,210,6,18,0.0,36
1010,817,4,12,19,0.0,137
1010,832,1,18,20,0.0,5
1011,1,131,3,1,25.0,1
1011,822,131,4,2,18.0,1
1011,844,6,1,3,16.0,1
1011,830,9,5,4,12.0,1
1011,20,6,2,5,10.0,1
1011,846,1,9,6,8.0,1
1011,8,51,8,7,6.0,1
1011,842,9,13,8,4.0,1
1011,848,5,12,9,2.0,1
1011,815,211,14,10,1.0,1
1011,841,51,16,11,0.0,1
1011,826,5,15,12,0.0,11
1011,825,210,6,13,0.0,11
1011,840,211,18,14,0.0,11
1011,847,3,19,15,0.0,11
1011,9,3,20,16,0.0,12
1011,807,4,17,17,0.0,5
1011,817,4,10,18,0.0,60
1011,832,1,7,19,0.0,130
1011,154,210,11,20,0.0,31
1012,1,131,2,1,25.0,1
1012,822,131,1,2,18.0,1
1012,20,6,3,3,15.0,1
1012,830,9,5,4,12.0,1
1012,844,6,4,5,10.0,1
1012,842,9,6,6,9.0,1
1012,817,4,7,7,6.0,11
1012,815,211,12,8,4.0,11
1012,8,51,13,9,2.0,11
1012,848,5,0,10,1.0,11
1012,154,210,10,11,0.0,11
1012,840,211,16,12,0.0,11
1012,825,210,9,13,0.0,11
1012,832,1,14,14,0.0,11
1012,841,51,19,15,0.0,11
1012,847,3,17,16,0.0,12
1012,9,3,18,17,0.0,12
1012,846,1,15,18,0.0,4
1012,826,5,11,19,0.0,4
1012,807,4,8,20,0.0,131
1013,822,131,1,1,25.0,1
1013,1,131,2,2,18.0,1
1013,20,6,3,3,15.0,1
1013,830,9,4,4,12.0,1
1013,844,6,8,5,11.0,1
1013,815,211,5,6,8.0,1
1013,832,1,9,7,6.0,1
1013,846,1,7,8,4.0,1
1013,840,211,13,9,2.0,1
1013,8,51,0,10,1.0,11
1013,848,5,11,11,0.0,11
1013,841,51,17,12,0.0,11
1013,825,210,12,13,0.0,11
1013,807,4,15,14,0.0,11
1013,847,3,16,15,0.0,12
1013,9,3,0,16,0.0,12
1013,842,9,0,17,0.0,7
1013,154,210,14,18,0.0,23
1013,826,5,6,19,0.0,4
1013,817,4,10,20,0.0,4
1014,1,131,2,1,26.0,1
1014,822,131,1,2,18.0,1
1014,830,9,4,3,15.0,1
1014,20,6,3,4,12.0,1
1014,844,6,5,5,10.0,1
1014,842,9,6,6,8.0,1
1014,825,210,8,7,6.0,1
1014,832,1,12,8,4.0,1
1014,826,5,9,9,2.0,1
1014,154,210,7,10,1.0,1
1014,848,5,11,11,0.0,1
1014,817,4,13,12,0.0,1
1014,807,4,0,13,0.0,1
1014,8,51,14,14,0.0,1
1014,815,211,15,15,0.0,1
1014,841,51,18,16,0.0,1
1014,847,3,19,17,0.0,11
1014,9,3,17,18,0.0,11
1014,840,211,16,19,0.0,4
1014,846,1,10,20,0.0,4
745,418,172,15,11,0.0,18
717,373,172,1,12,0.0,98
633,333,199,18,17,0.0,7
1015,1,131,1,1,25.0,1
1015,20,6,4,2,18.0,1
1015,822,131,2,3,15.0,1
1015,830,9,3,4,12.0,1
1015,842,9,8,5,11.0,1
1015,832,1,9,6,8.0,1
1015,826,5,7,7,6.0,1
1015,848,5,10,8,4.0,1
1015,817,4,6,9,2.0,1
1015,154,210,13,10,1.0,1
1015,846,1,12,11,0.0,1
1015,825,210,5,14,0.0,11
1015,815,211,16,12,0.0,11
1015,807,4,11,13,0.0,11
1015,847,3,19,15,0.0,11
1015,840,211,17,16,0.0,11
1015,8,51,14,17,0.0,11
1015,9,3,20,18,0.0,11
1015,841,51,18,19,0.0,12
1015,844,6,15,20,0.0,4
1016,1,131,2,1,25.0,1
1016,20,6,1,2,18.0,1
1016,844,6,3,3,15.0,1
1016,822,131,6,4,13.0,1
1016,830,9,9,5,10.0,1
1016,817,4,4,6,8.0,11
1016,807,4,7,7,6.0,11
1016,842,9,5,8,4.0,11
1016,840,211,17,9,2.0,11
1016,826,5,10,10,1.0,11
1016,832,1,11,11,0.0,11
1016,815,211,15,12,0.0,11
1016,841,51,12,13,0.0,11
1016,154,210,14,14,0.0,11
1016,8,51,16,15,0.0,11
1016,847,3,18,16,0.0,12
1016,825,210,0,17,0.0,12
1016,9,3,19,18,0.0,13
1016,848,5,13,19,0.0,130
1016,846,1,8,20,0.0,22
1017,1,131,1,1,25.0,1
1017,822,131,2,2,18.0,1
1017,844,6,3,3,15.0,1
1017,830,9,4,4,12.0,1
1017,20,6,7,5,11.0,1
1017,832,1,6,6,8.0,1
1017,8,51,12,7,6.0,11
1017,807,4,13,8,4.0,11
1017,846,1,5,9,2.0,11
1017,842,9,9,10,1.0,11
1017,817,4,8,11,0.0,11
1017,815,211,14,12,0.0,11
1017,840,211,17,13,0.0,11
1017,826,5,19,14,0.0,11
1017,848,5,11,15,0.0,11
1017,841,51,10,16,0.0,11
1017,825,210,15,17,0.0,11
1017,9,3,18,18,0.0,12
1017,847,3,20,19,0.0,12
1017,154,210,16,20,0.0,31
1018,830,9,2,1,26.0,1
1018,844,6,1,2,18.0,1
1018,822,131,3,3,15.0,1
1018,20,6,9,4,12.0,1
1018,1,131,4,5,10.0,1
1018,846,1,5,6,8.0,11
1018,842,9,8,7,6.0,11
1018,832,1,19,8,4.0,11
1018,8,51,6,9,2.0,11
1018,841,51,7,10,1.0,11
1018,815,211,13,11,0.0,11
1018,817,4,12,12,0.0,11
1018,807,4,15,13,0.0,11
1018,840,211,14,14,0.0,11
1018,848,5,18,15,0.0,11
1018,154,210,11,16,0.0,11
1018,826,5,16,17,0.0,11
1018,847,3,0,18,0.0,12
1018,825,210,10,19,0.0,12
1018,9,3,17,20,0.0,13
1019,1,131,2,1,26.0,1
1019,822,131,1,2,18.0,1
1019,844,6,3,3,15.0,1
1019,842,9,5,4,12.0,1
1019,830,9,4,5,10.0,1
1019,832,1,13,6,8.0,1
1019,817,4,7,7,6.0,1
1019,8,51,12,8,4.0,1
1019,826,5,17,9,2.0,1
1019,807,4,10,10,1.0,1
1019,846,1,8,11,0.0,1
1019,848,5,9,12,0.0,1
1019,840,211,18,13,0.0,1
1019,847,3,19,14,0.0,11
1019,9,3,20,15,0.0,11
1019,20,6,6,16,0.0,11
1019,815,211,15,17,0.0,11
1019,841,51,11,18,0.0,20
1019,154,210,14,19,0.0,4
1019,825,210,16,20,0.0,4
1020,830,9,2,1,26.0,1
1020,20,6,20,2,18.0,1
1020,826,5,14,3,15.0,1
1020,840,211,15,4,12.0,1
1020,832,1,7,5,10.0,1
1020,848,5,16,6,8.0,1
1020,154,210,6,7,6.0,1
1020,825,210,12,8,4.0,1
1020,1,131,1,9,2.0,1
1020,9,3,18,10,1.0,1
1020,847,3,17,11,0.0,1
1020,8,51,5,12,0.0,1
1020,841,51,11,13,0.0,1
1020,842,9,4,14,0.0,4
1020,822,131,3,15,0.0,3
1020,807,4,9,16,0.0,3
1020,844,6,10,17,0.0,3
1020,846,1,19,18,0.0,75
1020,817,4,13,19,0.0,43
1020,815,211,8,20,0.0,20
1021,1,131,3,1,25.0,1
1021,830,9,1,2,19.0,1
1021,20,6,5,3,15.0,1
1021,844,6,4,4,12.0,1
1021,832,1,8,5,10.0,11
1021,842,9,6,6,8.0,11
1021,8,51,10,7,6.0,11
1021,822,131,2,8,4.0,11
1021,846,1,7,9,2.0,11
1021,848,5,12,10,1.0,11
1021,815,211,16,11,0.0,11
1021,807,4,11,12,0.0,11
1021,825,210,14,13,0.0,11
1021,817,4,20,14,0.0,11
1021,826,5,13,15,0.0,12
1021,847,3,15,16,0.0,12
1021,840,211,18,17,0.0,12
1021,841,51,17,18,0.0,12
1021,9,3,19,19,0.0,13
1021,154,210,9,20,0.0,34
1022,844,6,1,1,25.0,1
1022,1,131,3,2,18.0,1
1022,822,131,4,3,15.0,1
1022,20,6,2,4,13.0,1
1022,848,9,17,5,10.0,1
1022,815,211,7,6,8.0,1
1022,826,5,19,7,6.0,1
1022,807,4,12,8,4.0,1
1022,842,5,13,9,2.0,1
1022,840,211,16,10,1.0,1
1022,846,1,11,11,0.0,5
1022,825,210,8,12,0.0,11
1022,154,210,9,13,0.0,11
1022,817,4,10,14,0.0,11
1022,847,3,14,15,0.0,11
1022,8,51,6,16,0.0,11
1022,9,3,0,17,0.0,11
1022,841,51,18,18,0.0,3
1022,832,1,15,19,0.0,75
1022,830,9,5,20,0.0,3
1023,844,6,1,1,25.0,1
1023,822,131,3,2,18.0,1
1023,1,131,2,3,16.0,1
1023,817,4,5,4,12.0,1
1023,807,4,6,5,10.0,1
1023,848,9,8,6,8.0,1
1023,815,211,18,7,6.0,1
1023,830,9,19,8,4.0,1
1023,841,51,10,9,2.0,11
1023,846,1,16,10,1.0,11
1023,842,5,17,11,0.0,11
1023,840,211,9,12,0.0,11
1023,20,6,4,13,0.0,11
1023,847,3,14,14,0.0,11
1023,8,51,0,15,0.0,11
1023,154,210,13,16,0.0,11
1023,9,3,15,17,0.0,12
1023,825,210,11,18,0.0,9
1023,826,5,12,19,0.0,5
1023,832,1,7,20,0.0,36
1024,20,6,3,1,25.0,1
1024,844,6,1,2,18.0,1
1024,830,9,4,3,15.0,1
1024,1,131,2,4,12.0,1
1024,822,131,5,5,10.0,1
1024,848,9,6,6,8.0,1
1024,846,1,9,7,6.0,1
1024,842,5,11,8,4.0,1
1024,807,4,8,9,2.0,1
1024,841,51,10,10,1.0,1
1024,154,210,17,11,0.0,1
1024,832,1,7,12,0.0,1
1024,840,211,16,13,0.0,1
1024,817,4,20,14,0.0,1
1024,826,5,14,15,0.0,1
1024,9,3,19,16,0.0,1
1024,825,210,13,17,0.0,1
1024,8,51,12,18,0.0,4
1024,815,211,15,19,0.0,5
1024,847,3,18,20,0.0,4
1025,1,131,2,1,26.0,1
1025,822,131,4,2,18.0,1
1025,844,6,1,3,15.0,1
1025,830,9,9,4,12.0,1
1025,848,9,0,5,10.0,1
1025,832,1,5,6,8.0,1
1025,815,211,11,7,6.0,1
1025,846,1,7,8,4.0,1
1025,825,210,13,9,2.0,1
1025,807,4,6,10,1.0,1
1025,840,211,14,11,0.0,1
1025,826,5,19,12,0.0,1
1025,8,51,15,13,0.0,1
1025,842,5,16,14,0.0,1
1025,841,51,12,15,0.0,1
1025,9,3,18,16,0.0,23
1025,847,3,17,17,0.0,23
1025,20,6,3,18,0.0,75
1025,817,4,10,19,0.0,4
1025,154,210,8,20,0.0,4
1026,822,131,3,1,25.0,1
1026,20,6,1,2,18.0,1
1026,1,131,4,3,16.0,1
1026,848,9,6,4,12.0,1
1026,832,1,7,5,10.0,1
1026,844,6,2,6,8.0,11
1026,842,5,9,7,6.0,11
1026,815,211,17,8,4.0,11
1026,840,211,12,9,2.0,11
1026,826,5,14,10,1.0,11
1026,846,1,8,11,0.0,11
1026,8,51,13,12,0.0,11
1026,154,210,10,13,0.0,11
1026,841,51,11,14,0.0,11
1026,825,210,19,15,0.0,11
1026,847,3,18,16,0.0,12
1026,9,3,0,17,0.0,12
1026,830,9,5,18,0.0,23
1026,817,4,16,19,0.0,2
1026,807,4,15,20,0.0,2
1027,1,131,3,1,25.0,1
1027,20,6,2,2,18.0,1
1027,822,131,6,3,15.0,1
1027,844,6,1,4,13.0,1
1027,848,9,5,5,10.0,1
1027,830,9,4,6,8.0,1
1027,815,211,11,7,6.0,1
1027,817,4,13,8,4.0,1
1027,842,5,10,9,2.0,11
1027,807,4,12,10,1.0,11
1027,826,5,9,11,0.0,11
1027,840,211,16,12,0.0,11
1027,832,1,7,13,0.0,11
1027,841,51,15,14,0.0,11
1027,825,210,17,15,0.0,12
1027,847,3,19,16,0.0,12
1027,154,210,18,17,0.0,12
1027,9,3,20,18,0.0,12
1027,8,51,14,19,0.0,25
1027,846,1,8,20,0.0,54
1031,822,131,1,1,25.0,1
1028,822,131,1,1,25.0,1
1028,1,131,5,2,18.0,1
1028,830,9,3,3,15.0,1
1028,844,6,4,4,13.0,1
1028,848,9,6,5,10.0,1
1028,817,4,9,6,8.0,1
1028,846,1,8,7,6.0,1
1028,832,1,7,8,4.0,11
1028,807,4,11,9,2.0,11
1028,815,211,0,10,1.0,11
1028,8,51,17,11,0.0,11
1028,826,5,13,12,0.0,11
1028,840,211,14,13,0.0,11
1028,841,51,16,14,0.0,11
1028,154,210,15,15,0.0,11
1028,842,5,10,16,0.0,22
1028,847,3,18,17,0.0,12
1028,825,210,12,18,0.0,23
1028,9,3,19,19,0.0,44
1028,20,6,2,20,0.0,22
1029,830,9,1,1,25.0,1
1029,842,5,6,2,18.0,1
1029,832,1,20,3,15.0,1
1029,8,51,8,4,12.0,1
1029,841,51,12,5,10.0,1
1029,817,4,11,6,8.0,1
1029,1,131,3,7,6.0,1
1029,846,1,10,8,4.0,1
1029,815,211,15,9,2.0,1
1029,826,5,16,10,1.0,1
1029,825,210,9,11,0.0,1
1029,847,3,18,12,0.0,1
1029,154,210,7,13,0.0,1
1029,848,9,5,14,0.0,1
1029,807,4,13,15,0.0,1
1029,9,3,19,16,0.0,11
1029,20,6,2,17,0.0,4
1029,844,6,14,18,0.0,4
1029,840,211,17,19,0.0,22
1029,822,131,4,20,0.0,131
1030,1,131,1,1,26.0,1
1030,830,9,2,2,18.0,1
1030,844,6,3,3,15.0,1
1030,822,131,20,4,12.0,1
1030,20,6,4,5,10.0,1
1030,848,9,5,6,8.0,1
1030,815,211,10,7,6.0,11
1030,846,1,6,8,4.0,11
1030,826,5,13,9,2.0,11
1030,832,1,8,10,1.0,11
1030,817,4,7,11,0.0,11
1030,807,4,9,12,0.0,11
1030,8,51,17,13,0.0,11
1030,825,210,14,14,0.0,11
1030,154,210,15,15,0.0,11
1030,841,51,16,16,0.0,11
1030,847,3,18,17,0.0,11
1030,842,5,11,18,0.0,12
1030,9,3,19,19,0.0,12
1030,840,211,12,20,0.0,23
1031,844,6,7,2,18.0,1
1031,846,1,3,3,16.0,1
1031,1,131,5,4,12.0,1
1031,832,1,8,5,10.0,1
1031,815,211,6,6,8.0,1
1031,842,213,12,7,6.0,1
1031,839,4,14,8,4.0,1
1031,841,51,18,9,2.0,1
1031,20,6,11,10,1.0,1
1031,849,3,20,11,0.0,1
1031,826,213,13,12,0.0,22
1031,848,9,4,13,0.0,40
1031,8,51,19,14,0.0,36
1031,847,3,17,15,0.0,32
1031,154,210,15,16,0.0,23
1031,825,210,16,17,0.0,23
1031,840,211,9,18,0.0,5
1031,817,4,10,19,0.0,25
1031,830,9,2,20,0.0,40
1032,1,131,1,1,25.0,1
1032,822,131,4,2,18.0,1
1032,830,9,2,3,15.0,1
1032,848,9,6,4,12.0,1
1032,846,1,9,5,10.0,1
1032,815,211,17,6,8.0,1
1032,840,211,12,7,6.0,1
1032,817,4,8,8,4.0,1
1032,832,1,3,9,3.0,11
1032,826,213,13,10,1.0,11
1032,8,51,16,11,0.0,11
1032,825,210,15,12,0.0,11
1032,154,210,0,13,0.0,11
1032,841,51,19,14,0.0,11
1032,842,213,7,15,0.0,11
1032,847,3,11,16,0.0,12
1032,849,3,18,17,0.0,12
1032,839,4,5,18,0.0,25
1032,844,6,14,19,0.0,130
1032,20,6,10,20,0.0,130
1033,1,131,1,1,26.0,1
1033,830,9,7,2,18.0,1
1033,822,131,2,3,15.0,1
1033,840,211,3,4,12.0,1
1033,848,9,13,5,10.0,1
1033,20,6,5,6,8.0,11
1033,815,211,4,7,6.0,11
1033,817,4,11,8,4.0,11
1033,832,1,9,9,2.0,11
1033,825,210,0,10,1.0,11
1033,844,6,6,11,0.0,11
1033,826,213,17,12,0.0,11
1033,846,1,8,13,0.0,11
1033,839,4,14,14,0.0,11
1033,8,51,20,15,0.0,11
1033,154,210,0,16,0.0,11
1033,841,51,19,17,0.0,11
1033,847,3,12,18,0.0,11
1033,849,3,15,19,0.0,15
1033,842,213,10,20,0.0,5
1034,1,131,1,1,25.0,1
1034,830,9,3,2,19.0,1
1034,844,6,4,3,15.0,1
1034,817,4,8,4,12.0,1
1034,846,1,5,5,10.0,1
1034,839,4,9,6,8.0,1
1034,842,213,11,7,6.0,1
1034,848,9,12,8,4.0,1
1034,840,211,6,9,2.0,1
1034,20,6,10,10,1.0,1
1034,822,131,2,11,0.0,1
1034,847,3,20,12,0.0,1
1034,832,1,7,13,0.0,1
1034,841,51,15,14,0.0,1
1034,849,3,18,15,0.0,1
1034,154,210,17,16,0.0,1
1034,8,51,16,17,0.0,11
1034,826,213,19,18,0.0,3
1034,825,210,14,19,0.0,4
1034,807,211,13,20,0.0,131
1035,830,9,4,1,25.0,1
1035,1,131,2,2,19.0,1
1035,822,131,1,3,15.0,1
1035,844,6,8,4,12.0,1
1035,848,9,9,5,10.0,1
1035,840,211,6,6,8.0,1
1035,807,211,3,7,6.0,1
1035,839,4,14,8,4.0,1
1035,846,1,10,9,2.0,1
1035,826,213,16,10,1.0,1
1035,842,213,7,11,0.0,1
1035,20,6,11,12,0.0,1
1035,832,1,12,13,0.0,1
1035,817,4,5,14,0.0,11
1035,8,51,20,15,0.0,11
1035,154,210,13,16,0.0,11
1035,841,51,19,17,0.0,11
1035,847,3,15,18,0.0,11
1035,849,3,18,19,0.0,11
1035,825,210,17,20,0.0,31
1036,1,131,1,1,25.0,1
1036,830,9,3,2,18.0,1
1036,822,131,2,3,16.0,1
1036,840,211,5,4,12.0,11
1036,815,211,4,5,10.0,11
1036,832,1,7,6,8.0,11
1036,20,6,11,7,6.0,11
1036,848,9,6,8,4.0,11
1036,842,213,10,9,2.0,11
1036,846,1,8,10,1.0,11
1036,817,4,13,11,0.0,11
1036,826,213,12,12,0.0,11
1036,839,4,15,13,0.0,11
1036,8,51,14,14,0.0,11
1036,825,210,16,15,0.0,11
1036,841,51,20,16,0.0,11
1036,847,3,18,17,0.0,11
1036,849,3,19,18,0.0,12
1036,154,210,17,19,0.0,12
1036,844,6,9,20,0.0,40
1037,1,131,1,1,25.0,1
1037,822,131,2,2,18.0,1
1037,830,9,3,3,15.0,1
1037,817,4,4,4,13.0,1
1037,839,4,6,5,10.0,1
1037,848,9,5,6,8.0,1
1037,846,1,10,7,6.0,1
1037,842,213,12,8,4.0,1
1037,840,211,9,9,2.0,1
1037,815,211,8,10,1.0,1
1037,826,213,11,11,0.0,1
1037,8,51,16,12,0.0,1
1037,20,6,14,13,0.0,1
1037,844,6,13,14,0.0,1
1037,154,210,17,15,0.0,1
1037,849,3,19,16,0.0,1
1037,825,210,20,17,0.0,1
1037,841,51,18,18,0.0,3
1037,847,3,15,19,0.0,138
1037,832,1,7,20,0.0,43
1038,842,213,10,1,25.0,1
1038,832,1,3,2,18.0,1
1038,840,211,8,3,15.0,1
1038,846,1,6,4,12.0,1
1038,822,131,2,5,10.0,1
1038,817,4,7,6,8.0,1
1038,1,131,1,7,7.0,1
1038,839,4,12,8,4.0,1
1038,826,213,11,9,2.0,1
1038,815,211,4,10,1.0,1
1038,849,3,20,11,0.0,1
1038,154,210,16,12,0.0,1
1038,8,51,14,13,0.0,1
1038,847,3,19,14,0.0,1
1038,848,9,9,15,0.0,1
1038,841,51,18,16,0.0,1
1038,830,9,5,17,0.0,131
1038,844,6,13,18,0.0,3
1038,825,210,15,19,0.0,131
1038,20,6,17,20,0.0,23
1039,1,131,1,1,26.0,1
1039,822,131,2,2,18.0,1
1039,848,9,4,3,15.0,1
1039,817,4,8,4,12.0,1
1039,815,211,7,5,10.0,1
1039,846,1,11,6,8.0,1
1039,826,213,12,7,6.0,1
1039,844,6,5,8,4.0,1
1039,8,51,13,9,2.0,1
1039,20,6,14,10,1.0,1
1039,847,3,18,11,0.0,1
1039,154,210,15,12,0.0,1
1039,840,211,6,13,0.0,29
1039,839,4,10,14,0.0,23
1039,849,3,19,15,0.0,4
1039,825,210,20,16,0.0,4
1039,841,51,17,17,0.0,4
1039,832,1,9,18,0.0,4
1039,830,9,3,19,0.0,4
1039,842,213,16,20,0.0,4
1040,822,131,3,1,26.0,1
1040,830,9,2,2,18.0,1
1040,1,131,1,3,15.0,1
1040,815,211,4,4,12.0,1
1040,817,4,5,5,10.0,1
1040,844,6,10,6,8.0,1
1040,839,4,7,7,6.0,1
1040,826,213,11,8,4.0,1
1040,842,213,9,9,2.0,1
1040,848,9,15,10,1.0,1
1040,841,51,17,11,0.0,11
1040,825,210,18,12,0.0,11
1040,20,6,14,13,0.0,11
1040,8,51,19,14,0.0,11
1040,846,1,8,15,0.0,11
1040,849,3,20,16,0.0,11
1040,154,210,16,17,0.0,11
1040,847,3,13,18,0.0,11
1040,832,1,6,19,0.0,3
1040,840,211,12,20,0.0,4
1041,1,131,2,1,25.0,1
1041,830,9,3,2,19.0,1
1041,817,4,6,3,15.0,1
1041,815,211,9,4,12.0,1
1041,832,1,10,5,10.0,1
1041,842,213,12,6,8.0,1
1041,844,6,4,7,6.0,1
1041,807,211,20,8,4.0,1
1041,154,210,16,9,2.0,1
1041,841,51,14,10,1.0,1
1041,20,6,11,11,0.0,1
1041,8,51,19,12,0.0,1
1041,825,210,15,13,0.0,1
1041,849,3,18,14,0.0,1
1041,826,213,13,15,0.0,1
1041,846,1,8,16,0.0,131
1041,848,9,5,17,0.0,21
1041,839,4,7,18,0.0,6
1041,822,131,1,19,0.0,131
1041,847,3,17,20,0.0,4
1042,1,131,1,1,26.0,1
1042,822,131,2,2,18.0,1
1042,830,9,3,3,15.0,1
1042,844,6,4,4,12.0,1
1042,842,213,9,5,10.0,11
1042,832,1,7,6,8.0,11
1042,815,211,5,7,6.0,11
1042,839,4,11,8,4.0,11
1042,817,4,10,9,2.0,11
1042,20,6,15,10,1.0,11
1042,8,51,16,11,0.0,11
1042,848,9,6,12,0.0,11
1042,846,1,8,13,0.0,11
1042,847,3,14,14,0.0,11
1042,841,51,17,15,0.0,11
1042,825,210,19,16,0.0,11
1042,154,210,18,17,0.0,11
1042,849,3,20,18,0.0,12
1042,826,213,13,19,0.0,12
1042,840,211,12,20,0.0,130
1043,1,131,2,1,26.0,1
1043,822,131,1,2,18.0,1
1043,817,4,5,3,15.0,1
1043,826,213,8,4,12.0,1
1043,844,6,7,5,10.0,1
1043,815,211,11,6,8.0,1
1043,832,1,10,7,6.0,1
1043,846,1,9,8,4.0,1
1043,8,51,18,9,2.0,1
1043,841,51,20,10,1.0,1
1043,849,3,19,11,0.0,1
1043,20,6,14,12,0.0,1
1043,840,211,15,13,0.0,1
1043,154,210,16,14,0.0,1
1043,848,9,6,15,0.0,1
1043,847,3,13,16,0.0,3
1043,830,9,3,17,0.0,29
1043,825,210,17,18,0.0,139
1043,839,4,12,19,0.0,6
1043,842,213,4,20,0.0,34
1044,1,131,6,1,25.0,1
1044,815,211,3,2,18.0,1
1044,20,6,11,3,15.0,1
1044,844,6,12,4,12.0,1
1044,832,1,15,5,10.0,1
1044,830,9,2,6,8.0,1
1044,848,9,4,7,6.0,1
1044,846,1,14,8,5.0,1
1044,840,211,1,9,2.0,1
1044,817,4,5,10,1.0,1
1044,839,4,7,11,0.0,11
1044,826,213,16,12,0.0,11
1044,842,213,19,13,0.0,11
1044,822,131,9,14,0.0,11
1044,8,51,8,15,0.0,11
1044,847,3,0,16,0.0,11
1044,825,210,13,17,0.0,54
1044,154,210,17,18,0.0,130
1044,849,3,0,19,0.0,130
1044,841,51,10,20,0.0,6
1045,1,131,1,1,25.0,1
1045,830,9,3,2,19.0,1
1045,848,9,4,3,15.0,1
1045,846,1,9,4,12.0,1
1045,832,1,15,5,10.0,1
1045,842,213,8,6,8.0,1
1045,817,4,6,7,6.0,1
1045,822,131,2,8,4.0,1
1045,839,4,7,9,2.0,1
1045,844,6,12,10,1.0,11
1045,826,213,10,11,0.0,11
1045,847,3,14,12,0.0,11
1045,20,6,11,13,0.0,11
1045,849,3,20,14,0.0,11
1045,8,51,17,15,0.0,11
1045,841,51,16,16,0.0,11
1045,825,210,18,17,0.0,11
1045,815,211,5,18,0.0,5
1045,840,211,13,19,0.0,4
1045,154,210,19,20,0.0,4
1046,815,211,5,1,25.0,1
1046,839,4,11,2,18.0,1
1046,840,211,10,3,15.0,1
1046,832,1,8,4,12.0,1
1046,817,4,7,5,10.0,1
1046,848,9,12,6,8.0,1
1046,826,213,6,7,6.0,1
1046,822,131,1,8,4.0,1
1046,847,131,2,9,3.0,1
1046,846,1,19,10,1.0,1
1046,842,213,9,11,0.0,1
1046,20,6,13,12,0.0,1
1046,841,51,14,13,0.0,1
1046,8,51,18,14,0.0,1
1046,825,210,15,15,0.0,1
1046,851,3,17,16,0.0,1
1046,850,210,20,17,0.0,1
1046,849,3,16,18,0.0,5
1046,830,9,3,19,0.0,3
1046,844,6,4,20,0.0,4
1047,830,9,1,1,25.0,1
1047,822,131,2,2,18.0,1
1047,1,131,3,3,15.0,1
1047,848,9,5,4,12.0,1
1047,846,1,4,5,10.0,1
1047,832,1,6,6,8.0,1
1047,817,4,11,7,7.0,1
1047,842,213,9,8,4.0,1
1047,839,4,10,9,2.0,1
1047,840,211,8,10,1.0,1
1047,826,213,7,11,0.0,11
1047,8,51,15,12,0.0,11
1047,844,6,12,13,0.0,11
1047,20,6,13,14,0.0,11
1047,847,3,16,15,0.0,11
1047,841,51,14,16,0.0,11
1047,849,3,18,17,0.0,11
1047,825,210,20,18,0.0,11
1047,850,210,17,19,0.0,12
1047,815,211,19,20,0.0,7
1052,1,131,2,1,25.0,1
1052,830,9,1,2,18.0,1
1052,822,131,3,3,16.0,1
1052,846,1,7,4,12.0,1
1052,815,9,0,5,10.0,1
1052,844,6,4,6,8.0,1
1052,817,1,6,7,6.0,1
1052,832,6,8,8,4.0,1
1052,852,213,13,9,2.0,1
1052,840,117,10,10,1.0,1
1052,8,51,14,11,0.0,1
1052,841,51,12,12,0.0,11
1052,839,214,16,13,0.0,11
1052,847,3,15,14,0.0,11
1052,20,117,20,15,0.0,11
1052,854,210,18,16,0.0,11
1052,842,213,5,17,0.0,31
1052,849,3,17,18,0.0,31
1052,4,214,9,19,0.0,23
1052,853,210,19,20,0.0,3
1053,830,9,3,1,25.0,1
1053,1,131,1,2,19.0,1
1053,846,1,7,3,15.0,1
1053,844,6,4,4,12.0,1
1053,832,6,11,5,10.0,1
1053,817,1,6,6,8.0,1
1053,842,213,5,7,6.0,1
1053,840,117,10,8,4.0,1
1053,839,214,9,9,2.0,1
1053,4,214,15,10,1.0,1
1053,815,9,2,11,0.0,1
1053,852,213,20,12,0.0,1
1053,8,51,16,13,0.0,1
1053,841,51,17,14,0.0,11
1053,20,117,0,15,0.0,6
1053,854,210,18,16,0.0,12
1053,853,210,19,17,0.0,12
1053,822,131,8,18,0.0,4
1053,847,3,12,19,0.0,4
1053,849,3,14,20,0.0,4
1054,1,131,2,1,25.0,1
1054,830,9,3,2,18.0,1
1054,822,131,1,3,16.0,1
1054,815,9,4,4,12.0,1
1054,846,1,7,5,10.0,1
1054,844,6,8,6,8.0,1
1054,839,214,6,7,6.0,1
1054,4,214,13,8,4.0,1
1054,817,1,16,9,2.0,1
1054,842,213,9,10,1.0,1
1054,832,6,5,11,0.0,1
1054,841,51,12,12,0.0,11
1054,20,117,10,13,0.0,11
1054,840,117,17,14,0.0,11
1054,852,213,14,15,0.0,11
1054,847,3,11,16,0.0,11
1054,854,210,19,17,0.0,12
1054,849,3,18,18,0.0,12
1054,853,210,20,19,0.0,12
1054,8,51,15,20,0.0,130
1055,1,131,1,1,25.0,1
1055,830,9,2,2,19.0,1
1055,822,131,3,3,15.0,1
1055,844,6,4,4,12.0,1
1055,815,9,8,5,10.0,1
1055,817,1,7,6,8.0,1
1055,832,6,6,7,6.0,1
1055,846,1,9,8,4.0,11
1055,839,214,5,9,2.0,11
1055,842,213,12,10,1.0,11
1055,840,117,11,11,0.0,11
1055,8,51,17,12,0.0,11
1055,20,117,13,13,0.0,11
1055,847,3,15,14,0.0,11
1055,841,51,14,15,0.0,11
1055,849,3,19,16,0.0,11
1055,4,214,10,17,0.0,11
1055,854,210,18,18,0.0,12
1055,853,210,20,19,0.0,12
1055,852,213,16,20,0.0,10
1056,832,6,4,2,18.0,1
1056,830,9,2,1,25.0,1
1056,846,1,5,3,15.0,1
1056,815,9,9,4,12.0,1
1056,20,117,8,5,10.0,1
1056,842,213,6,6,8.0,1
1056,1,131,7,7,7.0,1
1056,840,117,13,8,4.0,11
1056,839,214,11,9,2.0,11
1056,841,51,10,10,1.0,11
1056,8,51,14,11,0.0,11
1056,817,1,12,12,0.0,11
1056,4,214,17,13,0.0,11
1056,847,3,15,14,0.0,11
1056,849,3,18,15,0.0,11
1056,852,213,16,16,0.0,11
1056,853,210,19,17,0.0,13
1056,854,210,20,18,0.0,13
1056,822,131,3,19,0.0,61
1056,844,6,1,20,0.0,30
1057,815,9,6,1,25.0,1
1057,20,117,11,2,18.0,1
1057,842,213,4,3,15.0,1
1057,844,6,1,4,12.0,1
1057,846,1,9,5,10.0,1
1057,4,214,8,6,8.0,1
1057,852,213,7,7,6.0,1
1057,832,6,5,8,4.0,1
1057,817,1,13,9,2.0,1
1057,8,51,14,10,1.0,1
1057,841,51,20,11,0.0,1
1057,822,131,10,12,0.0,1
1057,854,210,17,13,0.0,1
1057,853,210,18,14,0.0,1
1057,1,131,2,15,0.0,1
1057,849,3,16,16,0.0,1
1057,847,3,15,17,0.0,6
1057,830,9,3,18,0.0,3
1057,840,117,19,19,0.0,3
1057,839,214,12,20,0.0,101
1059,830,9,1,1,26.0,1
1059,1,131,2,2,18.0,1
1059,815,9,4,3,15.0,1
1059,822,131,3,4,12.0,1
1059,846,1,8,5,10.0,1
1059,817,1,10,6,8.0,1
1059,842,213,6,7,6.0,1
1059,4,214,9,8,4.0,1
1059,20,117,12,9,2.0,1
1059,840,117,19,10,1.0,1
1059,832,6,5,11,0.0,1
1059,847,3,14,12,0.0,11
1059,852,213,0,13,0.0,11
1059,839,214,11,14,0.0,11
1059,841,51,13,15,0.0,11
1059,844,6,7,16,0.0,11
1059,8,51,17,17,0.0,11
1059,849,3,16,18,0.0,11
1059,854,210,15,19,0.0,11
1059,853,210,18,20,0.0,11
1058,830,9,1,1,25.0,1
1058,1,131,2,2,19.0,1
1058,822,131,5,3,15.0,1
1058,815,9,4,4,12.0,1
1058,846,1,3,5,10.0,11
1058,832,6,12,6,8.0,11
1058,844,6,7,7,6.0,11
1058,840,117,9,8,4.0,11
1058,4,214,8,9,2.0,11
1058,852,213,11,10,1.0,11
1058,8,51,18,11,0.0,11
1058,20,117,14,12,0.0,11
1058,817,1,13,13,0.0,11
1058,839,214,17,14,0.0,11
1058,841,51,15,15,0.0,11
1058,854,210,19,16,0.0,12
1058,849,3,16,17,0.0,13
1058,853,210,20,18,0.0,13
1058,847,3,10,19,0.0,5
1058,842,213,6,20,0.0,4
1060,830,9,1,1,26.0,1
1060,822,131,5,2,18.0,1
1060,846,1,2,3,15.0,1
1060,1,131,4,4,12.0,1
1060,832,6,10,5,10.0,1
1060,815,9,3,6,8.0,1
1060,817,1,13,7,6.0,1
1060,844,6,12,8,4.0,1
1060,842,213,6,9,2.0,1
1060,4,214,14,10,1.0,11
1060,847,3,8,11,0.0,11
1060,852,213,7,12,0.0,11
1060,840,117,9,13,0.0,11
1060,841,51,15,14,0.0,11
1060,8,51,16,15,0.0,11
1060,849,3,18,16,0.0,11
1060,20,117,11,17,0.0,4
1060,854,210,19,18,0.0,12
1060,853,210,20,19,0.0,12
1060,839,214,17,20,0.0,4
1061,1,131,2,1,25.0,1
1061,844,6,4,2,18.0,1
1061,822,131,3,3,15.0,1
1061,846,1,5,4,12.0,1
1061,817,1,6,5,10.0,1
1061,832,6,10,6,8.0,1
1061,4,214,7,7,6.0,1
1061,840,117,14,8,4.0,1
1061,839,214,9,9,2.0,1
1061,852,213,16,10,1.0,1
1061,842,213,11,11,0.0,1
1061,847,3,12,12,0.0,11
1061,841,51,15,13,0.0,11
1061,849,3,17,14,0.0,11
1061,8,51,13,15,0.0,11
1061,815,9,0,16,0.0,11
1061,853,210,19,17,0.0,11
1061,854,210,18,18,0.0,11
1061,20,117,8,19,0.0,31
1061,830,9,1,20,0.0,4
1062,839,214,8,1,25.0,1
1062,1,131,1,2,18.0,1
1062,832,6,15,3,15.0,1
1062,4,214,9,4,12.0,1
1062,842,213,5,5,11.0,1
1062,852,213,16,6,8.0,1
1062,849,3,18,7,6.0,1
1062,847,3,17,8,4.0,1
1062,830,9,3,9,2.0,1
1062,8,51,13,10,1.0,11
1062,817,1,11,11,0.0,11
1062,854,210,20,12,0.0,11
1062,841,51,0,13,0.0,11
1062,853,210,19,14,0.0,4
1062,846,1,6,15,0.0,4
1062,822,131,2,16,0.0,4
1062,815,9,4,17,0.0,4
1062,844,6,7,18,0.0,4
1062,840,117,12,19,0.0,4
1062,20,117,10,20,0.0,2
1063,830,9,1,1,12.5,1
1063,847,3,2,2,9.0,1
1063,1,131,3,3,7.5,1
1063,817,1,4,4,6.0,1
1063,20,117,5,5,5.0,1
1063,842,213,6,6,4.0,1
1063,839,214,8,7,3.0,1
1063,844,6,9,8,2.0,1
1063,849,3,10,9,1.0,1
1063,832,6,11,10,0.5,1
1063,4,214,12,11,0.0,1
1063,822,131,13,12,0.0,1
1063,841,51,14,13,0.0,1
1063,846,1,15,14,0.0,1
1063,852,213,16,15,0.0,1
1063,854,210,17,16,0.0,1
1063,853,210,18,17,0.0,1
1063,8,51,0,18,0.0,1
1063,815,9,0,19,0.0,1
1063,840,117,19,20,0.0,1
1064,830,9,1,1,25.0,1
1064,1,131,2,2,19.0,1
1064,822,131,3,3,15.0,1
1064,842,213,4,4,12.0,11
1064,844,6,5,5,10.0,11
1064,4,214,9,6,8.0,11
1064,832,6,6,7,6.0,11
1064,815,9,0,8,4.0,11
1064,839,214,8,9,2.0,11
1064,846,1,13,10,1.0,11
1064,817,1,10,11,0.0,11
1064,840,117,12,12,0.0,12
1064,20,117,15,13,0.0,12
1064,841,51,7,14,0.0,12
1064,9,51,16,15,0.0,12
1064,849,3,0,16,0.0,12
1064,847,3,11,17,0.0,6
1064,854,210,17,18,0.0,13
1064,852,213,14,19,0.0,131
1064,853,210,18,20,0.0,9
1065,817,1,2,1,26.0,1
1065,846,1,3,2,18.0,1
1065,822,131,19,3,15.0,1
1065,844,6,5,4,12.0,1
1065,815,9,8,5,10.0,1
1065,832,6,6,6,8.0,1
1065,840,117,9,7,6.0,1
1065,4,214,10,8,4.0,1
1065,847,3,14,9,2.0,1
1065,839,214,12,10,1.0,1
1065,849,3,13,11,0.0,1
1065,20,117,11,12,0.0,1
1065,841,51,7,13,0.0,1
1065,9,51,17,14,0.0,1
1065,854,210,18,15,0.0,1
1065,853,210,16,16,0.0,131
1065,1,131,4,17,0.0,4
1065,830,9,1,18,0.0,4
1065,842,213,0,19,0.0,22
1065,852,213,0,20,0.0,23
1066,1,131,4,1,25.0,1
1066,830,9,20,2,18.0,1
1066,832,6,2,3,15.0,1
1066,817,1,5,4,12.0,1
1066,822,131,16,5,10.0,1
1066,4,214,6,6,8.0,1
1066,846,1,1,7,7.0,1
1066,8,51,13,8,4.0,1
1066,815,9,8,9,2.0,1
1066,847,3,3,10,1.0,1
1066,840,117,7,11,0.0,1
1066,20,117,10,12,0.0,11
1066,842,213,11,13,0.0,11
1066,839,214,9,14,0.0,11
1066,844,6,19,15,0.0,11
1066,841,51,17,16,0.0,11
1066,852,213,12,17,0.0,11
1066,853,210,15,18,0.0,12
1066,849,3,18,19,0.0,3
1066,854,210,14,20,0.0,44
1067,822,131,1,1,26.0,1
1067,830,9,2,2,18.0,1
1067,815,9,6,3,15.0,1
1067,844,6,3,4,12.0,1
1067,1,131,11,5,10.0,1
1067,842,213,4,6,8.0,1
1067,846,1,7,7,6.0,1
1067,832,6,19,8,4.0,1
1067,840,117,8,9,2.0,1
1067,839,214,12,10,1.0,11
1067,841,51,16,11,0.0,11
1067,8,51,17,12,0.0,11
1067,817,1,20,13,0.0,11
1067,852,213,9,14,0.0,11
1067,847,3,13,15,0.0,11
1067,4,214,5,16,0.0,11
1067,849,3,15,17,0.0,11
1067,20,117,10,18,0.0,11
1067,854,210,14,19,0.0,12
1067,853,210,18,20,0.0,12
1069,830,9,1,1,25.0,1
1069,1,131,2,2,19.0,1
1069,815,9,3,3,15.0,1
1069,844,6,4,4,12.0,1
1069,817,1,6,5,10.0,1
1069,822,131,9,6,8.0,1
1069,832,6,5,7,6.0,1
1069,846,1,7,8,4.0,1
1069,852,213,10,9,2.0,11
1069,20,117,18,10,1.0,11
1069,841,51,12,11,0.0,11
1069,840,117,13,12,0.0,11
1069,8,51,15,13,0.0,11
1069,847,3,20,14,0.0,11
1069,849,3,14,15,0.0,11
1069,854,210,16,16,0.0,12
1069,853,210,17,17,0.0,12
1069,4,214,19,18,0.0,65
1069,839,214,11,19,0.0,26
1069,842,213,8,20,0.0,22
1070,830,9,3,1,25.0,1
1070,1,131,2,2,18.0,1
1070,815,9,4,3,15.0,1
1070,842,213,5,4,12.0,1
1070,844,6,8,5,10.0,1
1070,832,6,6,6,8.0,11
1070,20,117,9,7,6.0,11
1070,8,51,10,8,4.0,11
1070,4,214,12,9,2.0,11
1070,846,1,18,10,1.0,11
1070,841,51,11,11,0.0,11
1070,817,1,7,12,0.0,11
1070,839,214,19,13,0.0,11
1070,840,117,20,14,0.0,12
1070,822,131,1,15,0.0,12
1070,847,3,16,16,0.0,12
1070,849,3,13,17,0.0,12
1070,853,210,15,18,0.0,13
1070,854,210,14,19,0.0,4
1070,852,213,17,20,0.0,4
1071,1,131,10,1,25.0,1
1071,830,9,2,2,18.0,1
1071,822,131,1,3,15.0,1
1071,815,9,4,4,13.0,1
1071,844,6,6,5,10.0,1
1071,832,6,3,6,8.0,1
1071,842,213,7,7,6.0,11
1071,839,214,8,8,4.0,11
1071,4,214,12,9,2.0,11
1071,846,1,5,10,1.0,11
1071,20,117,9,11,0.0,11
1071,8,51,0,12,0.0,11
1071,847,3,17,13,0.0,11
1071,841,51,13,14,0.0,11
1071,852,213,15,15,0.0,11
1071,849,3,16,16,0.0,11
1071,853,210,19,17,0.0,12
1071,854,210,18,18,0.0,12
1071,817,1,11,19,0.0,75
1071,840,117,14,20,0.0,130
1051,1,131,1,1,25.0,1
1051,830,9,7,2,19.0,1
1051,4,214,3,3,15.0,1
1051,815,9,11,4,12.0,1
1051,839,214,9,5,10.0,1
1051,840,117,12,6,8.0,1
1051,832,6,5,7,6.0,1
1051,844,6,13,8,4.0,1
1051,846,1,4,9,2.0,11
1051,20,117,10,10,1.0,11
1051,842,213,2,11,0.0,11
1051,817,1,14,12,0.0,11
1051,852,213,8,13,0.0,11
1051,8,51,16,14,0.0,11
1051,841,51,18,15,0.0,11
1051,854,210,19,16,0.0,11
1051,847,3,15,17,0.0,12
1051,853,210,20,18,0.0,12
1051,849,3,17,19,0.0,29
1051,822,131,6,20,0.0,137
1072,1,131,1,1,26.0,1
1072,830,9,3,2,18.0,1
1072,822,131,2,3,15.0,1
1072,839,214,9,4,12.0,1
1072,817,1,11,5,10.0,1
1072,842,213,6,6,8.0,1
1072,844,6,4,7,6.0,1
1072,832,6,15,8,4.0,1
1072,841,51,10,9,2.0,1
1072,846,1,7,10,1.0,1
1072,840,117,18,11,0.0,1
1072,849,3,16,12,0.0,1
1072,4,214,13,13,0.0,11
1072,852,213,8,14,0.0,11
1072,8,51,12,15,0.0,11
1072,20,117,17,16,0.0,130
1072,815,9,5,17,0.0,4
1072,853,210,20,18,0.0,4
1072,847,3,14,19,0.0,4
1072,854,210,19,20,0.0,3
1073,830,9,1,1,26.0,1
1073,1,131,2,2,18.0,1
1073,832,6,5,3,15.0,1
1073,852,213,8,4,12.0,1
1073,842,213,12,5,10.0,1
1073,822,131,6,6,8.0,1
1073,846,1,3,7,6.0,1
1073,4,214,11,8,4.0,1
1073,839,214,9,9,2.0,1
1073,844,6,7,10,1.0,1
1073,20,117,15,11,0.0,1
1073,817,1,10,12,0.0,11
1073,840,117,13,13,0.0,11
1073,854,210,19,14,0.0,11
1073,815,9,4,15,0.0,5
1073,849,3,16,16,0.0,3
1073,841,51,14,17,0.0,6
1073,847,3,17,18,0.0,6
1073,8,51,18,19,0.0,23
1073,853,210,20,20,0.0,139
1074,844,6,1,1,26.0,1
1074,832,6,3,2,18.0,1
1074,1,131,5,3,15.0,1
1074,847,131,9,4,12.0,1
1074,825,210,7,5,10.0,1
1074,822,51,6,6,8.0,1
1074,839,214,11,7,6.0,1
1074,852,213,16,8,4.0,1
1074,4,214,8,9,2.0,1
1074,855,51,15,10,1.0,1
1074,854,210,12,11,0.0,1
1074,840,117,19,12,0.0,1
1074,848,3,14,13,0.0,1
1074,817,1,18,14,0.0,1
1074,846,1,13,15,0.0,1
1074,849,3,20,16,0.0,1
1074,807,117,17,17,0.0,1
1074,815,9,4,18,0.0,32
1074,830,9,2,19,0.0,32
1074,842,213,10,20,0.0,131
1075,830,9,4,1,25.0,1
1075,844,6,2,2,19.0,1
1075,832,6,3,3,15.0,1
1075,815,9,1,4,12.0,1
1075,847,131,6,5,10.0,1
1075,839,214,5,6,8.0,1
1075,846,1,11,7,6.0,1
1075,842,213,9,8,4.0,1
1075,825,210,10,9,2.0,1
1075,1,131,15,10,1.0,1
1075,855,51,12,11,0.0,1
1075,807,117,17,12,0.0,1
1075,840,117,13,13,0.0,11
1075,848,3,16,14,0.0,130
1075,822,51,8,15,0.0,141
1075,4,214,7,16,0.0,103
1075,817,1,14,17,0.0,6
1075,849,3,18,18,0.0,3
1075,852,213,19,19,0.0,131
1075,854,210,0,20,0.0,54
1076,844,6,1,1,26.0,1
1076,815,9,3,2,18.0,1
1076,847,131,6,3,15.0,1
1076,1,131,5,4,12.0,1
1076,846,1,4,5,10.0,1
1076,817,1,7,6,8.0,1
1076,839,214,8,7,6.0,1
1076,822,51,12,8,4.0,1
1076,842,213,11,9,2.0,1
1076,848,3,20,10,1.0,1
1076,855,51,14,11,0.0,1
1076,840,117,19,12,0.0,1
1076,854,210,15,13,0.0,11
1076,825,210,16,14,0.0,11
1076,852,213,13,15,0.0,11
1076,849,3,18,16,0.0,11
1076,4,214,10,17,0.0,11
1076,830,9,2,18,0.0,95
1076,20,117,17,19,0.0,3
1076,832,6,9,20,0.0,20
1077,830,9,1,1,26.0,1
1077,815,9,3,2,18.0,1
1077,846,1,5,3,15.0,1
1077,847,131,11,4,12.0,1
1077,822,51,7,5,10.0,1
1077,844,6,2,6,8.0,1
1077,852,213,12,7,6.0,1
1077,20,117,13,8,4.0,1
1077,825,210,8,9,2.0,1
1077,840,117,15,10,1.0,11
1077,848,3,18,11,0.0,11
1077,842,213,17,12,0.0,11
1077,1,131,14,13,0.0,11
1077,839,214,16,14,0.0,11
1077,855,51,0,15,0.0,11
1077,849,3,19,16,0.0,11
1077,854,210,10,17,0.0,11
1077,817,1,6,18,0.0,11
1077,4,214,9,19,0.0,130
1077,832,6,4,20,0.0,4
1078,830,9,3,1,26.0,1
1078,844,6,1,2,18.0,1
1078,832,6,2,3,15.0,1
1078,815,9,4,4,12.0,1
1078,847,131,12,5,10.0,1
1078,1,131,6,6,8.0,1
1078,822,51,5,7,6.0,1
1078,839,214,20,8,4.0,1
1078,848,3,18,9,2.0,1
1078,840,117,0,10,1.0,1
1078,4,214,11,11,0.0,1
1078,852,213,9,12,0.0,1
1078,817,1,14,13,0.0,1
1078,849,3,19,14,0.0,1
1078,854,210,15,15,0.0,1
1078,825,210,16,16,0.0,33
1078,20,117,0,17,0.0,4
1078,842,213,7,18,0.0,22
1078,846,1,8,19,0.0,4
1078,855,51,17,20,0.0,47
1079,830,9,2,1,25.0,1
1079,815,9,5,2,19.0,1
1079,847,131,4,3,15.0,1
1079,832,6,3,4,12.0,1
1079,1,131,6,5,10.0,1
1079,822,51,7,6,8.0,1
1079,839,214,12,7,6.0,1
1079,846,1,11,8,4.0,1
1079,4,214,20,9,2.0,11
1079,852,213,13,10,1.0,11
1079,20,117,16,11,0.0,11
1079,817,1,9,12,0.0,11
1079,842,213,14,13,0.0,11
1079,854,210,10,14,0.0,11
1079,840,117,17,15,0.0,11
1079,849,3,19,16,0.0,12
1079,825,210,8,17,0.0,12
1079,848,3,18,18,0.0,12
1079,855,51,15,19,0.0,75
1079,844,6,1,20,0.0,101
1080,815,9,3,1,25.0,1
1080,832,6,2,2,18.0,1
1080,830,9,4,3,15.0,1
1080,844,6,1,4,12.0,1
1080,847,131,6,5,10.0,1
1080,846,1,5,6,9.0,1
1080,4,214,7,7,6.0,1
1080,1,131,8,8,4.0,1
1080,822,51,12,9,2.0,1
1080,20,117,9,10,1.0,1
1080,842,213,17,11,0.0,1
1080,839,214,10,12,0.0,1
1080,817,1,14,13,0.0,1
1080,840,117,18,14,0.0,1
1080,849,3,19,15,0.0,11
1080,855,51,20,16,0.0,11
1080,852,213,11,17,0.0,11
1080,848,3,16,18,0.0,26
1080,854,210,15,19,0.0,3
1080,825,210,13,20,0.0,34
1081,830,9,3,1,25.0,1
1081,815,9,2,2,19.0,1
1081,847,131,5,3,15.0,1
1081,1,131,7,4,12.0,1
1081,842,213,6,5,10.0,1
1081,20,117,9,6,8.0,1
1081,4,214,10,7,6.0,1
1081,817,1,12,8,4.0,1
1081,846,1,11,9,2.0,1
1081,839,214,13,10,1.0,1
1081,822,51,15,11,0.0,11
1081,848,3,17,12,0.0,11
1081,852,213,8,13,0.0,11
1081,854,210,20,14,0.0,11
1081,849,3,18,15,0.0,11
1081,840,117,19,16,0.0,76
1081,825,210,16,17,0.0,131
1081,855,51,14,18,0.0,9
1081,844,6,1,19,0.0,131
1081,832,6,4,20,0.0,9
1082,830,9,1,1,25.0,1
1082,832,6,3,2,19.0,1
1082,1,131,4,3,15.0,1
1082,847,131,8,4,12.0,1
1082,844,6,19,5,10.0,1
1082,839,214,7,6,8.0,1
1082,822,51,11,7,6.0,1
1082,855,51,10,8,4.0,1
1082,4,214,2,9,2.0,1
1082,840,117,17,10,1.0,1
1082,817,1,9,11,0.0,1
1082,20,117,16,12,0.0,1
1082,848,3,12,13,0.0,1
1082,842,213,15,14,0.0,1
1082,846,1,14,15,0.0,1
1082,849,3,18,16,0.0,1
1082,825,210,5,17,0.0,1
1082,852,213,20,18,0.0,3
1082,854,210,6,19,0.0,5
1082,815,9,13,20,0.0,6
1083,832,6,1,1,25.0,1
1083,815,9,4,2,18.0,1
1083,1,131,5,3,16.0,1
1083,844,6,3,4,12.0,1
1083,4,214,7,5,10.0,1
1083,846,1,6,6,8.0,1
1083,830,9,2,7,6.0,1
1083,854,210,19,8,4.0,1
1083,20,117,18,9,2.0,1
1083,825,210,17,10,1.0,1
1083,840,117,20,11,0.0,1
1083,849,3,10,12,0.0,1
1083,817,1,14,13,0.0,1
1083,852,213,13,14,0.0,1
1083,839,214,15,15,0.0,48
1083,842,213,11,16,0.0,130
1083,822,51,12,17,0.0,6
1083,847,131,8,18,0.0,4
1083,855,51,9,19,0.0,4
1083,848,3,16,20,0.0,4
1084,844,6,2,1,25.0,1
1084,830,9,1,2,19.0,1
1084,1,131,8,3,15.0,1
1084,847,131,4,4,12.0,1
1084,839,214,6,5,10.0,1
1084,854,210,9,6,8.0,11
1084,846,1,10,7,6.0,11
1084,825,210,7,8,4.0,11
1084,817,1,11,9,2.0,11
1084,4,214,19,10,1.0,11
1084,822,51,0,11,0.0,11
1084,848,3,15,12,0.0,11
1084,840,117,12,13,0.0,11
1084,855,51,13,14,0.0,11
1084,842,213,14,15,0.0,11
1084,852,213,16,16,0.0,11
1084,20,117,18,17,0.0,11
1084,832,6,3,18,0.0,131
1084,849,3,17,19,0.0,140
1084,815,9,5,20,0.0,130
1085,830,9,2,1,25.0,1
1085,1,131,4,2,18.0,1
1085,847,131,6,3,15.0,1
1085,815,9,3,4,12.0,1
1085,832,6,19,5,11.0,1
1085,4,214,7,6,8.0,1
1085,846,1,5,7,6.0,1
1085,839,214,10,8,4.0,1
1085,817,1,9,9,2.0,1
1085,840,117,15,10,1.0,1
1085,20,117,12,11,0.0,1
1085,842,213,14,12,0.0,1
1085,848,3,13,13,0.0,1
1085,822,51,11,14,0.0,1
1085,854,210,17,15,0.0,1
1085,855,51,16,16,0.0,16
1085,849,3,18,17,0.0,130
1085,825,210,20,18,0.0,130
1085,844,6,1,19,0.0,3
1085,852,213,8,20,0.0,140
1086,830,9,10,1,25.0,1
1086,1,131,7,2,19.0,1
1086,847,131,1,3,15.0,1
1086,832,6,2,4,12.0,1
1086,815,9,11,5,10.0,1
1086,844,6,3,6,8.0,1
1086,846,1,4,7,6.0,1
1086,4,214,6,8,4.0,11
1086,839,214,5,9,2.0,11
1086,20,117,18,10,1.0,11
1086,840,117,14,11,0.0,11
1086,842,213,0,12,0.0,11
1086,855,51,12,13,0.0,11
1086,854,210,15,14,0.0,11
1086,817,1,9,15,0.0,11
1086,825,210,13,16,0.0,11
1086,848,3,17,17,0.0,11
1086,849,3,19,18,0.0,11
1086,852,213,16,19,0.0,12
1086,822,51,8,20,0.0,131
1087,830,9,14,1,26.0,1
1087,815,9,2,2,18.0,1
1087,832,6,1,3,15.0,1
1087,847,131,5,4,12.0,1
1087,4,214,3,5,10.0,1
1087,844,6,15,6,8.0,1
1087,839,214,16,7,6.0,1
1087,20,117,10,8,4.0,1
1087,842,213,0,9,2.0,1
1087,848,3,6,10,1.0,1
1087,840,117,9,11,0.0,1
1087,846,1,17,12,0.0,1
1087,852,213,0,13,0.0,1
1087,855,51,18,14,0.0,1
1087,817,1,7,15,0.0,1
1087,825,210,12,16,0.0,11
1087,854,210,19,17,0.0,11
1087,849,3,11,18,0.0,11
1087,822,51,13,19,0.0,3
1087,1,131,4,20,0.0,130
1088,830,9,1,1,26.0,1
1088,847,131,6,2,18.0,1
1088,844,6,2,3,15.0,1
1088,1,131,4,4,12.0,1
1088,815,9,5,5,10.0,1
1088,4,214,13,6,8.0,1
1088,846,1,7,7,6.0,1
1088,832,6,3,8,4.0,1
1088,839,214,12,9,2.0,1
1088,840,117,10,10,1.0,1
1088,842,213,11,11,0.0,1
1088,848,3,15,12,0.0,1
1088,854,210,8,13,0.0,1
1088,20,117,19,14,0.0,1
1088,825,210,18,15,0.0,1
1088,855,51,14,16,0.0,1
1088,817,1,17,17,0.0,1
1088,849,3,20,18,0.0,11
1088,822,51,16,19,0.0,5
1088,852,213,9,20,0.0,24
1089,830,9,7,1,25.0,1
1089,844,6,1,2,18.0,1
1089,847,131,2,3,15.0,1
1089,832,6,18,4,12.0,1
1089,1,131,19,5,10.0,1
1089,815,9,13,6,9.0,1
1089,846,1,3,7,6.0,1
1089,842,213,5,8,4.0,1
1089,856,3,8,9,2.0,1
1089,855,51,9,10,1.0,1
1089,839,214,14,11,0.0,1
1089,854,210,17,12,0.0,1
1089,822,51,15,13,0.0,11
1089,852,213,20,14,0.0,11
1089,849,3,10,15,0.0,11
1089,825,210,16,16,0.0,11
1089,817,1,4,17,0.0,44
1089,840,117,12,18,0.0,5
1089,4,214,6,19,0.0,34
1089,20,117,11,20,0.0,5
1091,815,9,2,1,25.0,1
1091,844,6,1,2,18.0,1
1091,832,6,4,3,15.0,1
1091,846,1,6,4,12.0,1
1091,817,1,16,5,10.0,1
1091,840,117,11,6,8.0,1
1091,830,9,8,7,6.0,1
1091,20,117,13,8,4.0,1
1091,1,131,3,9,2.0,1
1091,842,213,7,10,1.0,1
1091,822,51,15,11,0.0,1
1091,825,210,9,12,0.0,1
1091,854,210,12,13,0.0,11
1091,847,131,0,14,0.0,12
1091,852,213,10,15,0.0,3
1091,839,214,17,16,0.0,5
1091,848,3,18,17,0.0,130
1091,4,214,5,18,0.0,5
1091,849,3,19,19,0.0,130
1091,855,51,14,20,0.0,4
1092,830,9,1,1,25.0,1
1092,815,9,4,2,18.0,1
1092,844,6,2,3,15.0,1
1092,839,214,5,4,12.0,1
1092,1,131,6,5,10.0,1
1092,20,117,9,6,8.0,1
1092,4,214,7,7,6.0,1
1092,847,131,8,8,4.0,1
1092,849,3,20,9,2.0,1
1092,846,1,10,10,1.0,1
1092,817,1,11,11,0.0,1
1092,840,117,19,12,0.0,1
1092,852,213,13,13,0.0,1
1092,825,210,18,14,0.0,1
1092,822,51,12,15,0.0,1
1092,855,51,14,16,0.0,1
1092,854,210,15,17,0.0,1
1092,842,213,17,18,0.0,1
1092,832,6,3,19,0.0,3
1092,848,3,16,20,0.0,9
1093,830,9,2,1,25.0,1
1093,1,131,3,2,18.0,1
1093,844,6,12,3,15.0,1
1093,815,9,9,4,12.0,1
1093,847,131,4,5,11.0,1
1093,846,1,6,6,8.0,1
1093,4,214,14,7,6.0,1
1093,20,117,10,8,4.0,1
1093,825,210,13,9,2.0,1
1093,852,213,19,10,1.0,1
1093,839,214,0,11,0.0,1
1093,855,51,18,12,0.0,1
1093,848,3,8,13,0.0,1
1093,842,213,11,14,0.0,1
1093,854,210,16,15,0.0,1
1093,817,1,15,16,0.0,1
1093,849,3,17,17,0.0,1
1093,840,117,5,18,0.0,4
1093,822,51,7,19,0.0,20
1093,832,6,1,20,0.0,130
1094,830,9,1,1,25.0,1
1094,1,131,3,2,18.0,1
1094,815,9,4,3,15.0,1
1094,847,131,2,4,13.0,1
1094,832,6,5,5,10.0,1
1094,844,6,7,6,8.0,1
1094,817,1,11,7,6.0,11
1094,839,214,10,8,4.0,11
1094,846,1,8,9,2.0,11
1094,822,51,6,10,1.0,11
1094,842,213,14,11,0.0,11
1094,848,3,17,12,0.0,11
1094,855,51,12,13,0.0,11
1094,20,117,16,14,0.0,11
1094,840,117,20,15,0.0,11
1094,854,210,15,16,0.0,11
1094,825,210,19,17,0.0,11
1094,849,3,18,18,0.0,12
1094,4,214,9,19,0.0,5
1094,852,213,13,20,0.0,130
1095,847,131,1,1,26.0,1
1095,1,131,2,2,18.0,1
1095,832,6,7,3,15.0,1
1095,844,6,5,4,12.0,1
1095,4,214,17,5,10.0,1
1095,830,9,3,6,8.0,1
1095,815,9,4,7,6.0,1
1095,839,214,16,8,4.0,1
1095,822,51,14,9,2.0,1
1095,840,117,15,10,1.0,1
1095,20,117,9,11,0.0,1
1095,855,51,13,12,0.0,1
1095,854,210,12,13,0.0,1
1095,842,213,10,14,0.0,1
1095,848,3,19,15,0.0,1
1095,849,3,18,16,0.0,1
1095,852,213,0,17,0.0,11
1095,846,1,6,18,0.0,6
1095,825,210,8,19,0.0,4
1095,817,1,11,20,0.0,4
1096,830,9,1,1,25.0,1
1096,844,6,3,2,18.0,1
1096,815,9,2,3,15.0,1
1096,832,6,4,4,12.0,1
1096,847,131,6,5,10.0,1
1096,846,1,7,6,9.0,1
1096,839,214,8,7,6.0,1
1096,840,117,14,8,4.0,1
1096,817,1,13,9,2.0,1
1096,20,117,9,10,1.0,1
1096,852,213,11,11,0.0,1
1096,855,51,15,12,0.0,11
1096,848,3,19,13,0.0,11
1096,842,213,17,14,0.0,11
1096,822,51,18,15,0.0,11
1096,854,210,12,16,0.0,11
1096,825,210,16,17,0.0,11
1096,1,131,5,18,0.0,9
1096,849,3,20,19,0.0,130
1096,4,214,10,20,0.0,47
1098,830,9,1,1,25.0,1
1098,815,9,2,2,18.0,1
1098,4,117,5,3,15.0,1
1098,832,6,4,4,12.0,1
1098,1,131,7,5,10.0,1
1098,840,117,8,6,8.0,1
1098,847,131,6,7,6.0,1
1098,822,51,12,8,4.0,1
1098,842,214,20,9,2.0,1
1098,848,3,15,10,1.0,1
1098,852,213,14,11,0.0,1
1098,858,3,16,12,0.0,11
1098,825,210,17,13,0.0,11
1098,856,213,19,14,0.0,11
1098,807,210,10,15,0.0,11
1098,855,51,13,16,0.0,11
1098,846,1,11,17,0.0,12
1098,839,214,9,18,0.0,26
1098,844,6,3,19,0.0,5
1098,857,1,18,20,0.0,10
1099,815,9,1,1,25.0,1
1099,830,9,15,2,19.0,1
1099,4,117,2,3,15.0,1
1099,847,131,3,4,12.0,1
1099,1,131,7,5,10.0,1
1099,832,6,4,6,8.0,1
1099,844,6,12,7,6.0,1
1099,839,214,6,8,4.0,1
1099,842,214,9,9,2.0,1
1099,825,210,13,10,1.0,1
1099,852,213,16,11,0.0,1
1099,807,210,10,12,0.0,1
1099,855,51,11,13,0.0,1
1099,856,213,18,14,0.0,1
1099,857,1,8,15,0.0,1
1099,858,3,20,16,0.0,1
1099,846,1,19,17,0.0,1
1099,822,51,14,18,0.0,11
1099,848,3,17,19,0.0,23
1099,840,117,5,20,0.0,5
1100,830,9,1,1,25.0,1
1100,1,131,3,2,18.0,1
1100,4,117,4,3,15.0,1
1100,840,117,6,4,12.0,1
1100,815,9,0,5,11.0,1
1100,846,1,13,6,8.0,1
1100,807,210,10,7,6.0,1
1100,857,1,16,8,4.0,1
1100,855,51,17,9,2.0,1
1100,852,213,12,10,1.0,1
1100,822,51,0,11,0.0,1
1100,832,6,5,12,0.0,1
1100,842,214,9,13,0.0,4
1100,839,214,11,14,0.0,4
1100,856,213,15,15,0.0,4
1100,858,3,18,16,0.0,4
1100,825,210,14,17,0.0,3
1100,847,131,2,18,0.0,5
1100,848,3,8,19,0.0,3
1100,844,6,7,20,0.0,4
1101,815,9,3,1,25.0,1
1101,830,9,2,2,18.0,1
1101,844,6,1,3,15.0,1
1101,4,117,6,4,12.0,1
1101,832,6,4,5,10.0,1
1101,1,131,5,6,8.0,1
1101,840,117,9,7,6.0,1
1101,847,131,11,8,5.0,1
1101,846,1,7,9,2.0,1
1101,852,213,8,10,1.0,1
1101,857,1,10,11,0.0,1
1101,848,3,12,12,0.0,1
1101,825,210,16,13,0.0,1
1101,842,214,17,14,0.0,1
1101,839,214,0,15,0.0,1
1101,858,3,14,16,0.0,1
1101,807,210,0,17,0.0,11
1101,822,51,13,18,0.0,11
1101,855,51,15,19,0.0,25
1101,856,213,18,20,0.0,3
1102,830,9,9,1,26.0,1
1102,815,9,1,2,18.0,1
1102,4,117,2,3,15.0,1
1102,847,131,6,4,12.0,1
1102,832,6,3,5,10.0,1
1102,1,131,13,6,8.0,1
1102,844,6,7,7,6.0,1
1102,842,214,5,8,4.0,1
1102,839,214,8,9,2.0,1
1102,825,210,4,10,1.0,1
1102,852,213,17,11,0.0,1
1102,840,117,18,12,0.0,1
1102,822,51,10,13,0.0,1
1102,848,3,11,14,0.0,1
1102,807,210,12,15,0.0,1
1102,855,51,14,16,0.0,1
1102,846,1,16,17,0.0,1
1102,856,213,15,18,0.0,1
1102,857,1,19,19,0.0,11
1102,858,3,20,20,0.0,11
1104,830,9,1,1,25.0,1
1104,4,117,2,2,18.0,1
1104,839,214,3,3,15.0,1
1104,1,131,5,4,13.0,1
1104,847,131,8,5,10.0,1
1104,844,6,6,6,8.0,1
1104,842,214,7,7,6.0,1
1104,832,6,4,8,4.0,1
1104,846,1,10,9,2.0,11
1104,857,1,11,10,1.0,11
1104,822,51,15,11,0.0,11
1104,856,213,12,12,0.0,11
1104,855,51,19,13,0.0,11
1104,848,3,13,14,0.0,11
1104,852,213,9,15,0.0,12
1104,815,9,20,16,0.0,12
1104,807,210,18,17,0.0,12
1104,858,3,16,18,0.0,12
1104,825,210,17,19,0.0,130
1104,840,117,14,20,0.0,3
1105,830,9,1,1,26.0,1
1105,1,131,4,2,18.0,1
1105,847,131,12,3,15.0,1
1105,815,9,11,4,12.0,1
1105,832,6,2,5,10.0,1
1105,840,117,5,6,8.0,1
1105,4,117,8,7,6.0,1
1105,839,214,6,8,4.0,1
1105,855,51,13,9,2.0,1
1105,842,214,10,10,1.0,1
1105,844,6,19,11,0.0,1
1105,852,213,15,12,0.0,1
1105,857,1,9,13,0.0,11
1105,856,213,14,14,0.0,11
1105,807,210,7,15,0.0,11
1105,848,3,18,16,0.0,11
1105,846,1,3,17,0.0,11
1105,825,210,17,18,0.0,11
1105,822,51,16,19,0.0,11
1105,858,3,20,20,0.0,11
1106,830,9,1,1,25.0,1
1106,4,117,2,2,18.0,1
1106,1,131,3,3,15.0,1
1106,844,6,10,4,12.0,1
1106,832,6,11,5,10.0,1
1106,815,9,12,6,9.0,1
1106,848,3,9,7,6.0,1
1106,839,214,6,8,4.0,1
1106,840,117,16,9,2.0,1
1106,822,51,14,10,1.0,1
1106,857,1,8,11,0.0,1
1106,842,214,15,12,0.0,1
1106,846,1,7,13,0.0,1
1106,852,213,19,14,0.0,1
1106,807,210,5,15,0.0,11
1106,855,51,20,16,0.0,11
1106,825,210,13,17,0.0,11
1106,856,213,17,18,0.0,11
1106,847,131,4,19,0.0,23
1106,858,3,18,20,0.0,5
1107,830,9,1,1,26.0,1
1107,844,6,2,2,18.0,1
1107,815,9,15,3,15.0,1
1107,846,1,4,4,12.0,1
1107,4,117,7,5,10.0,1
1107,832,6,3,6,8.0,1
1107,847,131,11,7,6.0,1
1107,1,131,5,8,4.0,1
1107,840,117,6,9,2.0,1
1107,842,214,9,10,1.0,1
1107,848,3,10,11,0.0,1
1107,855,51,17,12,0.0,11
1107,858,3,18,13,0.0,11
1107,839,214,12,14,0.0,11
1107,822,51,14,15,0.0,11
1107,857,1,13,16,0.0,11
1107,856,213,0,17,0.0,11
1107,825,210,0,18,0.0,11
1107,852,213,16,19,0.0,11
1107,807,210,8,20,0.0,75
1108,830,9,1,1,26.0,1
1108,846,1,2,2,18.0,1
1108,1,131,7,3,15.0,1
1108,857,1,3,4,12.0,1
1108,847,131,6,5,10.0,1
1108,815,9,15,6,8.0,1
1108,4,117,9,7,6.0,1
1108,848,3,8,8,4.0,1
1108,844,6,4,9,2.0,1
1108,832,6,5,10,1.0,1
1108,858,3,14,11,0.0,1
1108,822,51,20,12,0.0,1
1108,807,210,11,13,0.0,1
1108,840,117,12,14,0.0,1
1108,855,51,17,15,0.0,1
1108,852,213,16,16,0.0,1
1108,856,213,18,17,0.0,1
1108,842,214,10,18,0.0,130
1108,825,210,19,19,0.0,5
1108,839,214,13,20,0.0,44
1109,830,9,2,1,26.0,1
1109,846,1,3,2,18.0,1
1109,815,9,9,3,15.0,1
1109,1,131,1,4,12.0,1
1109,857,1,4,5,10.0,1
1109,847,131,18,6,8.0,1
1109,844,6,6,7,6.0,1
1109,832,6,11,8,4.0,1
1109,4,117,8,9,2.0,1
1109,840,117,14,10,1.0,11
1109,848,3,16,11,0.0,11
1109,822,51,7,12,0.0,11
1109,817,213,13,13,0.0,11
1109,807,210,10,14,0.0,11
1109,852,213,17,15,0.0,11
1109,855,51,5,16,0.0,11
1109,825,210,19,17,0.0,11
1109,858,3,20,18,0.0,31
1109,839,214,12,19,0.0,130
1109,842,214,15,20,0.0,130
1110,830,9,6,1,25.0,1
1110,815,9,2,2,18.0,1
1110,844,6,1,3,15.0,1
1110,1,131,3,4,13.0,1
1110,4,117,9,5,10.0,1
1110,847,131,8,6,8.0,1
1110,846,1,7,7,6.0,1
1110,839,214,14,8,4.0,1
1110,840,117,10,9,2.0,1
1110,852,213,11,10,1.0,1
1110,842,214,12,11,0.0,1
1110,822,51,13,12,0.0,1
1110,855,51,17,13,0.0,1
1110,848,3,15,14,0.0,1
1110,825,210,16,15,0.0,1
1110,817,213,19,16,0.0,1
1110,858,3,18,17,0.0,1
1110,807,210,0,18,0.0,1
1110,832,6,4,19,0.0,130
1110,857,1,5,20,0.0,130
1111,830,9,1,1,25.0,1
1111,4,117,5,2,19.0,1
1111,842,214,12,3,15.0,1
1111,815,9,7,4,12.0,1
1111,832,6,6,5,10.0,1
1111,1,131,13,6,8.0,1
1111,846,1,2,7,6.0,1
1111,848,3,4,8,4.0,1
1111,857,1,8,9,2.0,1
1111,839,214,16,10,1.0,1
1111,840,117,11,11,0.0,1
1111,807,210,14,12,0.0,1
1111,859,213,19,13,0.0,1
1111,822,51,18,14,0.0,1
1111,852,213,17,15,0.0,1
1111,825,210,0,16,0.0,1
1111,847,131,3,17,0.0,1
1111,855,51,15,18,0.0,3
1111,844,6,9,19,0.0,140
1111,858,3,10,20,0.0,3
1112,830,9,2,1,25.0,1
1112,815,9,5,2,18.0,1
1112,832,6,1,3,15.0,1
1112,844,6,3,4,12.0,1
1112,847,131,4,5,10.0,1
1112,1,131,8,6,8.0,1
1112,848,3,6,7,6.0,1
1112,846,1,9,8,4.0,1
1112,4,117,10,9,2.0,1
1112,822,51,14,10,1.0,1
1112,859,213,12,11,0.0,1
1112,857,1,7,12,0.0,1
1112,858,3,15,13,0.0,1
1112,855,51,16,14,0.0,1
1112,842,214,17,15,0.0,1
1112,840,117,20,16,0.0,1
1112,807,210,13,17,0.0,11
1112,825,210,19,18,0.0,11
1112,839,214,18,19,0.0,38
1112,852,213,11,20,0.0,5
1113,832,6,1,1,25.0,1
1113,846,1,4,2,18.0,1
1113,1,131,5,3,16.0,1
1113,844,6,3,4,12.0,1
1113,830,9,11,5,10.0,1
1113,842,214,12,6,8.0,1
1113,857,1,17,7,6.0,1
1113,815,9,13,8,4.0,1
1113,859,213,10,9,2.0,1
1113,825,210,6,10,1.0,1
1113,848,3,14,11,0.0,1
1113,855,51,0,12,0.0,1
1113,807,210,9,13,0.0,1
1113,858,3,18,14,0.0,1
1113,4,117,7,15,0.0,1
1113,847,131,2,16,0.0,3
1113,822,51,16,17,0.0,39
1113,839,214,8,18,0.0,6
1113,852,213,15,19,0.0,4
1113,840,117,0,20,0.0,54
1114,830,9,1,1,26.0,1
1114,846,1,3,2,18.0,1
1114,857,1,2,3,15.0,1
1114,844,6,4,4,12.0,1
1114,1,131,7,5,10.0,1
1114,832,6,6,6,8.0,1
1114,847,131,8,7,6.0,1
1114,4,117,10,8,4.0,1
1114,839,214,14,9,2.0,1
1114,842,214,12,10,1.0,1
1114,859,213,11,11,0.0,11
1114,852,213,9,12,0.0,11
1114,855,51,19,13,0.0,11
1114,807,210,18,14,0.0,11
1114,825,210,15,15,0.0,11
1114,848,3,13,16,0.0,130
1114,858,3,0,17,0.0,130
1114,840,117,17,18,0.0,65
1114,815,9,5,19,0.0,130
1114,822,51,16,20,0.0,130
1115,830,9,1,1,26.0,1
1115,857,1,6,2,18.0,1
1115,846,1,10,3,15.0,1
1115,847,131,2,4,12.0,1
1115,844,6,5,5,10.0,1
1115,4,117,4,6,8.0,1
1115,839,214,8,7,6.0,1
1115,822,51,9,8,4.0,1
1115,855,51,19,9,2.0,1
1115,815,9,0,10,1.0,1
1115,840,117,16,11,0.0,1
1115,842,214,7,12,0.0,1
1115,848,3,13,13,0.0,1
1115,825,210,18,14,0.0,11
1115,852,213,11,15,0.0,11
1115,807,210,14,16,0.0,11
1115,859,213,17,17,0.0,11
1115,858,3,15,18,0.0,139
1115,1,131,3,19,0.0,4
1115,832,6,12,20,0.0,95
1116,830,9,6,1,25.0,1
1116,846,1,2,2,18.0,1
1116,832,6,4,3,15.0,1
1116,815,9,9,4,12.0,1
1116,847,131,5,5,10.0,1
1116,842,214,7,6,8.0,1
1116,840,117,0,7,6.0,1
1116,852,213,11,8,5.0,1
1116,848,3,15,9,2.0,1
1116,858,3,16,10,1.0,1
1116,807,210,0,11,0.0,1
1116,822,51,13,12,0.0,1
1116,855,51,12,13,0.0,11
1116,825,210,0,14,0.0,11
1116,817,213,14,15,0.0,11
1116,4,117,0,16,0.0,140
1116,857,1,10,17,0.0,21
1116,839,214,8,18,0.0,130
1116,1,131,3,19,0.0,2
1116,844,6,1,20,0.0,2
1117,830,9,3,1,25.0,1
1117,1,131,6,2,19.0,1
1117,844,6,1,3,15.0,1
1117,832,6,2,4,12.0,1
1117,846,1,17,5,10.0,1
1117,847,131,8,6,8.0,1
1117,817,213,4,7,6.0,1
1117,857,1,7,8,4.0,1
1117,848,3,14,9,2.0,1
1117,839,214,15,10,1.0,1
1117,842,214,11,11,0.0,1
1117,852,213,18,12,0.0,1
1117,807,210,12,13,0.0,1
1117,855,51,10,14,0.0,1
1117,822,51,9,15,0.0,1
1117,858,3,19,16,0.0,31
1117,840,117,0,17,0.0,130
1117,4,117,13,18,0.0,54
1117,825,210,16,19,0.0,3
1117,815,9,5,20,0.0,130
1118,830,9,1,1,25.0,1
1118,846,1,6,2,19.0,1
1118,4,117,4,3,15.0,1
1118,815,9,9,4,12.0,1
1118,840,117,3,5,10.0,1
1118,832,6,7,6,8.0,1
1118,842,214,15,7,6.0,1
1118,1,131,5,8,4.0,1
1118,852,213,16,9,2.0,1
1118,839,214,14,10,1.0,11
1118,858,3,19,11,0.0,11
1118,807,210,11,12,0.0,11
1118,817,213,17,13,0.0,11
1118,857,1,10,14,0.0,12
1118,847,131,8,15,0.0,25
1118,822,51,18,16,0.0,5
1118,855,51,20,17,0.0,5
1118,825,210,12,18,0.0,4
1118,848,3,13,19,0.0,4
1118,844,6,0,20,0.0,5
1119,830,9,2,1,25.0,1
1119,844,6,1,2,18.0,1
1119,815,9,11,3,15.0,1
1119,839,214,16,4,12.0,1
1119,840,117,19,5,10.0,1
1119,832,6,12,6,8.0,1
1119,1,131,10,7,6.0,1
1119,847,131,3,8,4.0,1
1119,4,117,9,9,2.0,1
1119,857,1,18,10,2.0,1
1119,842,214,4,11,0.0,1
1119,848,3,5,12,0.0,1
1119,825,210,8,13,0.0,1
1119,817,213,14,14,0.0,1
1119,855,51,17,15,0.0,1
1119,858,3,6,16,0.0,1
1119,822,51,7,17,0.0,1
1119,852,213,20,18,0.0,6
1119,807,210,13,19,0.0,5
1119,846,1,15,20,0.0,3
1120,830,9,1,1,26.0,1
1120,844,6,2,2,18.0,1
1120,847,131,4,3,15.0,1
1120,815,9,9,4,12.0,1
1120,846,1,5,5,10.0,1
1120,857,1,3,6,8.0,1
1120,4,117,7,7,6.0,1
1120,852,213,6,8,4.0,1
1120,1,131,11,9,2.0,1
1120,840,117,13,10,1.0,1
1120,817,213,15,11,0.0,1
1120,839,214,12,12,0.0,1
1120,842,214,10,13,0.0,1
1120,848,3,14,14,0.0,1
1120,807,210,8,15,0.0,1
1120,858,3,20,16,0.0,1
1120,855,51,19,17,0.0,1
1120,832,6,16,18,0.0,31
1120,822,51,18,19,0.0,11
1120,825,210,17,20,0.0,11
1121,830,9,1,1,26.0,1
1121,815,9,5,2,18.0,1
1121,832,6,4,3,15.0,1
1121,844,6,2,4,12.0,1
1121,847,131,3,5,10.0,1
1121,846,1,7,6,8.0,1
1121,1,131,9,7,6.0,1
1121,857,1,8,8,4.0,1
1121,4,117,6,9,2.0,1
1121,840,117,12,10,1.0,1
1121,855,15,17,11,0.0,11
1121,825,210,15,12,0.0,11
1121,817,215,14,13,0.0,11
1121,852,215,11,14,0.0,11
1121,848,3,13,15,0.0,11
1121,807,210,10,16,0.0,11
1121,839,214,19,17,0.0,11
1121,842,214,20,18,0.0,11
1121,822,15,16,19,0.0,11
1121,858,3,18,20,0.0,12
1122,830,9,1,1,25.0,1
1122,815,9,3,2,18.0,1
1122,844,6,2,3,16.0,1
1122,857,1,5,4,12.0,1
1122,4,117,4,5,10.0,1
1122,847,131,7,6,8.0,1
1122,860,6,11,7,6.0,1
1122,846,1,6,8,4.0,1
1122,1,131,8,9,2.0,1
1122,807,210,15,10,1.0,1
1122,848,3,12,11,0.0,1
1122,825,210,13,12,0.0,1
1122,839,214,17,13,0.0,11
1122,858,3,19,14,0.0,11
1122,852,215,9,15,0.0,11
1122,817,215,14,16,0.0,11
1122,822,15,16,17,0.0,11
1122,855,15,20,18,0.0,11
1122,840,117,10,19,0.0,3
1122,842,214,18,20,0.0,6
1123,832,6,2,1,25.0,1
1123,844,6,4,2,19.0,1
1123,846,1,3,3,15.0,1
1123,857,1,5,4,12.0,1
1123,815,9,6,5,10.0,1
1123,840,117,9,6,8.0,1
1123,852,215,8,7,6.0,1
1123,4,117,10,8,4.0,1
1123,807,210,16,9,2.0,1
1123,825,210,14,10,1.0,11
1123,848,3,12,11,0.0,11
1123,817,215,18,12,0.0,11
1123,842,214,17,13,0.0,11
1123,822,15,13,14,0.0,11
1123,855,15,19,15,0.0,11
1123,839,214,15,16,0.0,11
1123,847,131,7,17,0.0,3
1123,1,131,11,18,0.0,5
1123,830,9,1,19,0.0,23
1124,830,9,1,1,26.0,1
1124,815,9,2,2,18.0,1
1124,832,6,4,3,15.0,1
1124,844,6,8,4,12.0,1
1124,846,1,3,5,10.0,1
1124,4,117,5,6,8.0,1
1124,847,131,9,7,6.0,1
1124,857,1,6,8,4.0,1
1124,1,131,7,9,2.0,1
1124,852,215,10,10,1.0,11
1124,807,210,12,11,0.0,11
1124,840,117,16,12,0.0,11
1124,825,210,18,13,0.0,11
1124,822,15,13,14,0.0,11
1124,839,214,15,15,0.0,11
1124,842,214,17,16,0.0,11
1124,858,3,19,17,0.0,11
1124,855,15,20,18,0.0,6
1124,817,215,11,19,0.0,3
1124,848,3,14,20,0.0,3
1125,830,9,1,1,25.0,1
1125,846,1,4,2,18.0,1
1125,815,9,2,3,15.0,1
1125,844,6,6,4,12.0,1
1125,832,6,7,5,10.0,1
1125,847,131,8,6,8.0,1
1125,4,117,3,7,7.0,1
1125,857,1,5,8,4.0,1
1125,1,131,18,9,2.0,1
1125,807,210,9,10,1.0,1
1125,839,214,13,11,0.0,1
1125,848,3,14,12,0.0,1
1125,842,214,15,13,0.0,1
1125,855,15,16,14,0.0,1
1125,840,117,11,15,0.0,1
1125,825,210,17,16,0.0,1
1125,858,3,20,17,0.0,1
1125,817,215,12,18,0.0,31
1125,852,215,19,19,0.0,31
1125,822,15,10,20,0.0,31
1126,846,1,5,1,25.0,1
1126,830,9,1,2,18.0,1
1126,844,6,2,3,15.0,1
1126,815,9,4,4,12.0,1
1126,832,6,3,5,10.0,1
1126,1,131,8,6,8.0,1
1126,852,215,10,7,6.0,1
1126,847,131,7,8,4.0,1
1126,4,117,15,9,2.0,1
1126,839,214,13,10,1.0,1
1126,807,210,9,11,0.0,1
1126,842,214,12,12,0.0,1
1126,857,1,6,13,0.0,1
1126,855,15,19,14,0.0,1
1126,817,215,20,15,0.0,1
1126,822,15,16,16,0.0,1
1126,840,117,11,17,0.0,1
1126,848,3,14,18,0.0,1
1126,825,210,18,19,0.0,1
1126,858,3,17,20,0.0,4
1127,830,9,1,1,25.0,1
1127,846,1,2,2,18.0,1
1127,844,6,3,3,15.0,1
1127,857,1,5,4,12.0,1
1127,832,6,4,5,10.0,1
1127,1,131,8,6,8.0,1
1127,847,131,6,7,7.0,1
1127,815,9,11,8,4.0,1
1127,840,117,13,9,2.0,1
1127,852,215,7,10,1.0,11
1127,807,210,10,11,0.0,11
1127,825,210,18,12,0.0,11
1127,817,215,9,13,0.0,11
1127,839,214,12,14,0.0,11
1127,855,15,17,15,0.0,11
1127,842,214,15,16,0.0,11
1127,858,3,19,17,0.0,11
1127,822,15,16,18,0.0,11
1127,4,117,20,19,0.0,11
1127,848,3,14,20,0.0,31
1128,844,6,1,1,25.0,1
1128,857,1,2,2,18.0,1
1128,832,6,3,3,15.0,1
1128,846,1,4,4,12.0,1
1128,847,131,5,5,10.0,1
1128,830,9,6,6,8.0,1
1128,1,131,7,7,7.0,1
1128,852,215,8,8,4.0,11
1128,848,3,9,9,2.0,11
1128,842,214,10,10,1.0,11
1128,4,117,14,11,0.0,12
1128,817,215,12,12,0.0,12
1128,822,15,17,13,0.0,12
1128,840,117,13,14,0.0,12
1128,858,3,15,15,0.0,12
1128,855,15,18,16,0.0,12
1128,839,214,11,17,0.0,4
1128,815,9,16,18,0.0,4
1128,807,210,19,19,0.0,4
1128,825,210,20,20,0.0,4
1129,830,9,2,1,25.0,1
1129,846,1,3,2,18.0,1
1129,847,131,1,3,15.0,1
1129,1,131,7,4,13.0,1
1129,857,1,4,5,10.0,1
1129,4,117,6,6,8.0,1
1129,840,117,9,7,6.0,1
1129,817,215,5,8,4.0,1
1129,842,214,15,9,2.0,1
1129,839,214,18,10,1.0,1
1129,807,210,17,11,0.0,1
1129,825,210,14,12,0.0,1
1129,822,15,0,13,0.0,1
1129,852,215,8,14,0.0,1
1129,855,15,0,15,0.0,11
1129,832,6,12,16,0.0,4
1129,848,3,10,17,0.0,4
1129,815,9,16,18,0.0,3
1129,844,6,11,19,0.0,5
1129,858,3,13,20,0.0,3
1130,830,9,2,1,25.0,1
1130,846,1,1,2,19.0,1
1130,1,131,3,3,15.0,1
1130,847,131,4,4,12.0,1
1130,844,6,5,5,10.0,1
1130,832,6,6,6,8.0,1
1130,857,1,9,7,6.0,1
1130,815,9,11,8,4.0,1
1130,842,214,7,9,2.0,1
1130,839,214,8,10,1.0,1
1130,807,210,13,11,0.0,1
1130,4,117,10,12,0.0,11
1130,855,15,15,13,0.0,11
1130,840,117,14,14,0.0,11
1130,817,215,18,15,0.0,11
1130,822,15,12,16,0.0,11
1130,825,210,16,17,0.0,11
1130,848,3,0,18,0.0,11
1130,852,215,17,19,0.0,11
1130,858,3,19,20,0.0,12
1131,847,131,3,1,25.0,1
1131,857,1,7,2,18.0,1
1131,832,6,4,3,15.0,1
1131,1,131,5,4,12.0,1
1131,830,9,1,5,10.0,1
1131,807,210,9,6,8.0,1
1131,815,9,8,7,6.0,1
1131,825,210,12,8,4.0,1
1131,817,215,11,9,2.0,1
1131,842,214,13,10,1.0,1
1131,844,6,6,11,0.0,1
1131,839,214,10,12,0.0,1
1131,840,117,17,13,0.0,11
1131,852,215,14,14,0.0,11
1131,848,3,16,15,0.0,11
1131,822,15,18,16,0.0,11
1131,855,15,20,17,0.0,11
1131,4,117,15,18,0.0,11
1131,858,3,19,19,0.0,12
1131,846,1,2,20,0.0,17
1132,1,131,2,1,25.0,1
1132,830,9,4,2,18.0,1
1132,846,1,3,3,15.0,1
1132,857,1,5,4,12.0,1
1132,832,6,7,5,11.0,1
1132,807,210,6,6,8.0,1
1132,840,117,8,7,6.0,1
1132,4,117,10,8,4.0,1
1132,848,3,9,9,2.0,1
1132,852,215,13,10,1.0,1
1132,858,3,12,11,0.0,1
1132,825,210,17,12,0.0,1
1132,817,215,15,13,0.0,11
1132,844,6,11,14,0.0,11
1132,822,15,16,15,0.0,11
1132,839,214,18,16,0.0,12
1132,815,9,0,17,0.0,12
1132,855,15,14,18,0.0,12
1132,847,131,1,19,0.0,34
1132,842,214,19,20,0.0,6
